time;temperature_2m (°C);relative_humidity_2m (%);wind_speed_10m (km/h);shortwave_radiation (W/m2);diffuse_radiation (W/m2)
2025-01-01T00:00;10.0;74;3.1;0.0;0.0
2025-01-01T01:00;10.3;72;2.7;0.0;0.0
2025-01-01T02:00;10.4;71;1.5;0.0;0.0
2025-01-01T03:00;9.9;71;1.2;0.0;0.0
2025-01-01T04:00;10.2;68;1.0;0.0;0.0
2025-01-01T05:00;10.4;67;1.0;0.0;0.0
2025-01-01T06:00;9.9;69;2.2;0.0;0.0
2025-01-01T07:00;10.7;69;3.3;13.0;8.0
2025-01-01T08:00;12.5;73;4.7;129.0;48.0
2025-01-01T09:00;13.9;67;4.8;276.0;71.0
2025-01-01T10:00;14.5;67;6.5;392.0;82.0
2025-01-01T11:00;14.8;67;7.2;458.0;89.0
2025-01-01T12:00;14.9;68;7.6;469.0;88.0
2025-01-01T13:00;14.7;70;7.2;425.0;83.0
2025-01-01T14:00;14.4;74;7.3;310.0;76.0
2025-01-01T15:00;13.8;82;7.0;172.0;60.0
2025-01-01T16:00;12.4;90;4.3;39.0;20.0
2025-01-01T17:00;11.7;90;3.7;0.0;0.0
2025-01-01T18:00;11.1;88;5.1;0.0;0.0
2025-01-01T19:00;10.4;86;5.8;0.0;0.0
2025-01-01T20:00;9.7;84;4.7;0.0;0.0
2025-01-01T21:00;9.7;81;2.8;0.0;0.0
2025-01-01T22:00;9.9;78;2.1;0.0;0.0
2025-01-01T23:00;10.2;76;2.8;0.0;0.0
2025-01-02T00:00;10.2;74;2.5;0.0;0.0
2025-01-02T01:00;9.7;76;2.8;0.0;0.0
2025-01-02T02:00;10.0;74;3.3;0.0;0.0
2025-01-02T03:00;10.0;73;3.1;0.0;0.0
2025-01-02T04:00;9.5;75;2.4;0.0;0.0
2025-01-02T05:00;9.4;75;1.9;0.0;0.0
2025-01-02T06:00;9.6;73;1.5;0.0;0.0
2025-01-02T07:00;10.0;73;1.7;13.0;8.0
2025-01-02T08:00;12.4;71;2.3;130.0;48.0
2025-01-02T09:00;13.7;62;1.3;280.0;69.0
2025-01-02T10:00;14.3;60;1.8;399.0;79.0
2025-01-02T11:00;14.6;61;3.5;467.0;85.0
2025-01-02T12:00;14.6;63;4.6;476.0;86.0
2025-01-02T13:00;14.5;69;6.6;401.0;101.0
2025-01-02T14:00;14.0;68;6.2;318.0;80.0
2025-01-02T15:00;13.3;67;3.7;178.0;61.0
2025-01-02T16:00;11.7;76;1.3;41.0;21.0
2025-01-02T17:00;11.5;78;4.4;0.0;0.0
2025-01-02T18:00;10.8;81;5.4;0.0;0.0
2025-01-02T19:00;9.9;82;4.1;0.0;0.0
2025-01-02T20:00;9.5;81;2.9;0.0;0.0
2025-01-02T21:00;9.1;81;3.1;0.0;0.0
2025-01-02T22:00;9.3;79;3.4;0.0;0.0
2025-01-02T23:00;9.0;80;4.3;0.0;0.0
2025-01-03T00:00;8.7;80;2.3;0.0;0.0
2025-01-03T01:00;9.6;77;1.9;0.0;0.0
2025-01-03T02:00;9.8;75;2.1;0.0;0.0
2025-01-03T03:00;10.3;74;4.6;0.0;0.0
2025-01-03T04:00;9.1;78;3.8;0.0;0.0
2025-01-03T05:00;8.7;78;3.8;0.0;0.0
2025-01-03T06:00;8.4;79;4.2;0.0;0.0
2025-01-03T07:00;8.8;78;5.3;13.0;8.0
2025-01-03T08:00;11.2;79;6.0;132.0;48.0
2025-01-03T09:00;13.7;68;5.0;283.0;69.0
2025-01-03T10:00;14.6;60;5.5;402.0;79.0
2025-01-03T11:00;15.3;55;5.6;471.0;84.0
2025-01-03T12:00;15.4;57;9.7;474.0;88.0
2025-01-03T13:00;16.1;53;5.9;429.0;82.0
2025-01-03T14:00;15.8;58;9.0;327.0;74.0
2025-01-03T15:00;15.0;69;9.1;186.0;57.0
2025-01-03T16:00;13.5;76;7.5;44.0;22.0
2025-01-03T17:00;12.4;79;9.1;0.0;0.0
2025-01-03T18:00;12.1;81;10.6;0.0;0.0
2025-01-03T19:00;12.0;83;11.0;0.0;0.0
2025-01-03T20:00;12.0;85;10.4;0.0;0.0
2025-01-03T21:00;11.8;85;9.9;0.0;0.0
2025-01-03T22:00;12.0;84;11.6;0.0;0.0
2025-01-03T23:00;12.2;85;11.2;0.0;0.0
2025-01-04T00:00;12.3;86;11.7;0.0;0.0
2025-01-04T01:00;12.8;87;9.9;0.0;0.0
2025-01-04T02:00;12.5;87;9.5;0.0;0.0
2025-01-04T03:00;12.2;88;10.3;0.0;0.0
2025-01-04T04:00;12.0;89;10.0;0.0;0.0
2025-01-04T05:00;12.1;88;9.8;0.0;0.0
2025-01-04T06:00;11.8;88;9.2;0.0;0.0
2025-01-04T07:00;11.8;88;9.0;11.0;8.0
2025-01-04T08:00;12.9;87;8.0;105.0;57.0
2025-01-04T09:00;14.6;82;6.2;234.0;95.0
2025-01-04T10:00;15.5;74;6.0;359.0;96.0
2025-01-04T11:00;15.6;73;6.8;383.0;102.0
2025-01-04T12:00;15.6;72;7.2;373.0;111.0
2025-01-04T13:00;15.6;76;9.0;350.0;91.0
2025-01-04T14:00;15.6;73;7.4;265.0;85.0
2025-01-04T15:00;15.1;76;8.6;159.0;61.0
2025-01-04T16:00;14.0;84;6.3;36.0;20.0
2025-01-04T17:00;13.2;88;5.2;0.0;0.0
2025-01-04T18:00;12.6;90;6.2;0.0;0.0
2025-01-04T19:00;12.2;90;6.0;0.0;0.0
2025-01-04T20:00;12.0;91;6.2;0.0;0.0
2025-01-04T21:00;12.6;89;5.4;0.0;0.0
2025-01-04T22:00;12.5;89;6.4;0.0;0.0
2025-01-04T23:00;11.6;87;6.6;0.0;0.0
2025-01-05T00:00;11.2;85;7.4;0.0;0.0
2025-01-05T01:00;11.3;88;7.3;0.0;0.0
2025-01-05T02:00;10.8;88;8.5;0.0;0.0
2025-01-05T03:00;10.2;89;8.6;0.0;0.0
2025-01-05T04:00;9.6;88;8.1;0.0;0.0
2025-01-05T05:00;9.3;87;5.6;0.0;0.0
2025-01-05T06:00;9.0;87;4.2;0.0;0.0
2025-01-05T07:00;9.2;86;4.4;12.0;9.0
2025-01-05T08:00;11.3;87;4.4;114.0;63.0
2025-01-05T09:00;14.5;74;2.5;260.0;90.0
2025-01-05T10:00;15.5;68;1.9;390.0;82.0
2025-01-05T11:00;16.3;66;2.4;457.0;84.0
2025-01-05T12:00;16.7;67;4.4;467.0;85.0
2025-01-05T13:00;16.7;70;5.8;420.0;83.0
2025-01-05T14:00;16.1;72;5.5;321.0;76.0
2025-01-05T15:00;15.5;74;4.7;184.0;59.0
2025-01-05T16:00;13.8;86;2.8;45.0;21.0
2025-01-05T17:00;13.2;86;2.8;0.0;0.0
2025-01-05T18:00;12.3;89;4.0;0.0;0.0
2025-01-05T19:00;11.6;88;2.9;0.0;0.0
2025-01-05T20:00;11.2;86;2.4;0.0;0.0
2025-01-05T21:00;11.3;83;2.9;0.0;0.0
2025-01-05T22:00;11.4;81;3.0;0.0;0.0
2025-01-05T23:00;11.5;80;3.7;0.0;0.0
2025-01-06T00:00;11.4;80;3.9;0.0;0.0
2025-01-06T01:00;12.0;79;3.2;0.0;0.0
2025-01-06T02:00;11.7;77;2.0;0.0;0.0
2025-01-06T03:00;11.6;78;2.8;0.0;0.0
2025-01-06T04:00;11.5;80;2.8;0.0;0.0
2025-01-06T05:00;11.8;79;2.8;0.0;0.0
2025-01-06T06:00;12.2;80;3.4;0.0;0.0
2025-01-06T07:00;12.9;78;4.2;12.0;10.0
2025-01-06T08:00;15.1;72;4.5;126.0;51.0
2025-01-06T09:00;16.8;61;3.6;236.0;117.0
2025-01-06T10:00;17.5;65;3.9;314.0;178.0
2025-01-06T11:00;17.8;66;4.6;322.0;218.0
2025-01-06T12:00;18.2;62;4.7;346.0;217.0
2025-01-06T13:00;18.0;61;11.3;260.0;172.0
2025-01-06T14:00;17.6;64;8.4;177.0;140.0
2025-01-06T15:00;16.8;62;5.4;101.0;81.0
2025-01-06T16:00;15.9;65;4.6;29.0;27.0
2025-01-06T17:00;15.0;81;5.0;0.0;0.0
2025-01-06T18:00;14.8;83;5.1;0.0;0.0
2025-01-06T19:00;14.6;82;1.7;0.0;0.0
2025-01-06T20:00;14.7;78;2.0;0.0;0.0
2025-01-06T21:00;14.8;73;3.8;0.0;0.0
2025-01-06T22:00;15.4;69;5.5;0.0;0.0
2025-01-06T23:00;16.1;64;9.6;0.0;0.0
2025-01-07T00:00;16.3;65;11.9;0.0;0.0
2025-01-07T01:00;16.7;62;18.0;0.0;0.0
2025-01-07T02:00;15.9;70;15.5;0.0;0.0
2025-01-07T03:00;15.4;71;6.0;0.0;0.0
2025-01-07T04:00;14.8;77;5.2;0.0;0.0
2025-01-07T05:00;13.8;83;5.9;0.0;0.0
2025-01-07T06:00;12.8;86;4.1;0.0;0.0
2025-01-07T07:00;12.9;85;4.8;12.0;8.0
2025-01-07T08:00;14.8;83;6.8;111.0;47.0
2025-01-07T09:00;16.6;80;5.7;207.0;85.0
2025-01-07T10:00;17.1;77;2.4;281.0;114.0
2025-01-07T11:00;16.5;79;6.0;211.0;149.0
2025-01-07T12:00;15.9;90;6.2;277.0;129.0
2025-01-07T13:00;16.8;84;5.4;245.0;145.0
2025-01-07T14:00;16.6;70;9.8;240.0;101.0
2025-01-07T15:00;16.0;67;11.8;152.0;58.0
2025-01-07T16:00;14.9;75;11.9;45.0;22.0
2025-01-07T17:00;14.0;81;10.2;0.0;0.0
2025-01-07T18:00;13.3;83;8.0;0.0;0.0
2025-01-07T19:00;12.7;85;6.5;0.0;0.0
2025-01-07T20:00;12.5;85;6.6;0.0;0.0
2025-01-07T21:00;12.5;85;7.0;0.0;0.0
2025-01-07T22:00;12.5;86;6.2;0.0;0.0
2025-01-07T23:00;12.6;89;10.8;0.0;0.0
2025-01-08T00:00;13.9;82;17.6;0.0;0.0
2025-01-08T01:00;14.0;85;17.3;0.0;0.0
2025-01-08T02:00;14.0;81;15.8;0.0;0.0
2025-01-08T03:00;13.4;79;16.2;0.0;0.0
2025-01-08T04:00;13.0;77;15.7;0.0;0.0
2025-01-08T05:00;12.9;77;15.1;0.0;0.0
2025-01-08T06:00;12.7;78;13.2;0.0;0.0
2025-01-08T07:00;12.8;80;11.0;12.0;8.0
2025-01-08T08:00;13.8;79;9.3;98.0;51.0
2025-01-08T09:00;14.8;73;9.1;272.0;77.0
2025-01-08T10:00;15.4;68;9.9;395.0;92.0
2025-01-08T11:00;15.8;65;11.4;463.0;99.0
2025-01-08T12:00;15.9;64;13.0;469.0;107.0
2025-01-08T13:00;16.0;61;13.7;436.0;85.0
2025-01-08T14:00;15.6;61;12.2;333.0;80.0
2025-01-08T15:00;15.1;65;9.2;197.0;62.0
2025-01-08T16:00;14.1;72;6.6;52.0;24.0
2025-01-08T17:00;12.9;78;5.3;0.0;0.0
2025-01-08T18:00;11.9;80;5.7;0.0;0.0
2025-01-08T19:00;11.3;81;7.2;0.0;0.0
2025-01-08T20:00;11.1;82;8.2;0.0;0.0
2025-01-08T21:00;11.3;82;7.5;0.0;0.0
2025-01-08T22:00;11.3;83;6.7;0.0;0.0
2025-01-08T23:00;11.2;82;6.8;0.0;0.0
2025-01-09T00:00;11.0;83;6.9;0.0;0.0
2025-01-09T01:00;11.1;85;6.0;0.0;0.0
2025-01-09T02:00;11.5;84;6.3;0.0;0.0
2025-01-09T03:00;12.0;84;6.6;0.0;0.0
2025-01-09T04:00;12.0;86;8.0;0.0;0.0
2025-01-09T05:00;12.0;86;6.1;0.0;0.0
2025-01-09T06:00;12.0;86;6.3;0.0;0.0
2025-01-09T07:00;12.2;85;6.7;13.0;8.0
2025-01-09T08:00;13.8;81;6.4;130.0;47.0
2025-01-09T09:00;15.5;73;6.5;280.0;69.0
2025-01-09T10:00;16.6;70;4.8;398.0;85.0
2025-01-09T11:00;17.4;67;3.9;454.0;112.0
2025-01-09T12:00;17.8;63;5.3;415.0;182.0
2025-01-09T13:00;17.9;61;2.6;284.0;220.0
2025-01-09T14:00;17.7;61;2.9;231.0;172.0
2025-01-09T15:00;17.1;65;3.8;142.0;106.0
2025-01-09T16:00;15.7;65;5.1;33.0;32.0
2025-01-09T17:00;15.2;65;9.0;0.0;0.0
2025-01-09T18:00;14.6;72;12.8;0.0;0.0
2025-01-09T19:00;14.7;77;12.7;0.0;0.0
2025-01-09T20:00;14.7;82;15.0;0.0;0.0
2025-01-09T21:00;14.7;84;14.8;0.0;0.0
2025-01-09T22:00;14.3;85;13.8;0.0;0.0
2025-01-09T23:00;13.6;87;10.7;0.0;0.0
2025-01-10T00:00;13.3;87;11.2;0.0;0.0
2025-01-10T01:00;13.9;88;10.4;0.0;0.0
2025-01-10T02:00;13.9;88;10.9;0.0;0.0
2025-01-10T03:00;13.7;88;11.1;0.0;0.0
2025-01-10T04:00;13.3;89;10.6;0.0;0.0
2025-01-10T05:00;12.7;90;11.1;0.0;0.0
2025-01-10T06:00;12.7;89;12.7;0.0;0.0
2025-01-10T07:00;12.8;87;12.7;14.0;9.0
2025-01-10T08:00;14.3;86;12.4;127.0;53.0
2025-01-10T09:00;16.1;78;12.7;285.0;71.0
2025-01-10T10:00;17.3;68;15.9;411.0;78.0
2025-01-10T11:00;17.8;63;17.7;485.0;82.0
2025-01-10T12:00;17.4;58;22.9;499.0;83.0
2025-01-10T13:00;17.4;66;23.9;436.0;95.0
2025-01-10T14:00;16.9;68;24.2;323.0;103.0
2025-01-10T15:00;16.3;70;24.0;198.0;68.0
2025-01-10T16:00;15.5;74;23.4;57.0;25.0
2025-01-10T17:00;15.0;76;18.4;0.0;0.0
2025-01-10T18:00;14.4;80;14.4;0.0;0.0
2025-01-10T19:00;14.0;82;13.6;0.0;0.0
2025-01-10T20:00;13.7;84;12.4;0.0;0.0
2025-01-10T21:00;13.3;86;11.7;0.0;0.0
2025-01-10T22:00;13.1;86;12.3;0.0;0.0
2025-01-10T23:00;12.9;85;12.8;0.0;0.0
2025-01-11T00:00;12.8;85;13.6;0.0;0.0
2025-01-11T01:00;13.2;86;13.0;0.0;0.0
2025-01-11T02:00;13.4;86;12.4;0.0;0.0
2025-01-11T03:00;13.4;86;12.2;0.0;0.0
2025-01-11T04:00;13.5;86;13.6;0.0;0.0
2025-01-11T05:00;13.3;87;13.7;0.0;0.0
2025-01-11T06:00;13.4;87;13.1;0.0;0.0
2025-01-11T07:00;13.2;87;12.5;13.0;9.0
2025-01-11T08:00;14.5;85;12.2;117.0;58.0
2025-01-11T09:00;15.8;82;11.1;248.0;101.0
2025-01-11T10:00;17.1;71;17.7;376.0;101.0
2025-01-11T11:00;17.6;66;19.8;446.0;121.0
2025-01-11T12:00;17.9;64;20.7;428.0;132.0
2025-01-11T13:00;17.7;68;17.5;316.0;170.0
2025-01-11T14:00;17.5;68;18.8;306.0;108.0
2025-01-11T15:00;16.7;72;17.0;188.0;74.0
2025-01-11T16:00;15.7;78;15.5;41.0;25.0
2025-01-11T17:00;15.2;78;12.4;0.0;0.0
2025-01-11T18:00;14.9;82;11.5;0.0;0.0
2025-01-11T19:00;14.7;87;9.0;0.0;0.0
2025-01-11T20:00;14.8;87;11.7;0.0;0.0
2025-01-11T21:00;14.8;87;11.1;0.0;0.0
2025-01-11T22:00;14.8;85;11.2;0.0;0.0
2025-01-11T23:00;14.7;87;11.5;0.0;0.0
2025-01-12T00:00;14.8;87;12.1;0.0;0.0
2025-01-12T01:00;15.1;85;13.6;0.0;0.0
2025-01-12T02:00;14.9;86;20.9;0.0;0.0
2025-01-12T03:00;14.2;88;20.5;0.0;0.0
2025-01-12T04:00;13.6;89;21.3;0.0;0.0
2025-01-12T05:00;13.2;88;18.2;0.0;0.0
2025-01-12T06:00;13.0;88;17.1;0.0;0.0
2025-01-12T07:00;12.9;88;19.4;10.0;8.0
2025-01-12T08:00;12.7;88;18.5;68.0;51.0
2025-01-12T09:00;13.1;83;21.2;218.0;114.0
2025-01-12T10:00;13.0;77;23.2;308.0;157.0
2025-01-12T11:00;12.4;75;22.6;190.0;129.0
2025-01-12T12:00;11.6;83;20.3;183.0;152.0
2025-01-12T13:00;11.3;87;21.5;221.0;127.0
2025-01-12T14:00;10.8;86;19.8;136.0;103.0
2025-01-12T15:00;10.7;89;21.4;61.0;53.0
2025-01-12T16:00;10.3;90;18.7;21.0;18.0
2025-01-12T17:00;10.3;90;22.5;0.0;0.0
2025-01-12T18:00;9.9;90;22.4;0.0;0.0
2025-01-12T19:00;9.9;88;20.9;0.0;0.0
2025-01-12T20:00;10.0;88;17.4;0.0;0.0
2025-01-12T21:00;9.8;88;15.9;0.0;0.0
2025-01-12T22:00;9.7;89;18.0;0.0;0.0
2025-01-12T23:00;9.7;88;15.9;0.0;0.0
2025-01-13T00:00;9.3;92;14.6;0.0;0.0
2025-01-13T01:00;9.5;91;10.6;0.0;0.0
2025-01-13T02:00;9.5;90;10.8;0.0;0.0
2025-01-13T03:00;9.5;87;12.7;0.0;0.0
2025-01-13T04:00;9.3;89;11.2;0.0;0.0
2025-01-13T05:00;9.8;84;11.0;0.0;0.0
2025-01-13T06:00;9.7;83;12.4;0.0;0.0
2025-01-13T07:00;9.6;85;11.0;3.0;3.0
2025-01-13T08:00;10.2;79;13.2;40.0;31.0
2025-01-13T09:00;10.2;80;13.4;83.0;57.0
2025-01-13T10:00;10.8;77;9.9;141.0;105.0
2025-01-13T11:00;10.9;73;8.6;184.0;121.0
2025-01-13T12:00;11.1;72;10.0;282.0;153.0
2025-01-13T13:00;11.1;80;8.3;190.0;146.0
2025-01-13T14:00;10.7;81;12.4;111.0;91.0
2025-01-13T15:00;10.7;83;11.0;58.0;47.0
2025-01-13T16:00;10.5;81;10.3;32.0;24.0
2025-01-13T17:00;10.3;80;9.7;0.0;0.0
2025-01-13T18:00;10.7;80;8.8;0.0;0.0
2025-01-13T19:00;11.0;76;11.8;0.0;0.0
2025-01-13T20:00;11.2;74;15.1;0.0;0.0
2025-01-13T21:00;11.0;77;13.5;0.0;0.0
2025-01-13T22:00;11.2;80;9.3;0.0;0.0
2025-01-13T23:00;11.2;80;12.6;0.0;0.0
2025-01-14T00:00;10.8;88;9.2;0.0;0.0
2025-01-14T01:00;11.1;87;15.4;0.0;0.0
2025-01-14T02:00;11.1;93;15.5;0.0;0.0
2025-01-14T03:00;11.2;86;24.6;0.0;0.0
2025-01-14T04:00;10.7;89;25.8;0.0;0.0
2025-01-14T05:00;11.2;88;25.2;0.0;0.0
2025-01-14T06:00;11.2;84;26.7;0.0;0.0
2025-01-14T07:00;11.1;87;26.7;4.0;3.0
2025-01-14T08:00;11.3;81;31.0;47.0;40.0
2025-01-14T09:00;11.8;80;28.9;143.0;101.0
2025-01-14T10:00;11.8;79;27.3;189.0;152.0
2025-01-14T11:00;11.5;80;28.3;209.0;148.0
2025-01-14T12:00;11.9;75;25.7;162.0;133.0
2025-01-14T13:00;11.7;73;23.3;137.0;78.0
2025-01-14T14:00;11.8;71;21.3;157.0;105.0
2025-01-14T15:00;11.4;76;20.0;92.0;74.0
2025-01-14T16:00;10.9;78;19.2;21.0;20.0
2025-01-14T17:00;10.5;85;20.0;0.0;0.0
2025-01-14T18:00;10.0;91;18.4;0.0;0.0
2025-01-14T19:00;10.2;90;16.5;0.0;0.0
2025-01-14T20:00;10.1;91;16.5;0.0;0.0
2025-01-14T21:00;10.7;85;15.0;0.0;0.0
2025-01-14T22:00;10.9;82;11.4;0.0;0.0
2025-01-14T23:00;10.9;82;8.7;0.0;0.0
2025-01-15T00:00;10.7;85;8.5;0.0;0.0
2025-01-15T01:00;11.2;78;8.6;0.0;0.0
2025-01-15T02:00;11.0;80;7.5;0.0;0.0
2025-01-15T03:00;10.9;82;7.4;0.0;0.0
2025-01-15T04:00;10.6;85;6.7;0.0;0.0
2025-01-15T05:00;9.9;93;3.3;0.0;0.0
2025-01-15T06:00;9.8;94;2.3;0.0;0.0
2025-01-15T07:00;10.0;94;3.1;4.0;4.0
2025-01-15T08:00;10.5;95;4.5;35.0;33.0
2025-01-15T09:00;10.4;93;5.3;45.0;45.0
2025-01-15T10:00;10.6;92;3.3;75.0;75.0
2025-01-15T11:00;11.0;82;1.8;146.0;142.0
2025-01-15T12:00;11.1;83;1.1;154.0;153.0
2025-01-15T13:00;12.1;73;4.1;417.0;114.0
2025-01-15T14:00;11.7;74;5.3;280.0;98.0
2025-01-15T15:00;11.3;76;5.7;95.0;71.0
2025-01-15T16:00;10.8;80;4.1;41.0;28.0
2025-01-15T17:00;10.5;85;1.8;0.0;0.0
2025-01-15T18:00;10.2;87;1.4;0.0;0.0
2025-01-15T19:00;10.0;86;0.2;0.0;0.0
2025-01-15T20:00;9.2;83;0.6;0.0;0.0
2025-01-15T21:00;8.8;87;2.3;0.0;0.0
2025-01-15T22:00;8.1;89;3.9;0.0;0.0
2025-01-15T23:00;7.5;88;2.4;0.0;0.0
2025-01-16T00:00;6.9;88;3.1;0.0;0.0
2025-01-16T01:00;8.0;81;0.4;0.0;0.0
2025-01-16T02:00;8.7;82;1.1;0.0;0.0
2025-01-16T03:00;8.2;81;0.9;0.0;0.0
2025-01-16T04:00;7.8;83;1.0;0.0;0.0
2025-01-16T05:00;8.2;80;2.8;0.0;0.0
2025-01-16T06:00;7.4;82;7.9;0.0;0.0
2025-01-16T07:00;7.8;82;9.2;15.0;10.0
2025-01-16T08:00;10.0;80;8.2;131.0;52.0
2025-01-16T09:00;11.8;74;8.5;270.0;84.0
2025-01-16T10:00;12.7;72;10.2;359.0;113.0
2025-01-16T11:00;14.3;59;11.8;424.0;136.0
2025-01-16T12:00;14.7;60;11.3;420.0;127.0
2025-01-16T13:00;12.5;75;7.6;282.0;126.0
2025-01-16T14:00;12.5;76;6.8;273.0;95.0
2025-01-16T15:00;11.7;82;6.5;151.0;75.0
2025-01-16T16:00;11.4;86;5.9;52.0;31.0
2025-01-16T17:00;10.8;92;5.4;0.0;0.0
2025-01-16T18:00;11.1;90;5.0;0.0;0.0
2025-01-16T19:00;10.7;91;2.5;0.0;0.0
2025-01-16T20:00;10.3;91;2.4;0.0;0.0
2025-01-16T21:00;9.6;89;6.1;0.0;0.0
2025-01-16T22:00;10.0;87;4.2;0.0;0.0
2025-01-16T23:00;10.6;86;2.1;0.0;0.0
2025-01-17T00:00;11.0;86;3.4;0.0;0.0
2025-01-17T01:00;12.0;92;10.9;0.0;0.0
2025-01-17T02:00;12.2;93;10.2;0.0;0.0
2025-01-17T03:00;12.0;95;15.5;0.0;0.0
2025-01-17T04:00;12.6;96;21.6;0.0;0.0
2025-01-17T05:00;12.4;95;23.0;0.0;0.0
2025-01-17T06:00;12.2;92;12.9;0.0;0.0
2025-01-17T07:00;12.3;95;18.6;4.0;4.0
2025-01-17T08:00;13.0;94;28.7;46.0;45.0
2025-01-17T09:00;13.5;91;30.5;79.0;73.0
2025-01-17T10:00;14.2;95;32.7;83.0;77.0
2025-01-17T11:00;14.3;90;33.3;107.0;105.0
2025-01-17T12:00;14.9;96;31.2;236.0;171.0
2025-01-17T13:00;14.4;94;34.6;138.0;128.0
2025-01-17T14:00;14.5;97;28.5;95.0;89.0
2025-01-17T15:00;14.3;97;33.0;61.0;59.0
2025-01-17T16:00;14.2;95;39.6;9.0;9.0
2025-01-17T17:00;13.6;98;31.6;0.0;0.0
2025-01-17T18:00;14.3;92;22.6;0.0;0.0
2025-01-17T19:00;13.8;88;13.2;0.0;0.0
2025-01-17T20:00;13.1;84;11.9;0.0;0.0
2025-01-17T21:00;12.9;81;14.1;0.0;0.0
2025-01-17T22:00;12.3;76;12.3;0.0;0.0
2025-01-17T23:00;12.0;78;11.5;0.0;0.0
2025-01-18T00:00;11.7;77;9.7;0.0;0.0
2025-01-18T01:00;11.2;84;6.4;0.0;0.0
2025-01-18T02:00;10.7;85;1.3;0.0;0.0
2025-01-18T03:00;9.9;88;4.3;0.0;0.0
2025-01-18T04:00;9.5;88;4.0;0.0;0.0
2025-01-18T05:00;9.3;88;6.0;0.0;0.0
2025-01-18T06:00;9.4;89;7.7;0.0;0.0
2025-01-18T07:00;10.2;87;10.2;12.0;11.0
2025-01-18T08:00;11.6;83;11.1;108.0;72.0
2025-01-18T09:00;12.7;74;13.2;195.0;141.0
2025-01-18T10:00;13.3;70;13.2;263.0;181.0
2025-01-18T11:00;14.0;65;14.1;301.0;195.0
2025-01-18T12:00;13.9;63;13.0;224.0;183.0
2025-01-18T13:00;14.4;61;15.5;360.0;137.0
2025-01-18T14:00;14.3;58;14.2;222.0;133.0
2025-01-18T15:00;14.0;59;13.8;144.0;79.0
2025-01-18T16:00;13.3;60;13.9;58.0;33.0
2025-01-18T17:00;12.9;61;14.9;1.0;1.0
2025-01-18T18:00;12.9;61;16.9;0.0;0.0
2025-01-18T19:00;12.9;61;15.7;0.0;0.0
2025-01-18T20:00;13.0;59;16.7;0.0;0.0
2025-01-18T21:00;12.9;59;17.1;0.0;0.0
2025-01-18T22:00;12.9;59;14.9;0.0;0.0
2025-01-18T23:00;13.0;60;15.7;0.0;0.0
2025-01-19T00:00;12.8;62;13.8;0.0;0.0
2025-01-19T01:00;13.0;62;13.9;0.0;0.0
2025-01-19T02:00;12.2;71;13.1;0.0;0.0
2025-01-19T03:00;11.5;83;7.5;0.0;0.0
2025-01-19T04:00;11.5;88;6.1;0.0;0.0
2025-01-19T05:00;10.9;90;6.7;0.0;0.0
2025-01-19T06:00;10.9;93;6.2;0.0;0.0
2025-01-19T07:00;11.4;88;6.6;11.0;8.0
2025-01-19T08:00;12.7;86;9.2;123.0;61.0
2025-01-19T09:00;14.2;77;9.5;251.0;96.0
2025-01-19T10:00;14.9;70;10.6;330.0;114.0
2025-01-19T11:00;15.3;66;9.4;382.0;140.0
2025-01-19T12:00;15.1;69;6.6;314.0;122.0
2025-01-19T13:00;15.9;62;9.4;389.0;116.0
2025-01-19T14:00;15.5;63;8.3;277.0;135.0
2025-01-19T15:00;14.9;67;3.0;162.0;73.0
2025-01-19T16:00;13.7;80;1.5;52.0;33.0
2025-01-19T17:00;12.3;87;1.2;1.0;1.0
2025-01-19T18:00;11.9;89;0.9;0.0;0.0
2025-01-19T19:00;11.3;92;2.2;0.0;0.0
2025-01-19T20:00;11.3;93;1.1;0.0;0.0
2025-01-19T21:00;10.7;93;1.8;0.0;0.0
2025-01-19T22:00;10.4;90;2.3;0.0;0.0
2025-01-19T23:00;9.8;87;3.1;0.0;0.0
2025-01-20T00:00;9.7;84;3.3;0.0;0.0
2025-01-20T01:00;11.4;88;5.2;0.0;0.0
2025-01-20T02:00;11.4;87;5.5;0.0;0.0
2025-01-20T03:00;11.0;86;4.5;0.0;0.0
2025-01-20T04:00;10.5;86;4.1;0.0;0.0
2025-01-20T05:00;10.1;86;5.3;0.0;0.0
2025-01-20T06:00;9.9;86;4.8;0.0;0.0
2025-01-20T07:00;10.0;85;2.8;16.0;11.0
2025-01-20T08:00;12.6;85;3.1;132.0;57.0
2025-01-20T09:00;14.6;75;2.7;278.0;87.0
2025-01-20T10:00;15.1;73;4.5;368.0;119.0
2025-01-20T11:00;15.4;74;3.5;473.0;102.0
2025-01-20T12:00;15.2;77;4.2;370.0;132.0
2025-01-20T13:00;13.4;79;6.1;259.0;174.0
2025-01-20T14:00;13.5;81;3.4;209.0;106.0
2025-01-20T15:00;14.0;78;3.2;158.0;83.0
2025-01-20T16:00;13.0;86;1.4;70.0;37.0
2025-01-20T17:00;12.0;88;2.5;1.0;1.0
2025-01-20T18:00;11.6;88;3.2;0.0;0.0
2025-01-20T19:00;10.8;87;4.6;0.0;0.0
2025-01-20T20:00;10.2;86;6.3;0.0;0.0
2025-01-20T21:00;10.0;86;7.0;0.0;0.0
2025-01-20T22:00;10.0;84;6.6;0.0;0.0
2025-01-20T23:00;10.1;84;7.6;0.0;0.0
2025-01-21T00:00;10.4;85;8.8;0.0;0.0
2025-01-21T01:00;11.0;85;7.3;0.0;0.0
2025-01-21T02:00;10.9;87;6.5;0.0;0.0
2025-01-21T03:00;10.9;86;6.9;0.0;0.0
2025-01-21T04:00;11.1;86;8.0;0.0;0.0
2025-01-21T05:00;11.4;84;10.8;0.0;0.0
2025-01-21T06:00;11.4;84;11.7;0.0;0.0
2025-01-21T07:00;11.6;83;11.3;17.0;11.0
2025-01-21T08:00;12.8;81;9.5;85.0;66.0
2025-01-21T09:00;14.4;75;6.6;282.0;97.0
2025-01-21T10:00;15.3;66;8.5;383.0;118.0
2025-01-21T11:00;15.7;61;10.5;436.0;122.0
2025-01-21T12:00;15.9;58;10.7;455.0;127.0
2025-01-21T13:00;16.2;55;11.9;416.0;109.0
2025-01-21T14:00;15.7;59;11.0;284.0;105.0
2025-01-21T15:00;15.2;68;6.8;137.0;77.0
2025-01-21T16:00;14.0;81;2.2;62.0;31.0
2025-01-21T17:00;12.5;84;0.8;1.0;1.0
2025-01-21T18:00;12.1;84;3.3;0.0;0.0
2025-01-21T19:00;11.1;85;6.0;0.0;0.0
2025-01-21T20:00;10.4;85;5.3;0.0;0.0
2025-01-21T21:00;10.1;87;4.1;0.0;0.0
2025-01-21T22:00;10.5;88;2.4;0.0;0.0
2025-01-21T23:00;11.1;87;1.9;0.0;0.0
2025-01-22T00:00;10.8;86;1.9;0.0;0.0
2025-01-22T01:00;10.8;85;0.9;0.0;0.0
2025-01-22T02:00;11.6;82;0.6;0.0;0.0
2025-01-22T03:00;11.6;82;0.7;0.0;0.0
2025-01-22T04:00;10.9;81;0.7;0.0;0.0
2025-01-22T05:00;11.5;79;1.5;0.0;0.0
2025-01-22T06:00;11.5;78;1.6;0.0;0.0
2025-01-22T07:00;11.4;73;1.0;18.0;11.0
2025-01-22T08:00;13.2;77;3.6;145.0;53.0
2025-01-22T09:00;15.3;60;2.5;295.0;77.0
2025-01-22T10:00;16.3;59;3.3;430.0;82.0
2025-01-22T11:00;16.7;65;4.3;505.0;89.0
2025-01-22T12:00;16.8;74;5.4;517.0;100.0
2025-01-22T13:00;16.5;81;4.9;445.0;122.0
2025-01-22T14:00;16.3;80;5.8;327.0;111.0
2025-01-22T15:00;16.2;78;4.6;242.0;67.0
2025-01-22T16:00;15.2;85;3.3;87.0;36.0
2025-01-22T17:00;13.8;86;3.1;2.0;2.0
2025-01-22T18:00;13.1;83;3.1;0.0;0.0
2025-01-22T19:00;12.4;80;1.8;0.0;0.0
2025-01-22T20:00;11.9;77;2.0;0.0;0.0
2025-01-22T21:00;12.0;73;2.6;0.0;0.0
2025-01-22T22:00;11.6;72;2.7;0.0;0.0
2025-01-22T23:00;11.5;70;3.2;0.0;0.0
2025-01-23T00:00;11.7;69;3.9;0.0;0.0
2025-01-23T01:00;12.5;70;4.5;0.0;0.0
2025-01-23T02:00;12.7;68;3.7;0.0;0.0
2025-01-23T03:00;12.9;66;2.7;0.0;0.0
2025-01-23T04:00;13.2;63;2.2;0.0;0.0
2025-01-23T05:00;13.4;61;1.5;0.0;0.0
2025-01-23T06:00;13.6;58;1.5;0.0;0.0
2025-01-23T07:00;14.4;57;2.2;13.0;13.0
2025-01-23T08:00;15.8;60;3.3;86.0;81.0
2025-01-23T09:00;17.6;67;5.2;190.0;157.0
2025-01-23T10:00;18.7;68;5.1;292.0;217.0
2025-01-23T11:00;17.7;79;6.1;251.0;224.0
2025-01-23T12:00;17.0;86;6.8;266.0;231.0
2025-01-23T13:00;17.4;80;5.7;386.0;215.0
2025-01-23T14:00;18.2;81;2.1;351.0;136.0
2025-01-23T15:00;17.6;85;1.3;211.0;111.0
2025-01-23T16:00;16.5;89;3.1;74.0;54.0
2025-01-23T17:00;15.0;88;5.8;2.0;2.0
2025-01-23T18:00;14.3;88;7.7;0.0;0.0
2025-01-23T19:00;14.3;82;9.6;0.0;0.0
2025-01-23T20:00;14.5;76;11.0;0.0;0.0
2025-01-23T21:00;14.3;74;12.1;0.0;0.0
2025-01-23T22:00;13.8;72;12.2;0.0;0.0
2025-01-23T23:00;13.4;71;12.3;0.0;0.0
2025-01-24T00:00;13.1;72;13.1;0.0;0.0
2025-01-24T01:00;14.0;68;13.4;0.0;0.0
2025-01-24T02:00;14.0;66;13.3;0.0;0.0
2025-01-24T03:00;13.8;66;14.3;0.0;0.0
2025-01-24T04:00;13.8;69;14.1;0.0;0.0
2025-01-24T05:00;13.9;71;12.6;0.0;0.0
2025-01-24T06:00;14.0;74;13.3;0.0;0.0
2025-01-24T07:00;14.3;78;13.0;20.0;12.0
2025-01-24T08:00;15.6;81;11.5;147.0;55.0
2025-01-24T09:00;16.6;78;10.5;270.0;112.0
2025-01-24T10:00;16.9;76;9.5;316.0;145.0
2025-01-24T11:00;17.3;73;12.0;491.0;111.0
2025-01-24T12:00;17.0;70;13.7;517.0;107.0
2025-01-24T13:00;16.6;67;15.3;490.0;91.0
2025-01-24T14:00;16.0;68;13.7;393.0;83.0
2025-01-24T15:00;15.5;71;10.3;255.0;69.0
2025-01-24T16:00;14.7;79;7.4;95.0;39.0
2025-01-24T17:00;13.6;85;6.0;3.0;2.0
2025-01-24T18:00;12.8;87;7.1;0.0;0.0
2025-01-24T19:00;12.3;86;7.9;0.0;0.0
2025-01-24T20:00;12.0;87;8.9;0.0;0.0
2025-01-24T21:00;12.0;88;8.8;0.0;0.0
2025-01-24T22:00;11.9;89;7.7;0.0;0.0
2025-01-24T23:00;11.4;89;6.6;0.0;0.0
2025-01-25T00:00;11.8;88;5.1;0.0;0.0
2025-01-25T01:00;11.5;91;5.7;0.0;0.0
2025-01-25T02:00;10.8;93;5.3;0.0;0.0
2025-01-25T03:00;10.2;92;3.8;0.0;0.0
2025-01-25T04:00;10.3;90;3.6;0.0;0.0
2025-01-25T05:00;10.6;89;3.1;0.0;0.0
2025-01-25T06:00;10.8;89;3.5;0.0;0.0
2025-01-25T07:00;11.1;86;3.9;20.0;14.0
2025-01-25T08:00;13.2;88;3.4;144.0;69.0
2025-01-25T09:00;14.8;81;2.8;289.0;114.0
2025-01-25T10:00;15.3;83;4.3;425.0;131.0
2025-01-25T11:00;15.8;84;4.9;500.0;144.0
2025-01-25T12:00;15.9;86;6.7;527.0;129.0
2025-01-25T13:00;16.1;83;6.1;499.0;103.0
2025-01-25T14:00;15.7;84;5.5;397.0;99.0
2025-01-25T15:00;15.3;84;4.2;245.0;95.0
2025-01-25T16:00;14.2;90;3.3;83.0;60.0
2025-01-25T17:00;13.0;95;1.5;3.0;3.0
2025-01-25T18:00;12.8;96;1.9;0.0;0.0
2025-01-25T19:00;13.1;94;3.6;0.0;0.0
2025-01-25T20:00;12.9;91;3.7;0.0;0.0
2025-01-25T21:00;12.4;88;2.5;0.0;0.0
2025-01-25T22:00;12.1;82;1.4;0.0;0.0
2025-01-25T23:00;11.8;73;1.6;0.0;0.0
2025-01-26T00:00;11.5;68;2.7;0.0;0.0
2025-01-26T01:00;12.1;68;2.3;0.0;0.0
2025-01-26T02:00;11.5;71;1.7;0.0;0.0
2025-01-26T03:00;11.3;74;3.1;0.0;0.0
2025-01-26T04:00;11.3;76;3.2;0.0;0.0
2025-01-26T05:00;11.2;77;3.3;0.0;0.0
2025-01-26T06:00;11.3;79;3.6;0.0;0.0
2025-01-26T07:00;11.5;81;4.5;19.0;16.0
2025-01-26T08:00;14.4;82;6.7;159.0;53.0
2025-01-26T09:00;16.9;73;3.7;267.0;129.0
2025-01-26T10:00;18.1;71;2.0;361.0;186.0
2025-01-26T11:00;18.8;73;4.2;518.0;94.0
2025-01-26T12:00;19.1;68;10.4;539.0;92.0
2025-01-26T13:00;18.9;66;14.2;465.0;150.0
2025-01-26T14:00;18.8;59;15.7;405.0;82.0
2025-01-26T15:00;18.1;67;12.7;266.0;68.0
2025-01-26T16:00;16.9;74;7.4;102.0;41.0
2025-01-26T17:00;15.1;84;7.7;4.0;3.0
2025-01-26T18:00;13.9;87;8.9;0.0;0.0
2025-01-26T19:00;13.3;88;8.9;0.0;0.0
2025-01-26T20:00;12.9;88;8.4;0.0;0.0
2025-01-26T21:00;12.4;88;8.0;0.0;0.0
2025-01-26T22:00;11.7;88;6.8;0.0;0.0
2025-01-26T23:00;11.5;86;4.8;0.0;0.0
2025-01-27T00:00;11.8;83;5.6;0.0;0.0
2025-01-27T01:00;11.7;79;4.6;0.0;0.0
2025-01-27T02:00;11.5;78;3.7;0.0;0.0
2025-01-27T03:00;11.3;77;4.1;0.0;0.0
2025-01-27T04:00;10.6;79;4.5;0.0;0.0
2025-01-27T05:00;10.1;79;3.9;0.0;0.0
2025-01-27T06:00;9.8;78;4.1;0.0;0.0
2025-01-27T07:00;10.5;74;5.2;24.0;13.0
2025-01-27T08:00;13.3;74;5.3;165.0;57.0
2025-01-27T09:00;16.9;61;2.9;333.0;79.0
2025-01-27T10:00;18.0;58;1.7;467.0;85.0
2025-01-27T11:00;18.8;64;1.8;546.0;90.0
2025-01-27T12:00;19.0;73;2.7;562.0;91.0
2025-01-27T13:00;19.1;81;2.8;485.0;143.0
2025-01-27T14:00;18.6;90;2.3;359.0;169.0
2025-01-27T15:00;17.8;96;2.6;219.0;130.0
2025-01-27T16:00;16.7;94;5.4;71.0;61.0
2025-01-27T17:00;15.9;83;6.8;2.0;2.0
2025-01-27T18:00;15.0;74;7.1;0.0;0.0
2025-01-27T19:00;14.7;69;7.1;0.0;0.0
2025-01-27T20:00;14.3;64;7.7;0.0;0.0
2025-01-27T21:00;14.2;62;7.6;0.0;0.0
2025-01-27T22:00;14.7;59;8.9;0.0;0.0
2025-01-27T23:00;14.7;60;8.0;0.0;0.0
2025-01-28T00:00;14.1;63;6.5;0.0;0.0
2025-01-28T01:00;14.4;67;8.3;0.0;0.0
2025-01-28T02:00;14.5;67;9.6;0.0;0.0
2025-01-28T03:00;14.7;66;11.2;0.0;0.0
2025-01-28T04:00;15.0;66;13.7;0.0;0.0
2025-01-28T05:00;15.5;65;14.7;0.0;0.0
2025-01-28T06:00;15.5;64;14.3;0.0;0.0
2025-01-28T07:00;16.0;62;13.7;23.0;15.0
2025-01-28T08:00;18.3;58;14.7;155.0;60.0
2025-01-28T09:00;20.6;50;15.4;312.0;76.0
2025-01-28T10:00;21.2;53;10.2;345.0;151.0
2025-01-28T11:00;21.0;50;20.6;523.0;93.0
2025-01-28T12:00;20.1;59;19.0;533.0;101.0
2025-01-28T13:00;19.3;68;20.2;444.0;121.0
2025-01-28T14:00;19.2;67;16.5;303.0;124.0
2025-01-28T15:00;18.2;70;15.3;247.0;77.0
2025-01-28T16:00;17.2;78;16.7;101.0;43.0
2025-01-28T17:00;16.1;78;13.6;5.0;4.0
2025-01-28T18:00;15.3;78;10.2;0.0;0.0
2025-01-28T19:00;14.2;81;7.4;0.0;0.0
2025-01-28T20:00;13.0;85;6.7;0.0;0.0
2025-01-28T21:00;12.1;86;7.2;0.0;0.0
2025-01-28T22:00;11.3;88;7.4;0.0;0.0
2025-01-28T23:00;11.5;87;7.5;0.0;0.0
2025-01-29T00:00;12.1;85;9.5;0.0;0.0
2025-01-29T01:00;13.3;85;4.9;0.0;0.0
2025-01-29T02:00;13.3;83;8.3;0.0;0.0
2025-01-29T03:00;12.4;91;9.4;0.0;0.0
2025-01-29T04:00;12.3;88;8.2;0.0;0.0
2025-01-29T05:00;12.0;90;7.4;0.0;0.0
2025-01-29T06:00;11.9;91;9.3;0.0;0.0
2025-01-29T07:00;11.9;92;9.0;12.0;11.0
2025-01-29T08:00;12.2;88;8.3;61.0;61.0
2025-01-29T09:00;12.5;81;8.3;161.0;123.0
2025-01-29T10:00;13.1;80;9.2;350.0;126.0
2025-01-29T11:00;13.3;77;9.9;236.0;175.0
2025-01-29T12:00;12.8;79;9.1;82.0;78.0
2025-01-29T13:00;12.8;80;12.0;118.0;103.0
2025-01-29T14:00;12.3;81;13.0;220.0;171.0
2025-01-29T15:00;13.1;75;14.7;174.0;129.0
2025-01-29T16:00;13.2;70;15.3;54.0;46.0
2025-01-29T17:00;12.8;71;14.8;5.0;5.0
2025-01-29T18:00;12.8;71;16.1;0.0;0.0
2025-01-29T19:00;12.4;76;14.7;0.0;0.0
2025-01-29T20:00;12.2;77;17.0;0.0;0.0
2025-01-29T21:00;12.0;77;15.7;0.0;0.0
2025-01-29T22:00;11.7;80;14.1;0.0;0.0
2025-01-29T23:00;12.0;79;13.3;0.0;0.0
2025-01-30T00:00;12.3;69;11.7;0.0;0.0
2025-01-30T01:00;11.5;81;14.7;0.0;0.0
2025-01-30T02:00;12.5;75;16.9;0.0;0.0
2025-01-30T03:00;12.5;74;14.3;0.0;0.0
2025-01-30T04:00;11.8;78;7.9;0.0;0.0
2025-01-30T05:00;11.5;77;9.2;0.0;0.0
2025-01-30T06:00;11.3;77;7.9;0.0;0.0
2025-01-30T07:00;10.7;80;8.2;27.0;15.0
2025-01-30T08:00;12.7;81;8.9;173.0;58.0
2025-01-30T09:00;14.3;66;4.8;331.0;90.0
2025-01-30T10:00;15.1;62;6.8;440.0;133.0
2025-01-30T11:00;15.6;59;6.5;450.0;218.0
2025-01-30T12:00;16.2;58;4.9;480.0;224.0
2025-01-30T13:00;16.8;53;4.1;408.0;206.0
2025-01-30T14:00;16.8;52;1.5;303.0;193.0
2025-01-30T15:00;15.9;60;4.2;206.0;123.0
2025-01-30T16:00;14.5;80;6.7;105.0;52.0
2025-01-30T17:00;13.0;86;7.3;6.0;5.0
2025-01-30T18:00;12.1;82;6.3;0.0;0.0
2025-01-30T19:00;12.0;78;4.9;0.0;0.0
2025-01-30T20:00;11.6;78;2.7;0.0;0.0
2025-01-30T21:00;11.4;75;2.9;0.0;0.0
2025-01-30T22:00;10.9;75;3.6;0.0;0.0
2025-01-30T23:00;10.1;76;2.2;0.0;0.0
2025-01-31T00:00;9.8;76;1.6;0.0;0.0
2025-01-31T01:00;10.7;78;2.4;0.0;0.0
2025-01-31T02:00;10.8;78;2.1;0.0;0.0
2025-01-31T03:00;10.2;81;2.3;0.0;0.0
2025-01-31T04:00;9.7;84;2.8;0.0;0.0
2025-01-31T05:00;9.3;83;3.4;0.0;0.0
2025-01-31T06:00;9.2;82;3.8;0.0;0.0
2025-01-31T07:00;10.3;78;3.5;24.0;18.0
2025-01-31T08:00;13.1;77;2.2;150.0;80.0
2025-01-31T09:00;15.1;71;1.8;293.0;135.0
2025-01-31T10:00;16.1;73;3.9;432.0;143.0
2025-01-31T11:00;16.7;75;5.4;532.0;119.0
2025-01-31T12:00;16.8;79;6.9;565.0;99.0
2025-01-31T13:00;16.6;84;8.1;496.0;104.0
2025-01-31T14:00;16.1;83;7.5;406.0;97.0
2025-01-31T15:00;15.6;81;5.5;256.0;93.0
2025-01-31T16:00;14.6;85;4.7;108.0;49.0
2025-01-31T17:00;13.2;92;2.5;7.0;5.0
2025-01-31T18:00;12.7;91;2.1;0.0;0.0
2025-01-31T19:00;12.7;86;3.4;0.0;0.0
2025-01-31T20:00;12.4;81;5.4;0.0;0.0
2025-01-31T21:00;12.0;79;5.8;0.0;0.0
2025-01-31T22:00;11.4;80;5.8;0.0;0.0
2025-01-31T23:00;10.8;82;6.1;0.0;0.0
2025-02-01T00:00;10.2;83;6.8;0.0;0.0
2025-02-01T01:00;10.4;82;5.4;0.0;0.0
2025-02-01T02:00;10.4;79;3.4;0.0;0.0
2025-02-01T03:00;10.3;77;5.3;0.0;0.0
2025-02-01T04:00;10.1;78;8.3;0.0;0.0
2025-02-01T05:00;10.2;81;8.7;0.0;0.0
2025-02-01T06:00;10.5;84;8.9;0.0;0.0
2025-02-01T07:00;11.3;83;10.7;25.0;22.0
2025-02-01T08:00;13.0;80;11.0;127.0;99.0
2025-02-01T09:00;14.3;76;9.5;285.0;146.0
2025-02-01T10:00;15.3;73;10.6;415.0;147.0
2025-02-01T11:00;16.0;67;13.5;465.0;166.0
2025-02-01T12:00;15.4;72;12.6;417.0;205.0
2025-02-01T13:00;15.3;71;13.7;370.0;241.0
2025-02-01T14:00;14.8;72;16.9;343.0;147.0
2025-02-01T15:00;14.3;82;13.4;175.0;125.0
2025-02-01T16:00;13.8;90;10.5;52.0;50.0
2025-02-01T17:00;13.5;93;9.2;4.0;4.0
2025-02-01T18:00;13.3;92;8.6;0.0;0.0
2025-02-01T19:00;13.7;79;15.8;0.0;0.0
2025-02-01T20:00;13.4;76;13.6;0.0;0.0
2025-02-01T21:00;12.9;82;12.5;0.0;0.0
2025-02-01T22:00;13.0;82;14.3;0.0;0.0
2025-02-01T23:00;13.3;81;19.4;0.0;0.0
2025-02-02T00:00;13.2;81;18.8;0.0;0.0
2025-02-02T01:00;13.3;91;12.2;0.0;0.0
2025-02-02T02:00;13.7;85;14.8;0.0;0.0
2025-02-02T03:00;13.9;83;17.6;0.0;0.0
2025-02-02T04:00;13.6;82;17.5;0.0;0.0
2025-02-02T05:00;13.2;83;15.6;0.0;0.0
2025-02-02T06:00;12.9;84;13.7;0.0;0.0
2025-02-02T07:00;12.8;84;12.6;8.0;8.0
2025-02-02T08:00;13.9;79;13.1;115.0;92.0
2025-02-02T09:00;15.3;75;10.7;298.0;90.0
2025-02-02T10:00;17.3;70;7.5;442.0;114.0
2025-02-02T11:00;18.1;60;7.5;489.0;124.0
2025-02-02T12:00;17.2;66;8.5;530.0;103.0
2025-02-02T13:00;15.5;78;1.3;422.0;121.0
2025-02-02T14:00;15.5;74;7.6;296.0;110.0
2025-02-02T15:00;14.9;73;10.8;217.0;83.0
2025-02-02T16:00;14.0;76;9.5;98.0;51.0
2025-02-02T17:00;13.0;79;7.8;8.0;6.0
2025-02-02T18:00;12.3;82;6.1;0.0;0.0
2025-02-02T19:00;12.2;82;6.1;0.0;0.0
2025-02-02T20:00;12.1;85;6.0;0.0;0.0
2025-02-02T21:00;12.2;86;6.0;0.0;0.0
2025-02-02T22:00;12.4;84;7.1;0.0;0.0
2025-02-02T23:00;12.2;84;7.6;0.0;0.0
2025-02-03T00:00;12.0;83;7.0;0.0;0.0
2025-02-03T01:00;11.9;84;7.8;0.0;0.0
2025-02-03T02:00;11.3;86;5.4;0.0;0.0
2025-02-03T03:00;11.1;87;4.5;0.0;0.0
2025-02-03T04:00;10.8;87;5.9;0.0;0.0
2025-02-03T05:00;10.5;87;5.6;0.0;0.0
2025-02-03T06:00;10.4;86;6.9;0.0;0.0
2025-02-03T07:00;10.7;86;8.1;29.0;17.0
2025-02-03T08:00;12.4;81;6.3;161.0;68.0
2025-02-03T09:00;13.9;74;4.9;321.0;95.0
2025-02-03T10:00;14.9;69;2.9;456.0;102.0
2025-02-03T11:00;15.3;69;3.9;525.0;117.0
2025-02-03T12:00;15.6;66;4.3;525.0;142.0
2025-02-03T13:00;12.2;81;3.4;186.0;108.0
2025-02-03T14:00;12.4;79;4.1;286.0;172.0
2025-02-03T15:00;13.4;76;3.0;217.0;124.0
2025-02-03T16:00;13.0;83;1.7;110.0;62.0
2025-02-03T17:00;11.9;86;0.3;9.0;6.0
2025-02-03T18:00;11.2;87;1.0;0.0;0.0
2025-02-03T19:00;11.1;86;2.1;0.0;0.0
2025-02-03T20:00;10.8;85;3.1;0.0;0.0
2025-02-03T21:00;10.3;84;3.4;0.0;0.0
2025-02-03T22:00;9.9;85;4.6;0.0;0.0
2025-02-03T23:00;9.8;85;4.2;0.0;0.0
2025-02-04T00:00;9.9;85;5.1;0.0;0.0
2025-02-04T01:00;10.3;85;4.8;0.0;0.0
2025-02-04T02:00;10.4;84;4.1;0.0;0.0
2025-02-04T03:00;10.5;83;5.5;0.0;0.0
2025-02-04T04:00;10.0;85;6.2;0.0;0.0
2025-02-04T05:00;10.0;85;5.4;0.0;0.0
2025-02-04T06:00;10.5;83;5.6;0.0;0.0
2025-02-04T07:00;10.9;84;6.7;30.0;17.0
2025-02-04T08:00;13.0;83;5.7;176.0;63.0
2025-02-04T09:00;14.2;74;3.8;325.0;91.0
2025-02-04T10:00;15.1;69;3.3;445.0;111.0
2025-02-04T11:00;15.6;67;5.0;501.0;133.0
2025-02-04T12:00;15.2;67;7.5;522.0;110.0
2025-02-04T13:00;14.6;77;10.7;462.0;139.0
2025-02-04T14:00;13.6;81;7.2;274.0;135.0
2025-02-04T15:00;13.9;78;6.1;222.0;94.0
2025-02-04T16:00;13.4;84;3.5;112.0;52.0
2025-02-04T17:00;12.1;89;1.9;10.0;7.0
2025-02-04T18:00;11.7;89;0.9;0.0;0.0
2025-02-04T19:00;11.8;88;2.4;0.0;0.0
2025-02-04T20:00;11.1;88;3.6;0.0;0.0
2025-02-04T21:00;10.4;88;4.2;0.0;0.0
2025-02-04T22:00;9.7;90;4.6;0.0;0.0
2025-02-04T23:00;9.5;89;3.6;0.0;0.0
2025-02-05T00:00;9.5;90;2.3;0.0;0.0
2025-02-05T01:00;10.5;85;4.0;0.0;0.0
2025-02-05T02:00;10.8;85;3.2;0.0;0.0
2025-02-05T03:00;11.2;85;3.4;0.0;0.0
2025-02-05T04:00;10.6;88;1.7;0.0;0.0
2025-02-05T05:00;11.3;87;5.7;0.0;0.0
2025-02-05T06:00;10.7;89;6.7;0.0;0.0
2025-02-05T07:00;10.8;88;4.6;30.0;19.0
2025-02-05T08:00;13.1;88;4.2;168.0;77.0
2025-02-05T09:00;14.2;75;1.9;342.0;84.0
2025-02-05T10:00;14.8;71;1.6;479.0;98.0
2025-02-05T11:00;15.2;66;2.1;547.0;110.0
2025-02-05T12:00;15.4;65;4.0;571.0;108.0
2025-02-05T13:00;15.2;65;5.6;493.0;113.0
2025-02-05T14:00;14.9;68;6.0;414.0;110.0
2025-02-05T15:00;14.3;73;4.5;289.0;84.0
2025-02-05T16:00;13.6;78;2.2;130.0;54.0
2025-02-05T17:00;12.2;86;1.7;12.0;8.0
2025-02-05T18:00;11.8;85;1.5;0.0;0.0
2025-02-05T19:00;11.2;85;1.8;0.0;0.0
2025-02-05T20:00;11.0;85;2.9;0.0;0.0
2025-02-05T21:00;10.3;85;4.6;0.0;0.0
2025-02-05T22:00;9.5;84;4.8;0.0;0.0
2025-02-05T23:00;9.3;84;4.5;0.0;0.0
2025-02-06T00:00;9.3;84;4.3;0.0;0.0
2025-02-06T01:00;9.4;83;5.1;0.0;0.0
2025-02-06T02:00;9.0;83;3.7;0.0;0.0
2025-02-06T03:00;8.8;81;1.6;0.0;0.0
2025-02-06T04:00;9.3;78;1.2;0.0;0.0
2025-02-06T05:00;9.5;78;2.4;0.0;0.0
2025-02-06T06:00;9.9;76;2.8;0.0;0.0
2025-02-06T07:00;10.5;77;2.7;35.0;20.0
2025-02-06T08:00;12.7;77;1.3;183.0;69.0
2025-02-06T09:00;13.8;72;2.3;342.0;97.0
2025-02-06T10:00;14.3;74;6.0;474.0;110.0
2025-02-06T11:00;14.3;75;6.7;486.0;137.0
2025-02-06T12:00;14.4;71;5.5;488.0;138.0
2025-02-06T13:00;14.4;73;5.0;405.0;152.0
2025-02-06T14:00;14.4;71;5.3;319.0;119.0
2025-02-06T15:00;13.2;77;0.8;204.0;95.0
2025-02-06T16:00;12.7;85;2.4;48.0;35.0
2025-02-06T17:00;12.3;89;1.3;4.0;4.0
2025-02-06T18:00;12.3;93;0.9;0.0;0.0
2025-02-06T19:00;12.1;94;0.7;0.0;0.0
2025-02-06T20:00;12.1;92;0.4;0.0;0.0
2025-02-06T21:00;12.1;91;0.2;0.0;0.0
2025-02-06T22:00;12.0;88;1.0;0.0;0.0
2025-02-06T23:00;11.9;89;0.7;0.0;0.0
2025-02-07T00:00;11.5;90;1.5;0.0;0.0
2025-02-07T01:00;11.3;95;0.4;0.0;0.0
2025-02-07T02:00;10.3;96;1.7;0.0;0.0
2025-02-07T03:00;10.1;95;3.2;0.0;0.0
2025-02-07T04:00;9.7;92;3.3;0.0;0.0
2025-02-07T05:00;9.8;86;4.8;0.0;0.0
2025-02-07T06:00;9.2;83;4.9;0.0;0.0
2025-02-07T07:00;9.7;83;6.5;38.0;21.0
2025-02-07T08:00;11.9;80;6.6;190.0;67.0
2025-02-07T09:00;13.3;67;7.4;357.0;91.0
2025-02-07T10:00;14.1;65;8.1;457.0;149.0
2025-02-07T11:00;14.6;67;9.4;578.0;99.0
2025-02-07T12:00;14.8;71;9.9;596.0;101.0
2025-02-07T13:00;13.7;81;7.1;267.0;194.0
2025-02-07T14:00;13.6;78;4.3;251.0;199.0
2025-02-07T15:00;12.7;81;4.5;76.0;72.0
2025-02-07T16:00;12.2;87;7.3;40.0;28.0
2025-02-07T17:00;11.8;92;4.2;4.0;4.0
2025-02-07T18:00;11.5;94;5.1;0.0;0.0
2025-02-07T19:00;11.5;89;5.1;0.0;0.0
2025-02-07T20:00;10.9;87;5.8;0.0;0.0
2025-02-07T21:00;10.9;87;5.2;0.0;0.0
2025-02-07T22:00;10.6;86;5.7;0.0;0.0
2025-02-07T23:00;11.1;82;4.7;0.0;0.0
2025-02-08T00:00;10.9;83;4.4;0.0;0.0
2025-02-08T01:00;11.3;84;3.3;0.0;0.0
2025-02-08T02:00;12.1;84;5.0;0.0;0.0
2025-02-08T03:00;12.4;88;8.4;0.0;0.0
2025-02-08T04:00;12.1;96;8.4;0.0;0.0
2025-02-08T05:00;12.1;97;8.3;0.0;0.0
2025-02-08T06:00;12.3;95;9.8;0.0;0.0
2025-02-08T07:00;12.3;89;12.3;6.0;6.0
2025-02-08T08:00;12.1;89;7.8;27.0;27.0
2025-02-08T09:00;12.6;95;11.2;96.0;90.0
2025-02-08T10:00;12.7;85;11.7;176.0;167.0
2025-02-08T11:00;13.6;83;11.5;269.0;243.0
2025-02-08T12:00;13.7;83;11.2;263.0;227.0
2025-02-08T13:00;15.2;74;12.6;319.0;211.0
2025-02-08T14:00;15.2;71;12.9;193.0;156.0
2025-02-08T15:00;15.3;68;12.4;216.0;119.0
2025-02-08T16:00;14.7;69;12.8;95.0;67.0
2025-02-08T17:00;13.9;70;12.7;10.0;9.0
2025-02-08T18:00;13.7;71;13.6;0.0;0.0
2025-02-08T19:00;13.3;73;13.3;0.0;0.0
2025-02-08T20:00;12.8;77;10.4;0.0;0.0
2025-02-08T21:00;12.6;78;12.4;0.0;0.0
2025-02-08T22:00;12.6;76;14.0;0.0;0.0
2025-02-08T23:00;12.2;79;12.8;0.0;0.0
2025-02-09T00:00;11.9;80;8.9;0.0;0.0
2025-02-09T01:00;12.5;77;14.2;0.0;0.0
2025-02-09T02:00;12.4;76;14.1;0.0;0.0
2025-02-09T03:00;12.2;77;13.5;0.0;0.0
2025-02-09T04:00;12.1;76;10.7;0.0;0.0
2025-02-09T05:00;11.8;81;10.2;0.0;0.0
2025-02-09T06:00;11.9;80;17.3;0.0;0.0
2025-02-09T07:00;12.0;82;14.7;16.0;16.0
2025-02-09T08:00;12.2;83;14.1;26.0;26.0
2025-02-09T09:00;12.9;82;13.4;96.0;94.0
2025-02-09T10:00;12.5;93;8.5;99.0;99.0
2025-02-09T11:00;12.5;92;9.0;80.0;80.0
2025-02-09T12:00;12.3;96;10.8;94.0;94.0
2025-02-09T13:00;11.6;96;6.0;44.0;44.0
2025-02-09T14:00;11.5;96;7.8;29.0;29.0
2025-02-09T15:00;11.3;96;12.6;39.0;39.0
2025-02-09T16:00;11.2;93;11.9;58.0;57.0
2025-02-09T17:00;11.0;92;10.4;9.0;8.0
2025-02-09T18:00;10.8;93;8.2;0.0;0.0
2025-02-09T19:00;10.9;93;9.3;0.0;0.0
2025-02-09T20:00;10.6;94;9.7;0.0;0.0
2025-02-09T21:00;10.7;95;4.6;0.0;0.0
2025-02-09T22:00;10.3;94;2.4;0.0;0.0
2025-02-09T23:00;9.8;93;3.1;0.0;0.0
2025-02-10T00:00;9.1;92;2.9;0.0;0.0
2025-02-10T01:00;10.3;94;5.7;0.0;0.0
2025-02-10T02:00;9.9;94;3.1;0.0;0.0
2025-02-10T03:00;10.0;90;0.6;0.0;0.0
2025-02-10T04:00;9.8;91;1.1;0.0;0.0
2025-02-10T05:00;9.6;91;0.6;0.0;0.0
2025-02-10T06:00;10.3;85;2.1;0.0;0.0
2025-02-10T07:00;10.8;87;5.0;38.0;25.0
2025-02-10T08:00;12.8;87;2.5;163.0;79.0
2025-02-10T09:00;13.5;76;5.6;338.0;111.0
2025-02-10T10:00;14.0;73;8.3;476.0;121.0
2025-02-10T11:00;14.4;69;10.5;572.0;118.0
2025-02-10T12:00;14.6;68;9.9;594.0;126.0
2025-02-10T13:00;14.6;71;12.0;473.0;153.0
2025-02-10T14:00;14.3;69;10.8;404.0;123.0
2025-02-10T15:00;13.9;69;8.3;297.0;103.0
2025-02-10T16:00;13.2;76;5.8;144.0;58.0
2025-02-10T17:00;11.9;84;3.4;17.0;11.0
2025-02-10T18:00;11.2;85;2.8;0.0;0.0
2025-02-10T19:00;10.7;85;2.5;0.0;0.0
2025-02-10T20:00;10.6;85;2.7;0.0;0.0
2025-02-10T21:00;10.6;84;4.5;0.0;0.0
2025-02-10T22:00;9.9;84;5.2;0.0;0.0
2025-02-10T23:00;9.3;83;4.8;0.0;0.0
2025-02-11T00:00;8.9;83;3.1;0.0;0.0
2025-02-11T01:00;9.9;79;2.6;0.0;0.0
2025-02-11T02:00;10.1;77;2.3;0.0;0.0
2025-02-11T03:00;10.1;75;2.3;0.0;0.0
2025-02-11T04:00;10.2;74;2.8;0.0;0.0
2025-02-11T05:00;10.1;75;3.7;0.0;0.0
2025-02-11T06:00;9.7;76;3.8;0.0;0.0
2025-02-11T07:00;10.2;79;3.6;46.0;24.0
2025-02-11T08:00;12.6;74;2.0;205.0;70.0
2025-02-11T09:00;13.5;66;2.4;370.0;95.0
2025-02-11T10:00;14.1;63;5.2;511.0;104.0
2025-02-11T11:00;14.4;65;7.4;593.0;108.0
2025-02-11T12:00;14.1;66;9.0;608.0;121.0
2025-02-11T13:00;14.4;57;6.8;579.0;106.0
2025-02-11T14:00;14.2;55;5.2;457.0;109.0
2025-02-11T15:00;13.9;55;4.4;318.0;94.0
2025-02-11T16:00;13.1;64;3.7;143.0;70.0
2025-02-11T17:00;11.8;74;2.6;17.0;14.0
2025-02-11T18:00;11.4;74;3.5;0.0;0.0
2025-02-11T19:00;10.8;77;5.1;0.0;0.0
2025-02-11T20:00;9.9;80;4.6;0.0;0.0
2025-02-11T21:00;9.3;83;3.1;0.0;0.0
2025-02-11T22:00;9.2;83;2.3;0.0;0.0
2025-02-11T23:00;9.2;84;2.2;0.0;0.0
2025-02-12T00:00;9.3;84;2.0;0.0;0.0
2025-02-12T01:00;9.6;85;1.5;0.0;0.0
2025-02-12T02:00;9.7;84;0.8;0.0;0.0
2025-02-12T03:00;9.7;82;1.0;0.0;0.0
2025-02-12T04:00;9.6;81;1.4;0.0;0.0
2025-02-12T05:00;9.6;80;1.6;0.0;0.0
2025-02-12T06:00;9.6;79;2.0;0.0;0.0
2025-02-12T07:00;10.5;80;1.5;47.0;24.0
2025-02-12T08:00;13.6;83;0.7;194.0;73.0
2025-02-12T09:00;15.0;70;2.9;351.0;110.0
2025-02-12T10:00;15.8;70;4.2;435.0;164.0
2025-02-12T11:00;16.2;67;4.3;468.0;165.0
2025-02-12T12:00;15.4;74;7.3;368.0;178.0
2025-02-12T13:00;15.3;75;7.2;467.0;149.0
2025-02-12T14:00;15.0;75;7.6;269.0;130.0
2025-02-12T15:00;14.7;73;6.8;263.0;114.0
2025-02-12T16:00;14.1;77;4.9;129.0;65.0
2025-02-12T17:00;12.9;84;3.6;16.0;12.0
2025-02-12T18:00;12.4;86;3.1;0.0;0.0
2025-02-12T19:00;12.0;86;2.7;0.0;0.0
2025-02-12T20:00;11.4;88;3.0;0.0;0.0
2025-02-12T21:00;10.8;88;3.4;0.0;0.0
2025-02-12T22:00;10.3;87;3.1;0.0;0.0
2025-02-12T23:00;10.1;87;3.0;0.0;0.0
2025-02-13T00:00;9.8;87;1.8;0.0;0.0
2025-02-13T01:00;10.6;85;1.6;0.0;0.0
2025-02-13T02:00;10.6;84;1.7;0.0;0.0
2025-02-13T03:00;10.7;82;2.2;0.0;0.0
2025-02-13T04:00;10.6;82;2.5;0.0;0.0
2025-02-13T05:00;10.5;83;3.6;0.0;0.0
2025-02-13T06:00;10.1;85;4.5;0.0;0.0
2025-02-13T07:00;10.9;85;5.4;42.0;33.0
2025-02-13T08:00;13.8;87;3.6;189.0;96.0
2025-02-13T09:00;15.3;77;1.8;347.0;136.0
2025-02-13T10:00;15.8;72;5.6;452.0;196.0
2025-02-13T11:00;16.0;69;6.7;489.0;248.0
2025-02-13T12:00;15.8;72;8.1;491.0;255.0
2025-02-13T13:00;14.9;76;8.6;392.0;233.0
2025-02-13T14:00;14.7;74;7.3;330.0;203.0
2025-02-13T15:00;14.5;73;6.4;254.0;132.0
2025-02-13T16:00;13.9;76;5.7;109.0;80.0
2025-02-13T17:00;12.9;84;4.0;18.0;13.0
2025-02-13T18:00;12.2;86;4.3;0.0;0.0
2025-02-13T19:00;11.6;86;3.3;0.0;0.0
2025-02-13T20:00;11.1;85;2.3;0.0;0.0
2025-02-13T21:00;11.0;83;1.0;0.0;0.0
2025-02-13T22:00;11.4;80;2.3;0.0;0.0
2025-02-13T23:00;11.1;81;3.1;0.0;0.0
2025-02-14T00:00;10.9;81;3.8;0.0;0.0
2025-02-14T01:00;10.9;82;5.6;0.0;0.0
2025-02-14T02:00;10.6;82;3.5;0.0;0.0
2025-02-14T03:00;10.8;80;4.6;0.0;0.0
2025-02-14T04:00;10.8;80;4.6;0.0;0.0
2025-02-14T05:00;11.2;79;5.5;0.0;0.0
2025-02-14T06:00;10.8;80;7.1;0.0;0.0
2025-02-14T07:00;11.7;81;6.8;42.0;34.0
2025-02-14T08:00;14.6;76;5.5;219.0;69.0
2025-02-14T09:00;15.7;70;5.3;387.0;90.0
2025-02-14T10:00;16.6;66;6.7;521.0;100.0
2025-02-14T11:00;16.9;64;8.7;589.0;110.0
2025-02-14T12:00;17.2;62;10.6;597.0;124.0
2025-02-14T13:00;16.8;65;9.1;491.0;168.0
2025-02-14T14:00;16.0;70;5.7;421.0;127.0
2025-02-14T15:00;15.6;71;7.3;284.0;106.0
2025-02-14T16:00;14.3;77;7.5;144.0;61.0
2025-02-14T17:00;13.3;80;7.9;22.0;14.0
2025-02-14T18:00;12.8;84;8.5;0.0;0.0
2025-02-14T19:00;12.6;85;9.6;0.0;0.0
2025-02-14T20:00;12.6;83;11.4;0.0;0.0
2025-02-14T21:00;12.2;85;12.3;0.0;0.0
2025-02-14T22:00;12.3;83;11.7;0.0;0.0
2025-02-14T23:00;12.3;83;12.7;0.0;0.0
2025-02-15T00:00;12.2;85;13.0;0.0;0.0
2025-02-15T01:00;12.4;85;14.5;0.0;0.0
2025-02-15T02:00;12.7;84;15.9;0.0;0.0
2025-02-15T03:00;12.8;84;16.9;0.0;0.0
2025-02-15T04:00;12.6;75;17.1;0.0;0.0
2025-02-15T05:00;12.6;72;19.4;0.0;0.0
2025-02-15T06:00;12.3;76;17.6;0.0;0.0
2025-02-15T07:00;12.6;74;17.4;54.0;28.0
2025-02-15T08:00;13.0;68;21.0;205.0;75.0
2025-02-15T09:00;13.0;66;20.3;351.0;97.0
2025-02-15T10:00;12.6;65;23.0;478.0;116.0
2025-02-15T11:00;12.2;67;18.7;548.0;134.0
2025-02-15T12:00;11.5;67;20.3;555.0;165.0
2025-02-15T13:00;12.6;63;26.6;465.0;173.0
2025-02-15T14:00;11.7;73;27.0;371.0;182.0
2025-02-15T15:00;11.1;75;27.6;184.0;143.0
2025-02-15T16:00;10.4;82;23.5;82.0;64.0
2025-02-15T17:00;10.0;83;25.6;8.0;8.0
2025-02-15T18:00;10.0;84;18.8;0.0;0.0
2025-02-15T19:00;11.0;87;14.6;0.0;0.0
2025-02-15T20:00;10.9;85;19.1;0.0;0.0
2025-02-15T21:00;11.1;86;23.2;0.0;0.0
2025-02-15T22:00;10.5;87;24.1;0.0;0.0
2025-02-15T23:00;10.7;85;25.3;0.0;0.0
2025-02-16T00:00;11.0;79;17.6;0.0;0.0
2025-02-16T01:00;10.5;93;11.2;0.0;0.0
2025-02-16T02:00;10.8;90;7.0;0.0;0.0
2025-02-16T03:00;11.0;82;9.9;0.0;0.0
2025-02-16T04:00;11.7;78;13.3;0.0;0.0
2025-02-16T05:00;12.0;77;12.9;0.0;0.0
2025-02-16T06:00;12.2;77;15.1;0.0;0.0
2025-02-16T07:00;12.5;79;19.2;46.0;26.0
2025-02-16T08:00;13.5;73;19.0;195.0;75.0
2025-02-16T09:00;14.0;73;17.6;341.0;119.0
2025-02-16T10:00;14.7;68;14.8;486.0;128.0
2025-02-16T11:00;14.9;68;15.8;540.0;178.0
2025-02-16T12:00;14.7;70;15.3;480.0;210.0
2025-02-16T13:00;14.7;71;14.0;361.0;231.0
2025-02-16T14:00;14.8;71;13.0;397.0;160.0
2025-02-16T15:00;14.5;76;10.6;297.0;115.0
2025-02-16T16:00;13.8;81;7.3;146.0;67.0
2025-02-16T17:00;12.7;89;5.0;25.0;15.0
2025-02-16T18:00;12.3;90;5.8;0.0;0.0
2025-02-16T19:00;11.9;90;5.4;0.0;0.0
2025-02-16T20:00;11.4;90;6.1;0.0;0.0
2025-02-16T21:00;11.0;88;7.1;0.0;0.0
2025-02-16T22:00;10.2;89;7.6;0.0;0.0
2025-02-16T23:00;9.7;89;7.7;0.0;0.0
2025-02-17T00:00;9.2;89;7.1;0.0;0.0
2025-02-17T01:00;8.3;88;3.7;0.0;0.0
2025-02-17T02:00;8.4;87;3.0;0.0;0.0
2025-02-17T03:00;8.5;86;2.9;0.0;0.0
2025-02-17T04:00;8.8;84;2.7;0.0;0.0
2025-02-17T05:00;9.4;81;2.4;0.0;0.0
2025-02-17T06:00;9.4;80;3.1;0.0;0.0
2025-02-17T07:00;10.0;81;2.3;45.0;41.0
2025-02-17T08:00;12.4;79;0.5;185.0;125.0
2025-02-17T09:00;13.3;76;2.3;342.0;175.0
2025-02-17T10:00;14.0;76;3.9;498.0;178.0
2025-02-17T11:00;14.7;73;6.2;564.0;196.0
2025-02-17T12:00;14.5;77;8.8;559.0;192.0
2025-02-17T13:00;14.3;77;8.3;461.0;203.0
2025-02-17T14:00;13.7;77;6.5;327.0;170.0
2025-02-17T15:00;13.6;74;4.6;300.0;118.0
2025-02-17T16:00;12.9;76;2.3;122.0;70.0
2025-02-17T17:00;12.7;78;2.1;13.0;11.0
2025-02-17T18:00;12.6;83;3.5;0.0;0.0
2025-02-17T19:00;12.7;84;3.6;0.0;0.0
2025-02-17T20:00;12.6;86;3.2;0.0;0.0
2025-02-17T21:00;12.5;87;3.3;0.0;0.0
2025-02-17T22:00;12.5;87;3.3;0.0;0.0
2025-02-17T23:00;12.3;88;2.7;0.0;0.0
2025-02-18T00:00;12.2;90;2.1;0.0;0.0
2025-02-18T01:00;12.1;90;0.9;0.0;0.0
2025-02-18T02:00;11.8;90;0.9;0.0;0.0
2025-02-18T03:00;11.2;89;1.3;0.0;0.0
2025-02-18T04:00;10.6;88;2.1;0.0;0.0
2025-02-18T05:00;10.6;84;2.8;0.0;0.0
2025-02-18T06:00;10.2;84;2.4;0.0;0.0
2025-02-18T07:00;11.2;86;3.4;61.0;32.0
2025-02-18T08:00;13.2;80;3.1;220.0;76.0
2025-02-18T09:00;14.1;71;2.9;390.0;95.0
2025-02-18T10:00;14.6;67;4.9;534.0;118.0
2025-02-18T11:00;14.9;66;5.6;618.0;123.0
2025-02-18T12:00;14.9;65;5.4;568.0;158.0
2025-02-18T13:00;15.3;59;6.3;605.0;119.0
2025-02-18T14:00;15.0;59;4.7;510.0;106.0
2025-02-18T15:00;14.7;62;3.6;363.0;89.0
2025-02-18T16:00;14.0;68;4.9;186.0;64.0
2025-02-18T17:00;12.6;82;4.8;30.0;17.0
2025-02-18T18:00;11.9;83;5.2;0.0;0.0
2025-02-18T19:00;11.2;81;5.9;0.0;0.0
2025-02-18T20:00;10.7;80;6.9;0.0;0.0
2025-02-18T21:00;10.4;79;5.5;0.0;0.0
2025-02-18T22:00;10.0;79;5.3;0.0;0.0
2025-02-18T23:00;9.6;78;4.8;0.0;0.0
2025-02-19T00:00;9.6;75;3.1;0.0;0.0
2025-02-19T01:00;10.0;74;1.6;0.0;0.0
2025-02-19T02:00;10.4;70;1.9;0.0;0.0
2025-02-19T03:00;10.2;69;1.9;0.0;0.0
2025-02-19T04:00;10.0;69;1.6;0.0;0.0
2025-02-19T05:00;10.1;66;2.8;0.0;0.0
2025-02-19T06:00;10.3;65;3.3;0.0;0.0
2025-02-19T07:00;11.5;68;4.0;70.0;33.0
2025-02-19T08:00;13.7;66;3.1;245.0;72.0
2025-02-19T09:00;14.6;65;3.1;419.0;92.0
2025-02-19T10:00;15.1;67;5.7;555.0;102.0
2025-02-19T11:00;15.1;71;7.5;639.0;108.0
2025-02-19T12:00;15.0;71;7.7;661.0;108.0
2025-02-19T13:00;14.9;72;6.7;552.0;156.0
2025-02-19T14:00;14.8;71;6.7;472.0;155.0
2025-02-19T15:00;14.4;74;6.8;319.0;147.0
2025-02-19T16:00;13.9;80;7.1;160.0;95.0
2025-02-19T17:00;12.8;88;6.9;27.0;22.0
2025-02-19T18:00;12.2;90;6.7;0.0;0.0
2025-02-19T19:00;11.8;90;6.4;0.0;0.0
2025-02-19T20:00;11.3;89;5.8;0.0;0.0
2025-02-19T21:00;10.7;88;4.8;0.0;0.0
2025-02-19T22:00;9.7;90;3.2;0.0;0.0
2025-02-19T23:00;9.5;89;2.5;0.0;0.0
2025-02-20T00:00;9.6;88;3.5;0.0;0.0
2025-02-20T01:00;9.5;90;4.1;0.0;0.0
2025-02-20T02:00;9.4;91;5.4;0.0;0.0
2025-02-20T03:00;9.4;90;3.7;0.0;0.0
2025-02-20T04:00;9.4;89;2.8;0.0;0.0
2025-02-20T05:00;9.3;88;3.4;0.0;0.0
2025-02-20T06:00;9.3;86;3.3;0.0;0.0
2025-02-20T07:00;10.6;87;3.8;61.0;41.0
2025-02-20T08:00;14.0;81;3.6;224.0;100.0
2025-02-20T09:00;15.4;71;2.7;391.0;119.0
2025-02-20T10:00;16.1;68;4.6;487.0;163.0
2025-02-20T11:00;16.2;72;7.3;449.0;245.0
2025-02-20T12:00;15.6;78;8.2;438.0;246.0
2025-02-20T13:00;15.6;77;4.0;337.0;216.0
2025-02-20T14:00;15.9;74;7.6;445.0;161.0
2025-02-20T15:00;14.7;79;6.2;284.0;141.0
2025-02-20T16:00;14.5;78;5.7;146.0;79.0
2025-02-20T17:00;13.7;87;5.2;24.0;18.0
2025-02-20T18:00;13.3;90;4.6;0.0;0.0
2025-02-20T19:00;12.8;91;3.3;0.0;0.0
2025-02-20T20:00;12.2;91;3.1;0.0;0.0
2025-02-20T21:00;11.8;90;2.3;0.0;0.0
2025-02-20T22:00;11.6;89;3.6;0.0;0.0
2025-02-20T23:00;11.6;89;3.0;0.0;0.0
2025-02-21T00:00;11.4;89;2.4;0.0;0.0
2025-02-21T01:00;12.0;91;2.9;0.0;0.0
2025-02-21T02:00;12.1;91;1.2;0.0;0.0
2025-02-21T03:00;12.0;90;1.5;0.0;0.0
2025-02-21T04:00;11.4;89;3.3;0.0;0.0
2025-02-21T05:00;11.1;88;1.0;0.0;0.0
2025-02-21T06:00;10.9;90;1.5;0.0;0.0
2025-02-21T07:00;12.2;90;2.3;50.0;33.0
2025-02-21T08:00;13.5;88;1.1;174.0;87.0
2025-02-21T09:00;14.7;83;2.5;378.0;122.0
2025-02-21T10:00;15.2;82;6.9;528.0;123.0
2025-02-21T11:00;14.0;88;6.1;551.0;136.0
2025-02-21T12:00;14.7;82;2.2;488.0;171.0
2025-02-21T13:00;15.4;72;3.9;523.0;170.0
2025-02-21T14:00;15.1;72;5.6;431.0;137.0
2025-02-21T15:00;14.9;71;5.4;322.0;114.0
2025-02-21T16:00;14.3;72;4.6;181.0;72.0
2025-02-21T17:00;12.8;83;3.2;34.0;19.0
2025-02-21T18:00;11.8;87;1.6;0.0;0.0
2025-02-21T19:00;11.4;87;1.1;0.0;0.0
2025-02-21T20:00;11.2;85;2.3;0.0;0.0
2025-02-21T21:00;10.7;88;4.3;0.0;0.0
2025-02-21T22:00;10.2;89;3.6;0.0;0.0
2025-02-21T23:00;9.8;90;3.4;0.0;0.0
2025-02-22T00:00;9.5;90;3.3;0.0;0.0
2025-02-22T01:00;11.1;86;1.5;0.0;0.0
2025-02-22T02:00;10.6;87;3.1;0.0;0.0
2025-02-22T03:00;10.6;87;2.8;0.0;0.0
2025-02-22T04:00;10.7;88;2.2;0.0;0.0
2025-02-22T05:00;10.2;88;1.3;0.0;0.0
2025-02-22T06:00;10.0;89;0.4;1.0;1.0
2025-02-22T07:00;12.0;85;2.7;69.0;39.0
2025-02-22T08:00;13.6;83;4.6;213.0;98.0
2025-02-22T09:00;14.1;83;5.7;350.0;148.0
2025-02-22T10:00;14.5;80;6.0;300.0;208.0
2025-02-22T11:00;13.9;81;3.9;301.0;182.0
2025-02-22T12:00;13.8;82;4.9;243.0;142.0
2025-02-22T13:00;14.2;82;3.6;243.0;159.0
2025-02-22T14:00;14.6;77;3.8;344.0;143.0
2025-02-22T15:00;13.7;78;5.4;202.0;108.0
2025-02-22T16:00;13.0;87;2.7;76.0;62.0
2025-02-22T17:00;12.6;91;2.7;19.0;15.0
2025-02-22T18:00;12.2;93;3.3;0.0;0.0
2025-02-22T19:00;11.6;93;2.4;0.0;0.0
2025-02-22T20:00;10.8;92;1.8;0.0;0.0
2025-02-22T21:00;10.6;91;1.7;0.0;0.0
2025-02-22T22:00;10.7;90;1.7;0.0;0.0
2025-02-22T23:00;10.3;90;2.3;0.0;0.0
2025-02-23T00:00;10.4;89;2.1;0.0;0.0
2025-02-23T01:00;10.8;88;2.5;0.0;0.0
2025-02-23T02:00;10.5;88;2.7;0.0;0.0
2025-02-23T03:00;10.1;87;2.4;0.0;0.0
2025-02-23T04:00;10.4;85;2.9;0.0;0.0
2025-02-23T05:00;10.5;85;5.0;0.0;0.0
2025-02-23T06:00;10.4;86;5.8;1.0;1.0
2025-02-23T07:00;11.5;88;6.0;79.0;39.0
2025-02-23T08:00;13.6;79;3.2;254.0;80.0
2025-02-23T09:00;14.5;72;3.1;435.0;97.0
2025-02-23T10:00;15.0;67;4.1;574.0;108.0
2025-02-23T11:00;15.3;64;5.0;648.0;121.0
2025-02-23T12:00;15.3;63;6.8;672.0;122.0
2025-02-23T13:00;15.2;66;6.7;636.0;113.0
2025-02-23T14:00;15.0;69;4.4;538.0;104.0
2025-02-23T15:00;14.6;71;4.8;384.0;90.0
2025-02-23T16:00;13.9;76;4.6;199.0;68.0
2025-02-23T17:00;12.7;86;3.5;38.0;22.0
2025-02-23T18:00;12.3;88;5.6;0.0;0.0
2025-02-23T19:00;11.7;88;6.0;0.0;0.0
2025-02-23T20:00;10.9;87;6.8;0.0;0.0
2025-02-23T21:00;10.1;82;7.3;0.0;0.0
2025-02-23T22:00;9.3;81;6.2;0.0;0.0
2025-02-23T23:00;8.6;81;3.6;0.0;0.0
2025-02-24T00:00;8.5;76;3.4;0.0;0.0
2025-02-24T01:00;9.7;72;4.4;0.0;0.0
2025-02-24T02:00;9.7;71;3.2;0.0;0.0
2025-02-24T03:00;9.7;73;1.7;0.0;0.0
2025-02-24T04:00;9.6;77;2.8;0.0;0.0
2025-02-24T05:00;9.4;83;4.7;0.0;0.0
2025-02-24T06:00;9.3;85;4.0;1.0;1.0
2025-02-24T07:00;11.1;84;2.2;82.0;43.0
2025-02-24T08:00;14.2;76;2.3;256.0;85.0
2025-02-24T09:00;15.1;72;3.1;435.0;101.0
2025-02-24T10:00;15.6;74;5.9;569.0;114.0
2025-02-24T11:00;15.6;76;8.7;628.0;140.0
2025-02-24T12:00;15.2;76;8.9;625.0;156.0
2025-02-24T13:00;15.3;76;5.6;516.0;164.0
2025-02-24T14:00;14.9;75;7.6;412.0;150.0
2025-02-24T15:00;14.7;74;6.3;300.0;123.0
2025-02-24T16:00;14.4;77;4.1;145.0;73.0
2025-02-24T17:00;13.2;90;1.8;31.0;19.0
2025-02-24T18:00;12.3;92;1.5;0.0;0.0
2025-02-24T19:00;11.8;93;1.5;0.0;0.0
2025-02-24T20:00;11.6;90;1.9;0.0;0.0
2025-02-24T21:00;10.9;88;3.0;0.0;0.0
2025-02-24T22:00;10.1;88;3.0;0.0;0.0
2025-02-24T23:00;10.0;86;3.3;0.0;0.0
2025-02-25T00:00;9.8;87;3.9;0.0;0.0
2025-02-25T01:00;9.7;89;3.5;0.0;0.0
2025-02-25T02:00;9.6;89;3.6;0.0;0.0
2025-02-25T03:00;9.6;87;5.2;0.0;0.0
2025-02-25T04:00;9.4;87;6.6;0.0;0.0
2025-02-25T05:00;8.9;88;6.7;0.0;0.0
2025-02-25T06:00;8.7;88;6.2;1.0;1.0
2025-02-25T07:00;10.6;88;6.6;75.0;53.0
2025-02-25T08:00;13.7;78;3.2;243.0;107.0
2025-02-25T09:00;14.8;72;3.1;420.0;121.0
2025-02-25T10:00;15.5;71;4.4;524.0;188.0
2025-02-25T11:00;16.2;68;6.0;622.0;169.0
2025-02-25T12:00;16.2;73;7.1;667.0;136.0
2025-02-25T13:00;16.3;77;6.9;623.0;129.0
2025-02-25T14:00;15.9;80;6.2;490.0;126.0
2025-02-25T15:00;15.4;84;3.7;357.0;107.0
2025-02-25T16:00;15.0;86;4.3;171.0;97.0
2025-02-25T17:00;14.0;90;2.6;32.0;28.0
2025-02-25T18:00;13.4;91;1.6;0.0;0.0
2025-02-25T19:00;12.7;91;2.9;0.0;0.0
2025-02-25T20:00;12.3;88;5.5;0.0;0.0
2025-02-25T21:00;11.9;88;7.5;0.0;0.0
2025-02-25T22:00;11.7;90;8.9;0.0;0.0
2025-02-25T23:00;11.7;88;11.0;0.0;0.0
2025-02-26T00:00;12.1;84;10.2;0.0;0.0
2025-02-26T01:00;12.7;83;9.4;0.0;0.0
2025-02-26T02:00;12.6;84;7.7;0.0;0.0
2025-02-26T03:00;12.5;86;6.7;0.0;0.0
2025-02-26T04:00;12.6;85;7.3;0.0;0.0
2025-02-26T05:00;13.2;82;9.6;0.0;0.0
2025-02-26T06:00;13.6;80;11.1;1.0;1.0
2025-02-26T07:00;14.1;78;10.1;33.0;33.0
2025-02-26T08:00;15.3;75;7.9;117.0;117.0
2025-02-26T09:00;15.3;77;7.1;118.0;118.0
2025-02-26T10:00;15.5;77;7.2;138.0;138.0
2025-02-26T11:00;15.1;78;5.2;107.0;107.0
2025-02-26T12:00;14.6;81;5.6;131.0;131.0
2025-02-26T13:00;14.5;85;4.9;106.0;106.0
2025-02-26T14:00;14.6;90;2.5;99.0;94.0
2025-02-26T15:00;13.8;96;1.8;48.0;48.0
2025-02-26T16:00;13.6;95;3.5;42.0;42.0
2025-02-26T17:00;12.6;93;15.2;6.0;6.0
2025-02-26T18:00;12.0;92;18.8;0.0;0.0
2025-02-26T19:00;11.8;92;19.7;0.0;0.0
2025-02-26T20:00;11.7;94;11.2;0.0;0.0
2025-02-26T21:00;11.9;88;14.7;0.0;0.0
2025-02-26T22:00;12.0;76;18.4;0.0;0.0
2025-02-26T23:00;11.6;71;18.0;0.0;0.0
2025-02-27T00:00;11.3;70;21.1;0.0;0.0
2025-02-27T01:00;10.9;72;19.9;0.0;0.0
2025-02-27T02:00;11.0;72;17.8;0.0;0.0
2025-02-27T03:00;10.9;70;14.2;0.0;0.0
2025-02-27T04:00;10.6;72;13.4;0.0;0.0
2025-02-27T05:00;9.9;80;15.4;0.0;0.0
2025-02-27T06:00;10.1;82;11.9;2.0;2.0
2025-02-27T07:00;10.4;84;13.2;80.0;44.0
2025-02-27T08:00;11.0;81;11.9;160.0;110.0
2025-02-27T09:00;12.1;75;16.1;410.0;125.0
2025-02-27T10:00;12.0;75;18.8;479.0;155.0
2025-02-27T11:00;13.3;75;16.0;449.0;246.0
2025-02-27T12:00;14.2;70;17.6;567.0;215.0
2025-02-27T13:00;13.2;77;19.6;565.0;161.0
2025-02-27T14:00;14.2;69;22.5;435.0;172.0
2025-02-27T15:00;13.0;73;21.2;319.0;122.0
2025-02-27T16:00;13.4;75;19.7;162.0;78.0
2025-02-27T17:00;12.7;79;17.1;38.0;23.0
2025-02-27T18:00;13.0;76;14.6;0.0;0.0
2025-02-27T19:00;12.9;76;14.6;0.0;0.0
2025-02-27T20:00;12.8;79;13.3;0.0;0.0
2025-02-27T21:00;12.6;82;9.5;0.0;0.0
2025-02-27T22:00;12.0;85;5.6;0.0;0.0
2025-02-27T23:00;11.3;85;7.8;0.0;0.0
2025-02-28T00:00;10.7;85;8.5;0.0;0.0
2025-02-28T01:00;10.0;88;8.5;0.0;0.0
2025-02-28T02:00;9.7;88;7.4;0.0;0.0
2025-02-28T03:00;9.4;87;6.5;0.0;0.0
2025-02-28T04:00;8.9;86;3.9;0.0;0.0
2025-02-28T05:00;8.8;84;2.8;0.0;0.0
2025-02-28T06:00;8.4;82;2.8;3.0;3.0
2025-02-28T07:00;10.1;81;2.5;88.0;59.0
2025-02-28T08:00;13.3;80;1.5;274.0;104.0
2025-02-28T09:00;14.7;62;3.1;469.0;105.0
2025-02-28T10:00;15.6;63;5.0;613.0;109.0
2025-02-28T11:00;15.9;66;6.6;696.0;116.0
2025-02-28T12:00;15.7;74;7.4;705.0;133.0
2025-02-28T13:00;16.3;73;7.4;642.0;157.0
2025-02-28T14:00;16.2;70;7.6;519.0;166.0
2025-02-28T15:00;15.8;68;8.6;379.0;128.0
2025-02-28T16:00;14.8;71;8.5;189.0;109.0
2025-02-28T17:00;13.6;80;7.3;40.0;35.0
2025-02-28T18:00;13.0;84;3.8;0.0;0.0
2025-02-28T19:00;12.5;86;2.4;0.0;0.0
2025-02-28T20:00;12.4;85;2.4;0.0;0.0
2025-02-28T21:00;11.8;84;2.5;0.0;0.0
2025-02-28T22:00;10.9;85;3.0;0.0;0.0
2025-02-28T23:00;10.4;85;4.6;0.0;0.0
2025-03-01T00:00;10.5;85;4.1;0.0;0.0
2025-03-01T01:00;11.4;83;4.8;0.0;0.0
2025-03-01T02:00;11.2;84;6.6;0.0;0.0
2025-03-01T03:00;11.6;83;6.7;0.0;0.0
2025-03-01T04:00;12.0;82;10.6;0.0;0.0
2025-03-01T05:00;12.2;82;8.7;0.0;0.0
2025-03-01T06:00;12.2;82;5.1;3.0;3.0
2025-03-01T07:00;13.3;83;5.0;62.0;55.0
2025-03-01T08:00;14.7;81;5.8;128.0;104.0
2025-03-01T09:00;16.1;79;8.0;263.0;183.0
2025-03-01T10:00;17.6;75;7.9;442.0;239.0
2025-03-01T11:00;18.6;68;7.1;416.0;227.0
2025-03-01T12:00;18.7;70;9.3;415.0;312.0
2025-03-01T13:00;17.9;72;10.7;259.0;217.0
2025-03-01T14:00;18.1;75;11.6;456.0;235.0
2025-03-01T15:00;17.8;78;10.9;353.0;154.0
2025-03-01T16:00;17.2;80;10.9;155.0;122.0
2025-03-01T17:00;16.4;75;11.6;27.0;27.0
2025-03-01T18:00;15.5;74;12.6;0.0;0.0
2025-03-01T19:00;15.1;74;14.6;0.0;0.0
2025-03-01T20:00;15.1;71;15.2;0.0;0.0
2025-03-01T21:00;15.2;67;17.4;0.0;0.0
2025-03-01T22:00;15.2;67;18.7;0.0;0.0
2025-03-01T23:00;15.3;66;16.1;0.0;0.0
2025-03-02T00:00;15.3;63;13.0;0.0;0.0
2025-03-02T01:00;14.2;77;7.2;0.0;0.0
2025-03-02T02:00;14.1;77;10.3;0.0;0.0
2025-03-02T03:00;13.6;76;8.3;0.0;0.0
2025-03-02T04:00;13.8;74;9.7;0.0;0.0
2025-03-02T05:00;13.8;76;8.4;0.0;0.0
2025-03-02T06:00;13.7;77;10.7;3.0;3.0
2025-03-02T07:00;14.5;77;9.7;104.0;56.0
2025-03-02T08:00;15.7;70;9.3;232.0;144.0
2025-03-02T09:00;16.2;69;10.0;279.0;219.0
2025-03-02T10:00;17.1;66;11.2;393.0;297.0
2025-03-02T11:00;17.3;63;11.9;397.0;322.0
2025-03-02T12:00;17.7;61;11.3;434.0;331.0
2025-03-02T13:00;17.3;56;16.3;400.0;304.0
2025-03-02T14:00;17.2;59;6.3;252.0;208.0
2025-03-02T15:00;15.8;70;7.6;51.0;51.0
2025-03-02T16:00;14.9;80;7.2;40.0;40.0
2025-03-02T17:00;14.3;82;5.1;11.0;11.0
2025-03-02T18:00;13.9;85;2.8;0.0;0.0
2025-03-02T19:00;13.9;74;3.1;0.0;0.0
2025-03-02T20:00;13.7;79;5.5;0.0;0.0
2025-03-02T21:00;13.2;82;5.6;0.0;0.0
2025-03-02T22:00;13.3;82;6.3;0.0;0.0
2025-03-02T23:00;13.0;80;0.6;0.0;0.0
2025-03-03T00:00;13.5;74;1.5;0.0;0.0
2025-03-03T01:00;13.6;71;0.9;0.0;0.0
2025-03-03T02:00;13.1;73;0.9;0.0;0.0
2025-03-03T03:00;12.1;74;1.8;0.0;0.0
2025-03-03T04:00;11.9;78;2.1;0.0;0.0
2025-03-03T05:00;11.3;86;3.8;0.0;0.0
2025-03-03T06:00;12.2;89;4.3;5.0;4.0
2025-03-03T07:00;13.9;89;6.1;98.0;50.0
2025-03-03T08:00;14.8;84;4.5;274.0;96.0
2025-03-03T09:00;15.5;80;5.6;453.0;119.0
2025-03-03T10:00;15.9;77;5.8;591.0;126.0
2025-03-03T11:00;15.7;78;7.0;677.0;134.0
2025-03-03T12:00;15.7;80;6.5;683.0;146.0
2025-03-03T13:00;15.8;80;5.1;614.0;145.0
2025-03-03T14:00;15.8;77;5.6;531.0;131.0
2025-03-03T15:00;15.2;78;5.5;396.0;110.0
2025-03-03T16:00;14.6;80;5.6;220.0;80.0
2025-03-03T17:00;13.6;85;4.1;54.0;30.0
2025-03-03T18:00;12.9;89;2.6;0.0;0.0
2025-03-03T19:00;12.4;89;0.8;0.0;0.0
2025-03-03T20:00;12.0;89;0.4;0.0;0.0
2025-03-03T21:00;11.5;91;0.5;0.0;0.0
2025-03-03T22:00;11.1;91;0.5;0.0;0.0
2025-03-03T23:00;10.5;93;1.1;0.0;0.0
2025-03-04T00:00;10.0;93;1.4;0.0;0.0
2025-03-04T01:00;9.5;90;0.6;0.0;0.0
2025-03-04T02:00;9.8;86;3.1;0.0;0.0
2025-03-04T03:00;9.0;88;5.2;0.0;0.0
2025-03-04T04:00;8.3;87;5.4;0.0;0.0
2025-03-04T05:00;8.2;85;4.8;0.0;0.0
2025-03-04T06:00;8.7;82;3.5;6.0;5.0
2025-03-04T07:00;11.2;80;2.8;118.0;58.0
2025-03-04T08:00;13.6;66;4.2;311.0;93.0
2025-03-04T09:00;14.1;63;7.2;493.0;108.0
2025-03-04T10:00;14.6;59;9.0;636.0;116.0
2025-03-04T11:00;14.8;60;11.1;717.0;125.0
2025-03-04T12:00;14.5;66;11.7;737.0;128.0
2025-03-04T13:00;14.5;68;10.5;692.0;121.0
2025-03-04T14:00;14.2;69;11.0;574.0;127.0
2025-03-04T15:00;13.7;71;9.0;415.0;109.0
2025-03-04T16:00;13.2;72;7.4;236.0;80.0
2025-03-04T17:00;12.1;80;6.6;59.0;31.0
2025-03-04T18:00;11.6;84;6.6;0.0;0.0
2025-03-04T19:00;11.2;86;5.4;0.0;0.0
2025-03-04T20:00;10.8;87;4.6;0.0;0.0
2025-03-04T21:00;10.4;87;3.1;0.0;0.0
2025-03-04T22:00;10.1;85;2.9;0.0;0.0
2025-03-04T23:00;9.6;84;4.3;0.0;0.0
2025-03-05T00:00;9.1;85;3.4;0.0;0.0
2025-03-05T01:00;9.9;83;2.7;0.0;0.0
2025-03-05T02:00;10.0;83;2.4;0.0;0.0
2025-03-05T03:00;10.1;82;3.9;0.0;0.0
2025-03-05T04:00;10.1;82;5.4;0.0;0.0
2025-03-05T05:00;9.8;81;6.0;0.0;0.0
2025-03-05T06:00;9.8;79;5.3;7.0;6.0
2025-03-05T07:00;11.8;79;5.1;121.0;57.0
2025-03-05T08:00;14.2;67;3.7;304.0;99.0
2025-03-05T09:00;15.4;62;5.4;491.0;107.0
2025-03-05T10:00;15.9;60;8.1;629.0;117.0
2025-03-05T11:00;16.0;64;11.0;698.0;129.0
2025-03-05T12:00;15.8;66;12.0;713.0;132.0
2025-03-05T13:00;15.3;63;10.0;665.0;146.0
2025-03-05T14:00;15.1;68;8.1;576.0;126.0
2025-03-05T15:00;14.9;71;8.8;405.0;132.0
2025-03-05T16:00;14.0;76;8.6;172.0;116.0
2025-03-05T17:00;13.2;82;5.6;50.0;39.0
2025-03-05T18:00;12.7;86;4.8;0.0;0.0
2025-03-05T19:00;12.6;86;3.8;0.0;0.0
2025-03-05T20:00;11.8;89;3.1;0.0;0.0
2025-03-05T21:00;11.2;88;2.7;0.0;0.0
2025-03-05T22:00;10.7;86;3.5;0.0;0.0
2025-03-05T23:00;10.2;82;5.4;0.0;0.0
2025-03-06T00:00;10.1;79;5.3;0.0;0.0
2025-03-06T01:00;10.9;75;10.3;0.0;0.0
2025-03-06T02:00;11.0;72;11.4;0.0;0.0
2025-03-06T03:00;10.9;73;11.7;0.0;0.0
2025-03-06T04:00;10.9;76;12.3;0.0;0.0
2025-03-06T05:00;10.9;77;13.2;0.0;0.0
2025-03-06T06:00;10.9;76;12.5;8.0;6.0
2025-03-06T07:00;12.0;71;11.2;131.0;56.0
2025-03-06T08:00;13.2;65;8.8;327.0;89.0
2025-03-06T09:00;14.4;59;11.0;506.0;106.0
2025-03-06T10:00;15.4;56;13.7;643.0;118.0
2025-03-06T11:00;16.0;53;14.6;704.0;145.0
2025-03-06T12:00;15.4;64;13.0;630.0;227.0
2025-03-06T13:00;15.7;63;13.0;468.0;280.0
2025-03-06T14:00;15.3;65;14.6;370.0;246.0
2025-03-06T15:00;15.1;66;14.2;344.0;134.0
2025-03-06T16:00;14.7;71;13.5;217.0;87.0
2025-03-06T17:00;14.1;77;10.9;53.0;31.0
2025-03-06T18:00;13.8;73;11.4;0.0;0.0
2025-03-06T19:00;13.3;73;11.9;0.0;0.0
2025-03-06T20:00;12.9;73;13.6;0.0;0.0
2025-03-06T21:00;12.6;74;13.9;0.0;0.0
2025-03-06T22:00;12.5;75;12.9;0.0;0.0
2025-03-06T23:00;12.7;76;11.3;0.0;0.0
2025-03-07T00:00;12.5;78;10.8;0.0;0.0
2025-03-07T01:00;13.6;74;10.7;0.0;0.0
2025-03-07T02:00;13.1;77;10.2;0.0;0.0
2025-03-07T03:00;12.7;81;9.4;0.0;0.0
2025-03-07T04:00;12.1;93;7.7;0.0;0.0
2025-03-07T05:00;11.7;97;9.4;0.0;0.0
2025-03-07T06:00;11.7;96;10.2;1.0;1.0
2025-03-07T07:00;12.2;94;13.5;19.0;19.0
2025-03-07T08:00;12.5;92;14.5;33.0;33.0
2025-03-07T09:00;12.9;93;12.6;54.0;54.0
2025-03-07T10:00;13.1;92;13.0;80.0;80.0
2025-03-07T11:00;13.3;88;10.7;187.0;180.0
2025-03-07T12:00;13.4;87;8.5;181.0;171.0
2025-03-07T13:00;13.1;87;10.6;244.0;220.0
2025-03-07T14:00;13.1;89;12.5;142.0;139.0
2025-03-07T15:00;13.5;91;14.2;94.0;89.0
2025-03-07T16:00;13.1;96;10.1;22.0;22.0
2025-03-07T17:00;13.0;97;7.9;13.0;13.0
2025-03-07T18:00;12.8;96;7.1;0.0;0.0
2025-03-07T19:00;12.6;96;5.9;0.0;0.0
2025-03-07T20:00;12.6;96;5.9;0.0;0.0
2025-03-07T21:00;12.6;96;7.1;0.0;0.0
2025-03-07T22:00;12.6;96;6.1;0.0;0.0
2025-03-07T23:00;12.3;96;3.7;0.0;0.0
2025-03-08T00:00;12.8;93;3.1;0.0;0.0
2025-03-08T01:00;12.9;92;3.3;0.0;0.0
2025-03-08T02:00;13.4;87;4.7;0.0;0.0
2025-03-08T03:00;12.5;88;1.9;0.0;0.0
2025-03-08T04:00;12.2;85;0.9;0.0;0.0
2025-03-08T05:00;12.1;86;2.1;0.0;0.0
2025-03-08T06:00;12.5;85;1.5;8.0;7.0
2025-03-08T07:00;14.5;82;3.1;116.0;59.0
2025-03-08T08:00;15.3;86;5.0;280.0;104.0
2025-03-08T09:00;16.1;79;4.9;449.0;145.0
2025-03-08T10:00;16.8;75;4.6;606.0;140.0
2025-03-08T11:00;17.2;72;5.9;697.0;141.0
2025-03-08T12:00;17.3;76;7.4;721.0;136.0
2025-03-08T13:00;17.4;77;8.2;669.0;130.0
2025-03-08T14:00;16.8;82;5.9;549.0;131.0
2025-03-08T15:00;16.3;81;5.5;411.0;113.0
2025-03-08T16:00;15.7;84;3.6;231.0;84.0
2025-03-08T17:00;14.8;90;2.3;63.0;35.0
2025-03-08T18:00;14.1;93;0.7;0.0;0.0
2025-03-08T19:00;13.3;96;1.3;0.0;0.0
2025-03-08T20:00;13.1;94;2.7;0.0;0.0
2025-03-08T21:00;12.6;91;1.9;0.0;0.0
2025-03-08T22:00;12.3;89;0.8;0.0;0.0
2025-03-08T23:00;12.2;88;1.0;0.0;0.0
2025-03-09T00:00;12.1;87;0.7;0.0;0.0
2025-03-09T01:00;12.2;87;3.4;0.0;0.0
2025-03-09T02:00;12.3;86;2.1;0.0;0.0
2025-03-09T03:00;12.1;85;2.1;0.0;0.0
2025-03-09T04:00;11.9;85;3.6;0.0;0.0
2025-03-09T05:00;11.7;85;2.2;0.0;0.0
2025-03-09T06:00;11.6;85;2.5;11.0;9.0
2025-03-09T07:00;14.0;85;5.1;133.0;63.0
2025-03-09T08:00;17.3;78;2.6;318.0;102.0
2025-03-09T09:00;19.0;75;2.2;503.0;108.0
2025-03-09T10:00;19.9;71;3.9;637.0;119.0
2025-03-09T11:00;20.4;69;4.8;679.0;136.0
2025-03-09T12:00;20.1;77;4.6;613.0;170.0
2025-03-09T13:00;19.9;84;5.0;563.0;177.0
2025-03-09T14:00;19.1;93;5.3;399.0;189.0
2025-03-09T15:00;19.2;84;5.7;402.0;124.0
2025-03-09T16:00;18.7;91;5.4;217.0;93.0
2025-03-09T17:00;17.8;87;8.5;63.0;43.0
2025-03-09T18:00;16.6;83;8.7;0.0;0.0
2025-03-09T19:00;15.6;82;10.1;0.0;0.0
2025-03-09T20:00;15.8;75;15.1;0.0;0.0
2025-03-09T21:00;16.4;67;20.6;0.0;0.0
2025-03-09T22:00;16.3;70;23.2;0.0;0.0
2025-03-09T23:00;16.2;69;20.7;0.0;0.0
2025-03-10T00:00;16.8;61;19.5;0.0;0.0
2025-03-10T01:00;17.8;56;20.9;0.0;0.0
2025-03-10T02:00;18.3;53;22.0;0.0;0.0
2025-03-10T03:00;17.9;53;25.2;0.0;0.0
2025-03-10T04:00;17.3;55;26.5;0.0;0.0
2025-03-10T05:00;17.4;55;26.8;0.0;0.0
2025-03-10T06:00;16.5;63;7.1;11.0;10.0
2025-03-10T07:00;16.7;80;9.9;106.0;88.0
2025-03-10T08:00;18.7;79;7.9;309.0;114.0
2025-03-10T09:00;19.9;77;5.7;486.0;119.0
2025-03-10T10:00;20.6;80;3.8;595.0;140.0
2025-03-10T11:00;22.1;78;6.2;708.0;134.0
2025-03-10T12:00;23.5;61;9.2;727.0;134.0
2025-03-10T13:00;23.9;57;17.3;667.0;145.0
2025-03-10T14:00;23.4;59;13.2;547.0;140.0
2025-03-10T15:00;22.4;69;7.5;421.0;109.0
2025-03-10T16:00;21.7;68;10.3;229.0;93.0
2025-03-10T17:00;20.3;67;9.7;64.0;43.0
2025-03-10T18:00;19.1;68;13.3;0.0;0.0
2025-03-10T19:00;19.5;61;19.8;0.0;0.0
2025-03-10T20:00;19.1;61;14.4;0.0;0.0
2025-03-10T21:00;18.4;63;11.8;0.0;0.0
2025-03-10T22:00;18.3;63;17.0;0.0;0.0
2025-03-10T23:00;17.9;65;15.3;0.0;0.0
2025-03-11T00:00;15.6;82;13.0;0.0;0.0
2025-03-11T01:00;16.1;90;8.7;0.0;0.0
2025-03-11T02:00;15.9;90;6.1;0.0;0.0
2025-03-11T03:00;15.4;90;8.1;0.0;0.0
2025-03-11T04:00;15.4;87;7.5;0.0;0.0
2025-03-11T05:00;15.3;85;8.2;0.0;0.0
2025-03-11T06:00;15.5;83;7.7;13.0;11.0
2025-03-11T07:00;16.9;82;7.9;141.0;67.0
2025-03-11T08:00;17.8;79;8.3;280.0;160.0
2025-03-11T09:00;18.3;78;10.1;461.0;178.0
2025-03-11T10:00;18.7;76;11.4;570.0;227.0
2025-03-11T11:00;18.9;76;10.5;592.0;217.0
2025-03-11T12:00;19.3;74;8.5;616.0;217.0
2025-03-11T13:00;19.0;76;8.5;642.0;150.0
2025-03-11T14:00;18.7;81;8.7;539.0;156.0
2025-03-11T15:00;18.0;85;7.8;378.0;141.0
2025-03-11T16:00;17.5;86;4.6;246.0;90.0
2025-03-11T17:00;16.5;91;3.1;70.0;40.0
2025-03-11T18:00;15.5;96;1.7;0.0;0.0
2025-03-11T19:00;15.2;96;1.5;0.0;0.0
2025-03-11T20:00;15.0;95;1.3;0.0;0.0
2025-03-11T21:00;14.8;92;2.2;0.0;0.0
2025-03-11T22:00;14.3;91;3.0;0.0;0.0
2025-03-11T23:00;13.9;89;1.9;0.0;0.0
2025-03-12T00:00;13.8;86;1.6;0.0;0.0
2025-03-12T01:00;14.2;82;2.4;0.0;0.0
2025-03-12T02:00;13.9;78;3.1;0.0;0.0
2025-03-12T03:00;13.9;76;3.9;0.0;0.0
2025-03-12T04:00;14.2;75;3.4;0.0;0.0
2025-03-12T05:00;14.7;71;2.1;0.0;0.0
2025-03-12T06:00;15.4;66;1.0;4.0;4.0
2025-03-12T07:00;16.6;63;2.0;46.0;46.0
2025-03-12T08:00;18.5;75;0.6;198.0;174.0
2025-03-12T09:00;18.9;69;4.1;297.0;248.0
2025-03-12T10:00;18.7;80;4.9;359.0;284.0
2025-03-12T11:00;18.6;87;5.2;255.0;242.0
2025-03-12T12:00;18.5;81;9.3;297.0;232.0
2025-03-12T13:00;18.7;90;8.8;171.0;164.0
2025-03-12T14:00;17.8;80;16.7;109.0;109.0
2025-03-12T15:00;16.9;83;15.0;158.0;124.0
2025-03-12T16:00;15.7;91;9.3;42.0;42.0
2025-03-12T17:00;15.2;92;7.0;18.0;18.0
2025-03-12T18:00;14.0;92;4.5;0.0;0.0
2025-03-12T19:00;13.6;90;7.7;0.0;0.0
2025-03-12T20:00;13.0;88;5.5;0.0;0.0
2025-03-12T21:00;12.6;86;5.9;0.0;0.0
2025-03-12T22:00;12.4;84;5.6;0.0;0.0
2025-03-12T23:00;13.2;80;8.8;0.0;0.0
2025-03-13T00:00;13.2;83;9.8;0.0;0.0
2025-03-13T01:00;14.7;78;12.0;0.0;0.0
2025-03-13T02:00;14.3;79;11.7;0.0;0.0
2025-03-13T03:00;14.0;79;8.6;0.0;0.0
2025-03-13T04:00;13.3;81;6.0;0.0;0.0
2025-03-13T05:00;13.4;80;7.3;0.0;0.0
2025-03-13T06:00;13.5;83;7.3;16.0;14.0
2025-03-13T07:00;15.1;81;7.1;145.0;73.0
2025-03-13T08:00;16.5;78;5.3;322.0;115.0
2025-03-13T09:00;17.9;68;5.5;510.0;126.0
2025-03-13T10:00;18.7;61;6.6;553.0;187.0
2025-03-13T11:00;19.5;57;7.9;656.0;157.0
2025-03-13T12:00;19.6;58;3.9;583.0;218.0
2025-03-13T13:00;19.7;60;3.7;652.0;169.0
2025-03-13T14:00;19.1;70;4.1;575.0;141.0
2025-03-13T15:00;18.7;76;4.4;445.0;104.0
2025-03-13T16:00;18.1;79;6.1;259.0;83.0
2025-03-13T17:00;17.3;73;5.5;78.0;39.0
2025-03-13T18:00;15.9;72;7.2;1.0;1.0
2025-03-13T19:00;15.2;72;10.2;0.0;0.0
2025-03-13T20:00;15.3;68;12.0;0.0;0.0
2025-03-13T21:00;15.6;64;14.7;0.0;0.0
2025-03-13T22:00;16.6;57;17.8;0.0;0.0
2025-03-13T23:00;17.7;51;21.6;0.0;0.0
2025-03-14T00:00;17.5;52;20.4;0.0;0.0
2025-03-14T01:00;18.2;48;17.5;0.0;0.0
2025-03-14T02:00;17.6;52;9.4;0.0;0.0
2025-03-14T03:00;17.8;48;10.4;0.0;0.0
2025-03-14T04:00;19.2;44;23.3;0.0;0.0
2025-03-14T05:00;19.7;44;31.0;0.0;0.0
2025-03-14T06:00;19.5;47;26.3;17.0;14.0
2025-03-14T07:00;20.1;50;22.9;104.0;93.0
2025-03-14T08:00;20.7;54;23.0;234.0;170.0
2025-03-14T09:00;21.7;58;20.4;462.0;215.0
2025-03-14T10:00;22.9;57;21.0;560.0;261.0
2025-03-14T11:00;24.2;54;21.6;640.0;277.0
2025-03-14T12:00;24.7;52;22.9;682.0;255.0
2025-03-14T13:00;25.6;49;20.9;652.0;241.0
2025-03-14T14:00;25.0;52;18.9;525.0;245.0
2025-03-14T15:00;24.4;53;19.9;372.0;196.0
2025-03-14T16:00;23.8;50;19.0;210.0;140.0
2025-03-14T17:00;23.2;41;18.6;72.0;52.0
2025-03-14T18:00;23.1;38;17.8;1.0;1.0
2025-03-14T19:00;24.1;34;20.1;0.0;0.0
2025-03-14T20:00;25.2;30;21.5;0.0;0.0
2025-03-14T21:00;25.0;30;19.6;0.0;0.0
2025-03-14T22:00;24.1;35;16.9;0.0;0.0
2025-03-14T23:00;23.9;36;16.5;0.0;0.0
2025-03-15T00:00;23.2;40;17.1;0.0;0.0
2025-03-15T01:00;22.1;50;11.4;0.0;0.0
2025-03-15T02:00;20.0;61;9.9;0.0;0.0
2025-03-15T03:00;18.8;67;7.8;0.0;0.0
2025-03-15T04:00;17.4;77;10.5;0.0;0.0
2025-03-15T05:00;16.4;85;4.9;0.0;0.0
2025-03-15T06:00;16.9;78;3.8;10.0;10.0
2025-03-15T07:00;18.9;78;3.6;118.0;90.0
2025-03-15T08:00;20.5;76;3.6;288.0;121.0
2025-03-15T09:00;20.8;80;4.4;428.0;184.0
2025-03-15T10:00;21.2;88;1.4;525.0;261.0
2025-03-15T11:00;22.6;85;5.2;585.0;235.0
2025-03-15T12:00;22.2;81;13.6;670.0;216.0
2025-03-15T13:00;22.3;73;10.3;580.0;227.0
2025-03-15T14:00;21.1;72;15.5;525.0;209.0
2025-03-15T15:00;18.6;87;15.7;399.0;127.0
2025-03-15T16:00;17.7;84;11.2;162.0;99.0
2025-03-15T17:00;17.0;78;10.5;42.0;32.0
2025-03-15T18:00;16.1;84;9.5;1.0;1.0
2025-03-15T19:00;15.4;89;7.9;0.0;0.0
2025-03-15T20:00;14.7;91;7.4;0.0;0.0
2025-03-15T21:00;14.2;88;8.2;0.0;0.0
2025-03-15T22:00;14.1;83;8.4;0.0;0.0
2025-03-15T23:00;13.8;79;7.1;0.0;0.0
2025-03-16T00:00;13.7;78;7.7;0.0;0.0
2025-03-16T01:00;15.2;77;10.8;0.0;0.0
2025-03-16T02:00;14.8;83;14.8;0.0;0.0
2025-03-16T03:00;14.5;82;15.4;0.0;0.0
2025-03-16T04:00;13.7;82;16.2;0.0;0.0
2025-03-16T05:00;13.5;81;16.0;0.0;0.0
2025-03-16T06:00;13.5;79;14.2;22.0;15.0
2025-03-16T07:00;14.4;72;13.3;168.0;70.0
2025-03-16T08:00;15.3;61;14.6;367.0;99.0
2025-03-16T09:00;15.9;53;16.0;551.0;116.0
2025-03-16T10:00;16.2;52;16.2;690.0;125.0
2025-03-16T11:00;16.5;49;15.4;770.0;131.0
2025-03-16T12:00;16.5;49;15.8;786.0;131.0
2025-03-16T13:00;16.6;49;14.5;738.0;128.0
2025-03-16T14:00;16.4;51;13.9;627.0;121.0
2025-03-16T15:00;16.1;52;12.9;465.0;109.0
2025-03-16T16:00;15.4;54;12.9;271.0;87.0
2025-03-16T17:00;14.6;61;11.2;85.0;44.0
2025-03-16T18:00;14.1;64;9.4;1.0;1.0
2025-03-16T19:00;13.5;68;8.6;0.0;0.0
2025-03-16T20:00;12.6;74;6.0;0.0;0.0
2025-03-16T21:00;11.9;76;8.2;0.0;0.0
2025-03-16T22:00;11.4;78;9.2;0.0;0.0
2025-03-16T23:00;11.3;78;8.9;0.0;0.0
2025-03-17T00:00;11.3;80;9.3;0.0;0.0
2025-03-17T01:00;11.4;79;8.1;0.0;0.0
2025-03-17T02:00;11.1;80;8.6;0.0;0.0
2025-03-17T03:00;10.7;80;9.3;0.0;0.0
2025-03-17T04:00;10.3;81;8.2;0.0;0.0
2025-03-17T05:00;9.8;82;8.0;0.0;0.0
2025-03-17T06:00;10.1;82;7.5;25.0;16.0
2025-03-17T07:00;13.3;72;5.6;179.0;69.0
2025-03-17T08:00;15.0;57;2.5;377.0;99.0
2025-03-17T09:00;16.2;52;2.8;556.0;116.0
2025-03-17T10:00;17.2;46;3.6;689.0;127.0
2025-03-17T11:00;17.6;46;6.0;767.0;133.0
2025-03-17T12:00;17.3;55;6.9;769.0;159.0
2025-03-17T13:00;16.8;59;5.6;532.0;260.0
2025-03-17T14:00;17.0;59;5.4;521.0;240.0
2025-03-17T15:00;16.6;59;5.9;339.0;211.0
2025-03-17T16:00;16.0;62;6.2;235.0;125.0
2025-03-17T17:00;15.0;68;5.1;68.0;49.0
2025-03-17T18:00;14.7;71;5.2;1.0;1.0
2025-03-17T19:00;14.2;78;3.4;0.0;0.0
2025-03-17T20:00;13.4;85;3.1;0.0;0.0
2025-03-17T21:00;13.1;88;2.3;0.0;0.0
2025-03-17T22:00;13.1;87;2.3;0.0;0.0
2025-03-17T23:00;12.9;89;8.5;0.0;0.0
2025-03-18T00:00;12.8;91;2.9;0.0;0.0
2025-03-18T01:00;12.8;93;5.0;0.0;0.0
2025-03-18T02:00;12.4;96;2.9;0.0;0.0
2025-03-18T03:00;12.4;96;2.7;0.0;0.0
2025-03-18T04:00;12.3;96;1.3;0.0;0.0
2025-03-18T05:00;12.5;97;5.6;0.0;0.0
2025-03-18T06:00;12.9;95;4.6;4.0;4.0
2025-03-18T07:00;13.2;96;5.0;28.0;28.0
2025-03-18T08:00;14.2;87;2.3;233.0;173.0
2025-03-18T09:00;14.7;84;4.6;308.0;217.0
2025-03-18T10:00;14.5;83;9.3;398.0;254.0
2025-03-18T11:00;14.9;82;8.9;679.0;215.0
2025-03-18T12:00;15.1;77;10.2;682.0;213.0
2025-03-18T13:00;15.0;74;10.1;468.0;269.0
2025-03-18T14:00;14.9;77;9.8;553.0;179.0
2025-03-18T15:00;14.5;79;10.6;397.0;130.0
2025-03-18T16:00;14.1;78;11.7;227.0;101.0
2025-03-18T17:00;13.2;89;11.2;74.0;43.0
2025-03-18T18:00;12.7;92;11.9;2.0;2.0
2025-03-18T19:00;12.7;89;13.5;0.0;0.0
2025-03-18T20:00;12.6;86;13.4;0.0;0.0
2025-03-18T21:00;12.6;84;11.1;0.0;0.0
2025-03-18T22:00;12.6;82;10.4;0.0;0.0
2025-03-18T23:00;12.3;81;10.3;0.0;0.0
2025-03-19T00:00;12.0;81;8.5;0.0;0.0
2025-03-19T01:00;12.2;85;6.7;0.0;0.0
2025-03-19T02:00;11.8;84;6.6;0.0;0.0
2025-03-19T03:00;11.6;81;7.5;0.0;0.0
2025-03-19T04:00;11.9;79;7.2;0.0;0.0
2025-03-19T05:00;11.3;82;6.5;0.0;0.0
2025-03-19T06:00;11.5;83;5.2;27.0;19.0
2025-03-19T07:00;13.2;73;3.9;170.0;75.0
2025-03-19T08:00;14.1;64;6.3;359.0;110.0
2025-03-19T09:00;14.7;64;8.1;528.0;136.0
2025-03-19T10:00;15.0;64;10.1;666.0;164.0
2025-03-19T11:00;14.9;66;10.5;702.0;203.0
2025-03-19T12:00;14.8;68;9.7;620.0;232.0
2025-03-19T13:00;14.0;73;9.1;246.0;222.0
2025-03-19T14:00;13.7;74;7.6;156.0;156.0
2025-03-19T15:00;13.3;77;6.5;78.0;78.0
2025-03-19T16:00;13.4;78;6.3;83.0;83.0
2025-03-19T17:00;13.1;79;6.2;36.0;33.0
2025-03-19T18:00;12.8;83;6.0;1.0;1.0
2025-03-19T19:00;12.5;86;5.0;0.0;0.0
2025-03-19T20:00;11.9;90;2.6;0.0;0.0
2025-03-19T21:00;11.2;90;2.2;0.0;0.0
2025-03-19T22:00;10.9;90;2.2;0.0;0.0
2025-03-19T23:00;11.4;88;2.8;0.0;0.0
2025-03-20T00:00;11.8;87;2.9;0.0;0.0
2025-03-20T01:00;11.6;85;1.6;0.0;0.0
2025-03-20T02:00;11.7;85;2.6;0.0;0.0
2025-03-20T03:00;11.6;85;3.9;0.0;0.0
2025-03-20T04:00;10.8;87;4.8;0.0;0.0
2025-03-20T05:00;10.4;87;4.5;0.0;0.0
2025-03-20T06:00;10.9;87;5.1;27.0;19.0
2025-03-20T07:00;13.3;79;4.3;160.0;81.0
2025-03-20T08:00;14.5;72;1.5;343.0;133.0
2025-03-20T09:00;15.3;69;5.1;527.0;152.0
2025-03-20T10:00;15.6;69;8.1;614.0;191.0
2025-03-20T11:00;15.8;69;10.2;727.0;195.0
2025-03-20T12:00;15.6;68;9.4;657.0;248.0
2025-03-20T13:00;15.8;68;8.3;543.0;215.0
2025-03-20T14:00;15.6;70;8.6;476.0;200.0
2025-03-20T15:00;15.1;72;7.8;390.0;151.0
2025-03-20T16:00;14.6;74;7.6;244.0;106.0
2025-03-20T17:00;14.1;76;6.6;80.0;52.0
2025-03-20T18:00;13.4;83;6.9;2.0;2.0
2025-03-20T19:00;12.9;86;6.1;0.0;0.0
2025-03-20T20:00;12.6;87;4.1;0.0;0.0
2025-03-20T21:00;12.1;89;4.0;0.0;0.0
2025-03-20T22:00;11.5;89;3.4;0.0;0.0
2025-03-20T23:00;11.0;87;1.5;0.0;0.0
2025-03-21T00:00;10.8;86;1.5;0.0;0.0
2025-03-21T01:00;10.9;83;3.1;0.0;0.0
2025-03-21T02:00;10.8;83;3.0;0.0;0.0
2025-03-21T03:00;10.4;84;1.4;0.0;0.0
2025-03-21T04:00;10.4;82;0.5;0.0;0.0
2025-03-21T05:00;10.4;81;0.8;0.0;0.0
2025-03-21T06:00;11.4;81;0.9;33.0;22.0
2025-03-21T07:00;13.8;73;1.4;191.0;76.0
2025-03-21T08:00;15.1;69;4.9;387.0;104.0
2025-03-21T09:00;16.3;64;6.5;565.0;120.0
2025-03-21T10:00;17.1;63;8.3;701.0;131.0
2025-03-21T11:00;17.2;66;10.0;777.0;138.0
2025-03-21T12:00;17.2;67;9.4;784.0;152.0
2025-03-21T13:00;17.7;63;10.2;740.0;142.0
2025-03-21T14:00;17.4;64;10.0;633.0;125.0
2025-03-21T15:00;17.0;68;8.6;474.0;112.0
2025-03-21T16:00;16.7;73;6.9;283.0;90.0
2025-03-21T17:00;16.1;79;4.9;96.0;50.0
2025-03-21T18:00;15.6;84;4.9;3.0;3.0
2025-03-21T19:00;14.9;83;7.8;0.0;0.0
2025-03-21T20:00;14.2;80;6.7;0.0;0.0
2025-03-21T21:00;13.7;77;7.6;0.0;0.0
2025-03-21T22:00;13.7;72;8.2;0.0;0.0
2025-03-21T23:00;13.6;70;7.5;0.0;0.0
2025-03-22T00:00;13.0;72;6.0;0.0;0.0
2025-03-22T01:00;15.0;55;1.1;0.0;0.0
2025-03-22T02:00;14.5;65;0.6;0.0;0.0
2025-03-22T03:00;13.8;64;3.1;0.0;0.0
2025-03-22T04:00;13.5;63;1.9;0.0;0.0
2025-03-22T05:00;13.3;62;3.1;0.0;0.0
2025-03-22T06:00;15.4;52;4.6;15.0;15.0
2025-03-22T07:00;16.6;50;1.1;63.0;59.0
2025-03-22T08:00;17.9;52;5.1;223.0;165.0
2025-03-22T09:00;18.8;49;6.1;357.0;261.0
2025-03-22T10:00;20.0;49;4.9;452.0;306.0
2025-03-22T11:00;22.1;48;5.2;716.0;239.0
2025-03-22T12:00;23.4;45;8.7;767.0;180.0
2025-03-22T13:00;24.2;44;12.2;733.0;157.0
2025-03-22T14:00;23.9;47;9.0;608.0;167.0
2025-03-22T15:00;23.2;49;9.0;446.0;156.0
2025-03-22T16:00;22.0;54;10.3;270.0;111.0
2025-03-22T17:00;20.2;59;15.6;95.0;58.0
2025-03-22T18:00;19.1;59;13.0;3.0;3.0
2025-03-22T19:00;17.9;74;1.7;0.0;0.0
2025-03-22T20:00;17.4;71;10.6;0.0;0.0
2025-03-22T21:00;18.0;60;23.1;0.0;0.0
2025-03-22T22:00;18.2;56;11.8;0.0;0.0
2025-03-22T23:00;17.0;68;3.6;0.0;0.0
2025-03-23T00:00;16.6;72;12.3;0.0;0.0
2025-03-23T01:00;16.8;79;5.8;0.0;0.0
2025-03-23T02:00;17.4;71;1.8;0.0;0.0
2025-03-23T03:00;16.9;71;6.5;0.0;0.0
2025-03-23T04:00;16.3;74;1.6;0.0;0.0
2025-03-23T05:00;15.1;82;0.4;0.0;0.0
2025-03-23T06:00;16.0;74;6.3;36.0;25.0
2025-03-23T07:00;18.0;66;8.2;188.0;85.0
2025-03-23T08:00;19.8;58;6.6;372.0;117.0
2025-03-23T09:00;20.5;56;4.7;419.0;143.0
2025-03-23T10:00;21.1;55;8.7;692.0;142.0
2025-03-23T11:00;20.7;58;11.2;764.0;152.0
2025-03-23T12:00;20.8;60;10.7;769.0;170.0
2025-03-23T13:00;20.1;63;10.2;617.0;246.0
2025-03-23T14:00;20.1;61;8.4;599.0;173.0
2025-03-23T15:00;19.7;63;7.0;408.0;157.0
2025-03-23T16:00;19.1;65;6.1;238.0;126.0
2025-03-23T17:00;18.4;69;4.7;77.0;63.0
2025-03-23T18:00;17.6;74;2.4;2.0;2.0
2025-03-23T19:00;16.9;80;2.6;0.0;0.0
2025-03-23T20:00;16.5;84;4.0;0.0;0.0
2025-03-23T21:00;15.8;89;5.2;0.0;0.0
2025-03-23T22:00;15.5;90;3.8;0.0;0.0
2025-03-23T23:00;15.3;91;3.5;0.0;0.0
2025-03-24T00:00;15.0;90;5.4;0.0;0.0
2025-03-24T01:00;15.0;94;2.0;0.0;0.0
2025-03-24T02:00;15.1;95;1.3;0.0;0.0
2025-03-24T03:00;14.4;93;1.5;0.0;0.0
2025-03-24T04:00;14.4;91;3.2;0.0;0.0
2025-03-24T05:00;14.5;94;5.2;0.0;0.0
2025-03-24T06:00;15.1;95;5.6;33.0;26.0
2025-03-24T07:00;16.2;88;1.7;158.0;107.0
2025-03-24T08:00;17.0;79;2.1;256.0;179.0
2025-03-24T09:00;18.2;71;5.4;475.0;219.0
2025-03-24T10:00;19.1;66;7.1;620.0;187.0
2025-03-24T11:00;17.5;73;7.8;308.0;218.0
2025-03-24T12:00;19.6;66;6.7;736.0;170.0
2025-03-24T13:00;19.4;72;8.0;661.0;165.0
2025-03-24T14:00;19.5;72;8.8;602.0;132.0
2025-03-24T15:00;18.7;73;9.0;428.0;130.0
2025-03-24T16:00;17.8;75;8.4;272.0;105.0
2025-03-24T17:00;16.6;83;8.2;102.0;54.0
2025-03-24T18:00;15.8;90;8.7;4.0;4.0
2025-03-24T19:00;15.4;93;6.5;0.0;0.0
2025-03-24T20:00;14.9;93;3.1;0.0;0.0
2025-03-24T21:00;14.5;92;2.3;0.0;0.0
2025-03-24T22:00;14.1;90;1.5;0.0;0.0
2025-03-24T23:00;13.4;90;2.7;0.0;0.0
2025-03-25T00:00;12.8;85;3.5;0.0;0.0
2025-03-25T01:00;13.5;85;7.6;0.0;0.0
2025-03-25T02:00;13.0;85;6.1;0.0;0.0
2025-03-25T03:00;12.9;82;2.7;0.0;0.0
2025-03-25T04:00;13.3;79;1.5;0.0;0.0
2025-03-25T05:00;13.4;81;0.6;0.0;0.0
2025-03-25T06:00;14.1;83;1.5;23.0;23.0
2025-03-25T07:00;15.3;80;0.5;113.0;105.0
2025-03-25T08:00;15.6;72;2.0;179.0;160.0
2025-03-25T09:00;16.6;64;3.1;366.0;240.0
2025-03-25T10:00;17.5;63;5.4;681.0;199.0
2025-03-25T11:00;18.0;65;8.1;766.0;167.0
2025-03-25T12:00;17.6;67;11.1;732.0;217.0
2025-03-25T13:00;17.0;69;8.7;397.0;241.0
2025-03-25T14:00;16.3;75;9.7;246.0;215.0
2025-03-25T15:00;15.7;82;7.8;150.0;118.0
2025-03-25T16:00;15.2;85;6.2;83.0;74.0
2025-03-25T17:00;14.9;88;4.0;32.0;31.0
2025-03-25T18:00;14.6;91;3.9;1.0;1.0
2025-03-25T19:00;14.5;94;4.6;0.0;0.0
2025-03-25T20:00;14.2;98;6.5;0.0;0.0
2025-03-25T21:00;14.0;96;9.3;0.0;0.0
2025-03-25T22:00;13.7;92;8.2;0.0;0.0
2025-03-25T23:00;13.6;92;7.1;0.0;0.0
2025-03-26T00:00;13.6;94;4.9;0.0;0.0
2025-03-26T01:00;14.1;94;5.8;0.0;0.0
2025-03-26T02:00;14.1;96;3.6;0.0;0.0
2025-03-26T03:00;13.9;93;6.9;0.0;0.0
2025-03-26T04:00;13.7;92;5.2;0.0;0.0
2025-03-26T05:00;13.6;92;6.6;0.0;0.0
2025-03-26T06:00;13.8;90;6.6;40.0;28.0
2025-03-26T07:00;14.7;80;7.5;185.0;91.0
2025-03-26T08:00;15.4;73;9.6;322.0;154.0
2025-03-26T09:00;15.9;68;10.3;451.0;187.0
2025-03-26T10:00;15.9;68;9.6;447.0;285.0
2025-03-26T11:00;15.4;72;10.2;433.0;265.0
2025-03-26T12:00;15.8;69;10.1;550.0;293.0
2025-03-26T13:00;15.6;74;9.6;584.0;239.0
2025-03-26T14:00;15.6;70;9.4;412.0;183.0
2025-03-26T15:00;15.6;67;11.2;433.0;141.0
2025-03-26T16:00;15.0;69;11.7;249.0;99.0
2025-03-26T17:00;13.8;79;9.5;94.0;54.0
2025-03-26T18:00;13.4;83;9.2;4.0;4.0
2025-03-26T19:00;12.8;86;9.7;0.0;0.0
2025-03-26T20:00;12.4;88;8.9;0.0;0.0
2025-03-26T21:00;12.0;88;9.6;0.0;0.0
2025-03-26T22:00;11.5;89;8.5;0.0;0.0
2025-03-26T23:00;11.3;89;8.9;0.0;0.0
2025-03-27T00:00;11.1;88;8.0;0.0;0.0
2025-03-27T01:00;11.5;84;8.7;0.0;0.0
2025-03-27T02:00;11.0;87;8.7;0.0;0.0
2025-03-27T03:00;10.8;87;8.3;0.0;0.0
2025-03-27T04:00;10.5;89;7.9;0.0;0.0
2025-03-27T05:00;10.9;86;8.3;0.0;0.0
2025-03-27T06:00;11.4;85;6.9;40.0;28.0
2025-03-27T07:00;12.7;81;8.3;190.0;94.0
2025-03-27T08:00;14.0;71;9.4;390.0;121.0
2025-03-27T09:00;14.8;68;15.0;533.0;150.0
2025-03-27T10:00;14.0;70;15.0;534.0;202.0
2025-03-27T11:00;15.1;72;15.6;586.0;243.0
2025-03-27T12:00;14.6;65;20.4;676.0;252.0
2025-03-27T13:00;13.5;73;19.8;568.0;223.0
2025-03-27T14:00;15.0;75;15.3;482.0;264.0
2025-03-27T15:00;13.5;77;20.0;447.0;163.0
2025-03-27T16:00;14.1;80;20.0;193.0;132.0
2025-03-27T17:00;13.5;84;18.6;69.0;62.0
2025-03-27T18:00;12.5;84;16.7;3.0;3.0
2025-03-27T19:00;12.4;84;18.4;0.0;0.0
2025-03-27T20:00;12.2;86;18.5;0.0;0.0
2025-03-27T21:00;12.5;86;19.1;0.0;0.0
2025-03-27T22:00;12.3;88;16.5;0.0;0.0
2025-03-27T23:00;12.6;87;21.3;0.0;0.0
2025-03-28T00:00;12.8;87;21.1;0.0;0.0
2025-03-28T01:00;13.0;87;18.7;0.0;0.0
2025-03-28T02:00;13.1;85;24.0;0.0;0.0
2025-03-28T03:00;12.1;88;24.9;0.0;0.0
2025-03-28T04:00;12.2;86;23.7;0.0;0.0
2025-03-28T05:00;11.9;89;21.0;0.0;0.0
2025-03-28T06:00;12.4;86;22.7;23.0;18.0
2025-03-28T07:00;13.2;85;22.5;96.0;75.0
2025-03-28T08:00;13.6;83;24.4;251.0;163.0
2025-03-28T09:00;13.5;82;26.5;334.0;204.0
2025-03-28T10:00;14.3;81;28.4;421.0;262.0
2025-03-28T11:00;14.3;85;25.1;438.0;233.0
2025-03-28T12:00;14.3;80;25.8;515.0;271.0
2025-03-28T13:00;14.3;76;27.1;355.0;278.0
2025-03-28T14:00;13.8;83;23.9;431.0;273.0
2025-03-28T15:00;14.2;82;19.0;283.0;181.0
2025-03-28T16:00;13.7;81;22.7;257.0;120.0
2025-03-28T17:00;13.2;86;16.9;71.0;51.0
2025-03-28T18:00;13.2;85;17.8;3.0;3.0
2025-03-28T19:00;11.8;91;14.5;0.0;0.0
2025-03-28T20:00;12.7;89;19.0;0.0;0.0
2025-03-28T21:00;12.1;91;12.3;0.0;0.0
2025-03-28T22:00;12.6;91;16.1;0.0;0.0
2025-03-28T23:00;13.4;87;18.1;0.0;0.0
2025-03-29T00:00;12.7;88;18.5;0.0;0.0
2025-03-29T01:00;12.8;86;21.8;0.0;0.0
2025-03-29T02:00;12.8;87;22.1;0.0;0.0
2025-03-29T03:00;13.2;89;19.6;0.0;0.0
2025-03-29T04:00;13.2;84;22.1;0.0;0.0
2025-03-29T05:00;13.3;77;22.1;0.0;0.0
2025-03-29T06:00;12.9;80;20.0;45.0;29.0
2025-03-29T07:00;13.8;77;19.2;159.0;98.0
2025-03-29T08:00;14.5;76;20.4;309.0;127.0
2025-03-29T09:00;15.4;71;24.0;396.0;180.0
2025-03-29T10:00;16.0;64;25.7;641.0;152.0
2025-03-29T11:00;16.6;61;26.6;745.0;168.0
2025-03-29T12:00;15.8;68;26.9;659.0;196.0
2025-03-29T13:00;15.2;73;22.2;515.0;208.0
2025-03-29T14:00;14.9;75;18.2;444.0;224.0
2025-03-29T15:00;15.7;65;19.6;440.0;159.0
2025-03-29T16:00;15.1;64;18.7;226.0;139.0
2025-03-29T17:00;14.1;72;15.7;92.0;59.0
2025-03-29T18:00;13.1;79;14.3;6.0;5.0
2025-03-29T19:00;12.8;81;12.6;0.0;0.0
2025-03-29T20:00;12.3;85;11.7;0.0;0.0
2025-03-29T21:00;12.5;87;12.2;0.0;0.0
2025-03-29T22:00;12.1;84;13.0;0.0;0.0
2025-03-29T23:00;12.3;82;12.1;0.0;0.0
2025-03-30T00:00;11.8;85;12.5;0.0;0.0
2025-03-30T01:00;11.6;88;10.1;0.0;0.0
2025-03-30T02:00;11.8;88;7.7;0.0;0.0
2025-03-30T03:00;11.3;89;8.5;0.0;0.0
2025-03-30T04:00;11.2;86;8.8;0.0;0.0
2025-03-30T05:00;11.2;86;5.7;0.0;0.0
2025-03-30T06:00;11.7;88;5.5;38.0;32.0
2025-03-30T07:00;12.9;82;4.0;186.0;93.0
2025-03-30T08:00;13.8;76;4.3;388.0;137.0
2025-03-30T09:00;14.8;72;3.5;571.0;156.0
2025-03-30T10:00;15.2;75;8.1;661.0;178.0
2025-03-30T11:00;15.4;76;10.4;786.0;176.0
2025-03-30T12:00;15.4;76;9.9;745.0;218.0
2025-03-30T13:00;15.4;74;8.6;706.0;179.0
2025-03-30T14:00;15.7;70;7.5;610.0;172.0
2025-03-30T15:00;15.1;72;10.7;471.0;129.0
2025-03-30T16:00;14.6;75;8.7;244.0;106.0
2025-03-30T17:00;14.1;80;7.4;105.0;58.0
2025-03-30T18:00;13.4;85;5.6;6.0;5.0
2025-03-30T19:00;13.3;86;4.0;0.0;0.0
2025-03-30T20:00;13.0;86;4.1;0.0;0.0
2025-03-30T21:00;12.1;88;2.8;0.0;0.0
2025-03-30T22:00;12.0;86;2.8;0.0;0.0
2025-03-30T23:00;12.0;86;3.0;0.0;0.0
2025-03-31T00:00;12.3;85;2.8;0.0;0.0
2025-03-31T01:00;11.7;91;3.3;0.0;0.0
2025-03-31T02:00;12.3;86;7.4;0.0;0.0
2025-03-31T03:00;12.6;88;8.4;0.0;0.0
2025-03-31T04:00;12.8;89;8.1;0.0;0.0
2025-03-31T05:00;12.8;88;8.6;0.0;0.0
2025-03-31T06:00;13.1;89;11.8;60.0;40.0
2025-03-31T07:00;14.3;88;10.8;171.0;132.0
2025-03-31T08:00;15.5;84;11.4;242.0;165.0
2025-03-31T09:00;15.5;82;14.4;460.0;275.0
2025-03-31T10:00;15.6;74;17.4;436.0;303.0
2025-03-31T11:00;16.0;75;9.3;525.0;338.0
2025-03-31T12:00;17.3;62;13.0;722.0;254.0
2025-03-31T13:00;14.3;76;16.3;609.0;254.0
2025-03-31T14:00;14.4;76;13.6;249.0;208.0
2025-03-31T15:00;15.5;69;16.0;482.0;137.0
2025-03-31T16:00;13.9;79;16.5;255.0;106.0
2025-03-31T17:00;12.4;87;13.3;84.0;56.0
2025-03-31T18:00;12.1;89;11.5;4.0;4.0
2025-03-31T19:00;12.1;92;8.1;0.0;0.0
2025-03-31T20:00;12.1;93;6.8;0.0;0.0
2025-03-31T21:00;11.9;94;6.9;0.0;0.0
2025-03-31T22:00;11.5;97;9.0;0.0;0.0
2025-03-31T23:00;11.5;95;10.0;0.0;0.0
2025-04-01T00:00;11.3;95;13.9;0.0;0.0
2025-04-01T01:00;11.3;93;9.7;0.0;0.0
2025-04-01T02:00;10.6;97;11.2;0.0;0.0
2025-04-01T03:00;11.1;96;6.3;0.0;0.0
2025-04-01T04:00;10.5;96;9.6;0.0;0.0
2025-04-01T05:00;10.7;94;10.6;0.0;0.0
2025-04-01T06:00;11.3;96;9.9;27.0;24.0
2025-04-01T07:00;11.3;91;9.7;58.0;58.0
2025-04-01T08:00;11.6;88;15.1;169.0;163.0
2025-04-01T09:00;11.9;84;16.5;162.0;161.0
2025-04-01T10:00;12.1;80;15.1;217.0;198.0
2025-04-01T11:00;11.9;80;15.3;240.0;224.0
2025-04-01T12:00;12.2;77;15.6;274.0;227.0
2025-04-01T13:00;11.2;84;14.8;191.0;183.0
2025-04-01T14:00;11.4;85;15.9;179.0;177.0
2025-04-01T15:00;11.2;85;15.6;110.0;105.0
2025-04-01T16:00;11.1;85;16.1;62.0;62.0
2025-04-01T17:00;10.8;91;14.1;29.0;28.0
2025-04-01T18:00;10.6;92;13.9;2.0;2.0
2025-04-01T19:00;10.6;94;13.0;0.0;0.0
2025-04-01T20:00;10.6;94;15.2;0.0;0.0
2025-04-01T21:00;10.9;95;11.5;0.0;0.0
2025-04-01T22:00;11.0;96;9.3;0.0;0.0
2025-04-01T23:00;11.4;96;7.7;0.0;0.0
2025-04-02T00:00;10.4;96;3.4;0.0;0.0
2025-04-02T01:00;11.1;96;2.6;0.0;0.0
2025-04-02T02:00;10.5;94;2.8;0.0;0.0
2025-04-02T03:00;10.8;92;3.4;0.0;0.0
2025-04-02T04:00;10.8;92;5.1;0.0;0.0
2025-04-02T05:00;10.6;91;6.1;0.0;0.0
2025-04-02T06:00;12.0;90;7.3;64.0;43.0
2025-04-02T07:00;14.2;89;6.6;215.0;105.0
2025-04-02T08:00;15.5;77;3.0;425.0;119.0
2025-04-02T09:00;16.4;71;3.5;595.0;147.0
2025-04-02T10:00;16.9;67;4.9;733.0;154.0
2025-04-02T11:00;17.2;66;5.7;803.0;155.0
2025-04-02T12:00;17.3;66;6.7;807.0;160.0
2025-04-02T13:00;17.5;61;7.0;747.0;172.0
2025-04-02T14:00;17.0;64;8.8;554.0;185.0
2025-04-02T15:00;16.5;67;7.4;435.0;175.0
2025-04-02T16:00;16.1;69;6.1;282.0;112.0
2025-04-02T17:00;15.4;76;4.5;108.0;64.0
2025-04-02T18:00;14.3;84;3.0;8.0;7.0
2025-04-02T19:00;14.5;85;3.5;0.0;0.0
2025-04-02T20:00;14.1;85;3.4;0.0;0.0
2025-04-02T21:00;13.6;85;3.2;0.0;0.0
2025-04-02T22:00;13.3;82;4.0;0.0;0.0
2025-04-02T23:00;13.1;80;3.5;0.0;0.0
2025-04-03T00:00;12.9;77;3.3;0.0;0.0
2025-04-03T01:00;12.7;76;5.6;0.0;0.0
2025-04-03T02:00;12.5;77;5.6;0.0;0.0
2025-04-03T03:00;12.5;77;5.6;0.0;0.0
2025-04-03T04:00;12.3;78;4.6;0.0;0.0
2025-04-03T05:00;12.3;77;3.1;1.0;1.0
2025-04-03T06:00;13.4;79;3.3;73.0;42.0
2025-04-03T07:00;15.7;73;2.4;253.0;92.0
2025-04-03T08:00;16.6;71;5.0;451.0;119.0
2025-04-03T09:00;17.1;71;6.3;627.0;135.0
2025-04-03T10:00;17.5;71;7.0;759.0;145.0
2025-04-03T11:00;17.6;69;8.4;835.0;150.0
2025-04-03T12:00;17.6;67;7.8;849.0;149.0
2025-04-03T13:00;17.9;62;7.4;794.0;147.0
2025-04-03T14:00;17.8;61;5.6;683.0;138.0
2025-04-03T15:00;17.4;62;3.8;522.0;123.0
2025-04-03T16:00;17.0;62;3.5;327.0;101.0
2025-04-03T17:00;15.9;73;3.5;130.0;62.0
2025-04-03T18:00;14.3;81;2.8;10.0;8.0
2025-04-03T19:00;13.9;79;2.7;0.0;0.0
2025-04-03T20:00;13.3;78;2.5;0.0;0.0
2025-04-03T21:00;13.5;73;3.8;0.0;0.0
2025-04-03T22:00;13.3;71;4.4;0.0;0.0
2025-04-03T23:00;12.9;72;3.9;0.0;0.0
2025-04-04T00:00;12.5;72;3.6;0.0;0.0
2025-04-04T01:00;12.5;70;3.3;0.0;0.0
2025-04-04T02:00;12.6;68;2.5;0.0;0.0
2025-04-04T03:00;12.7;66;2.8;0.0;0.0
2025-04-04T04:00;12.8;65;3.4;0.0;0.0
2025-04-04T05:00;12.8;65;3.8;1.0;1.0
2025-04-04T06:00;13.6;70;3.0;72.0;50.0
2025-04-04T07:00;16.1;72;0.9;229.0;129.0
2025-04-04T08:00;17.4;63;3.6;451.0;131.0
2025-04-04T09:00;17.7;68;6.5;618.0;163.0
2025-04-04T10:00;18.0;71;7.6;753.0;164.0
2025-04-04T11:00;18.2;71;7.8;831.0;157.0
2025-04-04T12:00;18.0;70;8.7;834.0;163.0
2025-04-04T13:00;18.1;63;5.9;778.0;159.0
2025-04-04T14:00;17.9;63;4.9;666.0;158.0
2025-04-04T15:00;17.3;65;5.1;440.0;186.0
2025-04-04T16:00;16.8;67;5.1;229.0;183.0
2025-04-04T17:00;16.1;75;4.3;87.0;79.0
2025-04-04T18:00;15.1;83;3.8;9.0;9.0
2025-04-04T19:00;14.4;87;2.8;0.0;0.0
2025-04-04T20:00;13.9;88;2.3;0.0;0.0
2025-04-04T21:00;13.5;87;3.3;0.0;0.0
2025-04-04T22:00;13.3;86;3.4;0.0;0.0
2025-04-04T23:00;13.0;85;3.4;0.0;0.0
2025-04-05T00:00;12.8;84;3.4;0.0;0.0
2025-04-05T01:00;12.9;81;2.7;0.0;0.0
2025-04-05T02:00;13.0;78;2.4;0.0;0.0
2025-04-05T03:00;12.7;76;1.3;0.0;0.0
2025-04-05T04:00;12.8;73;0.9;0.0;0.0
2025-04-05T05:00;13.1;72;1.4;1.0;1.0
2025-04-05T06:00;14.2;70;1.5;51.0;49.0
2025-04-05T07:00;14.8;73;2.7;166.0;136.0
2025-04-05T08:00;15.6;69;2.7;262.0;205.0
2025-04-05T09:00;16.7;65;3.1;534.0;239.0
2025-04-05T10:00;17.4;62;3.2;669.0;227.0
2025-04-05T11:00;18.0;60;7.3;770.0;249.0
2025-04-05T12:00;17.2;70;8.4;683.0;355.0
2025-04-05T13:00;17.7;74;5.4;754.0;184.0
2025-04-05T14:00;17.3;74;7.1;577.0;200.0
2025-04-05T15:00;17.1;73;5.6;507.0;129.0
2025-04-05T16:00;16.6;69;4.5;314.0;111.0
2025-04-05T17:00;15.8;75;2.7;129.0;64.0
2025-04-05T18:00;14.4;85;1.8;11.0;9.0
2025-04-05T19:00;14.1;85;2.1;0.0;0.0
2025-04-05T20:00;13.6;86;4.3;0.0;0.0
2025-04-05T21:00;12.6;87;3.8;0.0;0.0
2025-04-05T22:00;12.1;86;4.1;0.0;0.0
2025-04-05T23:00;12.0;81;3.6;0.0;0.0
2025-04-06T00:00;12.1;78;2.6;0.0;0.0
2025-04-06T01:00;12.5;77;1.8;0.0;0.0
2025-04-06T02:00;12.5;78;2.2;0.0;0.0
2025-04-06T03:00;12.1;81;2.3;0.0;0.0
2025-04-06T04:00;11.7;83;2.0;0.0;0.0
2025-04-06T05:00;11.4;85;2.7;1.0;1.0
2025-04-06T06:00;12.8;87;2.6;75.0;48.0
2025-04-06T07:00;15.6;75;0.2;256.0;105.0
2025-04-06T08:00;16.6;71;2.8;450.0;126.0
2025-04-06T09:00;16.9;73;6.8;530.0;210.0
2025-04-06T10:00;17.0;76;6.9;665.0;222.0
2025-04-06T11:00;17.2;75;5.8;777.0;187.0
2025-04-06T12:00;17.2;79;5.2;781.0;194.0
2025-04-06T13:00;17.5;74;7.6;674.0;219.0
2025-04-06T14:00;16.8;81;8.6;512.0;180.0
2025-04-06T15:00;16.9;82;8.0;364.0;160.0
2025-04-06T16:00;15.9;80;9.8;279.0;127.0
2025-04-06T17:00;15.1;85;6.5;77.0;55.0
2025-04-06T18:00;14.6;92;4.2;10.0;9.0
2025-04-06T19:00;13.7;95;2.4;0.0;0.0
2025-04-06T20:00;13.8;96;2.5;0.0;0.0
2025-04-06T21:00;13.6;95;1.7;0.0;0.0
2025-04-06T22:00;13.6;93;2.4;0.0;0.0
2025-04-06T23:00;12.9;92;1.8;0.0;0.0
2025-04-07T00:00;12.2;93;0.6;0.0;0.0
2025-04-07T01:00;12.7;94;4.2;0.0;0.0
2025-04-07T02:00;12.5;95;2.8;0.0;0.0
2025-04-07T03:00;12.7;91;1.8;0.0;0.0
2025-04-07T04:00;11.8;94;1.9;0.0;0.0
2025-04-07T05:00;12.6;91;0.4;1.0;1.0
2025-04-07T06:00;13.6;92;6.6;51.0;40.0
2025-04-07T07:00;13.4;89;17.8;135.0;87.0
2025-04-07T08:00;13.6;76;16.0;219.0;137.0
2025-04-07T09:00;13.8;67;15.3;362.0;238.0
2025-04-07T10:00;14.1;64;15.5;522.0;272.0
2025-04-07T11:00;14.1;62;15.9;698.0;265.0
2025-04-07T12:00;14.2;59;14.9;809.0;221.0
2025-04-07T13:00;15.0;59;12.0;805.0;166.0
2025-04-07T14:00;14.7;58;9.7;691.0;153.0
2025-04-07T15:00;14.3;57;8.3;536.0;128.0
2025-04-07T16:00;13.8;58;6.3;341.0;106.0
2025-04-07T17:00;13.0;64;4.2;142.0;68.0
2025-04-07T18:00;11.9;75;3.7;13.0;10.0
2025-04-07T19:00;11.5;76;4.5;0.0;0.0
2025-04-07T20:00;10.8;77;3.2;0.0;0.0
2025-04-07T21:00;10.5;74;3.2;0.0;0.0
2025-04-07T22:00;10.3;72;3.2;0.0;0.0
2025-04-07T23:00;10.3;70;3.6;0.0;0.0
2025-04-08T00:00;10.2;70;3.5;0.0;0.0
2025-04-08T01:00;9.9;68;3.0;0.0;0.0
2025-04-08T02:00;10.1;67;2.7;0.0;0.0
2025-04-08T03:00;10.7;67;4.8;0.0;0.0
2025-04-08T04:00;11.6;66;7.1;0.0;0.0
2025-04-08T05:00;11.6;66;7.8;2.0;2.0
2025-04-08T06:00;12.3;69;7.8;88.0;51.0
2025-04-08T07:00;13.2;58;10.1;274.0;101.0
2025-04-08T08:00;13.8;57;9.7;473.0;129.0
2025-04-08T09:00;14.1;56;10.3;646.0;146.0
2025-04-08T10:00;14.3;56;11.5;782.0;151.0
2025-04-08T11:00;14.3;58;11.2;851.0;162.0
2025-04-08T12:00;14.4;58;9.0;864.0;158.0
2025-04-08T13:00;15.0;57;10.2;808.0;154.0
2025-04-08T14:00;14.6;58;9.8;693.0;146.0
2025-04-08T15:00;14.2;60;8.9;529.0;131.0
2025-04-08T16:00;13.7;61;8.2;335.0;108.0
2025-04-08T17:00;12.8;66;4.7;140.0;69.0
2025-04-08T18:00;11.7;76;3.5;13.0;10.0
2025-04-08T19:00;11.2;77;3.3;0.0;0.0
2025-04-08T20:00;10.7;77;2.3;0.0;0.0
2025-04-08T21:00;10.5;73;1.9;0.0;0.0
2025-04-08T22:00;10.4;71;1.9;0.0;0.0
2025-04-08T23:00;10.1;72;3.0;0.0;0.0
2025-04-09T00:00;10.0;71;3.5;0.0;0.0
2025-04-09T01:00;9.9;68;3.8;0.0;0.0
2025-04-09T02:00;9.9;67;5.8;0.0;0.0
2025-04-09T03:00;9.5;67;7.0;0.0;0.0
2025-04-09T04:00;9.0;67;7.3;0.0;0.0
2025-04-09T05:00;8.9;68;8.0;3.0;3.0
2025-04-09T06:00;10.6;68;7.4;95.0;53.0
2025-04-09T07:00;13.3;57;6.1;284.0;100.0
2025-04-09T08:00;14.3;53;6.8;484.0;126.0
2025-04-09T09:00;15.1;52;7.9;657.0;145.0
2025-04-09T10:00;15.6;54;9.9;787.0;157.0
2025-04-09T11:00;15.8;57;11.7;826.0;229.0
2025-04-09T12:00;15.9;59;12.3;815.0;261.0
2025-04-09T13:00;15.8;58;10.4;689.0;336.0
2025-04-09T14:00;15.7;59;8.9;619.0;252.0
2025-04-09T15:00;15.4;62;9.0;486.0;202.0
2025-04-09T16:00;15.1;63;8.8;320.0;130.0
2025-04-09T17:00;14.5;70;8.0;141.0;70.0
2025-04-09T18:00;13.4;80;4.8;14.0;12.0
2025-04-09T19:00;12.8;84;3.5;0.0;0.0
2025-04-09T20:00;12.4;85;3.1;0.0;0.0
2025-04-09T21:00;12.0;84;1.8;0.0;0.0
2025-04-09T22:00;11.6;84;1.1;0.0;0.0
2025-04-09T23:00;11.8;82;1.3;0.0;0.0
2025-04-10T00:00;11.4;82;2.3;0.0;0.0
2025-04-10T01:00;11.4;80;1.3;0.0;0.0
2025-04-10T02:00;11.2;80;1.3;0.0;0.0
2025-04-10T03:00;10.9;79;1.2;0.0;0.0
2025-04-10T04:00;10.8;77;1.0;0.0;0.0
2025-04-10T05:00;11.5;73;0.4;3.0;3.0
2025-04-10T06:00;13.3;70;1.7;97.0;54.0
2025-04-10T07:00;14.7;65;4.9;284.0;99.0
2025-04-10T08:00;15.5;63;7.9;483.0;126.0
2025-04-10T09:00;15.9;65;8.8;656.0;143.0
2025-04-10T10:00;16.3;67;8.6;785.0;154.0
2025-04-10T11:00;16.6;66;9.0;858.0;159.0
2025-04-10T12:00;16.8;64;8.3;867.0;159.0
2025-04-10T13:00;16.9;66;10.3;813.0;156.0
2025-04-10T14:00;16.5;67;9.4;697.0;150.0
2025-04-10T15:00;15.9;70;9.0;535.0;132.0
2025-04-10T16:00;15.5;70;7.0;341.0;108.0
2025-04-10T17:00;14.6;75;6.4;145.0;70.0
2025-04-10T18:00;13.6;84;6.1;15.0;12.0
2025-04-10T19:00;13.1;87;5.9;0.0;0.0
2025-04-10T20:00;12.7;86;5.5;0.0;0.0
2025-04-10T21:00;12.3;85;3.9;0.0;0.0
2025-04-10T22:00;12.1;84;3.9;0.0;0.0
2025-04-10T23:00;11.9;82;4.0;0.0;0.0
2025-04-11T00:00;11.5;80;3.6;0.0;0.0
2025-04-11T01:00;11.3;72;3.1;0.0;0.0
2025-04-11T02:00;11.1;69;3.1;0.0;0.0
2025-04-11T03:00;11.4;63;4.3;0.0;0.0
2025-04-11T04:00;11.1;63;5.9;0.0;0.0
2025-04-11T05:00;11.2;61;5.7;4.0;4.0
2025-04-11T06:00;12.7;65;5.9;102.0;56.0
2025-04-11T07:00;14.7;62;5.4;288.0;102.0
2025-04-11T08:00;15.8;60;5.2;487.0;128.0
2025-04-11T09:00;16.8;58;5.5;660.0;143.0
2025-04-11T10:00;17.5;58;7.5;789.0;154.0
2025-04-11T11:00;17.7;63;9.7;861.0;160.0
2025-04-11T12:00;17.5;64;9.9;869.0;161.0
2025-04-11T13:00;17.8;56;7.3;808.0;162.0
2025-04-11T14:00;17.6;52;6.5;672.0;166.0
2025-04-11T15:00;17.6;52;5.8;529.0;137.0
2025-04-11T16:00;17.1;55;4.9;336.0;114.0
2025-04-11T17:00;16.3;61;3.3;142.0;72.0
2025-04-11T18:00;14.9;77;1.0;16.0;13.0
2025-04-11T19:00;14.2;81;0.9;0.0;0.0
2025-04-11T20:00;13.5;82;1.4;0.0;0.0
2025-04-11T21:00;13.0;82;2.1;0.0;0.0
2025-04-11T22:00;12.3;82;2.9;0.0;0.0
2025-04-11T23:00;11.6;84;2.6;0.0;0.0
2025-04-12T00:00;11.4;84;1.7;0.0;0.0
2025-04-12T01:00;11.8;85;2.4;0.0;0.0
2025-04-12T02:00;11.9;83;2.0;0.0;0.0
2025-04-12T03:00;11.8;81;1.3;0.0;0.0
2025-04-12T04:00;12.2;76;2.9;0.0;0.0
2025-04-12T05:00;12.3;70;3.7;5.0;5.0
2025-04-12T06:00;13.7;68;4.9;103.0;61.0
2025-04-12T07:00;15.9;62;5.0;290.0;108.0
2025-04-12T08:00;17.1;59;4.9;479.0;153.0
2025-04-12T09:00;18.1;57;8.0;644.0;185.0
2025-04-12T10:00;18.4;62;10.2;788.0;167.0
2025-04-12T11:00;18.6;67;10.1;849.0;191.0
2025-04-12T12:00;18.9;64;9.1;856.0;175.0
2025-04-12T13:00;19.0;62;9.8;768.0;226.0
2025-04-12T14:00;18.5;61;9.6;565.0;307.0
2025-04-12T15:00;17.9;64;7.8;391.0;259.0
2025-04-12T16:00;17.3;66;5.9;276.0;156.0
2025-04-12T17:00;16.4;70;9.1;84.0;80.0
2025-04-12T18:00;16.1;75;5.0;5.0;5.0
2025-04-12T19:00;16.4;78;7.7;0.0;0.0
2025-04-12T20:00;16.1;85;2.0;0.0;0.0
2025-04-12T21:00;15.6;90;3.1;0.0;0.0
2025-04-12T22:00;15.0;93;1.9;0.0;0.0
2025-04-12T23:00;15.2;93;1.8;0.0;0.0
2025-04-13T00:00;15.2;93;2.5;0.0;0.0
2025-04-13T01:00;15.7;87;1.9;0.0;0.0
2025-04-13T02:00;15.4;88;4.2;0.0;0.0
2025-04-13T03:00;15.3;88;3.5;0.0;0.0
2025-04-13T04:00;15.2;87;2.2;0.0;0.0
2025-04-13T05:00;15.0;85;1.5;5.0;5.0
2025-04-13T06:00;16.5;80;4.8;95.0;63.0
2025-04-13T07:00;18.9;67;6.1;248.0;143.0
2025-04-13T08:00;21.1;58;2.8;436.0;170.0
2025-04-13T09:00;20.7;63;4.1;255.0;195.0
2025-04-13T10:00;21.8;62;8.1;666.0;304.0
2025-04-13T11:00;21.1;63;7.5;531.0;390.0
2025-04-13T12:00;21.6;64;6.3;406.0;364.0
2025-04-13T13:00;23.5;71;2.4;370.0;325.0
2025-04-13T14:00;23.3;71;4.8;205.0;194.0
2025-04-13T15:00;23.6;62;7.8;232.0;204.0
2025-04-13T16:00;22.2;58;10.4;131.0;125.0
2025-04-13T17:00;20.9;64;6.1;41.0;41.0
2025-04-13T18:00;21.2;52;15.6;3.0;3.0
2025-04-13T19:00;21.8;31;21.7;0.0;0.0
2025-04-13T20:00;20.9;33;23.6;0.0;0.0
2025-04-13T21:00;22.3;24;32.2;0.0;0.0
2025-04-13T22:00;21.3;26;30.5;0.0;0.0
2025-04-13T23:00;20.9;27;22.6;0.0;0.0
2025-04-14T00:00;21.2;27;26.6;0.0;0.0
2025-04-14T01:00;20.6;33;24.5;0.0;0.0
2025-04-14T02:00;21.4;29;27.0;0.0;0.0
2025-04-14T03:00;21.7;30;29.9;0.0;0.0
2025-04-14T04:00;21.7;35;28.2;0.0;0.0
2025-04-14T05:00;21.5;35;24.6;3.0;3.0
2025-04-14T06:00;21.2;37;20.0;24.0;24.0
2025-04-14T07:00;21.3;38;17.7;54.0;54.0
2025-04-14T08:00;21.0;45;21.3;179.0;166.0
2025-04-14T09:00;21.3;49;24.0;326.0;238.0
2025-04-14T10:00;22.2;50;22.5;413.0;310.0
2025-04-14T11:00;23.9;52;19.3;630.0;313.0
2025-04-14T12:00;24.6;50;18.5;583.0;359.0
2025-04-14T13:00;25.2;50;17.2;553.0;313.0
2025-04-14T14:00;24.9;51;17.8;447.0;299.0
2025-04-14T15:00;24.2;52;17.9;366.0;232.0
2025-04-14T16:00;23.1;55;16.5;280.0;151.0
2025-04-14T17:00;21.5;60;12.6;73.0;68.0
2025-04-14T18:00;20.3;62;12.7;15.0;13.0
2025-04-14T19:00;19.2;66;12.0;0.0;0.0
2025-04-14T20:00;18.7;68;13.2;0.0;0.0
2025-04-14T21:00;18.3;70;6.2;0.0;0.0
2025-04-14T22:00;17.8;76;0.9;0.0;0.0
2025-04-14T23:00;18.5;69;7.7;0.0;0.0
2025-04-15T00:00;19.9;58;10.2;0.0;0.0
2025-04-15T01:00;18.3;74;7.9;0.0;0.0
2025-04-15T02:00;17.3;83;5.3;0.0;0.0
2025-04-15T03:00;16.2;95;9.0;0.0;0.0
2025-04-15T04:00;15.8;97;1.5;0.0;0.0
2025-04-15T05:00;16.1;94;0.6;7.0;6.0
2025-04-15T06:00;18.0;88;4.9;111.0;61.0
2025-04-15T07:00;19.3;78;7.7;292.0;104.0
2025-04-15T08:00;20.0;78;8.0;485.0;131.0
2025-04-15T09:00;20.8;75;8.3;654.0;150.0
2025-04-15T10:00;21.6;69;8.6;753.0;192.0
2025-04-15T11:00;21.3;65;10.1;724.0;273.0
2025-04-15T12:00;21.4;64;8.2;781.0;177.0
2025-04-15T13:00;20.7;68;7.9;766.0;184.0
2025-04-15T14:00;20.1;71;7.4;615.0;186.0
2025-04-15T15:00;19.4;77;8.2;476.0;144.0
2025-04-15T16:00;18.6;79;5.9;312.0;117.0
2025-04-15T17:00;18.0;80;2.3;141.0;74.0
2025-04-15T18:00;17.6;81;2.8;17.0;14.0
2025-04-15T19:00;17.5;85;3.7;0.0;0.0
2025-04-15T20:00;17.0;87;4.6;0.0;0.0
2025-04-15T21:00;16.6;88;4.5;0.0;0.0
2025-04-15T22:00;16.3;88;4.7;0.0;0.0
2025-04-15T23:00;15.8;89;5.1;0.0;0.0
2025-04-16T00:00;15.2;89;5.5;0.0;0.0
2025-04-16T01:00;15.7;81;6.0;0.0;0.0
2025-04-16T02:00;15.7;77;4.6;0.0;0.0
2025-04-16T03:00;15.7;76;3.3;0.0;0.0
2025-04-16T04:00;15.6;76;4.2;0.0;0.0
2025-04-16T05:00;15.6;76;3.8;8.0;7.0
2025-04-16T06:00;17.3;77;3.3;112.0;62.0
2025-04-16T07:00;20.0;68;4.1;297.0;105.0
2025-04-16T08:00;21.1;69;4.6;432.0;199.0
2025-04-16T09:00;21.7;73;4.5;503.0;229.0
2025-04-16T10:00;22.9;72;8.3;717.0;268.0
2025-04-16T11:00;22.9;68;12.1;766.0;305.0
2025-04-16T12:00;22.6;68;12.9;686.0;365.0
2025-04-16T13:00;23.5;65;7.6;767.0;210.0
2025-04-16T14:00;23.4;69;3.6;616.0;247.0
2025-04-16T15:00;22.6;76;7.1;277.0;195.0
2025-04-16T16:00;22.5;69;7.7;189.0;145.0
2025-04-16T17:00;21.4;63;9.1;82.0;67.0
2025-04-16T18:00;18.8;81;7.2;13.0;13.0
2025-04-16T19:00;17.6;89;1.5;0.0;0.0
2025-04-16T20:00;17.1;89;12.6;0.0;0.0
2025-04-16T21:00;15.9;93;15.0;0.0;0.0
2025-04-16T22:00;15.7;77;13.1;0.0;0.0
2025-04-16T23:00;15.2;72;12.8;0.0;0.0
2025-04-17T00:00;14.8;70;13.5;0.0;0.0
2025-04-17T01:00;14.7;81;12.6;0.0;0.0
2025-04-17T02:00;14.2;81;13.4;0.0;0.0
2025-04-17T03:00;13.9;80;15.2;0.0;0.0
2025-04-17T04:00;13.6;80;15.3;0.0;0.0
2025-04-17T05:00;13.7;80;15.4;6.0;6.0
2025-04-17T06:00;14.3;78;12.4;79.0;66.0
2025-04-17T07:00;15.3;70;15.2;225.0;140.0
2025-04-17T08:00;16.8;61;16.7;456.0;167.0
2025-04-17T09:00;17.5;55;19.4;616.0;164.0
2025-04-17T10:00;17.1;59;21.1;657.0;182.0
2025-04-17T11:00;18.4;55;20.6;707.0;244.0
2025-04-17T12:00;17.7;56;21.3;669.0;322.0
2025-04-17T13:00;17.0;62;19.6;505.0;242.0
2025-04-17T14:00;17.3;56;22.7;538.0;219.0
2025-04-17T15:00;17.4;52;21.8;485.0;152.0
2025-04-17T16:00;16.2;54;19.8;297.0;140.0
2025-04-17T17:00;15.7;58;17.0;146.0;74.0
2025-04-17T18:00;15.0;63;16.2;20.0;15.0
2025-04-17T19:00;14.4;70;12.9;0.0;0.0
2025-04-17T20:00;14.1;74;11.9;0.0;0.0
2025-04-17T21:00;13.8;77;11.0;0.0;0.0
2025-04-17T22:00;13.1;81;8.8;0.0;0.0
2025-04-17T23:00;12.8;82;8.7;0.0;0.0
2025-04-18T00:00;12.8;81;7.3;0.0;0.0
2025-04-18T01:00;12.7;79;7.2;0.0;0.0
2025-04-18T02:00;12.7;80;8.0;0.0;0.0
2025-04-18T03:00;12.7;81;8.5;0.0;0.0
2025-04-18T04:00;13.0;80;10.4;0.0;0.0
2025-04-18T05:00;13.4;76;11.6;10.0;9.0
2025-04-18T06:00;14.8;68;11.6;124.0;67.0
2025-04-18T07:00;16.2;62;13.3;298.0;118.0
2025-04-18T08:00;17.3;54;18.2;465.0;154.0
2025-04-18T09:00;18.1;49;17.3;656.0;169.0
2025-04-18T10:00;18.7;46;15.7;796.0;170.0
2025-04-18T11:00;19.3;41;14.9;882.0;165.0
2025-04-18T12:00;19.7;41;14.8;889.0;166.0
2025-04-18T13:00;19.7;43;12.6;832.0;160.0
2025-04-18T14:00;19.4;46;12.8;717.0;152.0
2025-04-18T15:00;18.9;49;10.9;554.0;136.0
2025-04-18T16:00;18.2;53;9.1;361.0;114.0
2025-04-18T17:00;17.1;59;6.3;162.0;80.0
2025-04-18T18:00;15.8;71;1.5;21.0;18.0
2025-04-18T19:00;15.3;75;3.9;0.0;0.0
2025-04-18T20:00;14.7;81;3.8;0.0;0.0
2025-04-18T21:00;14.0;81;5.2;0.0;0.0
2025-04-18T22:00;13.5;75;5.9;0.0;0.0
2025-04-18T23:00;12.9;69;5.3;0.0;0.0
2025-04-19T00:00;12.2;72;3.8;0.0;0.0
2025-04-19T01:00;11.8;73;2.6;0.0;0.0
2025-04-19T02:00;11.7;71;1.8;0.0;0.0
2025-04-19T03:00;11.9;66;1.9;0.0;0.0
2025-04-19T04:00;12.0;64;1.7;0.0;0.0
2025-04-19T05:00;12.6;64;1.6;10.0;10.0
2025-04-19T06:00;14.6;65;3.1;109.0;87.0
2025-04-19T07:00;17.0;54;3.8;256.0;173.0
2025-04-19T08:00;18.7;51;5.0;449.0;217.0
2025-04-19T09:00;19.5;53;7.0;660.0;187.0
2025-04-19T10:00;19.8;55;8.1;761.0;248.0
2025-04-19T11:00;20.4;50;8.8;843.0;221.0
2025-04-19T12:00;20.8;46;9.4;829.0;257.0
2025-04-19T13:00;20.8;40;10.3;798.0;212.0
2025-04-19T14:00;20.8;40;9.5;684.0;201.0
2025-04-19T15:00;19.9;43;8.9;393.0;268.0
2025-04-19T16:00;19.4;46;8.8;301.0;166.0
2025-04-19T17:00;18.6;50;8.1;163.0;77.0
2025-04-19T18:00;17.4;59;5.1;23.0;17.0
2025-04-19T19:00;16.7;65;2.7;0.0;0.0
2025-04-19T20:00;16.1;70;1.8;0.0;0.0
2025-04-19T21:00;15.8;71;2.0;0.0;0.0
2025-04-19T22:00;15.4;69;1.4;0.0;0.0
2025-04-19T23:00;15.5;61;1.2;0.0;0.0
2025-04-20T00:00;15.9;52;2.1;0.0;0.0
2025-04-20T01:00;16.0;51;3.6;0.0;0.0
2025-04-20T02:00;15.8;50;3.2;0.0;0.0
2025-04-20T03:00;15.2;51;2.7;0.0;0.0
2025-04-20T04:00;15.1;51;2.3;0.0;0.0
2025-04-20T05:00;15.8;49;1.9;11.0;10.0
2025-04-20T06:00;18.1;45;1.4;103.0;83.0
2025-04-20T07:00;19.4;39;0.9;248.0;168.0
2025-04-20T08:00;20.8;41;2.7;500.0;157.0
2025-04-20T09:00;21.3;48;5.9;688.0;147.0
2025-04-20T10:00;21.8;51;7.8;811.0;157.0
2025-04-20T11:00;22.2;47;9.1;880.0;162.0
2025-04-20T12:00;22.3;46;9.7;886.0;163.0
2025-04-20T13:00;22.1;49;10.1;826.0;158.0
2025-04-20T14:00;21.6;51;7.7;711.0;148.0
2025-04-20T15:00;21.5;50;8.2;548.0;134.0
2025-04-20T16:00;20.8;53;6.3;357.0;113.0
2025-04-20T17:00;19.7;58;3.5;164.0;77.0
2025-04-20T18:00;18.5;64;2.2;24.0;18.0
2025-04-20T19:00;17.7;66;1.6;0.0;0.0
2025-04-20T20:00;17.3;64;3.6;0.0;0.0
2025-04-20T21:00;16.9;59;3.9;0.0;0.0
2025-04-20T22:00;16.6;55;3.8;0.0;0.0
2025-04-20T23:00;16.3;51;4.0;0.0;0.0
2025-04-21T00:00;16.0;48;2.2;0.0;0.0
2025-04-21T01:00;15.5;48;2.1;0.0;0.0
2025-04-21T02:00;14.9;52;0.4;0.0;0.0
2025-04-21T03:00;15.4;51;0.3;0.0;0.0
2025-04-21T04:00;15.3;53;0.3;0.0;0.0
2025-04-21T05:00;15.5;47;2.5;10.0;10.0
2025-04-21T06:00;16.9;50;1.9;131.0;71.0
2025-04-21T07:00;18.3;50;3.3;314.0;118.0
2025-04-21T08:00;18.9;54;5.4;498.0;166.0
2025-04-21T09:00;19.6;54;6.8;673.0;165.0
2025-04-21T10:00;20.2;55;8.9;796.0;189.0
2025-04-21T11:00;19.9;59;8.9;678.0;395.0
2025-04-21T12:00;19.5;63;8.8;580.0;413.0
2025-04-21T13:00;19.3;61;9.4;552.0;330.0
2025-04-21T14:00;18.8;60;3.6;392.0;294.0
2025-04-21T15:00;18.7;55;3.2;308.0;244.0
2025-04-21T16:00;18.3;52;2.0;164.0;151.0
2025-04-21T17:00;18.0;51;2.7;75.0;73.0
2025-04-21T18:00;17.4;58;3.5;14.0;14.0
2025-04-21T19:00;16.6;68;4.7;0.0;0.0
2025-04-21T20:00;16.0;77;5.8;0.0;0.0
2025-04-21T21:00;15.5;81;6.1;0.0;0.0
2025-04-21T22:00;15.2;78;7.5;0.0;0.0
2025-04-21T23:00;15.0;75;8.3;0.0;0.0
2025-04-22T00:00;14.6;78;10.5;0.0;0.0
2025-04-22T01:00;15.4;94;10.0;0.0;0.0
2025-04-22T02:00;15.2;96;10.5;0.0;0.0
2025-04-22T03:00;15.1;96;9.6;0.0;0.0
2025-04-22T04:00;14.8;95;8.8;0.0;0.0
2025-04-22T05:00;14.7;93;9.2;13.0;11.0
2025-04-22T06:00;15.9;88;9.4;115.0;82.0
2025-04-22T07:00;17.6;74;9.5;310.0;120.0
2025-04-22T08:00;18.7;67;11.5;491.0;158.0
2025-04-22T09:00;19.3;63;18.0;638.0;203.0
2025-04-22T10:00;19.4;64;19.3;723.0;262.0
2025-04-22T11:00;19.6;65;18.5;782.0;253.0
2025-04-22T12:00;19.9;64;16.4;832.0;214.0
2025-04-22T13:00;20.2;60;13.4;747.0;203.0
2025-04-22T14:00;20.1;60;12.6;673.0;162.0
2025-04-22T15:00;19.8;61;11.5;527.0;145.0
2025-04-22T16:00;19.3;63;10.2;349.0;125.0
2025-04-22T17:00;18.4;67;9.8;158.0;89.0
2025-04-22T18:00;17.6;69;8.8;25.0;19.0
2025-04-22T19:00;16.8;73;7.4;0.0;0.0
2025-04-22T20:00;16.3;73;7.4;0.0;0.0
2025-04-22T21:00;16.0;71;7.4;0.0;0.0
2025-04-22T22:00;15.7;69;6.4;0.0;0.0
2025-04-22T23:00;15.4;68;5.2;0.0;0.0
2025-04-23T00:00;15.1;69;4.9;0.0;0.0
2025-04-23T01:00;14.9;71;5.2;0.0;0.0
2025-04-23T02:00;14.6;71;5.7;0.0;0.0
2025-04-23T03:00;14.3;73;5.1;0.0;0.0
2025-04-23T04:00;14.1;75;4.7;0.0;0.0
2025-04-23T05:00;14.5;73;5.6;14.0;11.0
2025-04-23T06:00;16.0;71;5.9;126.0;71.0
2025-04-23T07:00;17.3;63;6.4;310.0;124.0
2025-04-23T08:00;18.1;61;7.7;471.0;148.0
2025-04-23T09:00;18.7;61;8.3;588.0;217.0
2025-04-23T10:00;19.3;59;9.9;718.0;241.0
2025-04-23T11:00;19.5;58;11.2;813.0;246.0
2025-04-23T12:00;19.8;56;14.9;858.0;194.0
2025-04-23T13:00;19.7;55;13.6;814.0;180.0
2025-04-23T14:00;19.6;54;14.7;634.0;179.0
2025-04-23T15:00;19.2;56;14.8;541.0;141.0
2025-04-23T16:00;18.5;61;11.6;352.0;128.0
2025-04-23T17:00;17.7;65;11.2;159.0;84.0
2025-04-23T18:00;16.9;70;8.8;24.0;18.0
2025-04-23T19:00;16.5;74;9.2;0.0;0.0
2025-04-23T20:00;15.9;78;10.3;0.0;0.0
2025-04-23T21:00;15.4;82;10.7;0.0;0.0
2025-04-23T22:00;15.1;84;11.2;0.0;0.0
2025-04-23T23:00;15.0;85;11.6;0.0;0.0
2025-04-24T00:00;14.9;86;12.3;0.0;0.0
2025-04-24T01:00;15.1;87;11.7;0.0;0.0
2025-04-24T02:00;14.8;89;11.4;0.0;0.0
2025-04-24T03:00;14.6;89;12.0;0.0;0.0
2025-04-24T04:00;14.5;90;11.9;0.0;0.0
2025-04-24T05:00;14.6;89;10.0;15.0;12.0
2025-04-24T06:00;16.1;83;8.6;139.0;76.0
2025-04-24T07:00;17.8;67;8.8;330.0;118.0
2025-04-24T08:00;18.7;59;13.9;516.0;147.0
2025-04-24T09:00;19.1;55;18.3;581.0;252.0
2025-04-24T10:00;19.8;53;20.1;698.0;242.0
2025-04-24T11:00;19.8;59;21.8;826.0;231.0
2025-04-24T12:00;20.2;58;21.7;865.0;174.0
2025-04-24T13:00;20.7;54;23.9;822.0;173.0
2025-04-24T14:00;20.5;51;25.0;699.0;161.0
2025-04-24T15:00;19.8;50;27.2;552.0;137.0
2025-04-24T16:00;18.8;59;30.1;363.0;116.0
2025-04-24T17:00;17.6;64;28.5;155.0;74.0
2025-04-24T18:00;16.7;73;24.0;22.0;16.0
2025-04-24T19:00;16.5;75;22.3;0.0;0.0
2025-04-24T20:00;16.3;78;17.9;0.0;0.0
2025-04-24T21:00;16.2;79;16.0;0.0;0.0
2025-04-24T22:00;16.1;81;12.4;0.0;0.0
2025-04-24T23:00;15.7;84;10.3;0.0;0.0
2025-04-25T00:00;15.2;87;9.2;0.0;0.0
2025-04-25T01:00;14.9;84;8.5;0.0;0.0
2025-04-25T02:00;14.7;84;8.6;0.0;0.0
2025-04-25T03:00;14.6;86;8.6;0.0;0.0
2025-04-25T04:00;14.4;88;7.9;0.0;0.0
2025-04-25T05:00;14.8;87;7.5;17.0;14.0
2025-04-25T06:00;16.1;82;7.0;140.0;77.0
2025-04-25T07:00;17.3;73;8.1;303.0;121.0
2025-04-25T08:00;18.3;65;10.5;498.0;164.0
2025-04-25T09:00;19.2;58;10.2;630.0;206.0
2025-04-25T10:00;20.1;54;10.7;706.0;236.0
2025-04-25T11:00;20.3;56;13.1;796.0;278.0
2025-04-25T12:00;20.5;57;12.5;890.0;172.0
2025-04-25T13:00;20.0;59;11.1;798.0;202.0
2025-04-25T14:00;20.0;60;10.3;659.0;194.0
2025-04-25T15:00;19.5;62;13.3;451.0;196.0
2025-04-25T16:00;19.1;63;14.3;339.0;140.0
2025-04-25T17:00;18.4;67;13.8;161.0;84.0
2025-04-25T18:00;17.5;71;9.0;30.0;21.0
2025-04-25T19:00;16.7;75;6.2;0.0;0.0
2025-04-25T20:00;15.9;78;5.5;0.0;0.0
2025-04-25T21:00;15.3;80;5.2;0.0;0.0
2025-04-25T22:00;14.6;81;4.6;0.0;0.0
2025-04-25T23:00;14.2;81;5.8;0.0;0.0
2025-04-26T00:00;13.9;82;5.7;0.0;0.0
2025-04-26T01:00;13.9;82;4.2;0.0;0.0
2025-04-26T02:00;13.6;83;4.8;0.0;0.0
2025-04-26T03:00;13.4;84;5.6;0.0;0.0
2025-04-26T04:00;13.6;85;8.0;0.0;0.0
2025-04-26T05:00;13.8;85;8.5;18.0;14.0
2025-04-26T06:00;15.9;76;5.4;147.0;80.0
2025-04-26T07:00;17.8;69;3.5;325.0;120.0
2025-04-26T08:00;18.8;62;6.9;505.0;160.0
2025-04-26T09:00;19.1;61;9.2;673.0;205.0
2025-04-26T10:00;19.1;68;9.2;781.0;226.0
2025-04-26T11:00;19.5;66;8.4;885.0;182.0
2025-04-26T12:00;19.6;64;9.2;902.0;174.0
2025-04-26T13:00;19.9;67;9.3;846.0;163.0
2025-04-26T14:00;19.7;66;7.6;728.0;159.0
2025-04-26T15:00;19.2;65;7.7;568.0;141.0
2025-04-26T16:00;18.5;67;6.8;379.0;115.0
2025-04-26T17:00;17.6;71;5.1;182.0;81.0
2025-04-26T18:00;16.7;76;2.6;32.0;23.0
2025-04-26T19:00;16.3;82;0.9;0.0;0.0
2025-04-26T20:00;16.0;85;1.0;0.0;0.0
2025-04-26T21:00;15.6;87;1.0;0.0;0.0
2025-04-26T22:00;15.3;86;2.2;0.0;0.0
2025-04-26T23:00;15.0;87;4.7;0.0;0.0
2025-04-27T00:00;14.2;88;4.5;0.0;0.0
2025-04-27T01:00;13.9;83;4.6;0.0;0.0
2025-04-27T02:00;13.5;82;3.9;0.0;0.0
2025-04-27T03:00;12.9;82;2.8;0.0;0.0
2025-04-27T04:00;13.0;80;3.1;0.0;0.0
2025-04-27T05:00;13.7;78;3.6;20.0;16.0
2025-04-27T06:00;16.3;71;3.8;150.0;78.0
2025-04-27T07:00;17.8;66;4.7;343.0;116.0
2025-04-27T08:00;19.1;60;7.0;539.0;138.0
2025-04-27T09:00;19.9;59;9.0;704.0;154.0
2025-04-27T10:00;20.1;61;12.1;825.0;162.0
2025-04-27T11:00;19.5;58;11.5;842.0;212.0
2025-04-27T12:00;19.6;54;8.1;880.0;185.0
2025-04-27T13:00;20.1;62;8.7;769.0;210.0
2025-04-27T14:00;19.7;65;8.7;704.0;179.0
2025-04-27T15:00;19.2;67;7.0;480.0;207.0
2025-04-27T16:00;18.3;73;7.2;160.0;125.0
2025-04-27T17:00;17.8;76;5.8;97.0;80.0
2025-04-27T18:00;17.2;78;5.3;20.0;17.0
2025-04-27T19:00;17.2;78;5.8;0.0;0.0
2025-04-27T20:00;17.0;80;5.7;0.0;0.0
2025-04-27T21:00;16.4;86;6.0;0.0;0.0
2025-04-27T22:00;16.0;88;5.6;0.0;0.0
2025-04-27T23:00;15.6;90;4.0;0.0;0.0
2025-04-28T00:00;15.2;90;3.1;0.0;0.0
2025-04-28T01:00;15.5;84;1.1;0.0;0.0
2025-04-28T02:00;14.7;91;5.8;0.0;0.0
2025-04-28T03:00;14.2;96;8.8;0.0;0.0
2025-04-28T04:00;14.8;93;5.9;0.0;0.0
2025-04-28T05:00;15.1;93;4.8;8.0;8.0
2025-04-28T06:00;15.9;89;2.7;57.0;57.0
2025-04-28T07:00;16.9;78;1.9;162.0;150.0
2025-04-28T08:00;17.4;76;4.4;265.0;205.0
2025-04-28T09:00;17.8;75;7.6;428.0;307.0
2025-04-28T10:00;16.7;79;10.9;535.0;343.0
2025-04-28T11:00;16.6;84;9.8;506.0;322.0
2025-04-28T12:00;16.5;84;5.0;233.0;223.0
2025-04-28T13:00;17.5;80;6.9;496.0;347.0
2025-04-28T14:00;15.9;80;6.1;244.0;209.0
2025-04-28T15:00;16.2;84;3.1;233.0;190.0
2025-04-28T16:00;15.8;87;4.8;268.0;165.0
2025-04-28T17:00;15.5;89;2.4;120.0;98.0
2025-04-28T18:00;15.2;91;1.3;24.0;22.0
2025-04-28T19:00;15.0;91;1.8;0.0;0.0
2025-04-28T20:00;14.4;93;2.3;0.0;0.0
2025-04-28T21:00;14.0;94;2.0;0.0;0.0
2025-04-28T22:00;13.8;94;2.2;0.0;0.0
2025-04-28T23:00;13.6;92;2.6;0.0;0.0
2025-04-29T00:00;13.2;91;3.3;0.0;0.0
2025-04-29T01:00;13.6;89;1.3;0.0;0.0
2025-04-29T02:00;13.4;89;2.1;0.0;0.0
2025-04-29T03:00;13.6;89;1.3;0.0;0.0
2025-04-29T04:00;13.7;88;2.1;0.0;0.0
2025-04-29T05:00;14.1;89;3.2;22.0;17.0
2025-04-29T06:00;16.1;87;2.2;154.0;79.0
2025-04-29T07:00;17.4;80;1.3;348.0;113.0
2025-04-29T08:00;18.5;75;4.4;540.0;137.0
2025-04-29T09:00;19.0;73;5.6;688.0;160.0
2025-04-29T10:00;19.4;73;6.4;810.0;168.0
2025-04-29T11:00;19.7;73;7.2;883.0;174.0
2025-04-29T12:00;19.6;77;7.5;899.0;168.0
2025-04-29T13:00;19.0;88;2.4;769.0;193.0
2025-04-29T14:00;18.9;79;6.3;348.0;217.0
2025-04-29T15:00;20.0;71;5.6;534.0;156.0
2025-04-29T16:00;19.7;74;5.1;367.0;118.0
2025-04-29T17:00;18.9;79;4.6;184.0;82.0
2025-04-29T18:00;17.8;87;3.7;35.0;24.0
2025-04-29T19:00;17.4;86;3.1;0.0;0.0
2025-04-29T20:00;17.1;81;2.3;0.0;0.0
2025-04-29T21:00;16.7;80;2.3;0.0;0.0
2025-04-29T22:00;16.4;79;2.4;0.0;0.0
2025-04-29T23:00;16.3;78;3.6;0.0;0.0
2025-04-30T00:00;15.9;79;3.4;0.0;0.0
2025-04-30T01:00;15.6;76;3.6;0.0;0.0
2025-04-30T02:00;15.5;75;3.6;0.0;0.0
2025-04-30T03:00;15.5;74;4.6;0.0;0.0
2025-04-30T04:00;15.3;76;5.5;0.0;0.0
2025-04-30T05:00;15.6;77;5.5;24.0;18.0
2025-04-30T06:00;17.3;80;6.2;161.0;76.0
2025-04-30T07:00;19.1;70;4.8;352.0;114.0
2025-04-30T08:00;20.0;66;5.0;544.0;136.0
2025-04-30T09:00;20.7;63;6.1;710.0;152.0
2025-04-30T10:00;21.1;63;7.3;831.0;160.0
2025-04-30T11:00;21.1;65;7.9;896.0;168.0
2025-04-30T12:00;21.1;67;7.7;905.0;165.0
2025-04-30T13:00;21.5;69;7.4;850.0;161.0
2025-04-30T14:00;21.2;69;6.2;736.0;153.0
2025-04-30T15:00;20.9;69;4.7;578.0;138.0
2025-04-30T16:00;20.5;68;4.5;387.0;116.0
2025-04-30T17:00;19.6;74;3.6;191.0;84.0
2025-04-30T18:00;18.4;85;2.4;38.0;26.0
2025-04-30T19:00;17.9;85;3.8;0.0;0.0
2025-04-30T20:00;17.3;83;2.7;0.0;0.0
2025-04-30T21:00;17.0;79;2.7;0.0;0.0
2025-04-30T22:00;16.8;76;2.4;0.0;0.0
2025-04-30T23:00;16.1;78;1.7;0.0;0.0
2025-05-01T00:00;16.0;77;1.4;0.0;0.0
2025-05-01T01:00;15.3;75;1.2;0.0;0.0
2025-05-01T02:00;15.1;75;1.8;0.0;0.0
2025-05-01T03:00;15.3;72;1.7;0.0;0.0
2025-05-01T04:00;15.4;69;1.2;0.0;0.0
2025-05-01T05:00;16.3;68;1.3;27.0;20.0
2025-05-01T06:00;18.5;63;1.1;169.0;78.0
2025-05-01T07:00;19.5;61;1.8;365.0;115.0
2025-05-01T08:00;20.5;56;1.5;561.0;139.0
2025-05-01T09:00;21.3;55;4.5;727.0;155.0
2025-05-01T10:00;21.4;63;7.7;848.0;166.0
2025-05-01T11:00;22.0;59;7.4;915.0;169.0
2025-05-01T12:00;22.3;62;8.3;922.0;167.0
2025-05-01T13:00;22.3;68;8.5;865.0;165.0
2025-05-01T14:00;22.1;71;7.6;749.0;153.0
2025-05-01T15:00;21.7;72;7.1;587.0;138.0
2025-05-01T16:00;20.9;70;5.8;395.0;117.0
2025-05-01T17:00;20.0;68;2.8;196.0;84.0
2025-05-01T18:00;18.9;75;0.4;40.0;27.0
2025-05-01T19:00;18.0;78;1.1;0.0;0.0
2025-05-01T20:00;17.6;74;1.0;0.0;0.0
2025-05-01T21:00;17.3;67;1.5;0.0;0.0
2025-05-01T22:00;17.1;62;1.5;0.0;0.0
2025-05-01T23:00;17.1;57;1.3;0.0;0.0
2025-05-02T00:00;16.6;56;2.3;0.0;0.0
2025-05-02T01:00;16.1;53;2.6;0.0;0.0
2025-05-02T02:00;16.0;52;2.7;0.0;0.0
2025-05-02T03:00;15.9;50;3.2;0.0;0.0
2025-05-02T04:00;15.8;49;3.0;0.0;0.0
2025-05-02T05:00;16.7;47;2.6;30.0;21.0
2025-05-02T06:00;19.4;43;1.5;179.0;80.0
2025-05-02T07:00;20.8;41;0.9;379.0;115.0
2025-05-02T08:00;21.8;39;3.6;575.0;136.0
2025-05-02T09:00;22.1;43;6.4;742.0;151.0
2025-05-02T10:00;22.4;46;5.5;862.0;160.0
2025-05-02T11:00;23.0;42;5.1;928.0;165.0
2025-05-02T12:00;23.4;40;6.0;934.0;165.0
2025-05-02T13:00;23.7;34;6.5;876.0;161.0
2025-05-02T14:00;23.4;35;6.7;760.0;152.0
2025-05-02T15:00;22.9;37;6.1;596.0;137.0
2025-05-02T16:00;22.2;40;5.3;402.0;117.0
2025-05-02T17:00;21.3;44;5.3;201.0;85.0
2025-05-02T18:00;20.0;53;5.3;42.0;28.0
2025-05-02T19:00;19.4;50;6.0;0.0;0.0
2025-05-02T20:00;19.2;44;6.0;0.0;0.0
2025-05-02T21:00;19.0;42;5.0;0.0;0.0
2025-05-02T22:00;18.8;41;6.0;0.0;0.0
2025-05-02T23:00;18.5;41;5.7;0.0;0.0
2025-05-03T00:00;18.1;42;4.0;0.0;0.0
2025-05-03T01:00;17.9;40;3.4;0.0;0.0
2025-05-03T02:00;17.5;40;4.1;0.0;0.0
2025-05-03T03:00;16.8;41;3.8;0.0;0.0
2025-05-03T04:00;16.7;40;2.1;0.0;0.0
2025-05-03T05:00;17.6;39;2.9;30.0;23.0
2025-05-03T06:00;20.1;37;4.2;175.0;84.0
2025-05-03T07:00;22.3;34;4.3;367.0;127.0
2025-05-03T08:00;23.1;37;5.2;569.0;141.0
2025-05-03T09:00;23.5;40;6.5;734.0;161.0
2025-05-03T10:00;23.9;40;7.2;852.0;173.0
2025-05-03T11:00;24.3;37;8.1;878.0;253.0
2025-05-03T12:00;24.3;38;9.3;865.0;278.0
2025-05-03T13:00;23.8;38;6.7;679.0;377.0
2025-05-03T14:00;23.6;43;7.6;712.0;220.0
2025-05-03T15:00;22.8;50;7.0;586.0;136.0
2025-05-03T16:00;22.2;52;5.6;393.0;116.0
2025-05-03T17:00;21.7;54;5.2;197.0;84.0
2025-05-03T18:00;21.0;56;3.8;42.0;28.0
2025-05-03T19:00;20.2;59;2.2;0.0;0.0
2025-05-03T20:00;19.3;59;1.2;0.0;0.0
2025-05-03T21:00;18.5;58;2.5;0.0;0.0
2025-05-03T22:00;18.1;53;2.4;0.0;0.0
2025-05-03T23:00;17.5;43;2.3;0.0;0.0
2025-05-04T00:00;17.4;35;3.1;0.0;0.0
2025-05-04T01:00;17.7;35;3.2;0.0;0.0
2025-05-04T02:00;17.5;31;2.3;0.0;0.0
2025-05-04T03:00;17.6;30;1.2;0.0;0.0
2025-05-04T04:00;17.9;30;4.9;0.0;0.0
2025-05-04T05:00;18.3;27;2.9;27.0;21.0
2025-05-04T06:00;20.4;30;4.0;167.0;88.0
2025-05-04T07:00;23.1;22;1.4;350.0;135.0
2025-05-04T08:00;23.8;31;4.4;544.0;152.0
2025-05-04T09:00;24.5;36;5.4;685.0;185.0
2025-05-04T10:00;24.2;40;6.0;773.0;214.0
2025-05-04T11:00;24.1;44;7.6;599.0;279.0
2025-05-04T12:00;24.2;39;6.0;780.0;329.0
2025-05-04T13:00;24.2;59;6.3;547.0;335.0
2025-05-04T14:00;23.1;65;3.4;119.0;117.0
2025-05-04T15:00;23.7;56;5.0;190.0;186.0
2025-05-04T16:00;22.8;58;5.4;56.0;56.0
2025-05-04T17:00;22.0;60;4.4;31.0;31.0
2025-05-04T18:00;20.4;64;10.1;6.0;6.0
2025-05-04T19:00;19.7;67;10.0;0.0;0.0
2025-05-04T20:00;19.1;70;7.9;0.0;0.0
2025-05-04T21:00;19.0;76;8.9;0.0;0.0
2025-05-04T22:00;18.1;82;5.9;0.0;0.0
2025-05-04T23:00;17.8;80;6.1;0.0;0.0
2025-05-05T00:00;18.4;72;7.0;0.0;0.0
2025-05-05T01:00;18.6;69;7.9;0.0;0.0
2025-05-05T02:00;18.2;69;5.1;0.0;0.0
2025-05-05T03:00;17.9;70;5.2;0.0;0.0
2025-05-05T04:00;18.0;64;8.9;0.0;0.0
2025-05-05T05:00;18.4;61;9.8;31.0;22.0
2025-05-05T06:00;20.8;56;7.4;173.0;79.0
2025-05-05T07:00;20.4;75;5.2;333.0;119.0
2025-05-05T08:00;20.5;77;2.4;324.0;219.0
2025-05-05T09:00;21.8;75;4.9;637.0;239.0
2025-05-05T10:00;23.4;69;7.2;790.0;196.0
2025-05-05T11:00;23.4;66;10.3;852.0;234.0
2025-05-05T12:00;22.7;71;9.6;729.0;313.0
2025-05-05T13:00;22.9;58;6.9;371.0;314.0
2025-05-05T14:00;24.0;53;2.6;652.0;184.0
2025-05-05T15:00;23.4;54;5.1;535.0;158.0
2025-05-05T16:00;22.3;58;3.2;353.0;132.0
2025-05-05T17:00;21.5;64;3.2;175.0;85.0
2025-05-05T18:00;20.5;69;2.4;40.0;27.0
2025-05-05T19:00;19.9;73;2.0;0.0;0.0
2025-05-05T20:00;19.1;77;1.4;0.0;0.0
2025-05-05T21:00;18.6;80;3.9;0.0;0.0
2025-05-05T22:00;18.3;82;3.8;0.0;0.0
2025-05-05T23:00;17.8;83;3.1;0.0;0.0
2025-05-06T00:00;17.4;84;1.9;0.0;0.0
2025-05-06T01:00;17.5;79;1.4;0.0;0.0
2025-05-06T02:00;17.4;75;1.5;0.0;0.0
2025-05-06T03:00;17.1;69;2.8;0.0;0.0
2025-05-06T04:00;16.9;65;3.8;0.0;0.0
2025-05-06T05:00;17.4;61;12.6;25.0;21.0
2025-05-06T06:00;18.9;59;6.3;100.0;66.0
2025-05-06T07:00;20.5;51;0.5;303.0;167.0
2025-05-06T08:00;21.8;45;3.8;335.0;241.0
2025-05-06T09:00;22.1;45;4.8;350.0;301.0
2025-05-06T10:00;23.7;43;6.1;728.0;276.0
2025-05-06T11:00;22.8;49;11.0;840.0;262.0
2025-05-06T12:00;23.2;48;7.6;902.0;163.0
2025-05-06T13:00;22.8;57;3.9;763.0;192.0
2025-05-06T14:00;22.4;61;6.1;605.0;171.0
2025-05-06T15:00;21.7;67;7.4;553.0;138.0
2025-05-06T16:00;20.6;70;7.0;357.0;125.0
2025-05-06T17:00;20.1;69;7.1;197.0;84.0
2025-05-06T18:00;19.4;71;6.5;45.0;30.0
2025-05-06T19:00;18.7;77;6.2;0.0;0.0
2025-05-06T20:00;18.1;79;5.7;0.0;0.0
2025-05-06T21:00;17.5;80;4.8;0.0;0.0
2025-05-06T22:00;17.0;82;3.5;0.0;0.0
2025-05-06T23:00;16.6;79;2.2;0.0;0.0
2025-05-07T00:00;16.5;71;2.6;0.0;0.0
2025-05-07T01:00;16.1;68;3.5;0.0;0.0
2025-05-07T02:00;15.7;65;3.6;0.0;0.0
2025-05-07T03:00;16.0;59;3.5;0.0;0.0
2025-05-07T04:00;16.2;55;3.3;0.0;0.0
2025-05-07T05:00;17.1;52;3.0;35.0;26.0
2025-05-07T06:00;19.5;48;3.4;183.0;86.0
2025-05-07T07:00;21.2;42;3.4;379.0;115.0
2025-05-07T08:00;22.5;41;3.7;570.0;137.0
2025-05-07T09:00;23.1;44;7.3;734.0;150.0
2025-05-07T10:00;23.0;55;9.1;851.0;159.0
2025-05-07T11:00;23.0;62;9.8;911.0;165.0
2025-05-07T12:00;23.0;64;8.7;891.0;165.0
2025-05-07T13:00;22.6;65;8.2;714.0;200.0
2025-05-07T14:00;22.6;66;9.3;727.0;154.0
2025-05-07T15:00;21.8;72;9.1;551.0;146.0
2025-05-07T16:00;21.5;72;6.8;374.0;140.0
2025-05-07T17:00;20.8;74;5.3;195.0;86.0
2025-05-07T18:00;20.1;73;3.8;45.0;32.0
2025-05-07T19:00;19.5;74;3.1;0.0;0.0
2025-05-07T20:00;18.9;76;3.1;0.0;0.0
2025-05-07T21:00;18.6;77;2.4;0.0;0.0
2025-05-07T22:00;18.3;79;1.1;0.0;0.0
2025-05-07T23:00;17.6;83;0.5;0.0;0.0
2025-05-08T00:00;17.6;81;0.8;0.0;0.0
2025-05-08T01:00;17.6;80;1.8;0.0;0.0
2025-05-08T02:00;16.5;89;1.1;0.0;0.0
2025-05-08T03:00;17.0;83;9.6;0.0;0.0
2025-05-08T04:00;16.8;87;5.4;0.0;0.0
2025-05-08T05:00;16.4;95;5.5;5.0;5.0
2025-05-08T06:00;16.4;94;6.4;48.0;48.0
2025-05-08T07:00;16.6;89;11.2;36.0;36.0
2025-05-08T08:00;18.4;82;4.2;250.0;221.0
2025-05-08T09:00;18.3;86;3.4;148.0;148.0
2025-05-08T10:00;19.4;83;4.4;430.0;340.0
2025-05-08T11:00;19.7;79;6.4;430.0;369.0
2025-05-08T12:00;19.6;77;10.2;637.0;403.0
2025-05-08T13:00;21.3;69;10.3;748.0;194.0
2025-05-08T14:00;21.0;72;11.7;624.0;232.0
2025-05-08T15:00;20.5;78;10.6;398.0;244.0
2025-05-08T16:00;20.3;79;9.7;326.0;140.0
2025-05-08T17:00;19.7;83;8.7;166.0;91.0
2025-05-08T18:00;19.0;87;8.3;40.0;30.0
2025-05-08T19:00;18.6;89;7.7;0.0;0.0
2025-05-08T20:00;18.3;90;6.0;0.0;0.0
2025-05-08T21:00;18.0;90;6.8;0.0;0.0
2025-05-08T22:00;18.0;89;6.7;0.0;0.0
2025-05-08T23:00;17.7;90;2.7;0.0;0.0
2025-05-09T00:00;17.7;90;0.9;0.0;0.0
2025-05-09T01:00;18.6;82;7.9;0.0;0.0
2025-05-09T02:00;17.7;92;0.3;0.0;0.0
2025-05-09T03:00;17.3;92;3.3;0.0;0.0
2025-05-09T04:00;17.5;90;4.4;0.0;0.0
2025-05-09T05:00;18.1;91;4.8;29.0;27.0
2025-05-09T06:00;18.9;90;4.4;110.0;89.0
2025-05-09T07:00;18.8;92;3.9;69.0;69.0
2025-05-09T08:00;18.7;89;2.3;81.0;81.0
2025-05-09T09:00;19.7;75;5.3;341.0;264.0
2025-05-09T10:00;19.7;82;6.3;298.0;278.0
2025-05-09T11:00;19.6;88;6.9;334.0;281.0
2025-05-09T12:00;19.6;87;6.8;301.0;210.0
2025-05-09T13:00;18.6;85;11.7;193.0;154.0
2025-05-09T14:00;20.3;75;11.7;574.0;250.0
2025-05-09T15:00;20.2;76;10.7;454.0;189.0
2025-05-09T16:00;19.4;81;9.9;353.0;130.0
2025-05-09T17:00;18.6;84;6.9;194.0;93.0
2025-05-09T18:00;17.9;90;4.4;49.0;32.0
2025-05-09T19:00;17.5;93;4.5;0.0;0.0
2025-05-09T20:00;17.4;94;5.4;0.0;0.0
2025-05-09T21:00;17.2;94;6.5;0.0;0.0
2025-05-09T22:00;17.3;93;6.3;0.0;0.0
2025-05-09T23:00;17.2;92;5.8;0.0;0.0
2025-05-10T00:00;16.9;91;5.5;0.0;0.0
2025-05-10T01:00;17.2;91;4.9;0.0;0.0
2025-05-10T02:00;17.1;90;4.9;0.0;0.0
2025-05-10T03:00;16.8;90;4.6;0.0;0.0
2025-05-10T04:00;16.6;90;4.3;0.0;0.0
2025-05-10T05:00;17.1;90;5.5;36.0;27.0
2025-05-10T06:00;17.7;89;6.1;165.0;95.0
2025-05-10T07:00;18.9;78;6.4;372.0;128.0
2025-05-10T08:00;19.9;68;5.8;567.0;151.0
2025-05-10T09:00;20.8;63;7.0;736.0;161.0
2025-05-10T10:00;20.9;69;9.4;857.0;164.0
2025-05-10T11:00;20.8;67;9.1;908.0;195.0
2025-05-10T12:00;20.7;63;9.2;905.0;206.0
2025-05-10T13:00;21.4;58;8.8;844.0;180.0
2025-05-10T14:00;21.1;60;8.2;749.0;154.0
2025-05-10T15:00;20.6;65;8.1;589.0;139.0
2025-05-10T16:00;20.1;65;7.7;400.0;118.0
2025-05-10T17:00;19.4;67;6.8;213.0;88.0
2025-05-10T18:00;18.3;76;6.9;53.0;34.0
2025-05-10T19:00;17.7;78;6.8;0.0;0.0
2025-05-10T20:00;17.3;77;7.3;0.0;0.0
2025-05-10T21:00;16.9;76;7.2;0.0;0.0
2025-05-10T22:00;16.8;73;5.9;0.0;0.0
2025-05-10T23:00;16.6;73;4.0;0.0;0.0
2025-05-11T00:00;16.3;74;2.5;0.0;0.0
2025-05-11T01:00;16.7;76;3.1;0.0;0.0
2025-05-11T02:00;16.8;79;1.7;0.0;0.0
2025-05-11T03:00;16.6;78;2.2;0.0;0.0
2025-05-11T04:00;16.4;81;1.4;0.0;0.0
2025-05-11T05:00;17.3;82;2.5;33.0;26.0
2025-05-11T06:00;17.9;84;4.6;111.0;91.0
2025-05-11T07:00;17.7;84;1.6;101.0;77.0
2025-05-11T08:00;18.5;81;2.7;232.0;171.0
2025-05-11T09:00;19.6;76;8.9;531.0;319.0
2025-05-11T10:00;19.9;75;11.4;667.0;228.0
2025-05-11T11:00;20.6;74;12.7;845.0;221.0
2025-05-11T12:00;20.1;77;13.9;737.0;272.0
2025-05-11T13:00;20.2;74;10.5;692.0;270.0
2025-05-11T14:00;19.9;76;10.3;672.0;221.0
2025-05-11T15:00;19.7;72;10.0;468.0;238.0
2025-05-11T16:00;19.3;75;11.4;345.0;152.0
2025-05-11T17:00;18.5;80;9.9;185.0;108.0
2025-05-11T18:00;17.8;83;9.1;50.0;35.0
2025-05-11T19:00;17.2;85;9.2;0.0;0.0
2025-05-11T20:00;16.9;82;8.3;0.0;0.0
2025-05-11T21:00;16.7;82;7.2;0.0;0.0
2025-05-11T22:00;16.6;81;8.0;0.0;0.0
2025-05-11T23:00;16.4;82;4.5;0.0;0.0
2025-05-12T00:00;16.4;83;1.2;0.0;0.0
2025-05-12T01:00;16.1;86;1.1;0.0;0.0
2025-05-12T02:00;16.5;84;1.2;0.0;0.0
2025-05-12T03:00;16.6;85;0.7;0.0;0.0
2025-05-12T04:00;16.3;89;1.5;0.0;0.0
2025-05-12T05:00;17.0;90;2.2;22.0;21.0
2025-05-12T06:00;18.1;86;5.7;108.0;96.0
2025-05-12T07:00;19.0;79;6.7;334.0;161.0
2025-05-12T08:00;19.5;75;6.0;497.0;209.0
2025-05-12T09:00;19.8;72;6.3;524.0;340.0
2025-05-12T10:00;20.6;67;8.3;762.0;289.0
2025-05-12T11:00;20.9;63;9.6;894.0;176.0
2025-05-12T12:00;21.0;62;9.7;910.0;168.0
2025-05-12T13:00;21.4;61;10.0;746.0;193.0
2025-05-12T14:00;21.5;61;10.6;701.0;170.0
2025-05-12T15:00;21.0;65;10.7;513.0;155.0
2025-05-12T16:00;20.5;67;10.1;383.0;122.0
2025-05-12T17:00;20.0;68;6.8;206.0;89.0
2025-05-12T18:00;19.1;76;5.5;54.0;35.0
2025-05-12T19:00;18.1;84;2.8;0.0;0.0
2025-05-12T20:00;17.4;87;3.4;0.0;0.0
2025-05-12T21:00;16.6;90;3.3;0.0;0.0
2025-05-12T22:00;16.1;89;2.3;0.0;0.0
2025-05-12T23:00;16.0;87;2.2;0.0;0.0
2025-05-13T00:00;16.2;84;2.4;0.0;0.0
2025-05-13T01:00;16.2;84;4.2;0.0;0.0
2025-05-13T02:00;15.4;88;1.7;0.0;0.0
2025-05-13T03:00;15.8;87;2.6;0.0;0.0
2025-05-13T04:00;15.1;90;2.6;0.0;0.0
2025-05-13T05:00;16.4;87;4.8;26.0;22.0
2025-05-13T06:00;18.2;82;4.5;177.0;85.0
2025-05-13T07:00;19.6;77;3.6;366.0;127.0
2025-05-13T08:00;20.4;71;6.5;555.0;148.0
2025-05-13T09:00;20.7;69;9.3;653.0;198.0
2025-05-13T10:00;20.6;70;10.4;730.0;227.0
2025-05-13T11:00;20.6;71;10.3;783.0;245.0
2025-05-13T12:00;21.0;66;9.9;812.0;229.0
2025-05-13T13:00;21.8;63;10.7;833.0;183.0
2025-05-13T14:00;21.7;57;10.8;723.0;175.0
2025-05-13T15:00;21.2;60;10.8;582.0;180.0
2025-05-13T16:00;20.5;65;10.2;402.0;140.0
2025-05-13T17:00;19.6;71;7.7;219.0;91.0
2025-05-13T18:00;18.7;76;4.8;48.0;43.0
2025-05-13T19:00;17.9;86;1.5;0.0;0.0
2025-05-13T20:00;17.2;89;0.9;0.0;0.0
2025-05-13T21:00;16.9;88;2.5;0.0;0.0
2025-05-13T22:00;16.3;89;4.9;0.0;0.0
2025-05-13T23:00;15.7;87;3.7;0.0;0.0
2025-05-14T00:00;15.3;83;2.7;0.0;0.0
2025-05-14T01:00;15.7;79;4.4;0.0;0.0
2025-05-14T02:00;15.4;80;3.6;0.0;0.0
2025-05-14T03:00;15.1;81;5.2;0.0;0.0
2025-05-14T04:00;15.1;83;5.4;0.0;0.0
2025-05-14T05:00;16.2;81;6.7;40.0;33.0
2025-05-14T06:00;18.2;73;5.6;167.0;118.0
2025-05-14T07:00;19.1;69;5.4;272.0;207.0
2025-05-14T08:00;20.6;61;8.1;521.0;219.0
2025-05-14T09:00;21.4;60;9.1;657.0;274.0
2025-05-14T10:00;21.0;67;10.1;636.0;374.0
2025-05-14T11:00;19.2;74;8.3;296.0;280.0
2025-05-14T12:00;18.9;71;5.8;246.0;229.0
2025-05-14T13:00;19.5;74;4.7;197.0;192.0
2025-05-14T14:00;19.2;78;7.0;157.0;152.0
2025-05-14T15:00;19.1;80;6.3;118.0;118.0
2025-05-14T16:00;19.0;78;6.7;79.0;77.0
2025-05-14T17:00;19.1;76;6.9;64.0;64.0
2025-05-14T18:00;18.7;76;6.6;36.0;30.0
2025-05-14T19:00;18.3;80;5.4;0.0;0.0
2025-05-14T20:00;17.6;85;4.6;0.0;0.0
2025-05-14T21:00;17.3;87;3.6;0.0;0.0
2025-05-14T22:00;17.3;86;4.3;0.0;0.0
2025-05-14T23:00;17.2;84;5.4;0.0;0.0
2025-05-15T00:00;17.0;83;6.3;0.0;0.0
2025-05-15T01:00;17.5;79;4.4;0.0;0.0
2025-05-15T02:00;17.5;80;2.8;0.0;0.0
2025-05-15T03:00;17.5;84;6.6;0.0;0.0
2025-05-15T04:00;17.1;91;3.6;0.0;0.0
2025-05-15T05:00;17.1;92;2.5;14.0;14.0
2025-05-15T06:00;17.5;94;8.8;55.0;52.0
2025-05-15T07:00;17.3;97;14.0;71.0;71.0
2025-05-15T08:00;17.1;91;19.5;137.0;131.0
2025-05-15T09:00;18.5;83;22.5;481.0;322.0
2025-05-15T10:00;18.2;85;19.7;367.0;230.0
2025-05-15T11:00;19.3;82;16.2;452.0;264.0
2025-05-15T12:00;20.3;83;12.2;471.0;339.0
2025-05-15T13:00;18.9;82;8.6;522.0;356.0
2025-05-15T14:00;18.2;89;8.4;358.0;272.0
2025-05-15T15:00;18.6;88;8.5;344.0;241.0
2025-05-15T16:00;19.0;88;6.6;246.0;162.0
2025-05-15T17:00;19.1;88;4.4;160.0;104.0
2025-05-15T18:00;17.6;95;7.1;42.0;32.0
2025-05-15T19:00;17.5;95;8.0;0.0;0.0
2025-05-15T20:00;16.9;97;8.3;0.0;0.0
2025-05-15T21:00;17.0;95;9.7;0.0;0.0
2025-05-15T22:00;16.7;96;12.1;0.0;0.0
2025-05-15T23:00;16.5;93;12.9;0.0;0.0
2025-05-16T00:00;16.4;94;13.0;0.0;0.0
2025-05-16T01:00;16.6;96;13.7;0.0;0.0
2025-05-16T02:00;16.8;91;17.1;0.0;0.0
2025-05-16T03:00;16.6;90;14.3;0.0;0.0
2025-05-16T04:00;17.0;90;12.5;0.0;0.0
2025-05-16T05:00;17.1;87;15.1;30.0;25.0
2025-05-16T06:00;16.6;89;11.3;101.0;76.0
2025-05-16T07:00;16.6;89;11.1;260.0;137.0
2025-05-16T08:00;17.1;88;12.1;229.0;143.0
2025-05-16T09:00;19.7;81;13.3;438.0;257.0
2025-05-16T10:00;19.9;78;18.0;678.0;270.0
2025-05-16T11:00;20.2;76;20.9;596.0;307.0
2025-05-16T12:00;20.6;74;21.3;746.0;379.0
2025-05-16T13:00;21.3;65;20.6;692.0;365.0
2025-05-16T14:00;21.2;64;21.7;669.0;268.0
2025-05-16T15:00;20.9;66;20.4;561.0;205.0
2025-05-16T16:00;20.4;70;19.5;405.0;132.0
2025-05-16T17:00;19.6;76;15.1;220.0;94.0
2025-05-16T18:00;18.7;82;10.7;61.0;40.0
2025-05-16T19:00;17.9;88;9.6;0.0;0.0
2025-05-16T20:00;17.5;89;8.6;0.0;0.0
2025-05-16T21:00;16.9;90;8.3;0.0;0.0
2025-05-16T22:00;16.5;89;8.9;0.0;0.0
2025-05-16T23:00;16.2;88;9.8;0.0;0.0
2025-05-17T00:00;15.8;89;9.5;0.0;0.0
2025-05-17T01:00;16.2;91;11.2;0.0;0.0
2025-05-17T02:00;16.4;90;9.1;0.0;0.0
2025-05-17T03:00;16.0;89;10.4;0.0;0.0
2025-05-17T04:00;15.8;87;9.4;0.0;0.0
2025-05-17T05:00;16.4;85;9.4;49.0;33.0
2025-05-17T06:00;18.1;75;9.9;203.0;88.0
2025-05-17T07:00;18.9;70;12.5;394.0;120.0
2025-05-17T08:00;19.6;60;15.5;555.0;154.0
2025-05-17T09:00;20.1;59;16.7;759.0;155.0
2025-05-17T10:00;20.5;56;17.1;873.0;166.0
2025-05-17T11:00;20.4;55;17.2;939.0;166.0
2025-05-17T12:00;20.4;54;16.2;943.0;165.0
2025-05-17T13:00;21.0;47;14.7;894.0;162.0
2025-05-17T14:00;20.7;49;14.1;781.0;153.0
2025-05-17T15:00;20.3;52;13.7;621.0;140.0
2025-05-17T16:00;19.8;53;11.9;430.0;120.0
2025-05-17T17:00;19.1;60;7.7;231.0;90.0
2025-05-17T18:00;17.8;74;4.5;65.0;41.0
2025-05-17T19:00;16.7;79;3.9;0.0;0.0
2025-05-17T20:00;15.8;79;4.6;0.0;0.0
2025-05-17T21:00;15.1;79;5.3;0.0;0.0
2025-05-17T22:00;14.6;78;4.2;0.0;0.0
2025-05-17T23:00;14.4;78;4.1;0.0;0.0
2025-05-18T00:00;14.3;78;4.7;0.0;0.0
2025-05-18T01:00;14.8;75;6.0;0.0;0.0
2025-05-18T02:00;14.8;75;7.4;0.0;0.0
2025-05-18T03:00;14.8;75;8.2;0.0;0.0
2025-05-18T04:00;14.7;80;7.7;0.0;0.0
2025-05-18T05:00;15.7;82;7.4;52.0;34.0
2025-05-18T06:00;18.5;79;5.9;205.0;89.0
2025-05-18T07:00;19.9;72;3.0;397.0;124.0
2025-05-18T08:00;21.0;67;0.8;588.0;141.0
2025-05-18T09:00;22.0;60;3.2;746.0;157.0
2025-05-18T10:00;22.3;61;5.3;837.0;163.0
2025-05-18T11:00;22.4;64;5.1;889.0;183.0
2025-05-18T12:00;22.2;68;5.1;850.0;185.0
2025-05-18T13:00;22.0;70;7.9;779.0;213.0
2025-05-18T14:00;21.6;68;7.1;595.0;192.0
2025-05-18T15:00;21.4;67;6.8;553.0;157.0
2025-05-18T16:00;21.1;66;5.9;362.0;141.0
2025-05-18T17:00;20.5;68;6.1;226.0;91.0
2025-05-18T18:00;19.4;78;4.7;65.0;41.0
2025-05-18T19:00;18.5;80;4.6;1.0;1.0
2025-05-18T20:00;18.1;80;3.8;0.0;0.0
2025-05-18T21:00;17.7;78;2.8;0.0;0.0
2025-05-18T22:00;17.1;79;1.4;0.0;0.0
2025-05-18T23:00;16.7;77;1.1;0.0;0.0
2025-05-19T00:00;16.5;75;0.6;0.0;0.0
2025-05-19T01:00;16.7;75;1.1;0.0;0.0
2025-05-19T02:00;16.7;73;1.6;0.0;0.0
2025-05-19T03:00;16.7;72;1.3;0.0;0.0
2025-05-19T04:00;16.6;70;0.4;0.0;0.0
2025-05-19T05:00;18.2;67;1.3;53.0;34.0
2025-05-19T06:00;20.2;72;2.9;209.0;86.0
2025-05-19T07:00;21.4;71;4.1;402.0;117.0
2025-05-19T08:00;21.9;76;5.7;590.0;137.0
2025-05-19T09:00;22.3;77;7.3;748.0;150.0
2025-05-19T10:00;22.7;76;6.9;863.0;160.0
2025-05-19T11:00;23.1;73;7.1;925.0;165.0
2025-05-19T12:00;23.2;69;6.9;928.0;165.0
2025-05-19T13:00;23.3;63;9.0;870.0;160.0
2025-05-19T14:00;23.1;64;9.1;759.0;152.0
2025-05-19T15:00;22.6;64;8.9;604.0;138.0
2025-05-19T16:00;21.9;67;8.2;420.0;119.0
2025-05-19T17:00;20.9;72;7.2;228.0;90.0
2025-05-19T18:00;19.6;82;6.6;66.0;41.0
2025-05-19T19:00;19.1;81;6.4;1.0;1.0
2025-05-19T20:00;18.9;79;6.0;0.0;0.0
2025-05-19T21:00;18.7;78;4.4;0.0;0.0
2025-05-19T22:00;18.4;77;3.8;0.0;0.0
2025-05-19T23:00;18.4;76;4.5;0.0;0.0
2025-05-20T00:00;18.1;80;3.3;0.0;0.0
2025-05-20T01:00;17.8;78;0.9;0.0;0.0
2025-05-20T02:00;18.0;76;1.4;0.0;0.0
2025-05-20T03:00;18.3;77;3.0;0.0;0.0
2025-05-20T04:00;17.7;78;2.3;0.0;0.0
2025-05-20T05:00;19.0;75;2.6;53.0;35.0
2025-05-20T06:00;21.1;78;2.7;183.0;114.0
2025-05-20T07:00;20.2;89;10.7;338.0;145.0
2025-05-20T08:00;22.0;75;6.3;558.0;149.0
2025-05-20T09:00;24.5;65;7.0;677.0;195.0
2025-05-20T10:00;24.6;73;8.8;836.0;194.0
2025-05-20T11:00;24.5;81;6.2;908.0;169.0
2025-05-20T12:00;25.4;80;6.5;897.0;185.0
2025-05-20T13:00;27.6;57;7.4;491.0;341.0
2025-05-20T14:00;27.6;72;3.1;626.0;227.0
2025-05-20T15:00;26.6;90;1.1;560.0;178.0
2025-05-20T16:00;25.5;92;4.6;340.0;178.0
2025-05-20T17:00;23.1;99;10.1;193.0;109.0
2025-05-20T18:00;20.9;93;10.7;50.0;42.0
2025-05-20T19:00;21.3;84;8.8;1.0;1.0
2025-05-20T20:00;21.8;71;9.2;0.0;0.0
2025-05-20T21:00;21.3;71;7.9;0.0;0.0
2025-05-20T22:00;21.1;71;9.5;0.0;0.0
2025-05-20T23:00;20.9;72;8.2;0.0;0.0
2025-05-21T00:00;19.9;74;11.3;0.0;0.0
2025-05-21T01:00;21.0;69;12.9;0.0;0.0
2025-05-21T02:00;20.3;73;10.3;0.0;0.0
2025-05-21T03:00;19.2;81;5.5;0.0;0.0
2025-05-21T04:00;18.7;85;5.9;0.0;0.0
2025-05-21T05:00;19.0;84;6.0;36.0;27.0
2025-05-21T06:00;20.3;81;4.0;152.0;95.0
2025-05-21T07:00;21.4;68;7.9;370.0;129.0
2025-05-21T08:00;21.7;64;11.3;477.0;173.0
2025-05-21T09:00;22.5;64;12.8;733.0;162.0
2025-05-21T10:00;23.2;61;12.1;850.0;175.0
2025-05-21T11:00;23.5;61;13.2;925.0;168.0
2025-05-21T12:00;23.9;59;13.2;927.0;177.0
2025-05-21T13:00;23.0;67;13.7;848.0;206.0
2025-05-21T14:00;22.7;68;14.3;727.0;207.0
2025-05-21T15:00;22.7;65;13.1;568.0;198.0
2025-05-21T16:00;22.1;64;12.2;427.0;117.0
2025-05-21T17:00;21.3;66;10.0;233.0;91.0
2025-05-21T18:00;20.1;75;8.1;69.0;42.0
2025-05-21T19:00;19.1;80;7.5;1.0;1.0
2025-05-21T20:00;18.4;82;7.2;0.0;0.0
2025-05-21T21:00;17.9;82;7.6;0.0;0.0
2025-05-21T22:00;17.6;81;8.4;0.0;0.0
2025-05-21T23:00;17.4;81;8.7;0.0;0.0
2025-05-22T00:00;17.0;82;7.7;0.0;0.0
2025-05-22T01:00;16.5;81;3.0;0.0;0.0
2025-05-22T02:00;16.8;78;2.9;0.0;0.0
2025-05-22T03:00;17.1;77;3.9;0.0;0.0
2025-05-22T04:00;17.1;77;3.1;0.0;0.0
2025-05-22T05:00;18.3;75;3.6;57.0;37.0
2025-05-22T06:00;20.5;70;3.4;213.0;88.0
2025-05-22T07:00;21.8;66;3.4;407.0;118.0
2025-05-22T08:00;22.8;63;5.5;593.0;137.0
2025-05-22T09:00;23.4;62;7.4;750.0;151.0
2025-05-22T10:00;23.7;64;8.4;850.0;167.0
2025-05-22T11:00;23.4;68;9.8;911.0;173.0
2025-05-22T12:00;23.0;66;7.3;919.0;170.0
2025-05-22T13:00;23.1;69;8.9;859.0;173.0
2025-05-22T14:00;22.9;69;3.7;707.0;175.0
2025-05-22T15:00;22.5;69;6.6;561.0;156.0
2025-05-22T16:00;22.0;71;4.5;406.0;141.0
2025-05-22T17:00;21.5;74;5.3;150.0;131.0
2025-05-22T18:00;20.8;75;5.2;50.0;44.0
2025-05-22T19:00;20.0;82;3.9;1.0;1.0
2025-05-22T20:00;19.7;86;5.2;0.0;0.0
2025-05-22T21:00;19.4;85;6.4;0.0;0.0
2025-05-22T22:00;18.9;83;7.2;0.0;0.0
2025-05-22T23:00;18.3;79;8.1;0.0;0.0
2025-05-23T00:00;18.0;74;9.8;0.0;0.0
2025-05-23T01:00;18.7;80;6.7;0.0;0.0
2025-05-23T02:00;18.3;79;8.2;0.0;0.0
2025-05-23T03:00;18.0;79;6.9;0.0;0.0
2025-05-23T04:00;17.8;81;8.7;0.0;0.0
2025-05-23T05:00;18.2;85;8.7;41.0;30.0
2025-05-23T06:00;19.1;86;6.6;105.0;75.0
2025-05-23T07:00;20.1;76;3.4;246.0;125.0
2025-05-23T08:00;21.2;68;6.0;504.0;182.0
2025-05-23T09:00;21.7;63;8.0;629.0;207.0
2025-05-23T10:00;22.0;63;11.0;766.0;262.0
2025-05-23T11:00;22.1;64;10.2;819.0;235.0
2025-05-23T12:00;22.1;64;11.0;853.0;267.0
2025-05-23T13:00;21.9;60;10.6;770.0;262.0
2025-05-23T14:00;21.5;59;9.7;677.0;183.0
2025-05-23T15:00;21.2;58;8.4;562.0;160.0
2025-05-23T16:00;20.7;58;9.7;388.0;144.0
2025-05-23T17:00;19.7;63;8.9;207.0;97.0
2025-05-23T18:00;19.1;67;6.9;71.0;45.0
2025-05-23T19:00;18.5;74;5.4;1.0;1.0
2025-05-23T20:00;18.1;78;5.6;0.0;0.0
2025-05-23T21:00;17.2;82;4.6;0.0;0.0
2025-05-23T22:00;16.6;83;5.1;0.0;0.0
2025-05-23T23:00;16.3;81;4.8;0.0;0.0
2025-05-24T00:00;16.1;80;5.8;0.0;0.0
2025-05-24T01:00;16.9;80;2.7;0.0;0.0
2025-05-24T02:00;17.0;80;2.4;0.0;0.0
2025-05-24T03:00;16.4;84;1.9;0.0;0.0
2025-05-24T04:00;16.7;84;1.5;0.0;0.0
2025-05-24T05:00;18.2;78;3.6;45.0;40.0
2025-05-24T06:00;19.1;69;6.1;133.0;113.0
2025-05-24T07:00;19.9;64;5.7;287.0;210.0
2025-05-24T08:00;20.3;62;6.9;357.0;288.0
2025-05-24T09:00;20.3;62;6.9;347.0;303.0
2025-05-24T10:00;20.9;61;8.8;543.0;373.0
2025-05-24T11:00;20.8;63;10.8;522.0;408.0
2025-05-24T12:00;21.2;61;9.9;681.0;385.0
2025-05-24T13:00;20.2;63;8.7;295.0;271.0
2025-05-24T14:00;20.2;61;7.5;260.0;223.0
2025-05-24T15:00;20.6;58;12.7;362.0;302.0
2025-05-24T16:00;19.7;66;11.8;202.0;183.0
2025-05-24T17:00;19.3;68;8.1;112.0;107.0
2025-05-24T18:00;19.1;70;6.5;41.0;40.0
2025-05-24T19:00;18.8;74;5.5;1.0;1.0
2025-05-24T20:00;18.5;77;5.9;0.0;0.0
2025-05-24T21:00;18.3;78;6.9;0.0;0.0
2025-05-24T22:00;18.3;78;9.3;0.0;0.0
2025-05-24T23:00;18.2;77;10.5;0.0;0.0
2025-05-25T00:00;18.2;75;10.9;0.0;0.0
2025-05-25T01:00;18.3;70;13.0;0.0;0.0
2025-05-25T02:00;17.5;76;12.4;0.0;0.0
2025-05-25T03:00;16.6;90;11.4;0.0;0.0
2025-05-25T04:00;17.4;91;11.7;0.0;0.0
2025-05-25T05:00;18.0;89;10.3;46.0;37.0
2025-05-25T06:00;18.8;79;10.5;193.0;102.0
2025-05-25T07:00;19.9;59;12.1;391.0;119.0
2025-05-25T08:00;20.3;53;10.3;567.0;151.0
2025-05-25T09:00;20.9;48;9.4;725.0;170.0
2025-05-25T10:00;21.2;47;10.1;861.0;175.0
2025-05-25T11:00;21.5;46;11.0;928.0;179.0
2025-05-25T12:00;21.5;46;11.4;928.0;177.0
2025-05-25T13:00;21.7;51;12.0;877.0;165.0
2025-05-25T14:00;21.4;53;12.4;765.0;163.0
2025-05-25T15:00;21.1;57;13.5;616.0;150.0
2025-05-25T16:00;20.5;62;13.4;428.0;130.0
2025-05-25T17:00;19.8;67;13.4;242.0;93.0
2025-05-25T18:00;19.0;72;11.4;76.0;46.0
2025-05-25T19:00;18.2;78;9.5;2.0;2.0
2025-05-25T20:00;17.7;80;10.1;0.0;0.0
2025-05-25T21:00;17.4;80;10.6;0.0;0.0
2025-05-25T22:00;17.3;81;9.6;0.0;0.0
2025-05-25T23:00;17.2;82;9.0;0.0;0.0
2025-05-26T00:00;16.9;82;8.7;0.0;0.0
2025-05-26T01:00;16.7;84;7.6;0.0;0.0
2025-05-26T02:00;16.2;83;7.1;0.0;0.0
2025-05-26T03:00;15.8;81;7.9;0.0;0.0
2025-05-26T04:00;15.6;77;8.6;0.0;0.0
2025-05-26T05:00;17.1;68;7.5;62.0;39.0
2025-05-26T06:00;20.1;52;5.9;223.0;87.0
2025-05-26T07:00;21.4;45;5.2;415.0;118.0
2025-05-26T08:00;22.6;40;4.1;600.0;136.0
2025-05-26T09:00;23.5;39;5.8;758.0;150.0
2025-05-26T10:00;23.8;41;8.0;873.0;160.0
2025-05-26T11:00;23.7;48;8.9;933.0;164.0
2025-05-26T12:00;23.4;54;8.9;935.0;164.0
2025-05-26T13:00;23.6;53;8.4;879.0;160.0
2025-05-26T14:00;23.0;57;8.5;770.0;152.0
2025-05-26T15:00;22.5;60;7.4;616.0;139.0
2025-05-26T16:00;22.2;61;6.0;427.0;125.0
2025-05-26T17:00;21.6;64;5.4;239.0;93.0
2025-05-26T18:00;20.8;67;4.5;75.0;46.0
2025-05-26T19:00;20.2;69;3.4;2.0;2.0
2025-05-26T20:00;19.6;72;3.0;0.0;0.0
2025-05-26T21:00;18.9;76;1.7;0.0;0.0
2025-05-26T22:00;18.4;78;1.5;0.0;0.0
2025-05-26T23:00;17.8;81;3.3;0.0;0.0
2025-05-27T00:00;17.2;82;1.9;0.0;0.0
2025-05-27T01:00;16.9;82;0.8;0.0;0.0
2025-05-27T02:00;16.8;80;1.5;0.0;0.0
2025-05-27T03:00;16.5;78;1.4;0.0;0.0
2025-05-27T04:00;16.2;76;1.5;0.0;0.0
2025-05-27T05:00;18.2;66;0.4;61.0;39.0
2025-05-27T06:00;20.1;64;2.8;218.0;90.0
2025-05-27T07:00;21.4;63;4.6;411.0;118.0
2025-05-27T08:00;22.1;62;6.6;596.0;137.0
2025-05-27T09:00;22.7;59;7.7;753.0;151.0
2025-05-27T10:00;23.3;53;8.1;866.0;162.0
2025-05-27T11:00;23.5;49;8.6;928.0;166.0
2025-05-27T12:00;23.5;48;8.4;928.0;174.0
2025-05-27T13:00;23.9;49;8.1;876.0;159.0
2025-05-27T14:00;24.0;53;7.2;774.0;151.0
2025-05-27T15:00;23.7;58;11.2;621.0;139.0
2025-05-27T16:00;23.1;62;10.6;437.0;124.0
2025-05-27T17:00;22.2;62;9.9;247.0;94.0
2025-05-27T18:00;21.3;63;8.1;79.0;47.0
2025-05-27T19:00;20.5;69;5.3;2.0;2.0
2025-05-27T20:00;19.8;74;3.3;0.0;0.0
2025-05-27T21:00;19.1;74;4.2;0.0;0.0
2025-05-27T22:00;18.4;75;3.1;0.0;0.0
2025-05-27T23:00;18.5;72;2.9;0.0;0.0
2025-05-28T00:00;18.0;67;3.1;0.0;0.0
2025-05-28T01:00;17.4;75;5.4;0.0;0.0
2025-05-28T02:00;17.7;64;3.7;0.0;0.0
2025-05-28T03:00;18.0;56;2.7;0.0;0.0
2025-05-28T04:00;17.6;56;2.1;1.0;1.0
2025-05-28T05:00;19.5;50;2.0;63.0;39.0
2025-05-28T06:00;20.8;48;1.9;221.0;89.0
2025-05-28T07:00;21.9;47;3.4;413.0;118.0
2025-05-28T08:00;22.8;45;5.1;601.0;137.0
2025-05-28T09:00;23.5;45;6.8;759.0;151.0
2025-05-28T10:00;23.7;49;8.9;859.0;193.0
2025-05-28T11:00;23.7;52;9.4;931.0;174.0
2025-05-28T12:00;23.8;51;9.3;938.0;164.0
2025-05-28T13:00;24.0;52;10.3;883.0;159.0
2025-05-28T14:00;23.7;54;9.5;773.0;151.0
2025-05-28T15:00;23.0;62;10.0;621.0;139.0
2025-05-28T16:00;22.2;68;10.1;437.0;120.0
2025-05-28T17:00;21.4;73;7.7;245.0;94.0
2025-05-28T18:00;20.5;80;7.4;80.0;48.0
2025-05-28T19:00;19.8;84;6.2;3.0;3.0
2025-05-28T20:00;19.4;85;4.7;0.0;0.0
2025-05-28T21:00;19.0;87;5.1;0.0;0.0
2025-05-28T22:00;18.6;88;5.8;0.0;0.0
2025-05-28T23:00;18.5;86;5.6;0.0;0.0
2025-05-29T00:00;17.8;84;6.3;0.0;0.0
2025-05-29T01:00;17.4;88;7.1;0.0;0.0
2025-05-29T02:00;17.1;84;6.8;0.0;0.0
2025-05-29T03:00;17.0;80;6.4;0.0;0.0
2025-05-29T04:00;16.8;77;6.2;1.0;1.0
2025-05-29T05:00;18.3;71;6.5;62.0;39.0
2025-05-29T06:00;21.3;61;4.9;216.0;91.0
2025-05-29T07:00;22.9;57;4.3;396.0;126.0
2025-05-29T08:00;24.4;50;6.4;589.0;139.0
2025-05-29T09:00;25.3;46;9.1;747.0;151.0
2025-05-29T10:00;25.6;45;14.9;861.0;160.0
2025-05-29T11:00;25.7;48;16.2;921.0;165.0
2025-05-29T12:00;25.9;45;14.5;928.0;163.0
2025-05-29T13:00;25.4;56;12.7;868.0;168.0
2025-05-29T14:00;24.5;62;12.9;760.0;161.0
2025-05-29T15:00;23.9;65;11.5;610.0;144.0
2025-05-29T16:00;23.0;71;11.3;429.0;124.0
2025-05-29T17:00;21.8;80;9.9;241.0;95.0
2025-05-29T18:00;20.9;85;6.5;78.0;48.0
2025-05-29T19:00;20.5;87;5.2;3.0;3.0
2025-05-29T20:00;20.2;89;3.1;0.0;0.0
2025-05-29T21:00;20.0;90;2.6;0.0;0.0
2025-05-29T22:00;19.5;93;1.9;0.0;0.0
2025-05-29T23:00;19.3;94;2.4;0.0;0.0
2025-05-30T00:00;19.0;93;3.6;0.0;0.0
2025-05-30T01:00;19.0;90;3.3;0.0;0.0
2025-05-30T02:00;18.9;87;4.6;0.0;0.0
2025-05-30T03:00;18.7;86;4.1;0.0;0.0
2025-05-30T04:00;18.6;85;4.0;1.0;1.0
2025-05-30T05:00;19.9;74;4.6;64.0;40.0
2025-05-30T06:00;21.4;57;7.9;225.0;89.0
2025-05-30T07:00;22.3;50;9.0;417.0;117.0
2025-05-30T08:00;23.0;48;9.8;601.0;136.0
2025-05-30T09:00;23.5;44;11.0;759.0;150.0
2025-05-30T10:00;23.8;41;11.3;877.0;159.0
2025-05-30T11:00;23.9;40;11.2;937.0;163.0
2025-05-30T12:00;24.0;41;9.8;939.0;163.0
2025-05-30T13:00;24.2;47;10.3;881.0;159.0
2025-05-30T14:00;24.1;44;8.9;769.0;158.0
2025-05-30T15:00;24.0;39;5.8;615.0;146.0
2025-05-30T16:00;23.8;35;5.2;435.0;123.0
2025-05-30T17:00;22.9;40;6.8;249.0;94.0
2025-05-30T18:00;21.8;50;6.8;83.0;49.0
2025-05-30T19:00;21.2;55;7.0;3.0;3.0
2025-05-30T20:00;20.8;56;7.1;0.0;0.0
2025-05-30T21:00;20.6;53;7.3;0.0;0.0
2025-05-30T22:00;20.7;47;6.3;0.0;0.0
2025-05-30T23:00;20.5;44;4.1;0.0;0.0
2025-05-31T00:00;20.2;46;3.7;0.0;0.0
2025-05-31T01:00;19.5;47;2.8;0.0;0.0
2025-05-31T02:00;19.6;55;4.3;0.0;0.0
2025-05-31T03:00;19.2;65;5.4;0.0;0.0
2025-05-31T04:00;18.9;74;5.4;1.0;1.0
2025-05-31T05:00;19.6;78;5.3;64.0;40.0
2025-05-31T06:00;21.0;76;5.7;222.0;90.0
2025-05-31T07:00;22.2;62;6.7;411.0;118.0
2025-05-31T08:00;23.0;57;8.4;594.0;137.0
2025-05-31T09:00;23.5;53;9.8;751.0;151.0
2025-05-31T10:00;23.9;47;9.8;868.0;160.0
2025-05-31T11:00;24.3;42;9.9;933.0;163.0
2025-05-31T12:00;24.6;39;9.8;940.0;163.0
2025-05-31T13:00;24.8;37;10.7;888.0;159.0
2025-05-31T14:00;24.6;35;9.5;781.0;151.0
2025-05-31T15:00;24.4;35;9.3;631.0;139.0
2025-05-31T16:00;23.6;42;8.1;448.0;120.0
2025-05-31T17:00;23.1;44;5.5;255.0;94.0
2025-05-31T18:00;22.2;47;4.5;85.0;49.0
2025-05-31T19:00;21.3;56;4.1;3.0;3.0
2025-05-31T20:00;20.7;61;2.8;0.0;0.0
2025-05-31T21:00;20.2;61;5.4;0.0;0.0
2025-05-31T22:00;19.8;55;7.5;0.0;0.0
2025-05-31T23:00;19.6;52;6.0;0.0;0.0
2025-06-01T00:00;19.5;47;2.9;0.0;0.0
2025-06-01T01:00;18.7;49;1.3;0.0;0.0
2025-06-01T02:00;18.9;46;0.8;0.0;0.0
2025-06-01T03:00;18.7;44;2.2;0.0;0.0
2025-06-01T04:00;18.7;43;2.0;1.0;1.0
2025-06-01T05:00;20.8;38;1.5;66.0;41.0
2025-06-01T06:00;22.7;35;1.1;226.0;89.0
2025-06-01T07:00;24.0;34;4.0;417.0;117.0
2025-06-01T08:00;24.7;36;6.4;601.0;136.0
2025-06-01T09:00;25.4;38;7.0;756.0;151.0
2025-06-01T10:00;25.9;40;8.4;866.0;163.0
2025-06-01T11:00;25.9;41;9.7;921.0;190.0
2025-06-01T12:00;26.0;42;10.8;918.0;198.0
2025-06-01T13:00;26.3;42;11.2;881.0;164.0
2025-06-01T14:00;25.4;49;8.6;775.0;152.0
2025-06-01T15:00;24.9;50;5.8;624.0;138.0
2025-06-01T16:00;24.6;48;4.9;444.0;120.0
2025-06-01T17:00;23.8;50;4.6;253.0;93.0
2025-06-01T18:00;22.8;54;2.4;86.0;50.0
2025-06-01T19:00;22.2;57;0.9;3.0;3.0
2025-06-01T20:00;21.9;57;2.4;0.0;0.0
2025-06-01T21:00;21.3;60;2.8;0.0;0.0
2025-06-01T22:00;20.5;63;2.2;0.0;0.0
2025-06-01T23:00;19.8;65;1.8;0.0;0.0
2025-06-02T00:00;19.6;63;2.1;0.0;0.0
2025-06-02T01:00;19.6;60;3.1;0.0;0.0
2025-06-02T02:00;19.5;58;4.3;0.0;0.0
2025-06-02T03:00;19.4;57;3.4;0.0;0.0
2025-06-02T04:00;19.2;56;1.7;1.0;1.0
2025-06-02T05:00;20.3;54;1.1;67.0;42.0
2025-06-02T06:00;22.6;51;3.2;226.0;88.0
2025-06-02T07:00;23.6;55;5.7;416.0;116.0
2025-06-02T08:00;23.9;63;8.7;600.0;136.0
2025-06-02T09:00;24.3;63;8.7;755.0;150.0
2025-06-02T10:00;24.7;60;8.9;867.0;157.0
2025-06-02T11:00;25.2;56;9.2;928.0;163.0
2025-06-02T12:00;25.3;54;10.1;930.0;168.0
2025-06-02T13:00;25.5;52;7.7;879.0;161.0
2025-06-02T14:00;25.2;55;8.0;774.0;152.0
2025-06-02T15:00;24.4;61;7.7;623.0;138.0
2025-06-02T16:00;23.7;64;6.2;441.0;121.0
2025-06-02T17:00;23.0;67;3.9;252.0;94.0
2025-06-02T18:00;22.2;70;2.7;86.0;51.0
2025-06-02T19:00;21.6;72;2.5;4.0;4.0
2025-06-02T20:00;21.4;72;2.9;0.0;0.0
2025-06-02T21:00;21.0;72;2.5;0.0;0.0
2025-06-02T22:00;20.4;75;1.7;0.0;0.0
2025-06-02T23:00;19.9;76;2.8;0.0;0.0
2025-06-03T00:00;19.4;76;3.8;0.0;0.0
2025-06-03T01:00;19.1;71;1.9;0.0;0.0
2025-06-03T02:00;18.8;70;1.8;0.0;0.0
2025-06-03T03:00;18.9;68;2.2;0.0;0.0
2025-06-03T04:00;18.9;65;1.6;1.0;1.0
2025-06-03T05:00;20.1;60;0.2;67.0;41.0
2025-06-03T06:00;21.8;67;3.9;228.0;89.0
2025-06-03T07:00;22.8;62;6.5;419.0;117.0
2025-06-03T08:00;23.4;58;7.3;605.0;135.0
2025-06-03T09:00;23.9;53;7.6;764.0;148.0
2025-06-03T10:00;24.5;53;8.4;880.0;159.0
2025-06-03T11:00;24.5;61;10.7;941.0;163.0
2025-06-03T12:00;24.5;63;11.2;944.0;164.0
2025-06-03T13:00;25.0;60;11.2;892.0;159.0
2025-06-03T14:00;25.2;62;11.0;782.0;152.0
2025-06-03T15:00;25.1;62;10.3;629.0;139.0
2025-06-03T16:00;24.6;61;9.2;446.0;121.0
2025-06-03T17:00;24.1;61;8.8;255.0;94.0
2025-06-03T18:00;23.5;62;7.6;88.0;51.0
2025-06-03T19:00;22.8;63;6.0;4.0;4.0
2025-06-03T20:00;22.1;66;3.1;0.0;0.0
2025-06-03T21:00;21.5;68;1.1;0.0;0.0
2025-06-03T22:00;20.7;72;0.6;0.0;0.0
2025-06-03T23:00;20.1;73;1.4;0.0;0.0
2025-06-04T00:00;19.8;71;2.2;0.0;0.0
2025-06-04T01:00;19.4;69;2.9;0.0;0.0
2025-06-04T02:00;19.0;70;4.8;0.0;0.0
2025-06-04T03:00;18.8;73;5.2;0.0;0.0
2025-06-04T04:00;18.9;77;3.3;1.0;1.0
2025-06-04T05:00;20.4;69;1.7;71.0;43.0
2025-06-04T06:00;22.4;69;1.2;237.0;90.0
2025-06-04T07:00;24.1;60;4.4;434.0;118.0
2025-06-04T08:00;25.5;51;7.3;624.0;137.0
2025-06-04T09:00;26.1;51;9.1;784.0;150.0
2025-06-04T10:00;26.6;50;9.5;897.0;158.0
2025-06-04T11:00;26.9;50;9.4;953.0;162.0
2025-06-04T12:00;27.2;51;9.3;952.0;162.0
2025-06-04T13:00;27.7;43;9.2;890.0;157.0
2025-06-04T14:00;27.6;43;8.8;782.0;150.0
2025-06-04T15:00;27.2;44;8.2;631.0;138.0
2025-06-04T16:00;27.0;43;7.0;449.0;119.0
2025-06-04T17:00;26.6;43;6.7;258.0;94.0
2025-06-04T18:00;26.0;42;5.6;90.0;52.0
2025-06-04T19:00;25.4;41;3.9;4.0;4.0
2025-06-04T20:00;24.6;43;2.1;0.0;0.0
2025-06-04T21:00;24.0;44;1.8;0.0;0.0
2025-06-04T22:00;23.3;47;1.1;0.0;0.0
2025-06-04T23:00;22.7;50;0.6;0.0;0.0
2025-06-05T00:00;22.2;52;0.3;0.0;0.0
2025-06-05T01:00;21.1;49;1.2;0.0;0.0
2025-06-05T02:00;21.1;46;2.4;0.0;0.0
2025-06-05T03:00;21.0;45;3.8;0.0;0.0
2025-06-05T04:00;20.9;45;4.2;1.0;1.0
2025-06-05T05:00;22.3;46;3.6;70.0;42.0
2025-06-05T06:00;24.0;55;4.3;235.0;90.0
2025-06-05T07:00;25.1;52;4.4;428.0;117.0
2025-06-05T08:00;26.5;44;5.7;615.0;135.0
2025-06-05T09:00;27.3;42;7.0;772.0;148.0
2025-06-05T10:00;27.5;41;8.1;887.0;157.0
2025-06-05T11:00;27.7;39;7.8;948.0;161.0
2025-06-05T12:00;28.0;36;8.3;950.0;161.0
2025-06-05T13:00;28.7;43;8.8;892.0;157.0
2025-06-05T14:00;28.5;44;7.8;782.0;150.0
2025-06-05T15:00;27.5;51;7.5;631.0;137.0
2025-06-05T16:00;26.6;51;5.7;450.0;119.0
2025-06-05T17:00;26.0;46;3.8;260.0;94.0
2025-06-05T18:00;25.7;41;6.7;91.0;51.0
2025-06-05T19:00;25.2;43;6.5;5.0;4.0
2025-06-05T20:00;24.9;45;4.8;0.0;0.0
2025-06-05T21:00;24.2;48;4.1;0.0;0.0
2025-06-05T22:00;23.6;51;2.6;0.0;0.0
2025-06-05T23:00;23.2;52;3.6;0.0;0.0
2025-06-06T00:00;23.0;51;2.8;0.0;0.0
2025-06-06T01:00;22.2;51;2.7;0.0;0.0
2025-06-06T02:00;21.7;50;2.9;0.0;0.0
2025-06-06T03:00;21.3;50;2.6;0.0;0.0
2025-06-06T04:00;21.3;43;1.0;1.0;1.0
2025-06-06T05:00;23.2;39;2.0;68.0;42.0
2025-06-06T06:00;24.9;42;1.6;227.0;88.0
2025-06-06T07:00;26.2;46;2.1;416.0;115.0
2025-06-06T08:00;27.3;47;4.8;599.0;134.0
2025-06-06T09:00;27.7;51;6.9;755.0;147.0
2025-06-06T10:00;28.0;50;7.5;868.0;155.0
2025-06-06T11:00;28.4;46;6.9;930.0;160.0
2025-06-06T12:00;29.1;41;7.4;935.0;160.0
2025-06-06T13:00;29.6;35;8.1;881.0;156.0
2025-06-06T14:00;29.5;34;7.6;779.0;147.0
2025-06-06T15:00;29.0;33;6.4;629.0;135.0
2025-06-06T16:00;28.7;33;4.8;449.0;118.0
2025-06-06T17:00;28.1;33;4.2;260.0;94.0
2025-06-06T18:00;26.9;37;2.4;92.0;52.0
2025-06-06T19:00;25.9;38;1.1;5.0;4.0
2025-06-06T20:00;25.4;42;0.2;0.0;0.0
2025-06-06T21:00;24.9;40;1.3;0.0;0.0
2025-06-06T22:00;24.4;41;1.2;0.0;0.0
2025-06-06T23:00;23.9;44;0.9;0.0;0.0
2025-06-07T00:00;23.7;46;1.0;0.0;0.0
2025-06-07T01:00;23.2;46;1.7;0.0;0.0
2025-06-07T02:00;23.2;46;1.7;0.0;0.0
2025-06-07T03:00;23.2;46;1.9;0.0;0.0
2025-06-07T04:00;23.0;47;2.1;1.0;1.0
2025-06-07T05:00;24.1;46;3.5;69.0;42.0
2025-06-07T06:00;26.6;44;3.1;229.0;88.0
2025-06-07T07:00;27.8;43;2.9;418.0;115.0
2025-06-07T08:00;28.3;47;4.7;600.0;133.0
2025-06-07T09:00;29.0;44;6.1;755.0;146.0
2025-06-07T10:00;29.5;40;7.1;869.0;155.0
2025-06-07T11:00;29.9;35;7.6;931.0;159.0
2025-06-07T12:00;30.3;31;8.0;937.0;159.0
2025-06-07T13:00;30.7;29;7.7;885.0;156.0
2025-06-07T14:00;30.8;32;8.0;779.0;147.0
2025-06-07T15:00;30.4;34;8.1;627.0;139.0
2025-06-07T16:00;29.8;36;7.2;450.0;119.0
2025-06-07T17:00;29.2;38;6.4;261.0;93.0
2025-06-07T18:00;29.1;39;5.3;93.0;52.0
2025-06-07T19:00;28.7;38;4.9;5.0;4.0
2025-06-07T20:00;28.0;32;5.4;0.0;0.0
2025-06-07T21:00;27.1;27;6.7;0.0;0.0
2025-06-07T22:00;26.4;26;6.5;0.0;0.0
2025-06-07T23:00;26.1;26;8.5;0.0;0.0
2025-06-08T00:00;25.6;25;8.1;0.0;0.0
2025-06-08T01:00;24.7;28;4.0;0.0;0.0
2025-06-08T02:00;24.2;27;5.2;0.0;0.0
2025-06-08T03:00;23.7;27;5.2;0.0;0.0
2025-06-08T04:00;23.4;27;5.9;1.0;1.0
2025-06-08T05:00;24.7;27;7.5;69.0;42.0
2025-06-08T06:00;28.1;26;5.9;229.0;88.0
2025-06-08T07:00;30.2;24;1.6;419.0;116.0
2025-06-08T08:00;30.3;34;6.3;602.0;134.0
2025-06-08T09:00;30.5;41;5.6;757.0;146.0
2025-06-08T10:00;31.5;42;4.5;870.0;155.0
2025-06-08T11:00;32.2;39;5.5;931.0;158.0
2025-06-08T12:00;33.2;31;7.6;938.0;159.0
2025-06-08T13:00;31.1;48;7.2;880.0;155.0
2025-06-08T14:00;30.6;50;5.7;773.0;148.0
2025-06-08T15:00;29.4;54;6.7;625.0;136.0
2025-06-08T16:00;28.0;59;5.3;448.0;118.0
2025-06-08T17:00;26.6;65;5.0;261.0;94.0
2025-06-08T18:00;25.6;68;3.8;93.0;52.0
2025-06-08T19:00;24.8;70;3.3;5.0;4.0
2025-06-08T20:00;24.3;71;0.9;0.0;0.0
2025-06-08T21:00;23.9;72;4.6;0.0;0.0
2025-06-08T22:00;23.7;70;4.8;0.0;0.0
2025-06-08T23:00;23.4;68;1.8;0.0;0.0
2025-06-09T00:00;23.2;65;1.0;0.0;0.0
2025-06-09T01:00;22.8;62;1.9;0.0;0.0
2025-06-09T02:00;23.0;55;1.7;0.0;0.0
2025-06-09T03:00;23.2;48;1.1;0.0;0.0
2025-06-09T04:00;22.9;46;1.7;1.0;1.0
2025-06-09T05:00;24.3;43;5.5;69.0;42.0
2025-06-09T06:00;25.8;41;6.9;228.0;88.0
2025-06-09T07:00;27.4;37;8.4;415.0;115.0
2025-06-09T08:00;28.2;39;10.3;597.0;134.0
2025-06-09T09:00;28.9;40;11.3;752.0;146.0
2025-06-09T10:00;29.3;42;11.9;867.0;155.0
2025-06-09T11:00;29.4;45;11.6;930.0;159.0
2025-06-09T12:00;29.5;43;10.3;935.0;159.0
2025-06-09T13:00;29.7;43;9.2;886.0;156.0
2025-06-09T14:00;29.5;41;8.7;782.0;148.0
2025-06-09T15:00;29.2;41;7.4;634.0;135.0
2025-06-09T16:00;28.7;42;7.0;456.0;119.0
2025-06-09T17:00;27.8;46;7.9;266.0;94.0
2025-06-09T18:00;26.4;52;8.5;96.0;54.0
2025-06-09T19:00;25.4;58;7.9;6.0;5.0
2025-06-09T20:00;24.8;62;8.5;0.0;0.0
2025-06-09T21:00;24.2;67;9.4;0.0;0.0
2025-06-09T22:00;23.7;72;9.8;0.0;0.0
2025-06-09T23:00;23.3;74;8.8;0.0;0.0
2025-06-10T00:00;23.1;69;7.2;0.0;0.0
2025-06-10T01:00;23.0;61;6.4;0.0;0.0
2025-06-10T02:00;22.7;60;5.6;0.0;0.0
2025-06-10T03:00;22.5;61;5.4;0.0;0.0
2025-06-10T04:00;22.4;60;5.0;1.0;1.0
2025-06-10T05:00;23.6;57;5.6;70.0;43.0
2025-06-10T06:00;24.9;58;5.2;229.0;88.0
2025-06-10T07:00;25.4;64;7.2;418.0;115.0
2025-06-10T08:00;25.9;65;8.2;600.0;134.0
2025-06-10T09:00;26.5;61;9.0;756.0;148.0
2025-06-10T10:00;27.1;59;9.2;871.0;155.0
2025-06-10T11:00;27.6;55;9.3;935.0;160.0
2025-06-10T12:00;27.7;53;8.7;942.0;160.0
2025-06-10T13:00;27.9;55;8.8;893.0;153.0
2025-06-10T14:00;28.1;51;8.1;787.0;148.0
2025-06-10T15:00;27.4;55;8.9;632.0;137.0
2025-06-10T16:00;26.4;58;6.5;452.0;120.0
2025-06-10T17:00;25.9;57;4.2;265.0;95.0
2025-06-10T18:00;25.0;60;2.9;97.0;54.0
2025-06-10T19:00;24.0;71;2.7;6.0;5.0
2025-06-10T20:00;23.4;78;1.7;0.0;0.0
2025-06-10T21:00;22.9;82;0.9;0.0;0.0
2025-06-10T22:00;22.5;80;1.8;0.0;0.0
2025-06-10T23:00;22.0;78;1.7;0.0;0.0
2025-06-11T00:00;21.9;72;2.4;0.0;0.0
2025-06-11T01:00;21.5;69;3.2;0.0;0.0
2025-06-11T02:00;20.9;71;2.4;0.0;0.0
2025-06-11T03:00;20.5;74;1.5;0.0;0.0
2025-06-11T04:00;20.4;75;0.3;1.0;1.0
2025-06-11T05:00;22.0;70;1.5;69.0;42.0
2025-06-11T06:00;23.1;78;2.3;227.0;90.0
2025-06-11T07:00;24.4;71;4.4;414.0;121.0
2025-06-11T08:00;25.5;66;7.3;598.0;138.0
2025-06-11T09:00;26.0;65;9.1;756.0;149.0
2025-06-11T10:00;26.5;60;10.1;872.0;158.0
2025-06-11T11:00;26.9;59;10.2;936.0;161.0
2025-06-11T12:00;27.0;59;9.3;934.0;168.0
2025-06-11T13:00;27.8;53;8.8;867.0;172.0
2025-06-11T14:00;27.5;54;9.5;767.0;162.0
2025-06-11T15:00;26.8;57;8.1;621.0;146.0
2025-06-11T16:00;26.0;62;7.9;440.0;126.0
2025-06-11T17:00;25.0;69;6.6;260.0;97.0
2025-06-11T18:00;24.3;73;6.5;95.0;55.0
2025-06-11T19:00;23.7;78;7.2;6.0;5.0
2025-06-11T20:00;23.6;80;7.3;0.0;0.0
2025-06-11T21:00;23.4;81;6.9;0.0;0.0
2025-06-11T22:00;23.1;83;6.4;0.0;0.0
2025-06-11T23:00;22.8;83;5.2;0.0;0.0
2025-06-12T00:00;22.5;83;3.1;0.0;0.0
2025-06-12T01:00;22.1;81;3.7;0.0;0.0
2025-06-12T02:00;22.1;84;5.2;0.0;0.0
2025-06-12T03:00;21.7;87;5.2;0.0;0.0
2025-06-12T04:00;21.5;85;4.7;1.0;1.0
2025-06-12T05:00;22.8;77;5.0;69.0;43.0
2025-06-12T06:00;24.8;69;4.4;226.0;88.0
2025-06-12T07:00;26.0;64;6.2;413.0;116.0
2025-06-12T08:00;27.0;63;7.2;595.0;135.0
2025-06-12T09:00;27.6;63;8.5;750.0;148.0
2025-06-12T10:00;27.9;61;9.4;851.0;162.0
2025-06-12T11:00;28.1;61;8.8;905.0;165.0
2025-06-12T12:00;28.3;62;7.7;917.0;166.0
2025-06-12T13:00;28.5;59;8.7;883.0;159.0
2025-06-12T14:00;28.4;59;9.3;776.0;151.0
2025-06-12T15:00;27.7;64;8.9;629.0;136.0
2025-06-12T16:00;27.1;65;7.7;453.0;119.0
2025-06-12T17:00;26.4;68;6.5;266.0;93.0
2025-06-12T18:00;25.6;72;5.3;98.0;54.0
2025-06-12T19:00;25.3;72;4.7;6.0;5.0
2025-06-12T20:00;25.3;69;4.5;0.0;0.0
2025-06-12T21:00;24.8;69;1.8;0.0;0.0
2025-06-12T22:00;24.3;71;2.7;0.0;0.0
2025-06-12T23:00;23.8;67;2.9;0.0;0.0
2025-06-13T00:00;23.4;61;2.2;0.0;0.0
2025-06-13T01:00;22.1;72;3.1;0.0;0.0
2025-06-13T02:00;21.8;69;3.3;0.0;0.0
2025-06-13T03:00;22.2;57;4.0;0.0;0.0
2025-06-13T04:00;22.5;47;3.8;1.0;1.0
2025-06-13T05:00;24.1;43;2.5;69.0;42.0
2025-06-13T06:00;26.1;41;3.1;226.0;87.0
2025-06-13T07:00;27.2;44;4.8;412.0;115.0
2025-06-13T08:00;27.9;44;4.8;593.0;133.0
2025-06-13T09:00;28.8;44;6.4;749.0;146.0
2025-06-13T10:00;28.6;53;7.9;863.0;154.0
2025-06-13T11:00;28.8;53;7.2;926.0;159.0
2025-06-13T12:00;28.6;55;8.4;933.0;160.0
2025-06-13T13:00;29.1;51;9.6;883.0;155.0
2025-06-13T14:00;28.8;48;8.3;779.0;149.0
2025-06-13T15:00;28.4;48;5.7;631.0;137.0
2025-06-13T16:00;28.1;47;4.6;454.0;120.0
2025-06-13T17:00;27.5;50;3.5;265.0;94.0
2025-06-13T18:00;26.8;54;1.9;98.0;54.0
2025-06-13T19:00;26.5;54;1.2;6.0;5.0
2025-06-13T20:00;26.4;52;1.6;0.0;0.0
2025-06-13T21:00;25.7;54;2.3;0.0;0.0
2025-06-13T22:00;24.9;60;2.4;0.0;0.0
2025-06-13T23:00;24.4;59;2.9;0.0;0.0
2025-06-14T00:00;24.3;46;5.5;0.0;0.0
2025-06-14T01:00;23.8;40;2.4;0.0;0.0
2025-06-14T02:00;24.2;35;3.3;0.0;0.0
2025-06-14T03:00;24.6;34;4.6;0.0;0.0
2025-06-14T04:00;24.5;34;1.3;1.0;1.0
2025-06-14T05:00;26.1;32;3.3;69.0;42.0
2025-06-14T06:00;27.0;36;3.5;228.0;88.0
2025-06-14T07:00;27.7;41;3.1;415.0;114.0
2025-06-14T08:00;28.6;40;4.0;598.0;134.0
2025-06-14T09:00;29.4;42;5.3;753.0;146.0
2025-06-14T10:00;30.0;44;7.5;867.0;154.0
2025-06-14T11:00;30.0;47;8.5;930.0;159.0
2025-06-14T12:00;29.9;47;8.1;936.0;160.0
2025-06-14T13:00;29.6;49;8.2;884.0;155.0
2025-06-14T14:00;29.7;49;7.6;782.0;148.0
2025-06-14T15:00;29.0;55;6.8;634.0;136.0
2025-06-14T16:00;28.4;56;5.0;457.0;119.0
2025-06-14T17:00;27.7;56;3.8;269.0;95.0
2025-06-14T18:00;26.9;60;3.1;100.0;55.0
2025-06-14T19:00;26.1;64;0.9;7.0;6.0
2025-06-14T20:00;26.0;63;2.3;0.0;0.0
2025-06-14T21:00;25.8;62;2.7;0.0;0.0
2025-06-14T22:00;25.4;61;2.3;0.0;0.0
2025-06-14T23:00;24.9;60;1.6;0.0;0.0
2025-06-15T00:00;24.7;56;1.2;0.0;0.0
2025-06-15T01:00;24.1;61;1.8;0.0;0.0
2025-06-15T02:00;23.8;59;1.8;0.0;0.0
2025-06-15T03:00;23.9;57;1.0;0.0;0.0
2025-06-15T04:00;24.1;53;0.3;1.0;1.0
2025-06-15T05:00;25.4;48;1.4;70.0;43.0
2025-06-15T06:00;26.4;50;3.4;229.0;87.0
2025-06-15T07:00;27.5;51;3.9;417.0;114.0
2025-06-15T08:00;29.1;40;4.3;599.0;133.0
2025-06-15T09:00;29.6;40;6.5;754.0;146.0
2025-06-15T10:00;30.0;40;5.7;868.0;154.0
2025-06-15T11:00;30.9;38;6.2;930.0;157.0
2025-06-15T12:00;31.1;37;7.6;935.0;157.0
2025-06-15T13:00;30.4;48;8.9;879.0;154.0
2025-06-15T14:00;30.1;48;6.7;775.0;147.0
2025-06-15T15:00;29.9;50;7.0;630.0;136.0
2025-06-15T16:00;28.8;56;6.5;454.0;118.0
2025-06-15T17:00;28.0;58;4.7;267.0;94.0
2025-06-15T18:00;27.2;61;3.9;99.0;54.0
2025-06-15T19:00;26.7;60;2.1;7.0;6.0
2025-06-15T20:00;26.6;57;2.6;0.0;0.0
2025-06-15T21:00;26.1;57;2.4;0.0;0.0
2025-06-15T22:00;25.5;53;2.0;0.0;0.0
2025-06-15T23:00;25.2;46;2.0;0.0;0.0
2025-06-16T00:00;25.2;37;1.4;0.0;0.0
2025-06-16T01:00;24.3;33;2.2;0.0;0.0
2025-06-16T02:00;24.8;30;3.1;0.0;0.0
2025-06-16T03:00;24.4;31;0.4;0.0;0.0
2025-06-16T04:00;24.1;32;2.1;1.0;1.0
2025-06-16T05:00;25.9;28;2.7;68.0;41.0
2025-06-16T06:00;27.9;28;2.2;227.0;87.0
2025-06-16T07:00;29.5;30;4.7;415.0;114.0
2025-06-16T08:00;30.0;33;6.1;596.0;132.0
2025-06-16T09:00;30.8;36;5.9;750.0;145.0
2025-06-16T10:00;31.0;39;7.4;864.0;153.0
2025-06-16T11:00;30.8;43;7.5;927.0;158.0
2025-06-16T12:00;30.8;40;7.6;933.0;158.0
2025-06-16T13:00;31.4;40;8.5;880.0;154.0
2025-06-16T14:00;30.6;48;6.6;776.0;146.0
2025-06-16T15:00;30.1;51;6.9;629.0;135.0
2025-06-16T16:00;28.8;61;6.5;453.0;118.0
2025-06-16T17:00;28.6;61;1.9;266.0;94.0
2025-06-16T18:00;28.8;56;2.4;100.0;55.0
2025-06-16T19:00;27.8;64;3.4;7.0;6.0
2025-06-16T20:00;27.7;61;5.1;0.0;0.0
2025-06-16T21:00;27.2;63;0.6;0.0;0.0
2025-06-16T22:00;26.0;72;1.2;0.0;0.0
2025-06-16T23:00;25.7;65;1.5;0.0;0.0
2025-06-17T00:00;25.5;66;0.6;0.0;0.0
2025-06-17T01:00;24.8;59;3.1;0.0;0.0
2025-06-17T02:00;24.5;49;1.1;0.0;0.0
2025-06-17T03:00;24.8;44;1.3;0.0;0.0
2025-06-17T04:00;24.5;42;2.7;1.0;1.0
2025-06-17T05:00;26.4;37;2.8;63.0;41.0
2025-06-17T06:00;28.5;37;2.0;221.0;86.0
2025-06-17T07:00;29.4;42;5.4;405.0;127.0
2025-06-17T08:00;29.6;51;5.8;533.0;186.0
2025-06-17T09:00;30.7;50;8.0;753.0;143.0
2025-06-17T10:00;31.2;52;9.3;866.0;152.0
2025-06-17T11:00;30.5;62;11.1;931.0;155.0
2025-06-17T12:00;29.8;65;10.1;939.0;156.0
2025-06-17T13:00;30.2;62;10.9;863.0;163.0
2025-06-17T14:00;29.7;65;12.5;780.0;147.0
2025-06-17T15:00;29.0;68;11.6;633.0;134.0
2025-06-17T16:00;28.4;67;11.3;455.0;119.0
2025-06-17T17:00;27.7;66;10.7;269.0;95.0
2025-06-17T18:00;26.5;75;8.9;101.0;55.0
2025-06-17T19:00;25.8;79;8.2;7.0;6.0
2025-06-17T20:00;25.2;84;7.6;0.0;0.0
2025-06-17T21:00;24.8;84;5.9;0.0;0.0
2025-06-17T22:00;24.2;88;4.9;0.0;0.0
2025-06-17T23:00;23.9;89;6.5;0.0;0.0
2025-06-18T00:00;23.5;90;6.8;0.0;0.0
2025-06-18T01:00;23.3;88;8.0;0.0;0.0
2025-06-18T02:00;22.9;88;6.7;0.0;0.0
2025-06-18T03:00;22.7;87;7.6;0.0;0.0
2025-06-18T04:00;22.4;88;7.2;1.0;1.0
2025-06-18T05:00;23.3;86;6.2;56.0;39.0
2025-06-18T06:00;23.6;84;5.9;164.0;91.0
2025-06-18T07:00;23.0;86;3.3;320.0;154.0
2025-06-18T08:00;22.3;84;8.7;235.0;174.0
2025-06-18T09:00;27.0;60;5.4;582.0;209.0
2025-06-18T10:00;27.2;57;6.9;832.0;170.0
2025-06-18T11:00;27.7;60;6.9;759.0;229.0
2025-06-18T12:00;26.9;67;13.1;828.0;182.0
2025-06-18T13:00;27.3;57;6.5;461.0;243.0
2025-06-18T14:00;26.1;64;6.0;637.0;228.0
2025-06-18T15:00;22.2;83;5.4;338.0;229.0
2025-06-18T16:00;23.1;78;9.5;211.0;134.0
2025-06-18T17:00;23.9;76;2.6;178.0;109.0
2025-06-18T18:00;23.6;78;2.9;94.0;59.0
2025-06-18T19:00;23.2;85;1.7;6.0;5.0
2025-06-18T20:00;23.2;82;0.2;0.0;0.0
2025-06-18T21:00;22.7;85;0.7;0.0;0.0
2025-06-18T22:00;22.3;88;2.1;0.0;0.0
2025-06-18T23:00;22.3;89;0.9;0.0;0.0
2025-06-19T00:00;22.0;90;3.6;0.0;0.0
2025-06-19T01:00;20.7;91;2.5;0.0;0.0
2025-06-19T02:00;20.8;91;0.8;0.0;0.0
2025-06-19T03:00;20.9;91;1.1;0.0;0.0
2025-06-19T04:00;20.4;93;2.5;1.0;1.0
2025-06-19T05:00;21.0;92;7.7;30.0;27.0
2025-06-19T06:00;22.4;84;5.1;183.0;90.0
2025-06-19T07:00;24.0;78;4.1;390.0;120.0
2025-06-19T08:00;25.0;75;5.0;537.0;164.0
2025-06-19T09:00;24.3;77;10.5;632.0;235.0
2025-06-19T10:00;21.9;89;6.5;562.0;244.0
2025-06-19T11:00;23.4;83;4.3;592.0;274.0
2025-06-19T12:00;23.1;85;5.4;637.0;290.0
2025-06-19T13:00;22.8;81;8.0;355.0;252.0
2025-06-19T14:00;24.6;74;2.7;640.0;262.0
2025-06-19T15:00;24.9;75;5.9;599.0;173.0
2025-06-19T16:00;23.4;78;6.9;425.0;135.0
2025-06-19T17:00;21.7;89;7.3;130.0;80.0
2025-06-19T18:00;20.4;94;5.8;43.0;32.0
2025-06-19T19:00;20.5;91;6.3;2.0;2.0
2025-06-19T20:00;21.1;92;3.4;0.0;0.0
2025-06-19T21:00;21.7;88;3.4;0.0;0.0
2025-06-19T22:00;21.0;91;3.2;0.0;0.0
2025-06-19T23:00;20.5;92;2.1;0.0;0.0
2025-06-20T00:00;20.4;90;2.3;0.0;0.0
2025-06-20T01:00;20.8;89;3.1;0.0;0.0
2025-06-20T02:00;20.5;88;0.2;0.0;0.0
2025-06-20T03:00;20.5;89;2.8;0.0;0.0
2025-06-20T04:00;20.6;91;6.0;1.0;1.0
2025-06-20T05:00;21.5;89;5.0;53.0;41.0
2025-06-20T06:00;22.3;79;8.2;207.0;92.0
2025-06-20T07:00;20.8;84;10.7;252.0;125.0
2025-06-20T08:00;22.7;82;6.1;440.0;192.0
2025-06-20T09:00;23.8;78;4.3;607.0;235.0
2025-06-20T10:00;24.4;78;5.4;823.0;192.0
2025-06-20T11:00;24.9;75;4.2;895.0;191.0
2025-06-20T12:00;25.2;74;5.7;911.0;159.0
2025-06-20T13:00;25.7;72;9.3;869.0;158.0
2025-06-20T14:00;25.4;72;4.8;750.0;167.0
2025-06-20T15:00;25.8;68;4.1;615.0;142.0
2025-06-20T16:00;25.6;70;4.1;451.0;120.0
2025-06-20T17:00;25.1;72;3.1;268.0;95.0
2025-06-20T18:00;24.5;76;1.3;101.0;55.0
2025-06-20T19:00;23.5;82;3.1;8.0;7.0
2025-06-20T20:00;23.0;85;3.4;0.0;0.0
2025-06-20T21:00;22.8;83;1.5;0.0;0.0
2025-06-20T22:00;22.7;80;0.8;0.0;0.0
2025-06-20T23:00;22.6;78;2.0;0.0;0.0
2025-06-21T00:00;22.6;76;3.0;0.0;0.0
2025-06-21T01:00;22.0;77;3.1;0.0;0.0
2025-06-21T02:00;21.9;76;2.3;0.0;0.0
2025-06-21T03:00;21.7;75;1.7;0.0;0.0
2025-06-21T04:00;21.7;73;1.8;1.0;1.0
2025-06-21T05:00;23.3;69;2.5;66.0;40.0
2025-06-21T06:00;25.1;65;2.6;223.0;85.0
2025-06-21T07:00;26.3;61;0.4;409.0;112.0
2025-06-21T08:00;27.2;59;2.9;590.0;130.0
2025-06-21T09:00;27.5;62;5.6;745.0;143.0
2025-06-21T10:00;27.4;70;7.2;858.0;150.0
2025-06-21T11:00;27.5;72;7.6;922.0;154.0
2025-06-21T12:00;27.6;68;7.8;929.0;155.0
2025-06-21T13:00;27.8;66;8.1;882.0;151.0
2025-06-21T14:00;27.6;67;5.6;780.0;144.0
2025-06-21T15:00;27.5;66;5.1;635.0;133.0
2025-06-21T16:00;27.3;64;4.0;460.0;117.0
2025-06-21T17:00;27.0;61;1.7;274.0;94.0
2025-06-21T18:00;26.4;64;0.5;104.0;55.0
2025-06-21T19:00;25.0;74;0.6;8.0;7.0
2025-06-21T20:00;24.2;76;1.6;0.0;0.0
2025-06-21T21:00;23.8;75;1.4;0.0;0.0
2025-06-21T22:00;23.5;71;1.3;0.0;0.0
2025-06-21T23:00;23.4;68;1.5;0.0;0.0
2025-06-22T00:00;23.2;66;1.7;0.0;0.0
2025-06-22T01:00;23.2;62;3.1;0.0;0.0
2025-06-22T02:00;23.1;63;2.9;0.0;0.0
2025-06-22T03:00;23.1;62;2.7;0.0;0.0
2025-06-22T04:00;22.5;65;1.8;1.0;1.0
2025-06-22T05:00;24.4;62;2.9;67.0;40.0
2025-06-22T06:00;25.1;69;3.3;223.0;84.0
2025-06-22T07:00;26.0;72;2.6;408.0;111.0
2025-06-22T08:00;27.1;69;2.9;586.0;132.0
2025-06-22T09:00;28.0;66;4.4;741.0;142.0
2025-06-22T10:00;28.5;65;6.6;856.0;150.0
2025-06-22T11:00;28.7;66;6.9;923.0;153.0
2025-06-22T12:00;28.9;64;6.6;920.0;159.0
2025-06-22T13:00;29.2;59;7.5;887.0;150.0
2025-06-22T14:00;29.1;58;5.5;784.0;144.0
2025-06-22T15:00;29.0;57;6.3;640.0;133.0
2025-06-22T16:00;28.1;62;5.4;463.0;117.0
2025-06-22T17:00;27.2;66;3.8;274.0;93.0
2025-06-22T18:00;26.2;73;2.5;105.0;56.0
2025-06-22T19:00;25.3;82;0.6;8.0;7.0
2025-06-22T20:00;24.9;80;3.1;0.0;0.0
2025-06-22T21:00;24.3;82;1.8;0.0;0.0
2025-06-22T22:00;24.0;77;0.8;0.0;0.0
2025-06-22T23:00;24.0;68;1.9;0.0;0.0
2025-06-23T00:00;23.9;61;2.2;0.0;0.0
2025-06-23T01:00;24.0;59;1.2;0.0;0.0
2025-06-23T02:00;24.1;56;1.1;0.0;0.0
2025-06-23T03:00;23.5;56;1.8;0.0;0.0
2025-06-23T04:00;23.4;52;2.7;1.0;1.0
2025-06-23T05:00;24.4;52;2.6;65.0;39.0
2025-06-23T06:00;26.5;49;3.5;222.0;84.0
2025-06-23T07:00;27.5;49;4.0;408.0;110.0
2025-06-23T08:00;28.5;49;5.3;590.0;127.0
2025-06-23T09:00;29.0;53;7.6;746.0;140.0
2025-06-23T10:00;29.0;59;8.7;861.0;149.0
2025-06-23T11:00;28.8;63;8.4;924.0;152.0
2025-06-23T12:00;29.3;59;5.8;934.0;153.0
2025-06-23T13:00;28.9;62;6.6;882.0;150.0
2025-06-23T14:00;28.7;63;6.7;786.0;144.0
2025-06-23T15:00;28.5;64;6.5;618.0;137.0
2025-06-23T16:00;27.7;68;5.0;463.0;116.0
2025-06-23T17:00;27.1;70;2.3;276.0;92.0
2025-06-23T18:00;26.4;74;1.7;106.0;55.0
2025-06-23T19:00;25.5;84;0.9;8.0;7.0
2025-06-23T20:00;25.1;84;1.2;0.0;0.0
2025-06-23T21:00;24.7;84;1.9;0.0;0.0
2025-06-23T22:00;24.6;81;3.6;0.0;0.0
2025-06-23T23:00;24.2;78;3.4;0.0;0.0
2025-06-24T00:00;23.7;73;2.2;0.0;0.0
2025-06-24T01:00;23.4;71;1.7;0.0;0.0
2025-06-24T02:00;23.1;68;1.2;0.0;0.0
2025-06-24T03:00;22.9;62;2.3;0.0;0.0
2025-06-24T04:00;22.6;61;2.8;1.0;1.0
2025-06-24T05:00;23.3;63;3.3;66.0;39.0
2025-06-24T06:00;25.8;59;3.6;224.0;84.0
2025-06-24T07:00;27.0;56;2.9;412.0;109.0
2025-06-24T08:00;27.9;54;5.6;595.0;127.0
2025-06-24T09:00;28.3;57;7.6;752.0;140.0
2025-06-24T10:00;28.4;63;8.5;867.0;148.0
2025-06-24T11:00;28.4;66;9.1;932.0;153.0
2025-06-24T12:00;28.4;65;8.5;932.0;158.0
2025-06-24T13:00;28.8;62;6.4;898.0;148.0
2025-06-24T14:00;28.7;61;6.3;799.0;141.0
2025-06-24T15:00;28.7;60;6.0;651.0;130.0
2025-06-24T16:00;28.1;64;6.3;473.0;115.0
2025-06-24T17:00;27.2;71;5.1;281.0;92.0
2025-06-24T18:00;26.4;76;2.8;108.0;56.0
2025-06-24T19:00;25.6;81;2.6;9.0;8.0
2025-06-24T20:00;25.1;82;4.6;0.0;0.0
2025-06-24T21:00;24.5;81;4.9;0.0;0.0
2025-06-24T22:00;24.1;76;4.3;0.0;0.0
2025-06-24T23:00;23.7;68;3.6;0.0;0.0
2025-06-25T00:00;23.6;61;3.1;0.0;0.0
2025-06-25T01:00;23.9;54;3.5;0.0;0.0
2025-06-25T02:00;23.5;53;2.7;0.0;0.0
2025-06-25T03:00;23.2;54;2.2;0.0;0.0
2025-06-25T04:00;23.3;54;1.5;1.0;1.0
2025-06-25T05:00;25.3;53;0.6;68.0;40.0
2025-06-25T06:00;26.9;43;2.2;229.0;84.0
2025-06-25T07:00;27.9;44;3.8;420.0;109.0
2025-06-25T08:00;29.0;42;5.9;605.0;126.0
2025-06-25T09:00;29.7;44;7.6;763.0;138.0
2025-06-25T10:00;30.1;46;9.0;879.0;146.0
2025-06-25T11:00;30.4;47;10.0;943.0;150.0
2025-06-25T12:00;30.5;46;10.4;951.0;150.0
2025-06-25T13:00;30.0;49;9.4;903.0;148.0
2025-06-25T14:00;29.8;51;8.6;801.0;141.0
2025-06-25T15:00;29.5;51;7.6;653.0;130.0
2025-06-25T16:00;29.1;49;6.3;475.0;114.0
2025-06-25T17:00;28.5;48;5.9;285.0;92.0
2025-06-25T18:00;27.5;53;6.1;110.0;56.0
2025-06-25T19:00;26.3;63;6.0;9.0;8.0
2025-06-25T20:00;25.8;64;5.4;0.0;0.0
2025-06-25T21:00;25.6;61;6.0;0.0;0.0
2025-06-25T22:00;25.2;61;5.8;0.0;0.0
2025-06-25T23:00;24.9;60;5.7;0.0;0.0
2025-06-26T00:00;24.8;54;4.5;0.0;0.0
2025-06-26T01:00;24.5;59;3.2;0.0;0.0
2025-06-26T02:00;24.1;55;2.5;0.0;0.0
2025-06-26T03:00;24.2;54;1.4;0.0;0.0
2025-06-26T04:00;24.2;52;0.4;1.0;1.0
2025-06-26T05:00;25.6;48;1.0;67.0;39.0
2025-06-26T06:00;27.3;44;0.4;227.0;82.0
2025-06-26T07:00;28.5;42;2.8;417.0;108.0
2025-06-26T08:00;29.6;41;5.2;602.0;125.0
2025-06-26T09:00;30.3;42;6.7;761.0;137.0
2025-06-26T10:00;31.0;42;7.4;878.0;145.0
2025-06-26T11:00;31.4;40;8.4;945.0;150.0
2025-06-26T12:00;31.1;41;9.0;955.0;150.0
2025-06-26T13:00;31.0;41;7.8;906.0;147.0
2025-06-26T14:00;30.8;41;6.8;804.0;141.0
2025-06-26T15:00;30.2;43;5.9;656.0;129.0
2025-06-26T16:00;29.8;42;4.3;478.0;114.0
2025-06-26T17:00;29.3;42;4.7;287.0;92.0
2025-06-26T18:00;28.3;44;5.3;111.0;56.0
2025-06-26T19:00;27.3;49;8.1;9.0;7.0
2025-06-26T20:00;26.9;50;7.6;0.0;0.0
2025-06-26T21:00;26.6;47;4.8;0.0;0.0
2025-06-26T22:00;26.9;39;2.6;0.0;0.0
2025-06-26T23:00;26.5;39;1.1;0.0;0.0
2025-06-27T00:00;26.7;40;0.4;0.0;0.0
2025-06-27T01:00;25.6;42;1.3;0.0;0.0
2025-06-27T02:00;25.3;42;1.4;0.0;0.0
2025-06-27T03:00;25.1;43;1.0;0.0;0.0
2025-06-27T04:00;24.6;44;2.2;1.0;1.0
2025-06-27T05:00;26.6;39;1.5;66.0;38.0
2025-06-27T06:00;28.2;37;2.4;227.0;82.0
2025-06-27T07:00;29.5;36;1.8;416.0;107.0
2025-06-27T08:00;30.4;36;3.9;600.0;124.0
2025-06-27T09:00;31.0;38;6.0;757.0;137.0
2025-06-27T10:00;31.1;44;7.7;872.0;145.0
2025-06-27T11:00;31.1;49;8.2;936.0;149.0
2025-06-27T12:00;31.2;49;8.6;945.0;149.0
2025-06-27T13:00;31.1;50;8.5;895.0;145.0
2025-06-27T14:00;30.7;48;9.1;793.0;139.0
2025-06-27T15:00;30.3;48;8.7;646.0;128.0
2025-06-27T16:00;29.7;56;8.0;471.0;113.0
2025-06-27T17:00;28.9;59;6.4;282.0;91.0
2025-06-27T18:00;27.9;63;4.3;109.0;56.0
2025-06-27T19:00;27.0;69;1.1;9.0;8.0
2025-06-27T20:00;26.7;69;2.5;0.0;0.0
2025-06-27T21:00;26.1;74;0.6;0.0;0.0
2025-06-27T22:00;25.6;78;1.9;0.0;0.0
2025-06-27T23:00;25.0;81;0.4;0.0;0.0
2025-06-28T00:00;24.8;79;0.8;0.0;0.0
2025-06-28T01:00;24.5;75;1.3;0.0;0.0
2025-06-28T02:00;24.4;69;1.8;0.0;0.0
2025-06-28T03:00;24.5;71;3.1;0.0;0.0
2025-06-28T04:00;24.0;77;1.7;1.0;1.0
2025-06-28T05:00;25.2;72;2.7;64.0;38.0
2025-06-28T06:00;27.0;68;0.6;220.0;81.0
2025-06-28T07:00;28.1;63;3.7;408.0;106.0
2025-06-28T08:00;29.3;58;5.4;588.0;124.0
2025-06-28T09:00;29.3;63;8.5;743.0;135.0
2025-06-28T10:00;29.5;64;7.8;855.0;144.0
2025-06-28T11:00;29.7;64;8.7;914.0;153.0
2025-06-28T12:00;30.0;62;7.8;922.0;152.0
2025-06-28T13:00;30.2;65;7.9;872.0;154.0
2025-06-28T14:00;30.1;67;8.5;774.0;142.0
2025-06-28T15:00;29.8;68;9.0;631.0;129.0
2025-06-28T16:00;29.2;72;8.3;457.0;115.0
2025-06-28T17:00;28.2;80;8.3;275.0;92.0
2025-06-28T18:00;27.4;83;5.7;105.0;56.0
2025-06-28T19:00;26.8;85;4.2;8.0;7.0
2025-06-28T20:00;26.5;85;3.0;0.0;0.0
2025-06-28T21:00;26.2;85;3.9;0.0;0.0
2025-06-28T22:00;26.2;82;3.7;0.0;0.0
2025-06-28T23:00;26.2;79;5.2;0.0;0.0
2025-06-29T00:00;26.1;79;6.0;0.0;0.0
2025-06-29T01:00;25.9;80;4.8;0.0;0.0
2025-06-29T02:00;25.6;81;4.4;0.0;0.0
2025-06-29T03:00;25.5;82;2.8;0.0;0.0
2025-06-29T04:00;25.0;84;2.2;1.0;1.0
2025-06-29T05:00;26.5;75;3.6;63.0;37.0
2025-06-29T06:00;27.8;64;6.9;219.0;81.0
2025-06-29T07:00;28.4;63;9.7;406.0;107.0
2025-06-29T08:00;28.8;62;11.0;587.0;124.0
2025-06-29T09:00;29.1;62;11.6;743.0;137.0
2025-06-29T10:00;29.5;59;11.4;860.0;144.0
2025-06-29T11:00;29.9;56;12.2;926.0;149.0
2025-06-29T12:00;30.1;55;12.8;935.0;150.0
2025-06-29T13:00;30.6;51;13.0;891.0;146.0
2025-06-29T14:00;30.3;49;10.8;794.0;138.0
2025-06-29T15:00;30.2;46;8.6;654.0;127.0
2025-06-29T16:00;29.5;49;8.0;479.0;112.0
2025-06-29T17:00;28.7;51;6.1;288.0;91.0
2025-06-29T18:00;27.8;54;5.3;112.0;56.0
2025-06-29T19:00;27.0;58;4.1;9.0;7.0
2025-06-29T20:00;26.5;61;4.2;0.0;0.0
2025-06-29T21:00;25.9;64;3.4;0.0;0.0
2025-06-29T22:00;25.4;65;3.6;0.0;0.0
2025-06-29T23:00;25.1;65;3.8;0.0;0.0
2025-06-30T00:00;24.9;63;4.2;0.0;0.0
2025-06-30T01:00;24.7;60;3.0;0.0;0.0
2025-06-30T02:00;24.6;56;2.5;0.0;0.0
2025-06-30T03:00;24.7;54;4.3;0.0;0.0
2025-06-30T04:00;24.6;52;3.7;1.0;1.0
2025-06-30T05:00;26.0;47;1.7;64.0;37.0
2025-06-30T06:00;28.4;41;1.7;223.0;80.0
2025-06-30T07:00;29.6;36;4.1;413.0;106.0
2025-06-30T08:00;30.5;36;5.4;597.0;123.0
2025-06-30T09:00;31.1;38;7.4;754.0;134.0
2025-06-30T10:00;31.5;40;9.0;871.0;142.0
2025-06-30T11:00;31.4;44;10.9;937.0;146.0
2025-06-30T12:00;31.2;50;11.1;947.0;147.0
2025-06-30T13:00;31.4;51;10.3;896.0;143.0
2025-06-30T14:00;31.4;48;8.8;796.0;136.0
2025-06-30T15:00;30.8;54;9.3;652.0;127.0
2025-06-30T16:00;30.1;55;8.2;475.0;111.0
2025-06-30T17:00;29.6;55;6.5;286.0;91.0
2025-06-30T18:00;28.6;61;4.7;111.0;55.0
2025-06-30T19:00;27.7;66;4.2;9.0;7.0
2025-06-30T20:00;27.0;69;5.0;0.0;0.0
2025-06-30T21:00;26.3;70;4.7;0.0;0.0
2025-06-30T22:00;26.0;67;3.0;0.0;0.0
2025-06-30T23:00;25.5;66;1.5;0.0;0.0
2025-07-01T00:00;25.3;65;4.3;0.0;0.0
2025-07-01T01:00;24.1;69;4.0;0.0;0.0
2025-07-01T02:00;23.8;68;1.0;0.0;0.0
2025-07-01T03:00;24.0;60;1.2;0.0;0.0
2025-07-01T04:00;24.0;56;2.1;1.0;1.0
2025-07-01T05:00;25.4;50;3.6;62.0;36.0
2025-07-01T06:00;27.4;51;1.8;219.0;81.0
2025-07-01T07:00;28.6;51;2.9;404.0;108.0
2025-07-01T08:00;29.6;48;5.0;587.0;126.0
2025-07-01T09:00;30.2;49;7.0;746.0;136.0
2025-07-01T10:00;30.7;49;7.3;860.0;142.0
2025-07-01T11:00;31.0;51;8.5;925.0;146.0
2025-07-01T12:00;30.8;55;9.9;935.0;146.0
2025-07-01T13:00;31.1;50;9.8;891.0;142.0
2025-07-01T14:00;30.6;52;7.5;793.0;135.0
2025-07-01T15:00;30.4;51;4.8;647.0;126.0
2025-07-01T16:00;30.3;49;3.6;471.0;111.0
2025-07-01T17:00;29.8;49;2.9;282.0;90.0
2025-07-01T18:00;29.2;49;2.6;109.0;55.0
2025-07-01T19:00;28.9;46;4.3;9.0;8.0
2025-07-01T20:00;28.5;48;4.8;0.0;0.0
2025-07-01T21:00;27.9;49;4.0;0.0;0.0
2025-07-01T22:00;27.3;49;4.6;0.0;0.0
2025-07-01T23:00;26.9;47;5.6;0.0;0.0
2025-07-02T00:00;26.6;45;4.2;0.0;0.0
2025-07-02T01:00;26.4;45;4.5;0.0;0.0
2025-07-02T02:00;26.0;46;2.9;0.0;0.0
2025-07-02T03:00;25.7;47;2.7;0.0;0.0
2025-07-02T04:00;25.2;49;1.5;0.0;0.0
2025-07-02T05:00;27.0;49;0.7;63.0;36.0
2025-07-02T06:00;27.9;51;2.9;222.0;80.0
2025-07-02T07:00;29.1;48;4.9;411.0;105.0
2025-07-02T08:00;30.1;46;7.1;594.0;121.0
2025-07-02T09:00;31.0;46;8.4;753.0;133.0
2025-07-02T10:00;31.3;48;10.1;871.0;140.0
2025-07-02T11:00;31.2;50;9.8;938.0;144.0
2025-07-02T12:00;31.2;50;8.2;947.0;145.0
2025-07-02T13:00;31.4;50;9.4;824.0;172.0
2025-07-02T14:00;31.7;48;6.9;760.0;147.0
2025-07-02T15:00;31.2;51;6.4;579.0;152.0
2025-07-02T16:00;30.9;51;6.5;433.0;117.0
2025-07-02T17:00;30.4;50;5.2;265.0;90.0
2025-07-02T18:00;29.9;49;4.0;102.0;53.0
2025-07-02T19:00;29.3;51;3.8;8.0;7.0
2025-07-02T20:00;28.7;54;4.2;0.0;0.0
2025-07-02T21:00;28.2;58;4.1;0.0;0.0
2025-07-02T22:00;27.7;60;2.3;0.0;0.0
2025-07-02T23:00;27.2;60;1.2;0.0;0.0
2025-07-03T00:00;26.8;59;2.1;0.0;0.0
2025-07-03T01:00;26.3;69;0.7;0.0;0.0
2025-07-03T02:00;25.8;68;1.0;0.0;0.0
2025-07-03T03:00;25.9;65;3.5;0.0;0.0
2025-07-03T04:00;25.6;66;3.8;0.0;0.0
2025-07-03T05:00;26.6;64;2.4;58.0;35.0
2025-07-03T06:00;27.7;67;0.2;210.0;80.0
2025-07-03T07:00;29.4;58;1.5;394.0;106.0
2025-07-03T08:00;31.7;42;4.0;577.0;124.0
2025-07-03T09:00;31.7;44;9.4;736.0;135.0
2025-07-03T10:00;31.5;52;9.8;850.0;142.0
2025-07-03T11:00;31.7;55;9.1;844.0;177.0
2025-07-03T12:00;31.5;59;9.3;859.0;186.0
2025-07-03T13:00;32.7;51;2.4;760.0;175.0
2025-07-03T14:00;31.3;61;7.0;643.0;247.0
2025-07-03T15:00;31.2;64;8.0;523.0;203.0
2025-07-03T16:00;30.2;72;7.2;392.0;145.0
2025-07-03T17:00;29.3;76;5.4;263.0;93.0
2025-07-03T18:00;28.6;78;2.7;102.0;54.0
2025-07-03T19:00;28.1;80;2.1;8.0;7.0
2025-07-03T20:00;27.9;80;3.5;0.0;0.0
2025-07-03T21:00;27.6;79;4.5;0.0;0.0
2025-07-03T22:00;27.1;79;5.4;0.0;0.0
2025-07-03T23:00;26.8;75;4.2;0.0;0.0
2025-07-04T00:00;26.5;71;1.0;0.0;0.0
2025-07-04T01:00;26.3;65;0.7;0.0;0.0
2025-07-04T02:00;26.3;61;0.6;0.0;0.0
2025-07-04T03:00;26.0;59;0.5;0.0;0.0
2025-07-04T04:00;25.7;58;1.7;0.0;0.0
2025-07-04T05:00;27.1;53;1.9;58.0;34.0
2025-07-04T06:00;28.1;63;1.5;213.0;78.0
2025-07-04T07:00;29.2;61;4.0;399.0;103.0
2025-07-04T08:00;30.1;59;6.1;580.0;120.0
2025-07-04T09:00;30.8;57;7.3;737.0;133.0
2025-07-04T10:00;31.5;55;7.5;855.0;139.0
2025-07-04T11:00;31.8;57;9.7;922.0;142.0
2025-07-04T12:00;31.4;57;9.4;933.0;143.0
2025-07-04T13:00;33.0;48;8.8;861.0;154.0
2025-07-04T14:00;32.3;54;10.4;780.0;138.0
2025-07-04T15:00;31.4;60;7.0;642.0;127.0
2025-07-04T16:00;31.0;58;4.1;469.0;110.0
2025-07-04T17:00;30.2;61;4.3;281.0;88.0
2025-07-04T18:00;29.1;71;4.0;108.0;54.0
2025-07-04T19:00;28.3;77;2.2;8.0;7.0
2025-07-04T20:00;28.0;80;1.0;0.0;0.0
2025-07-04T21:00;27.7;83;1.0;0.0;0.0
2025-07-04T22:00;27.4;85;0.9;0.0;0.0
2025-07-04T23:00;27.0;85;1.7;0.0;0.0
2025-07-05T00:00;26.6;83;2.2;0.0;0.0
2025-07-05T01:00;26.1;81;0.4;0.0;0.0
2025-07-05T02:00;26.2;74;0.3;0.0;0.0
2025-07-05T03:00;26.2;73;0.3;0.0;0.0
2025-07-05T04:00;25.9;75;0.9;0.0;0.0
2025-07-05T05:00;27.0;77;2.6;57.0;34.0
2025-07-05T06:00;27.7;83;2.8;196.0;89.0
2025-07-05T07:00;29.1;69;3.1;365.0;121.0
2025-07-05T08:00;30.6;53;4.8;573.0;124.0
2025-07-05T09:00;31.8;42;6.2;736.0;131.0
2025-07-05T10:00;32.4;40;7.6;854.0;138.0
2025-07-05T11:00;32.7;40;8.6;923.0;143.0
2025-07-05T12:00;32.4;45;10.1;934.0;143.0
2025-07-05T13:00;32.6;45;9.4;893.0;141.0
2025-07-05T14:00;32.3;46;8.7;798.0;133.0
2025-07-05T15:00;31.4;53;8.8;651.0;122.0
2025-07-05T16:00;30.8;55;4.9;471.0;109.0
2025-07-05T17:00;30.3;57;6.1;279.0;89.0
2025-07-05T18:00;29.1;68;4.4;108.0;53.0
2025-07-05T19:00;28.3;75;4.0;8.0;7.0
2025-07-05T20:00;27.9;77;4.4;0.0;0.0
2025-07-05T21:00;27.5;78;6.1;0.0;0.0
2025-07-05T22:00;27.0;79;6.2;0.0;0.0
2025-07-05T23:00;26.6;78;6.1;0.0;0.0
2025-07-06T00:00;26.4;72;5.8;0.0;0.0
2025-07-06T01:00;26.6;62;6.8;0.0;0.0
2025-07-06T02:00;26.6;53;5.5;0.0;0.0
2025-07-06T03:00;26.6;48;1.4;0.0;0.0
2025-07-06T04:00;26.3;48;2.9;0.0;0.0
2025-07-06T05:00;27.4;49;1.5;58.0;34.0
2025-07-06T06:00;28.5;54;2.2;213.0;77.0
2025-07-06T07:00;29.9;51;4.9;401.0;101.0
2025-07-06T08:00;30.6;54;7.2;584.0;118.0
2025-07-06T09:00;30.8;58;8.7;741.0;130.0
2025-07-06T10:00;31.3;59;9.1;851.0;139.0
2025-07-06T11:00;31.2;58;8.3;766.0;182.0
2025-07-06T12:00;31.4;54;7.2;753.0;191.0
2025-07-06T13:00;32.1;55;8.5;795.0;191.0
2025-07-06T14:00;31.2;60;7.5;672.0;161.0
2025-07-06T15:00;31.0;59;6.9;565.0;162.0
2025-07-06T16:00;30.4;61;6.3;417.0;114.0
2025-07-06T17:00;29.9;62;5.4;270.0;88.0
2025-07-06T18:00;29.3;61;4.9;107.0;53.0
2025-07-06T19:00;28.9;62;4.7;8.0;7.0
2025-07-06T20:00;28.6;64;4.5;0.0;0.0
2025-07-06T21:00;28.1;67;4.1;0.0;0.0
2025-07-06T22:00;27.4;68;3.6;0.0;0.0
2025-07-06T23:00;26.7;67;2.5;0.0;0.0
2025-07-07T00:00;26.3;62;3.6;0.0;0.0
2025-07-07T01:00;26.5;62;4.9;0.0;0.0
2025-07-07T02:00;26.4;56;4.8;0.0;0.0
2025-07-07T03:00;26.5;50;8.5;0.0;0.0
2025-07-07T04:00;26.5;48;10.8;0.0;0.0
2025-07-07T05:00;27.4;46;9.0;56.0;32.0
2025-07-07T06:00;30.4;38;5.3;212.0;76.0
2025-07-07T07:00;32.2;29;1.8;400.0;101.0
2025-07-07T08:00;33.5;25;1.0;586.0;116.0
2025-07-07T09:00;34.4;24;3.7;747.0;127.0
2025-07-07T10:00;33.7;42;6.2;864.0;135.0
2025-07-07T11:00;33.4;48;8.4;925.0;140.0
2025-07-07T12:00;33.4;50;7.6;883.0;156.0
2025-07-07T13:00;33.1;54;8.8;769.0;181.0
2025-07-07T14:00;31.9;62;8.6;697.0;169.0
2025-07-07T15:00;30.5;70;8.6;584.0;145.0
2025-07-07T16:00;29.9;71;6.5;450.0;113.0
2025-07-07T17:00;29.7;70;5.5;277.0;87.0
2025-07-07T18:00;29.2;70;5.1;106.0;52.0
2025-07-07T19:00;28.5;73;4.2;8.0;7.0
2025-07-07T20:00;28.1;76;1.3;0.0;0.0
2025-07-07T21:00;27.4;80;2.8;0.0;0.0
2025-07-07T22:00;26.7;86;1.4;0.0;0.0
2025-07-07T23:00;26.2;85;2.6;0.0;0.0
2025-07-08T00:00;25.8;80;3.2;0.0;0.0
2025-07-08T01:00;26.6;71;5.6;0.0;0.0
2025-07-08T02:00;26.5;62;9.1;0.0;0.0
2025-07-08T03:00;26.3;61;11.1;0.0;0.0
2025-07-08T04:00;26.4;56;8.7;0.0;0.0
2025-07-08T05:00;27.5;50;8.2;55.0;31.0
2025-07-08T06:00;29.9;45;4.3;212.0;75.0
2025-07-08T07:00;31.0;42;11.2;397.0;100.0
2025-07-08T08:00;31.4;51;11.7;572.0;121.0
2025-07-08T09:00;32.0;52;11.7;719.0;140.0
2025-07-08T10:00;33.0;47;12.6;842.0;142.0
2025-07-08T11:00;33.2;45;15.3;912.0;140.0
2025-07-08T12:00;32.7;48;16.5;923.0;143.0
2025-07-08T13:00;32.9;43;17.4;888.0;131.0
2025-07-08T14:00;32.4;43;16.3;785.0;131.0
2025-07-08T15:00;32.0;43;17.0;644.0;121.0
2025-07-08T16:00;31.1;46;15.4;470.0;107.0
2025-07-08T17:00;29.9;52;12.4;281.0;86.0
2025-07-08T18:00;29.1;51;9.2;107.0;52.0
2025-07-08T19:00;28.6;51;7.4;8.0;7.0
2025-07-08T20:00;28.0;56;8.2;0.0;0.0
2025-07-08T21:00;27.4;59;9.5;0.0;0.0
2025-07-08T22:00;27.1;61;11.1;0.0;0.0
2025-07-08T23:00;26.8;69;16.3;0.0;0.0
2025-07-09T00:00;26.7;64;19.3;0.0;0.0
2025-07-09T01:00;26.3;58;18.4;0.0;0.0
2025-07-09T02:00;25.8;61;15.9;0.0;0.0
2025-07-09T03:00;25.7;62;13.3;0.0;0.0
2025-07-09T04:00;25.7;62;11.1;0.0;0.0
2025-07-09T05:00;26.2;60;15.6;41.0;28.0
2025-07-09T06:00;26.7;53;17.3;197.0;84.0
2025-07-09T07:00;26.9;50;19.5;370.0;116.0
2025-07-09T08:00;27.1;50;20.7;528.0;145.0
2025-07-09T09:00;27.2;51;21.2;543.0;239.0
2025-07-09T10:00;28.0;46;19.2;683.0;269.0
2025-07-09T11:00;28.8;42;17.2;925.0;159.0
2025-07-09T12:00;29.1;43;15.5;956.0;140.0
2025-07-09T13:00;29.0;42;15.0;908.0;141.0
2025-07-09T14:00;29.2;42;14.5;802.0;136.0
2025-07-09T15:00;29.2;41;14.4;641.0;141.0
2025-07-09T16:00;28.9;41;16.2;456.0;123.0
2025-07-09T17:00;27.3;49;17.1;262.0;96.0
2025-07-09T18:00;26.9;41;14.0;97.0;51.0
2025-07-09T19:00;26.3;38;11.0;8.0;7.0
2025-07-09T20:00;25.8;40;8.8;0.0;0.0
2025-07-09T21:00;25.3;42;7.0;0.0;0.0
2025-07-09T22:00;24.9;45;7.8;0.0;0.0
2025-07-09T23:00;24.5;49;9.5;0.0;0.0
2025-07-10T00:00;24.2;52;9.6;0.0;0.0
2025-07-10T01:00;23.3;58;6.5;0.0;0.0
2025-07-10T02:00;23.2;59;7.0;0.0;0.0
2025-07-10T03:00;23.1;61;7.0;0.0;0.0
2025-07-10T04:00;23.2;62;7.1;0.0;0.0
2025-07-10T05:00;24.4;60;8.0;52.0;31.0
2025-07-10T06:00;26.0;53;10.2;183.0;79.0
2025-07-10T07:00;26.9;49;10.3;358.0;118.0
2025-07-10T08:00;27.9;46;11.5;553.0;139.0
2025-07-10T09:00;28.4;43;11.7;679.0;163.0
2025-07-10T10:00;29.0;42;11.8;828.0;166.0
2025-07-10T11:00;29.3;41;12.1;906.0;167.0
2025-07-10T12:00;29.4;41;12.6;938.0;148.0
2025-07-10T13:00;28.2;44;12.6;904.0;137.0
2025-07-10T14:00;28.1;42;12.8;805.0;130.0
2025-07-10T15:00;27.8;41;12.7;663.0;121.0
2025-07-10T16:00;27.4;41;11.8;485.0;106.0
2025-07-10T17:00;26.9;43;11.3;290.0;86.0
2025-07-10T18:00;26.2;50;8.6;110.0;52.0
2025-07-10T19:00;25.7;55;8.0;8.0;7.0
2025-07-10T20:00;25.3;57;8.6;0.0;0.0
2025-07-10T21:00;24.9;60;7.1;0.0;0.0
2025-07-10T22:00;24.4;62;5.7;0.0;0.0
2025-07-10T23:00;24.1;64;4.7;0.0;0.0
2025-07-11T00:00;23.9;65;5.1;0.0;0.0
2025-07-11T01:00;23.6;57;4.9;0.0;0.0
2025-07-11T02:00;23.1;58;3.8;0.0;0.0
2025-07-11T03:00;22.6;60;3.5;0.0;0.0
2025-07-11T04:00;22.4;61;2.5;0.0;0.0
2025-07-11T05:00;23.8;55;2.4;53.0;30.0
2025-07-11T06:00;25.4;47;4.3;211.0;76.0
2025-07-11T07:00;26.3;45;4.4;396.0;104.0
2025-07-11T08:00;27.3;43;5.5;569.0;133.0
2025-07-11T09:00;28.0;41;7.3;718.0;154.0
2025-07-11T10:00;28.5;40;8.9;855.0;152.0
2025-07-11T11:00;28.8;39;10.0;924.0;143.0
2025-07-11T12:00;28.8;37;11.3;953.0;135.0
2025-07-11T13:00;27.9;40;13.6;909.0;132.0
2025-07-11T14:00;27.9;40;14.2;800.0;135.0
2025-07-11T15:00;27.4;42;13.9;657.0;120.0
2025-07-11T16:00;26.9;44;11.3;481.0;106.0
2025-07-11T17:00;26.4;46;10.1;288.0;86.0
2025-07-11T18:00;25.7;49;9.0;109.0;51.0
2025-07-11T19:00;25.1;52;7.4;7.0;6.0
2025-07-11T20:00;24.6;55;7.0;0.0;0.0
2025-07-11T21:00;24.4;56;7.1;0.0;0.0
2025-07-11T22:00;24.0;58;7.3;0.0;0.0
2025-07-11T23:00;23.6;59;6.8;0.0;0.0
2025-07-12T00:00;23.3;61;6.4;0.0;0.0
2025-07-12T01:00;23.0;60;7.3;0.0;0.0
2025-07-12T02:00;22.7;61;6.9;0.0;0.0
2025-07-12T03:00;22.3;61;5.0;0.0;0.0
2025-07-12T04:00;21.9;61;3.7;0.0;0.0
2025-07-12T05:00;22.6;58;3.4;53.0;30.0
2025-07-12T06:00;25.4;44;0.3;211.0;74.0
2025-07-12T07:00;26.8;39;3.9;404.0;99.0
2025-07-12T08:00;27.8;39;7.3;592.0;115.0
2025-07-12T09:00;28.2;40;10.2;754.0;126.0
2025-07-12T10:00;28.4;40;11.2;873.0;133.0
2025-07-12T11:00;28.7;40;11.1;941.0;137.0
2025-07-12T12:00;28.7;43;11.6;952.0;137.0
2025-07-12T13:00;28.2;50;13.4;901.0;136.0
2025-07-12T14:00;28.2;49;13.0;799.0;130.0
2025-07-12T15:00;28.2;48;11.3;654.0;119.0
2025-07-12T16:00;27.8;50;10.4;476.0;106.0
2025-07-12T17:00;27.3;53;9.2;283.0;85.0
2025-07-12T18:00;26.9;56;7.2;107.0;51.0
2025-07-12T19:00;26.4;59;5.4;7.0;6.0
2025-07-12T20:00;26.0;61;4.0;0.0;0.0
2025-07-12T21:00;25.5;64;3.7;0.0;0.0
2025-07-12T22:00;25.0;64;4.1;0.0;0.0
2025-07-12T23:00;24.6;64;4.0;0.0;0.0
2025-07-13T00:00;24.2;64;4.5;0.0;0.0
2025-07-13T01:00;23.5;66;2.7;0.0;0.0
2025-07-13T02:00;23.1;66;1.1;0.0;0.0
2025-07-13T03:00;23.0;63;0.5;0.0;0.0
2025-07-13T04:00;22.6;61;0.6;0.0;0.0
2025-07-13T05:00;24.4;53;0.6;50.0;28.0
2025-07-13T06:00;27.0;52;1.9;194.0;86.0
2025-07-13T07:00;28.6;48;4.3;382.0;114.0
2025-07-13T08:00;30.6;38;5.8;570.0;121.0
2025-07-13T09:00;32.0;36;7.0;720.0;153.0
2025-07-13T10:00;32.0;43;6.9;740.0;262.0
2025-07-13T11:00;32.7;40;4.7;909.0;138.0
2025-07-13T12:00;32.9;38;9.3;924.0;136.0
2025-07-13T13:00;32.1;45;9.6;881.0;137.0
2025-07-13T14:00;31.9;51;9.9;782.0;128.0
2025-07-13T15:00;31.8;51;9.2;638.0;118.0
2025-07-13T16:00;32.0;48;6.2;459.0;106.0
2025-07-13T17:00;31.6;46;4.6;267.0;86.0
2025-07-13T18:00;30.3;52;3.2;101.0;50.0
2025-07-13T19:00;29.2;56;3.5;7.0;6.0
2025-07-13T20:00;28.7;56;3.2;0.0;0.0
2025-07-13T21:00;28.0;64;2.0;0.0;0.0
2025-07-13T22:00;27.4;61;2.4;0.0;0.0
2025-07-13T23:00;26.9;58;2.3;0.0;0.0
2025-07-14T00:00;26.6;54;2.6;0.0;0.0
2025-07-14T01:00;27.0;43;2.4;0.0;0.0
2025-07-14T02:00;26.5;46;0.6;0.0;0.0
2025-07-14T03:00;25.6;58;1.3;0.0;0.0
2025-07-14T04:00;25.3;55;1.1;0.0;0.0
2025-07-14T05:00;26.9;43;3.6;49.0;28.0
2025-07-14T06:00;29.3;37;3.2;202.0;72.0
2025-07-14T07:00;30.7;38;3.9;392.0;97.0
2025-07-14T08:00;30.7;51;8.8;577.0;113.0
2025-07-14T09:00;30.9;56;10.3;737.0;123.0
2025-07-14T10:00;31.6;49;11.7;858.0;130.0
2025-07-14T11:00;31.8;48;12.4;934.0;134.0
2025-07-14T12:00;31.3;54;13.2;952.0;135.0
2025-07-14T13:00;30.7;60;12.7;899.0;133.0
2025-07-14T14:00;30.0;66;13.0;798.0;128.0
2025-07-14T15:00;29.3;64;12.1;647.0;120.0
2025-07-14T16:00;28.6;62;10.0;471.0;106.0
2025-07-14T17:00;27.7;67;10.9;284.0;84.0
2025-07-14T18:00;26.4;74;9.4;106.0;50.0
2025-07-14T19:00;25.8;79;8.8;7.0;6.0
2025-07-14T20:00;25.4;82;9.0;0.0;0.0
2025-07-14T21:00;25.4;80;9.8;0.0;0.0
2025-07-14T22:00;25.3;79;8.3;0.0;0.0
2025-07-14T23:00;25.3;79;7.6;0.0;0.0
2025-07-15T00:00;25.3;78;6.7;0.0;0.0
2025-07-15T01:00;25.0;82;3.8;0.0;0.0
2025-07-15T02:00;24.4;85;2.2;0.0;0.0
2025-07-15T03:00;24.5;86;3.3;0.0;0.0
2025-07-15T04:00;24.3;88;3.8;0.0;0.0
2025-07-15T05:00;25.0;85;6.3;46.0;27.0
2025-07-15T06:00;26.1;78;7.9;190.0;75.0
2025-07-15T07:00;27.1;69;7.2;374.0;110.0
2025-07-15T08:00;28.2;61;6.2;573.0;118.0
2025-07-15T09:00;29.2;54;6.5;737.0;123.0
2025-07-15T10:00;29.8;51;8.0;856.0;131.0
2025-07-15T11:00;30.1;50;9.4;927.0;135.0
2025-07-15T12:00;30.0;54;10.0;940.0;135.0
2025-07-15T13:00;30.2;53;11.6;895.0;132.0
2025-07-15T14:00;29.8;56;12.0;794.0;126.0
2025-07-15T15:00;29.6;56;11.1;649.0;117.0
2025-07-15T16:00;29.2;56;10.0;472.0;102.0
2025-07-15T17:00;28.5;58;8.7;281.0;82.0
2025-07-15T18:00;27.6;64;8.0;104.0;49.0
2025-07-15T19:00;27.0;67;7.3;6.0;5.0
2025-07-15T20:00;26.6;70;7.3;0.0;0.0
2025-07-15T21:00;26.0;77;7.8;0.0;0.0
2025-07-15T22:00;25.5;82;8.1;0.0;0.0
2025-07-15T23:00;25.0;85;6.0;0.0;0.0
2025-07-16T00:00;24.7;85;4.8;0.0;0.0
2025-07-16T01:00;24.4;78;6.0;0.0;0.0
2025-07-16T02:00;24.2;74;6.2;0.0;0.0
2025-07-16T03:00;24.1;70;5.6;0.0;0.0
2025-07-16T04:00;24.1;67;4.6;0.0;0.0
2025-07-16T05:00;25.2;61;4.7;47.0;26.0
2025-07-16T06:00;27.4;54;2.7;201.0;71.0
2025-07-16T07:00;29.3;43;1.1;392.0;95.0
2025-07-16T08:00;30.8;38;5.8;577.0;110.0
2025-07-16T09:00;31.4;40;8.6;737.0;121.0
2025-07-16T10:00;31.9;43;10.2;854.0;128.0
2025-07-16T11:00;32.4;44;12.0;923.0;132.0
2025-07-16T12:00;32.6;44;13.1;935.0;132.0
2025-07-16T13:00;31.9;50;14.7;890.0;130.0
2025-07-16T14:00;31.6;49;13.5;792.0;124.0
2025-07-16T15:00;31.2;47;11.5;648.0;115.0
2025-07-16T16:00;30.5;49;10.4;471.0;102.0
2025-07-16T17:00;29.5;54;8.8;279.0;82.0
2025-07-16T18:00;28.7;57;6.6;103.0;48.0
2025-07-16T19:00;28.2;59;2.6;6.0;5.0
2025-07-16T20:00;27.9;68;0.2;0.0;0.0
2025-07-16T21:00;27.1;64;1.9;0.0;0.0
2025-07-16T22:00;26.4;66;1.7;0.0;0.0
2025-07-16T23:00;25.8;69;0.4;0.0;0.0
2025-07-17T00:00;25.5;64;1.5;0.0;0.0
2025-07-17T01:00;24.2;69;1.2;0.0;0.0
2025-07-17T02:00;24.0;68;0.6;0.0;0.0
2025-07-17T03:00;23.9;66;0.9;0.0;0.0
2025-07-17T04:00;23.8;66;1.1;0.0;0.0
2025-07-17T05:00;25.3;60;2.2;45.0;26.0
2025-07-17T06:00;27.6;52;1.4;197.0;72.0
2025-07-17T07:00;29.0;51;3.9;388.0;95.0
2025-07-17T08:00;29.5;56;8.0;568.0;115.0
2025-07-17T09:00;30.0;60;8.1;722.0;135.0
2025-07-17T10:00;30.7;61;8.4;845.0;133.0
2025-07-17T11:00;31.0;63;8.9;915.0;132.0
2025-07-17T12:00;31.0;63;7.2;861.0;173.0
2025-07-17T13:00;30.8;64;10.3;807.0;198.0
2025-07-17T14:00;29.8;69;11.4;709.0;165.0
2025-07-17T15:00;29.4;71;8.7;480.0;186.0
2025-07-17T16:00;29.4;69;9.2;425.0;126.0
2025-07-17T17:00;28.6;72;10.4;263.0;94.0
2025-07-17T18:00;27.8;75;8.7;92.0;48.0
2025-07-17T19:00;27.0;79;6.2;5.0;4.0
2025-07-17T20:00;26.7;81;3.3;0.0;0.0
2025-07-17T21:00;26.3;84;2.8;0.0;0.0
2025-07-17T22:00;25.9;85;2.5;0.0;0.0
2025-07-17T23:00;25.4;87;1.9;0.0;0.0
2025-07-18T00:00;24.8;90;1.8;0.0;0.0
2025-07-18T01:00;24.5;91;0.6;0.0;0.0
2025-07-18T02:00;24.1;92;1.4;0.0;0.0
2025-07-18T03:00;24.0;92;2.2;0.0;0.0
2025-07-18T04:00;24.0;90;3.1;0.0;0.0
2025-07-18T05:00;24.8;85;4.9;42.0;27.0
2025-07-18T06:00;26.4;76;5.0;182.0;76.0
2025-07-18T07:00;27.2;73;7.2;338.0;115.0
2025-07-18T08:00;27.9;69;9.2;474.0;166.0
2025-07-18T09:00;28.6;66;11.0;644.0;171.0
2025-07-18T10:00;29.1;65;11.6;770.0;180.0
2025-07-18T11:00;29.5;61;11.0;868.0;187.0
2025-07-18T12:00;29.4;61;10.2;915.0;149.0
2025-07-18T13:00;29.5;63;10.1;847.0;157.0
2025-07-18T14:00;29.5;59;9.2;781.0;128.0
2025-07-18T15:00;29.3;58;8.2;637.0;119.0
2025-07-18T16:00;28.5;63;7.8;465.0;103.0
2025-07-18T17:00;27.8;65;5.5;275.0;82.0
2025-07-18T18:00;27.0;67;3.0;100.0;48.0
2025-07-18T19:00;26.6;67;2.8;5.0;4.0
2025-07-18T20:00;26.4;67;3.9;0.0;0.0
2025-07-18T21:00;25.9;70;4.9;0.0;0.0
2025-07-18T22:00;25.4;71;6.2;0.0;0.0
2025-07-18T23:00;24.9;71;5.6;0.0;0.0
2025-07-19T00:00;24.6;69;4.9;0.0;0.0
2025-07-19T01:00;24.0;75;1.3;0.0;0.0
2025-07-19T02:00;23.9;75;1.5;0.0;0.0
2025-07-19T03:00;23.6;76;1.6;0.0;0.0
2025-07-19T04:00;23.4;78;2.0;0.0;0.0
2025-07-19T05:00;24.7;74;3.1;43.0;24.0
2025-07-19T06:00;26.4;72;3.6;196.0;70.0
2025-07-19T07:00;28.2;63;3.8;387.0;95.0
2025-07-19T08:00;29.7;57;6.6;575.0;110.0
2025-07-19T09:00;30.4;59;9.5;737.0;121.0
2025-07-19T10:00;30.7;58;9.9;857.0;128.0
2025-07-19T11:00;31.0;54;9.4;924.0;131.0
2025-07-19T12:00;31.3;52;10.3;935.0;133.0
2025-07-19T13:00;31.2;55;9.7;887.0;130.0
2025-07-19T14:00;31.3;56;9.4;785.0;125.0
2025-07-19T15:00;30.8;59;9.1;639.0;114.0
2025-07-19T16:00;30.1;63;7.8;461.0;101.0
2025-07-19T17:00;29.3;63;7.3;272.0;82.0
2025-07-19T18:00;28.6;63;6.4;98.0;47.0
2025-07-19T19:00;28.2;67;6.0;5.0;4.0
2025-07-19T20:00;28.0;72;6.6;0.0;0.0
2025-07-19T21:00;27.5;76;6.3;0.0;0.0
2025-07-19T22:00;27.1;77;5.6;0.0;0.0
2025-07-19T23:00;26.9;72;6.1;0.0;0.0
2025-07-20T00:00;26.6;69;4.0;0.0;0.0
2025-07-20T01:00;26.0;71;3.5;0.0;0.0
2025-07-20T02:00;25.4;73;1.0;0.0;0.0
2025-07-20T03:00;25.3;75;1.3;0.0;0.0
2025-07-20T04:00;24.8;84;0.8;0.0;0.0
2025-07-20T05:00;25.9;77;3.9;41.0;24.0
2025-07-20T06:00;28.3;67;3.9;192.0;70.0
2025-07-20T07:00;30.0;60;4.2;381.0;94.0
2025-07-20T08:00;31.4;58;6.1;570.0;110.0
2025-07-20T09:00;32.1;60;7.7;731.0;120.0
2025-07-20T10:00;32.8;55;7.4;850.0;128.0
2025-07-20T11:00;33.7;48;8.7;915.0;131.0
2025-07-20T12:00;33.8;45;10.3;925.0;132.0
2025-07-20T13:00;33.4;52;9.9;878.0;129.0
2025-07-20T14:00;33.1;58;9.6;778.0;124.0
2025-07-20T15:00;32.7;59;7.3;633.0;114.0
2025-07-20T16:00;32.1;62;5.5;458.0;101.0
2025-07-20T17:00;30.8;67;6.5;271.0;81.0
2025-07-20T18:00;29.7;71;5.6;98.0;47.0
2025-07-20T19:00;29.2;73;3.6;5.0;4.0
2025-07-20T20:00;28.9;70;2.8;0.0;0.0
2025-07-20T21:00;28.3;67;1.4;0.0;0.0
2025-07-20T22:00;27.6;64;1.9;0.0;0.0
2025-07-20T23:00;27.3;54;2.7;0.0;0.0
2025-07-21T00:00;26.9;44;2.6;0.0;0.0
2025-07-21T01:00;26.4;42;2.4;0.0;0.0
2025-07-21T02:00;26.3;43;3.8;0.0;0.0
2025-07-21T03:00;25.9;45;3.4;0.0;0.0
2025-07-21T04:00;25.5;47;1.7;0.0;0.0
2025-07-21T05:00;26.7;44;1.3;41.0;24.0
2025-07-21T06:00;29.6;42;2.9;192.0;69.0
2025-07-21T07:00;31.1;41;5.6;380.0;93.0
2025-07-21T08:00;32.1;44;7.6;566.0;110.0
2025-07-21T09:00;33.1;48;8.0;726.0;120.0
2025-07-21T10:00;33.5;49;9.3;846.0;126.0
2025-07-21T11:00;34.5;43;9.7;914.0;130.0
2025-07-21T12:00;35.1;38;10.4;926.0;131.0
2025-07-21T13:00;34.7;39;9.7;844.0;158.0
2025-07-21T14:00;34.5;41;8.8;682.0;223.0
2025-07-21T15:00;34.5;43;7.9;597.0;144.0
2025-07-21T16:00;34.7;41;8.4;439.0;114.0
2025-07-21T17:00;31.9;55;4.3;242.0;96.0
2025-07-21T18:00;32.7;53;3.4;91.0;48.0
2025-07-21T19:00;31.8;58;5.1;4.0;3.0
2025-07-21T20:00;30.7;62;3.4;0.0;0.0
2025-07-21T21:00;31.0;46;4.4;0.0;0.0
2025-07-21T22:00;30.1;41;2.4;0.0;0.0
2025-07-21T23:00;30.2;32;3.7;0.0;0.0
2025-07-22T00:00;30.0;32;4.0;0.0;0.0
2025-07-22T01:00;29.4;36;5.6;0.0;0.0
2025-07-22T02:00;29.1;37;5.7;0.0;0.0
2025-07-22T03:00;29.0;38;8.7;0.0;0.0
2025-07-22T04:00;28.5;40;8.7;0.0;0.0
2025-07-22T05:00;28.9;39;8.0;40.0;23.0
2025-07-22T06:00;31.2;35;7.0;191.0;68.0
2025-07-22T07:00;32.4;35;6.7;380.0;93.0
2025-07-22T08:00;32.7;43;10.0;566.0;109.0
2025-07-22T09:00;32.7;49;11.1;725.0;120.0
2025-07-22T10:00;32.3;55;12.8;844.0;127.0
2025-07-22T11:00;31.9;56;13.4;913.0;131.0
2025-07-22T12:00;31.6;53;13.2;927.0;132.0
2025-07-22T13:00;31.2;55;13.0;881.0;130.0
2025-07-22T14:00;30.7;54;11.5;784.0;125.0
2025-07-22T15:00;30.3;52;9.2;640.0;115.0
2025-07-22T16:00;29.6;53;7.4;464.0;102.0
2025-07-22T17:00;28.7;55;4.3;272.0;80.0
2025-07-22T18:00;27.9;58;3.1;96.0;46.0
2025-07-22T19:00;27.1;65;3.1;4.0;3.0
2025-07-22T20:00;26.6;70;3.9;0.0;0.0
2025-07-22T21:00;26.3;71;5.1;0.0;0.0
2025-07-22T22:00;25.9;69;4.4;0.0;0.0
2025-07-22T23:00;25.8;63;3.6;0.0;0.0
2025-07-23T00:00;25.5;54;3.2;0.0;0.0
2025-07-23T01:00;25.5;41;3.8;0.0;0.0
2025-07-23T02:00;26.2;33;5.2;0.0;0.0
2025-07-23T03:00;26.2;31;5.9;0.0;0.0
2025-07-23T04:00;25.8;31;4.2;0.0;0.0
2025-07-23T05:00;26.6;31;3.3;39.0;23.0
2025-07-23T06:00;28.6;34;5.9;190.0;68.0
2025-07-23T07:00;30.1;34;5.6;380.0;93.0
2025-07-23T08:00;31.3;32;8.1;567.0;110.0
2025-07-23T09:00;32.2;32;8.6;729.0;121.0
2025-07-23T10:00;32.1;39;11.5;849.0;128.0
2025-07-23T11:00;32.3;41;11.9;917.0;132.0
2025-07-23T12:00;32.6;39;12.3;930.0;133.0
2025-07-23T13:00;32.1;34;11.7;885.0;131.0
2025-07-23T14:00;32.0;33;10.8;784.0;126.0
2025-07-23T15:00;31.6;35;10.2;639.0;116.0
2025-07-23T16:00;31.1;37;10.6;462.0;101.0
2025-07-23T17:00;30.4;40;10.0;269.0;80.0
2025-07-23T18:00;29.4;47;7.6;94.0;46.0
2025-07-23T19:00;28.3;56;7.7;4.0;3.0
2025-07-23T20:00;27.9;57;9.4;0.0;0.0
2025-07-23T21:00;27.8;50;11.0;0.0;0.0
2025-07-23T22:00;27.6;43;4.0;0.0;0.0
2025-07-23T23:00;27.6;41;4.8;0.0;0.0
2025-07-24T00:00;27.1;46;3.4;0.0;0.0
2025-07-24T01:00;26.8;47;6.5;0.0;0.0
2025-07-24T02:00;26.9;39;5.4;0.0;0.0
2025-07-24T03:00;26.8;37;2.5;0.0;0.0
2025-07-24T04:00;26.5;38;1.1;0.0;0.0
2025-07-24T05:00;27.6;37;1.1;37.0;22.0
2025-07-24T06:00;30.2;36;5.2;185.0;70.0
2025-07-24T07:00;32.2;40;5.6;376.0;93.0
2025-07-24T08:00;32.0;51;6.9;563.0;109.0
2025-07-24T09:00;33.8;48;9.0;725.0;120.0
2025-07-24T10:00;33.4;52;9.0;845.0;128.0
2025-07-24T11:00;35.2;44;9.3;912.0;131.0
2025-07-24T12:00;35.9;43;9.3;926.0;132.0
2025-07-24T13:00;33.7;43;8.7;877.0;131.0
2025-07-24T14:00;35.0;33;8.3;775.0;125.0
2025-07-24T15:00;35.6;31;7.2;628.0;116.0
2025-07-24T16:00;34.1;39;8.5;416.0;111.0
2025-07-24T17:00;31.6;54;9.0;265.0;79.0
2025-07-24T18:00;31.4;52;7.8;92.0;45.0
2025-07-24T19:00;30.3;58;4.8;3.0;3.0
2025-07-24T20:00;30.6;53;8.2;0.0;0.0
2025-07-24T21:00;31.3;44;8.5;0.0;0.0
2025-07-24T22:00;31.3;35;6.1;0.0;0.0
2025-07-24T23:00;30.3;35;3.6;0.0;0.0
2025-07-25T00:00;29.8;35;3.7;0.0;0.0
2025-07-25T01:00;29.3;48;5.9;0.0;0.0
2025-07-25T02:00;30.0;38;6.0;0.0;0.0
2025-07-25T03:00;30.2;33;4.5;0.0;0.0
2025-07-25T04:00;29.7;31;3.1;0.0;0.0
2025-07-25T05:00;30.9;27;4.4;36.0;21.0
2025-07-25T06:00;32.4;33;11.1;182.0;70.0
2025-07-25T07:00;32.3;47;10.2;366.0;100.0
2025-07-25T08:00;34.1;46;5.2;557.0;117.0
2025-07-25T09:00;35.6;47;4.8;723.0;120.0
2025-07-25T10:00;36.6;50;3.9;844.0;127.0
2025-07-25T11:00;36.6;53;3.4;906.0;135.0
2025-07-25T12:00;36.4;56;4.5;910.0;150.0
2025-07-25T13:00;36.4;52;4.5;766.0;221.0
2025-07-25T14:00;36.0;57;4.6;621.0;200.0
2025-07-25T15:00;34.3;65;4.9;493.0;158.0
2025-07-25T16:00;35.2;59;5.5;446.0;109.0
2025-07-25T17:00;36.4;42;6.6;256.0;89.0
2025-07-25T18:00;37.1;27;5.3;87.0;46.0
2025-07-25T19:00;33.9;37;6.6;3.0;3.0
2025-07-25T20:00;31.7;49;6.5;0.0;0.0
2025-07-25T21:00;30.4;59;6.2;0.0;0.0
2025-07-25T22:00;29.7;61;2.4;0.0;0.0
2025-07-25T23:00;30.2;47;7.1;0.0;0.0
2025-07-26T00:00;30.3;36;6.5;0.0;0.0
2025-07-26T01:00;29.8;41;18.2;0.0;0.0
2025-07-26T02:00;28.1;66;10.8;0.0;0.0
2025-07-26T03:00;28.6;64;5.9;0.0;0.0
2025-07-26T04:00;28.6;64;5.2;0.0;0.0
2025-07-26T05:00;28.5;72;12.4;14.0;14.0
2025-07-26T06:00;27.8;83;13.8;69.0;59.0
2025-07-26T07:00;27.9;81;9.4;136.0;126.0
2025-07-26T08:00;27.3;84;7.3;110.0;107.0
2025-07-26T09:00;27.4;80;3.4;168.0;149.0
2025-07-26T10:00;28.9;69;9.3;417.0;240.0
2025-07-26T11:00;29.4;65;13.2;705.0;319.0
2025-07-26T12:00;29.4;65;14.8;604.0;288.0
2025-07-26T13:00;29.9;72;17.1;734.0;174.0
2025-07-26T14:00;29.8;70;16.6;624.0;211.0
2025-07-26T15:00;29.5;68;18.3;558.0;142.0
2025-07-26T16:00;28.6;66;15.6;350.0;162.0
2025-07-26T17:00;27.4;65;18.4;203.0;97.0
2025-07-26T18:00;27.0;66;16.7;76.0;42.0
2025-07-26T19:00;26.5;66;17.0;3.0;3.0
2025-07-26T20:00;26.0;70;15.6;0.0;0.0
2025-07-26T21:00;25.7;72;12.8;0.0;0.0
2025-07-26T22:00;25.6;70;11.2;0.0;0.0
2025-07-26T23:00;25.9;62;11.5;0.0;0.0
2025-07-27T00:00;26.1;55;14.4;0.0;0.0
2025-07-27T01:00;26.0;55;14.5;0.0;0.0
2025-07-27T02:00;25.8;55;12.8;0.0;0.0
2025-07-27T03:00;26.1;54;13.3;0.0;0.0
2025-07-27T04:00;26.1;56;17.2;0.0;0.0
2025-07-27T05:00;25.9;59;17.7;23.0;16.0
2025-07-27T06:00;26.0;58;18.6;136.0;68.0
2025-07-27T07:00;26.5;57;19.1;309.0;121.0
2025-07-27T08:00;27.3;54;18.6;514.0;144.0
2025-07-27T09:00;27.8;51;18.1;682.0;150.0
2025-07-27T10:00;28.4;49;17.6;824.0;143.0
2025-07-27T11:00;28.8;48;16.1;908.0;145.0
2025-07-27T12:00;29.0;47;14.8;923.0;143.0
2025-07-27T13:00;29.5;47;14.3;874.0;141.0
2025-07-27T14:00;29.4;48;14.7;779.0;128.0
2025-07-27T15:00;28.9;51;15.1;635.0;115.0
2025-07-27T16:00;28.3;52;14.8;455.0;102.0
2025-07-27T17:00;27.9;50;15.3;261.0;80.0
2025-07-27T18:00;27.1;58;15.6;87.0;44.0
2025-07-27T19:00;26.9;60;15.6;3.0;3.0
2025-07-27T20:00;26.4;66;14.7;0.0;0.0
2025-07-27T21:00;26.0;70;12.7;0.0;0.0
2025-07-27T22:00;26.1;71;14.3;0.0;0.0
2025-07-27T23:00;25.8;72;14.4;0.0;0.0
2025-07-28T00:00;25.8;72;14.5;0.0;0.0
2025-07-28T01:00;25.2;72;11.4;0.0;0.0
2025-07-28T02:00;24.8;74;9.0;0.0;0.0
2025-07-28T03:00;24.5;74;7.4;0.0;0.0
2025-07-28T04:00;24.4;76;8.4;0.0;0.0
2025-07-28T05:00;25.2;70;12.5;30.0;19.0
2025-07-28T06:00;26.5;57;18.5;161.0;75.0
2025-07-28T07:00;26.9;55;19.7;342.0;108.0
2025-07-28T08:00;27.4;56;19.3;486.0;128.0
2025-07-28T09:00;28.2;52;21.9;648.0;159.0
2025-07-28T10:00;28.9;47;24.9;780.0;201.0
2025-07-28T11:00;29.2;46;25.8;832.0;226.0
2025-07-28T12:00;29.5;46;25.2;855.0;210.0
2025-07-28T13:00;29.3;50;25.7;873.0;135.0
2025-07-28T14:00;29.0;46;27.6;704.0;162.0
2025-07-28T15:00;28.3;51;27.8;627.0;117.0
2025-07-28T16:00;27.9;52;28.2;406.0;117.0
2025-07-28T17:00;26.6;60;27.3;234.0;84.0
2025-07-28T18:00;25.4;66;24.8;73.0;44.0
2025-07-28T19:00;24.7;71;25.2;2.0;2.0
2025-07-28T20:00;24.4;72;22.9;0.0;0.0
2025-07-28T21:00;25.2;63;23.1;0.0;0.0
2025-07-28T22:00;25.1;61;21.2;0.0;0.0
2025-07-28T23:00;25.1;60;19.4;0.0;0.0
2025-07-29T00:00;24.5;63;21.0;0.0;0.0
2025-07-29T01:00;23.9;68;19.6;0.0;0.0
2025-07-29T02:00;23.5;71;19.3;0.0;0.0
2025-07-29T03:00;23.9;69;18.9;0.0;0.0
2025-07-29T04:00;23.6;70;19.6;0.0;0.0
2025-07-29T05:00;24.1;66;19.7;25.0;17.0
2025-07-29T06:00;24.8;63;21.0;153.0;70.0
2025-07-29T07:00;25.5;59;22.0;327.0;100.0
2025-07-29T08:00;26.6;54;20.8;500.0;135.0
2025-07-29T09:00;26.7;54;24.2;589.0;187.0
2025-07-29T10:00;26.9;53;23.4;678.0;220.0
2025-07-29T11:00;27.1;52;25.1;767.0;227.0
2025-07-29T12:00;27.4;52;24.9;811.0;228.0
2025-07-29T13:00;27.2;53;24.4;748.0;206.0
2025-07-29T14:00;27.6;51;26.3;707.0;168.0
2025-07-29T15:00;27.4;51;25.3;550.0;160.0
2025-07-29T16:00;26.9;52;22.6;344.0;138.0
2025-07-29T17:00;26.6;52;21.7;229.0;85.0
2025-07-29T18:00;26.1;55;17.9;74.0;42.0
2025-07-29T19:00;25.8;56;15.5;2.0;2.0
2025-07-29T20:00;25.4;60;14.3;0.0;0.0
2025-07-29T21:00;25.0;64;13.4;0.0;0.0
2025-07-29T22:00;24.8;65;12.3;0.0;0.0
2025-07-29T23:00;24.5;66;11.3;0.0;0.0
2025-07-30T00:00;24.3;68;10.7;0.0;0.0
2025-07-30T01:00;23.1;78;7.6;0.0;0.0
2025-07-30T02:00;22.8;80;8.0;0.0;0.0
2025-07-30T03:00;22.6;81;8.5;0.0;0.0
2025-07-30T04:00;22.7;79;7.5;0.0;0.0
2025-07-30T05:00;23.4;75;6.8;28.0;18.0
2025-07-30T06:00;25.3;66;6.1;162.0;66.0
2025-07-30T07:00;26.4;58;9.7;343.0;98.0
2025-07-30T08:00;27.2;55;10.0;528.0;121.0
2025-07-30T09:00;27.9;52;10.0;678.0;134.0
2025-07-30T10:00;28.2;50;10.7;774.0;168.0
2025-07-30T11:00;28.5;49;11.6;824.0;186.0
2025-07-30T12:00;28.4;50;13.8;842.0;174.0
2025-07-30T13:00;27.9;53;10.0;803.0;169.0
2025-07-30T14:00;27.6;54;9.7;715.0;142.0
2025-07-30T15:00;27.1;56;10.5;568.0;136.0
2025-07-30T16:00;26.6;58;10.4;410.0;110.0
2025-07-30T17:00;26.2;60;9.9;218.0;83.0
2025-07-30T18:00;25.6;63;8.7;71.0;40.0
2025-07-30T19:00;24.8;69;6.8;2.0;2.0
2025-07-30T20:00;24.3;73;6.4;0.0;0.0
2025-07-30T21:00;24.0;75;8.0;0.0;0.0
2025-07-30T22:00;23.8;75;8.1;0.0;0.0
2025-07-30T23:00;23.6;76;7.4;0.0;0.0
2025-07-31T00:00;23.3;78;6.7;0.0;0.0
2025-07-31T01:00;23.6;75;7.6;0.0;0.0
2025-07-31T02:00;23.7;74;9.1;0.0;0.0
2025-07-31T03:00;23.5;75;8.9;0.0;0.0
2025-07-31T04:00;23.3;77;7.6;0.0;0.0
2025-07-31T05:00;23.5;77;6.7;26.0;17.0
2025-07-31T06:00;24.9;68;7.6;156.0;67.0
2025-07-31T07:00;25.9;62;9.6;343.0;103.0
2025-07-31T08:00;26.7;58;10.9;538.0;118.0
2025-07-31T09:00;27.2;55;11.8;702.0;126.0
2025-07-31T10:00;27.5;54;12.8;799.0;147.0
2025-07-31T11:00;27.7;53;13.0;863.0;175.0
2025-07-31T12:00;27.7;55;13.8;878.0;157.0
2025-07-31T13:00;28.1;53;14.9;839.0;152.0
2025-07-31T14:00;27.6;56;14.6;744.0;133.0
2025-07-31T15:00;27.2;59;12.7;609.0;127.0
2025-07-31T16:00;26.5;63;10.0;442.0;103.0
2025-07-31T17:00;25.8;66;6.7;249.0;80.0
2025-07-31T18:00;25.1;70;5.0;78.0;40.0
2025-07-31T19:00;24.5;75;3.8;1.0;1.0
2025-07-31T20:00;24.0;81;1.5;0.0;0.0
2025-07-31T21:00;23.5;82;1.2;0.0;0.0
2025-07-31T22:00;23.2;81;2.5;0.0;0.0
2025-07-31T23:00;23.0;82;3.4;0.0;0.0
2025-08-01T00:00;22.7;81;4.0;0.0;0.0
2025-08-01T01:00;22.4;73;4.0;0.0;0.0
2025-08-01T02:00;22.0;71;3.4;0.0;0.0
2025-08-01T03:00;21.9;69;2.0;0.0;0.0
2025-08-01T04:00;21.8;68;1.5;0.0;0.0
2025-08-01T05:00;22.7;64;1.8;28.0;18.0
2025-08-01T06:00;24.7;61;0.9;171.0;66.0
2025-08-01T07:00;25.7;61;2.3;363.0;94.0
2025-08-01T08:00;26.8;56;4.3;553.0;110.0
2025-08-01T09:00;27.7;50;6.8;719.0;122.0
2025-08-01T10:00;28.3;49;8.9;843.0;129.0
2025-08-01T11:00;28.4;49;10.4;913.0;133.0
2025-08-01T12:00;28.4;45;8.4;925.0;135.0
2025-08-01T13:00;28.2;46;7.2;878.0;132.0
2025-08-01T14:00;28.3;46;6.9;777.0;126.0
2025-08-01T15:00;27.8;47;6.2;628.0;115.0
2025-08-01T16:00;27.3;49;5.4;447.0;101.0
2025-08-01T17:00;26.6;51;3.2;251.0;79.0
2025-08-01T18:00;25.9;54;2.3;78.0;40.0
2025-08-01T19:00;25.1;58;3.9;1.0;1.0
2025-08-01T20:00;24.4;64;4.9;0.0;0.0
2025-08-01T21:00;23.6;67;5.4;0.0;0.0
2025-08-01T22:00;23.1;67;5.8;0.0;0.0
2025-08-01T23:00;22.7;63;5.0;0.0;0.0
2025-08-02T00:00;22.4;59;4.9;0.0;0.0
2025-08-02T01:00;22.4;62;4.5;0.0;0.0
2025-08-02T02:00;22.4;61;3.3;0.0;0.0
2025-08-02T03:00;22.2;59;1.5;0.0;0.0
2025-08-02T04:00;22.1;56;1.9;0.0;0.0
2025-08-02T05:00;23.2;51;2.3;27.0;17.0
2025-08-02T06:00;25.4;48;1.5;169.0;65.0
2025-08-02T07:00;26.4;50;4.1;361.0;93.0
2025-08-02T08:00;27.6;47;5.8;551.0;109.0
2025-08-02T09:00;28.5;47;8.4;716.0;121.0
2025-08-02T10:00;28.7;50;9.9;838.0;129.0
2025-08-02T11:00;28.5;52;10.8;904.0;133.0
2025-08-02T12:00;28.5;52;9.8;913.0;134.0
2025-08-02T13:00;29.6;41;7.7;869.0;131.0
2025-08-02T14:00;29.0;48;9.6;768.0;125.0
2025-08-02T15:00;28.5;54;10.2;621.0;115.0
2025-08-02T16:00;27.9;58;9.6;441.0;101.0
2025-08-02T17:00;27.4;58;7.8;247.0;79.0
2025-08-02T18:00;26.7;57;6.1;75.0;39.0
2025-08-02T19:00;25.9;59;5.1;1.0;1.0
2025-08-02T20:00;25.4;61;4.0;0.0;0.0
2025-08-02T21:00;24.8;64;3.5;0.0;0.0
2025-08-02T22:00;24.2;67;3.1;0.0;0.0
2025-08-02T23:00;23.7;69;2.3;0.0;0.0
2025-08-03T00:00;23.4;65;2.2;0.0;0.0
2025-08-03T01:00;22.9;59;4.1;0.0;0.0
2025-08-03T02:00;22.6;57;4.2;0.0;0.0
2025-08-03T03:00;22.3;58;4.0;0.0;0.0
2025-08-03T04:00;22.1;58;3.5;0.0;0.0
2025-08-03T05:00;22.9;56;3.6;26.0;17.0
2025-08-03T06:00;26.4;48;3.3;167.0;65.0
2025-08-03T07:00;28.9;41;1.9;358.0;93.0
2025-08-03T08:00;29.9;40;4.2;547.0;110.0
2025-08-03T09:00;30.4;43;6.8;711.0;121.0
2025-08-03T10:00;30.6;48;13.2;831.0;131.0
2025-08-03T11:00;30.4;51;17.6;887.0;140.0
2025-08-03T12:00;30.1;54;16.0;911.0;141.0
2025-08-03T13:00;30.7;43;15.9;876.0;130.0
2025-08-03T14:00;30.4;41;15.7;775.0;125.0
2025-08-03T15:00;29.8;42;16.6;627.0;115.0
2025-08-03T16:00;28.4;53;14.8;444.0;100.0
2025-08-03T17:00;27.3;60;11.8;246.0;78.0
2025-08-03T18:00;26.5;64;7.9;72.0;37.0
2025-08-03T19:00;25.7;69;6.4;1.0;1.0
2025-08-03T20:00;25.1;71;4.9;0.0;0.0
2025-08-03T21:00;24.5;71;4.3;0.0;0.0
2025-08-03T22:00;24.0;70;4.2;0.0;0.0
2025-08-03T23:00;23.6;68;4.3;0.0;0.0
2025-08-04T00:00;23.3;65;5.2;0.0;0.0
2025-08-04T01:00;22.6;70;4.9;0.0;0.0
2025-08-04T02:00;22.2;70;3.5;0.0;0.0
2025-08-04T03:00;22.1;68;1.8;0.0;0.0
2025-08-04T04:00;22.2;66;2.3;0.0;0.0
2025-08-04T05:00;23.4;62;2.6;24.0;16.0
2025-08-04T06:00;24.7;64;5.3;150.0;65.0
2025-08-04T07:00;25.5;65;8.1;316.0;109.0
2025-08-04T08:00;26.4;60;8.9;503.0;123.0
2025-08-04T09:00;27.3;54;11.9;674.0;134.0
2025-08-04T10:00;28.1;49;12.0;787.0;146.0
2025-08-04T11:00;28.4;46;14.8;884.0;150.0
2025-08-04T12:00;28.1;48;16.0;903.0;147.0
2025-08-04T13:00;28.1;48;17.6;865.0;136.0
2025-08-04T14:00;27.7;49;16.7;750.0;133.0
2025-08-04T15:00;27.3;52;17.5;616.0;117.0
2025-08-04T16:00;26.7;53;19.0;406.0;138.0
2025-08-04T17:00;26.1;55;19.9;215.0;93.0
2025-08-04T18:00;25.6;56;17.2;58.0;35.0
2025-08-04T19:00;25.2;61;13.3;1.0;1.0
2025-08-04T20:00;25.0;62;10.8;0.0;0.0
2025-08-04T21:00;24.6;65;9.7;0.0;0.0
2025-08-04T22:00;24.3;69;9.1;0.0;0.0
2025-08-04T23:00;24.1;71;8.1;0.0;0.0
2025-08-05T00:00;24.0;71;8.1;0.0;0.0
2025-08-05T01:00;24.0;71;7.4;0.0;0.0
2025-08-05T02:00;23.8;72;6.8;0.0;0.0
2025-08-05T03:00;23.7;72;6.2;0.0;0.0
2025-08-05T04:00;23.8;71;6.1;0.0;0.0
2025-08-05T05:00;24.2;69;6.0;21.0;17.0
2025-08-05T06:00;25.6;60;8.6;136.0;75.0
2025-08-05T07:00;26.5;56;10.0;327.0;115.0
2025-08-05T08:00;27.3;53;11.4;518.0;114.0
2025-08-05T09:00;28.4;46;12.3;690.0;126.0
2025-08-05T10:00;28.8;43;13.1;691.0;297.0
2025-08-05T11:00;29.3;43;15.3;889.0;140.0
2025-08-05T12:00;29.3;45;17.4;896.0;139.0
2025-08-05T13:00;28.8;47;17.1;843.0;140.0
2025-08-05T14:00;28.0;51;19.3;682.0;164.0
2025-08-05T15:00;27.7;53;18.2;533.0;142.0
2025-08-05T16:00;27.1;54;16.6;420.0;105.0
2025-08-05T17:00;26.4;59;14.4;236.0;78.0
2025-08-05T18:00;25.7;63;10.7;68.0;37.0
2025-08-05T19:00;25.4;64;7.3;0.0;0.0
2025-08-05T20:00;25.1;65;5.4;0.0;0.0
2025-08-05T21:00;24.7;63;4.3;0.0;0.0
2025-08-05T22:00;24.3;63;3.1;0.0;0.0
2025-08-05T23:00;23.8;65;2.8;0.0;0.0
2025-08-06T00:00;23.7;65;1.5;0.0;0.0
2025-08-06T01:00;22.9;68;2.1;0.0;0.0
2025-08-06T02:00;22.9;68;0.7;0.0;0.0
2025-08-06T03:00;22.4;69;0.6;0.0;0.0
2025-08-06T04:00;22.2;68;2.4;0.0;0.0
2025-08-06T05:00;22.7;67;5.0;22.0;15.0
2025-08-06T06:00;24.9;60;3.9;158.0;64.0
2025-08-06T07:00;26.2;53;0.7;347.0;92.0
2025-08-06T08:00;27.6;46;2.2;538.0;111.0
2025-08-06T09:00;28.7;44;6.3;704.0;122.0
2025-08-06T10:00;29.1;46;8.5;828.0;130.0
2025-08-06T11:00;29.4;47;9.6;898.0;134.0
2025-08-06T12:00;29.6;45;10.1;908.0;135.0
2025-08-06T13:00;29.7;45;9.4;858.0;132.0
2025-08-06T14:00;29.3;49;9.9;756.0;126.0
2025-08-06T15:00;28.8;51;10.5;606.0;115.0
2025-08-06T16:00;28.2;52;9.1;424.0;101.0
2025-08-06T17:00;27.3;57;7.0;232.0;77.0
2025-08-06T18:00;26.3;64;5.5;65.0;35.0
2025-08-06T19:00;25.7;69;3.3;0.0;0.0
2025-08-06T20:00;25.2;72;1.7;0.0;0.0
2025-08-06T21:00;24.8;74;2.0;0.0;0.0
2025-08-06T22:00;24.2;76;3.1;0.0;0.0
2025-08-06T23:00;23.7;77;3.2;0.0;0.0
2025-08-07T00:00;23.6;72;2.3;0.0;0.0
2025-08-07T01:00;23.1;64;2.3;0.0;0.0
2025-08-07T02:00;22.9;57;2.2;0.0;0.0
2025-08-07T03:00;23.4;47;3.9;0.0;0.0
2025-08-07T04:00;23.0;47;4.3;0.0;0.0
2025-08-07T05:00;23.1;47;3.9;22.0;15.0
2025-08-07T06:00;25.4;43;3.8;160.0;63.0
2025-08-07T07:00;27.5;35;2.9;354.0;92.0
2025-08-07T08:00;28.6;35;5.1;548.0;110.0
2025-08-07T09:00;29.0;38;8.7;715.0;122.0
2025-08-07T10:00;28.9;44;8.3;839.0;130.0
2025-08-07T11:00;29.1;45;8.4;912.0;134.0
2025-08-07T12:00;29.0;47;8.3;924.0;134.0
2025-08-07T13:00;28.7;50;8.2;873.0;132.0
2025-08-07T14:00;28.6;50;7.7;765.0;125.0
2025-08-07T15:00;28.3;48;7.4;614.0;115.0
2025-08-07T16:00;27.7;51;6.0;431.0;100.0
2025-08-07T17:00;26.9;55;6.2;234.0;77.0
2025-08-07T18:00;25.9;61;5.8;64.0;34.0
2025-08-07T19:00;25.2;65;6.4;0.0;0.0
2025-08-07T20:00;24.8;69;7.3;0.0;0.0
2025-08-07T21:00;24.3;74;6.8;0.0;0.0
2025-08-07T22:00;23.9;77;6.4;0.0;0.0
2025-08-07T23:00;23.5;78;7.1;0.0;0.0
2025-08-08T00:00;23.2;77;6.0;0.0;0.0
2025-08-08T01:00;23.3;75;5.8;0.0;0.0
2025-08-08T02:00;23.1;77;5.7;0.0;0.0
2025-08-08T03:00;22.8;78;5.6;0.0;0.0
2025-08-08T04:00;22.6;77;6.4;0.0;0.0
2025-08-08T05:00;23.2;70;6.4;21.0;14.0
2025-08-08T06:00;25.5;56;6.5;156.0;63.0
2025-08-08T07:00;27.7;40;5.7;346.0;92.0
2025-08-08T08:00;29.3;34;6.3;537.0;109.0
2025-08-08T09:00;29.9;36;7.8;703.0;122.0
2025-08-08T10:00;30.1;39;8.1;826.0;129.0
2025-08-08T11:00;30.4;38;7.6;897.0;134.0
2025-08-08T12:00;30.6;37;8.1;911.0;134.0
2025-08-08T13:00;30.6;40;8.0;861.0;131.0
2025-08-08T14:00;30.2;45;8.1;760.0;125.0
2025-08-08T15:00;29.5;49;7.5;612.0;115.0
2025-08-08T16:00;28.6;53;6.2;430.0;100.0
2025-08-08T17:00;27.5;59;4.5;233.0;76.0
2025-08-08T18:00;26.6;62;3.9;63.0;34.0
2025-08-08T19:00;26.1;64;3.3;0.0;0.0
2025-08-08T20:00;25.7;66;4.2;0.0;0.0
2025-08-08T21:00;25.1;69;4.5;0.0;0.0
2025-08-08T22:00;24.7;70;4.4;0.0;0.0
2025-08-08T23:00;24.4;70;4.8;0.0;0.0
2025-08-09T00:00;24.2;72;5.2;0.0;0.0
2025-08-09T01:00;23.5;81;6.5;0.0;0.0
2025-08-09T02:00;23.4;78;5.8;0.0;0.0
2025-08-09T03:00;23.5;73;4.7;0.0;0.0
2025-08-09T04:00;23.6;67;3.8;0.0;0.0
2025-08-09T05:00;24.4;57;4.3;20.0;14.0
2025-08-09T06:00;26.7;49;4.1;154.0;62.0
2025-08-09T07:00;28.9;45;4.7;345.0;91.0
2025-08-09T08:00;30.4;43;7.1;536.0;109.0
2025-08-09T09:00;30.6;49;10.1;701.0;121.0
2025-08-09T10:00;30.3;55;10.7;822.0;129.0
2025-08-09T11:00;30.3;51;7.7;892.0;134.0
2025-08-09T12:00;31.2;44;5.7;899.0;136.0
2025-08-09T13:00;31.9;43;9.0;856.0;128.0
2025-08-09T14:00;30.4;58;10.5;745.0;127.0
2025-08-09T15:00;30.2;52;6.0;593.0;121.0
2025-08-09T16:00;29.6;50;5.4;416.0;101.0
2025-08-09T17:00;28.9;49;2.7;224.0;76.0
2025-08-09T18:00;28.4;47;4.0;59.0;32.0
2025-08-09T19:00;28.2;44;4.2;0.0;0.0
2025-08-09T20:00;27.9;44;3.6;0.0;0.0
2025-08-09T21:00;27.4;44;2.1;0.0;0.0
2025-08-09T22:00;26.8;45;2.1;0.0;0.0
2025-08-09T23:00;26.3;46;2.5;0.0;0.0
2025-08-10T00:00;25.9;47;2.8;0.0;0.0
2025-08-10T01:00;25.7;46;4.2;0.0;0.0
2025-08-10T02:00;25.3;47;3.5;0.0;0.0
2025-08-10T03:00;25.1;47;2.5;0.0;0.0
2025-08-10T04:00;24.7;48;1.0;0.0;0.0
2025-08-10T05:00;25.5;45;1.4;19.0;13.0
2025-08-10T06:00;28.1;39;0.9;151.0;61.0
2025-08-10T07:00;29.2;42;4.9;342.0;91.0
2025-08-10T08:00;29.4;49;6.2;533.0;110.0
2025-08-10T09:00;29.8;52;6.0;698.0;122.0
2025-08-10T10:00;30.4;52;6.9;821.0;129.0
2025-08-10T11:00;30.9;48;7.8;892.0;133.0
2025-08-10T12:00;31.2;46;8.8;905.0;134.0
2025-08-10T13:00;31.2;43;9.5;861.0;131.0
2025-08-10T14:00;30.8;44;9.4;757.0;124.0
2025-08-10T15:00;30.0;50;7.6;605.0;114.0
2025-08-10T16:00;29.4;55;6.3;420.0;99.0
2025-08-10T17:00;28.6;60;4.7;223.0;75.0
2025-08-10T18:00;27.6;63;2.6;57.0;31.0
2025-08-10T19:00;27.2;65;1.7;0.0;0.0
2025-08-10T20:00;26.8;68;1.7;0.0;0.0
2025-08-10T21:00;26.2;72;1.1;0.0;0.0
2025-08-10T22:00;25.6;74;0.9;0.0;0.0
2025-08-10T23:00;25.1;72;1.0;0.0;0.0
2025-08-11T00:00;24.9;68;1.1;0.0;0.0
2025-08-11T01:00;24.8;56;2.0;0.0;0.0
2025-08-11T02:00;24.7;52;1.0;0.0;0.0
2025-08-11T03:00;24.9;49;0.9;0.0;0.0
2025-08-11T04:00;24.6;52;1.3;0.0;0.0
2025-08-11T05:00;24.8;52;1.0;18.0;13.0
2025-08-11T06:00;26.7;55;1.3;147.0;61.0
2025-08-11T07:00;28.0;54;1.4;336.0;93.0
2025-08-11T08:00;28.8;58;4.2;522.0;116.0
2025-08-11T09:00;29.8;57;5.2;689.0;126.0
2025-08-11T10:00;30.5;56;7.4;816.0;129.0
2025-08-11T11:00;30.6;57;8.9;888.0;133.0
2025-08-11T12:00;30.8;55;9.4;900.0;135.0
2025-08-11T13:00;31.2;47;9.1;853.0;130.0
2025-08-11T14:00;30.7;50;9.5;749.0;124.0
2025-08-11T15:00;29.9;55;8.5;599.0;114.0
2025-08-11T16:00;29.2;60;5.7;415.0;99.0
2025-08-11T17:00;28.5;63;3.2;220.0;75.0
2025-08-11T18:00;27.7;66;2.4;55.0;30.0
2025-08-11T19:00;27.3;67;1.7;0.0;0.0
2025-08-11T20:00;26.7;71;1.2;0.0;0.0
2025-08-11T21:00;25.8;76;0.0;0.0;0.0
2025-08-11T22:00;25.3;76;1.0;0.0;0.0
2025-08-11T23:00;25.0;73;1.2;0.0;0.0
2025-08-12T00:00;24.6;71;1.1;0.0;0.0
2025-08-12T01:00;24.7;67;5.8;0.0;0.0
2025-08-12T02:00;24.5;62;2.7;0.0;0.0
2025-08-12T03:00;24.4;57;0.0;0.0;0.0
2025-08-12T04:00;24.4;53;1.0;0.0;0.0
2025-08-12T05:00;25.0;48;1.7;17.0;12.0
2025-08-12T06:00;26.7;53;2.6;140.0;62.0
2025-08-12T07:00;27.9;50;1.2;327.0;96.0
2025-08-12T08:00;29.5;44;3.9;523.0;110.0
2025-08-12T09:00;30.6;44;6.4;690.0;120.0
2025-08-12T10:00;31.0;47;8.8;814.0;128.0
2025-08-12T11:00;30.9;53;9.5;886.0;133.0
2025-08-12T12:00;30.9;54;8.8;890.0;139.0
2025-08-12T13:00;30.6;59;8.6;784.0;191.0
2025-08-12T14:00;30.0;64;8.9;658.0;201.0
2025-08-12T15:00;29.9;64;6.3;565.0;132.0
2025-08-12T16:00;29.2;65;5.3;374.0;119.0
2025-08-12T17:00;28.9;63;2.1;201.0;77.0
2025-08-12T18:00;28.4;65;1.8;50.0;28.0
2025-08-12T19:00;27.9;67;2.8;0.0;0.0
2025-08-12T20:00;27.6;68;4.9;0.0;0.0
2025-08-12T21:00;27.2;68;4.4;0.0;0.0
2025-08-12T22:00;27.0;67;3.6;0.0;0.0
2025-08-12T23:00;26.7;64;4.8;0.0;0.0
2025-08-13T00:00;26.6;58;6.0;0.0;0.0
2025-08-13T01:00;26.1;54;5.4;0.0;0.0
2025-08-13T02:00;25.6;51;1.4;0.0;0.0
2025-08-13T03:00;25.9;49;0.4;0.0;0.0
2025-08-13T04:00;25.8;56;1.1;0.0;0.0
2025-08-13T05:00;25.8;60;2.7;15.0;13.0
2025-08-13T06:00;27.5;57;5.1;130.0;75.0
2025-08-13T07:00;28.8;54;5.7;301.0;129.0
2025-08-13T08:00;29.9;52;6.8;488.0;157.0
2025-08-13T09:00;30.5;53;7.7;621.0;214.0
2025-08-13T10:00;30.9;55;9.3;726.0;273.0
2025-08-13T11:00;31.1;58;9.8;785.0;280.0
2025-08-13T12:00;31.5;57;9.8;833.0;227.0
2025-08-13T13:00;32.3;50;6.0;720.0;270.0
2025-08-13T14:00;31.3;54;6.8;591.0;264.0
2025-08-13T15:00;30.9;53;8.0;516.0;149.0
2025-08-13T16:00;30.6;47;2.4;272.0;186.0
2025-08-13T17:00;30.2;45;3.8;150.0;92.0
2025-08-13T18:00;29.2;50;2.2;44.0;32.0
2025-08-13T19:00;28.4;55;2.7;0.0;0.0
2025-08-13T20:00;27.9;59;3.0;0.0;0.0
2025-08-13T21:00;27.5;59;2.7;0.0;0.0
2025-08-13T22:00;27.1;58;2.3;0.0;0.0
2025-08-13T23:00;27.0;56;3.6;0.0;0.0
2025-08-14T00:00;26.5;54;5.0;0.0;0.0
2025-08-14T01:00;26.2;54;2.5;0.0;0.0
2025-08-14T02:00;25.9;53;1.3;0.0;0.0
2025-08-14T03:00;25.9;51;1.8;0.0;0.0
2025-08-14T04:00;25.6;50;2.3;0.0;0.0
2025-08-14T05:00;26.1;51;2.4;15.0;11.0
2025-08-14T06:00;27.7;51;2.7;140.0;60.0
2025-08-14T07:00;28.5;60;2.9;326.0;90.0
2025-08-14T08:00;29.8;56;4.2;515.0;109.0
2025-08-14T09:00;30.7;55;6.5;679.0;121.0
2025-08-14T10:00;31.2;57;7.8;804.0;129.0
2025-08-14T11:00;32.1;54;8.0;800.0;164.0
2025-08-14T12:00;29.9;73;9.9;828.0;171.0
2025-08-14T13:00;29.9;68;7.4;415.0;304.0
2025-08-14T14:00;31.8;47;9.9;565.0;253.0
2025-08-14T15:00;32.5;36;6.1;347.0;252.0
2025-08-14T16:00;30.0;68;7.3;349.0;157.0
2025-08-14T17:00;29.1;71;4.8;201.0;79.0
2025-08-14T18:00;28.0;75;5.0;46.0;26.0
2025-08-14T19:00;27.4;82;1.0;0.0;0.0
2025-08-14T20:00;27.0;83;1.0;0.0;0.0
2025-08-14T21:00;26.6;81;3.2;0.0;0.0
2025-08-14T22:00;26.0;83;5.5;0.0;0.0
2025-08-14T23:00;25.5;82;2.4;0.0;0.0
2025-08-15T00:00;25.5;72;1.4;0.0;0.0
2025-08-15T01:00;25.0;74;3.4;0.0;0.0
2025-08-15T02:00;24.6;68;3.3;0.0;0.0
2025-08-15T03:00;24.5;62;2.1;0.0;0.0
2025-08-15T04:00;24.9;56;2.1;0.0;0.0
2025-08-15T05:00;25.3;54;2.3;14.0;10.0
2025-08-15T06:00;27.0;52;5.6;140.0;60.0
2025-08-15T07:00;28.0;54;7.8;329.0;92.0
2025-08-15T08:00;28.8;60;8.6;514.0;118.0
2025-08-15T09:00;29.7;58;8.9;680.0;128.0
2025-08-15T10:00;30.3;56;8.3;809.0;131.0
2025-08-15T11:00;30.8;55;7.2;880.0;132.0
2025-08-15T12:00;31.8;46;6.1;885.0;135.0
2025-08-15T13:00;30.4;63;7.7;796.0;182.0
2025-08-15T14:00;30.7;54;6.9;619.0;199.0
2025-08-15T15:00;30.5;55;7.3;462.0;224.0
2025-08-15T16:00;29.7;63;5.7;400.0;99.0
2025-08-15T17:00;28.9;69;4.5;204.0;75.0
2025-08-15T18:00;27.3;78;7.4;45.0;25.0
2025-08-15T19:00;26.4;86;5.8;0.0;0.0
2025-08-15T20:00;26.0;88;5.2;0.0;0.0
2025-08-15T21:00;25.6;86;6.2;0.0;0.0
2025-08-15T22:00;25.2;87;3.5;0.0;0.0
2025-08-15T23:00;24.9;85;3.9;0.0;0.0
2025-08-16T00:00;24.5;82;3.2;0.0;0.0
2025-08-16T01:00;24.5;75;3.8;0.0;0.0
2025-08-16T02:00;24.4;71;3.4;0.0;0.0
2025-08-16T03:00;24.6;68;4.7;0.0;0.0
2025-08-16T04:00;24.4;69;5.0;0.0;0.0
2025-08-16T05:00;24.4;72;6.7;13.0;10.0
2025-08-16T06:00;26.1;75;5.6;125.0;63.0
2025-08-16T07:00;27.4;69;4.7;311.0;100.0
2025-08-16T08:00;28.0;64;6.4;410.0;211.0
2025-08-16T09:00;22.3;87;19.0;419.0;300.0
2025-08-16T10:00;22.2;88;16.2;84.0;84.0
2025-08-16T11:00;26.8;69;6.5;319.0;277.0
2025-08-16T12:00;27.6;62;9.0;581.0;374.0
2025-08-16T13:00;25.1;79;5.5;576.0;301.0
2025-08-16T14:00;26.6;68;5.8;320.0;204.0
2025-08-16T15:00;27.5;68;4.7;436.0;189.0
2025-08-16T16:00;27.4;70;5.5;353.0;130.0
2025-08-16T17:00;22.2;88;8.7;170.0;71.0
2025-08-16T18:00;23.1;85;9.6;4.0;4.0
2025-08-16T19:00;23.8;85;6.0;0.0;0.0
2025-08-16T20:00;23.8;88;6.5;0.0;0.0
2025-08-16T21:00;23.8;86;6.7;0.0;0.0
2025-08-16T22:00;23.7;81;5.9;0.0;0.0
2025-08-16T23:00;23.8;76;4.8;0.0;0.0
2025-08-17T00:00;23.6;75;3.6;0.0;0.0
2025-08-17T01:00;23.3;76;3.1;0.0;0.0
2025-08-17T02:00;23.7;70;3.3;0.0;0.0
2025-08-17T03:00;23.6;69;4.0;0.0;0.0
2025-08-17T04:00;23.7;70;6.6;0.0;0.0
2025-08-17T05:00;23.6;74;6.6;10.0;8.0
2025-08-17T06:00;25.2;76;5.1;112.0;59.0
2025-08-17T07:00;26.0;76;5.6;293.0;95.0
2025-08-17T08:00;27.2;70;2.3;473.0;137.0
2025-08-17T09:00;28.5;63;4.7;666.0;127.0
2025-08-17T10:00;29.1;61;6.8;794.0;130.0
2025-08-17T11:00;29.4;59;7.0;865.0;135.0
2025-08-17T12:00;29.5;60;7.6;869.0;138.0
2025-08-17T13:00;30.0;56;8.1;806.0;145.0
2025-08-17T14:00;30.1;54;5.9;723.0;126.0
2025-08-17T15:00;29.6;57;7.1;574.0;112.0
2025-08-17T16:00;28.6;65;5.7;391.0;97.0
2025-08-17T17:00;27.6;71;5.2;196.0;71.0
2025-08-17T18:00;26.3;78;4.8;40.0;24.0
2025-08-17T19:00;25.8;82;5.9;0.0;0.0
2025-08-17T20:00;25.3;85;5.8;0.0;0.0
2025-08-17T21:00;24.8;86;7.3;0.0;0.0
2025-08-17T22:00;24.3;85;6.5;0.0;0.0
2025-08-17T23:00;23.4;85;4.3;0.0;0.0
2025-08-18T00:00;23.5;75;3.3;0.0;0.0
2025-08-18T01:00;23.9;63;3.4;0.0;0.0
2025-08-18T02:00;24.4;56;2.8;0.0;0.0
2025-08-18T03:00;24.0;58;1.8;0.0;0.0
2025-08-18T04:00;24.2;58;1.6;0.0;0.0
2025-08-18T05:00;23.9;64;3.1;12.0;9.0
2025-08-18T06:00;26.1;56;3.4;132.0;57.0
2025-08-18T07:00;27.5;53;3.6;320.0;90.0
2025-08-18T08:00;28.3;52;5.2;509.0;109.0
2025-08-18T09:00;29.0;52;6.2;671.0;123.0
2025-08-18T10:00;29.6;53;7.7;794.0;130.0
2025-08-18T11:00;29.2;58;8.1;864.0;136.0
2025-08-18T12:00;30.0;54;8.7;844.0;156.0
2025-08-18T13:00;29.3;60;3.1;774.0;161.0
2025-08-18T14:00;30.2;49;2.8;693.0;145.0
2025-08-18T15:00;29.0;58;5.8;449.0;165.0
2025-08-18T16:00;28.5;66;7.6;378.0;99.0
2025-08-18T17:00;27.3;77;5.3;187.0;72.0
2025-08-18T18:00;26.3;84;1.6;37.0;22.0
2025-08-18T19:00;25.9;86;2.3;0.0;0.0
2025-08-18T20:00;25.4;88;3.4;0.0;0.0
2025-08-18T21:00;24.9;90;2.9;0.0;0.0
2025-08-18T22:00;24.5;89;2.8;0.0;0.0
2025-08-18T23:00;24.2;84;3.2;0.0;0.0
2025-08-19T00:00;23.8;79;2.6;0.0;0.0
2025-08-19T01:00;23.8;71;2.2;0.0;0.0
2025-08-19T02:00;23.7;67;2.7;0.0;0.0
2025-08-19T03:00;23.7;64;2.1;0.0;0.0
2025-08-19T04:00;23.9;61;2.1;0.0;0.0
2025-08-19T05:00;24.3;58;1.6;11.0;8.0
2025-08-19T06:00;25.8;55;1.5;129.0;57.0
2025-08-19T07:00;27.6;50;2.2;317.0;89.0
2025-08-19T08:00;29.0;45;4.6;509.0;108.0
2025-08-19T09:00;29.7;46;6.8;676.0;121.0
2025-08-19T10:00;29.9;50;8.8;799.0;129.0
2025-08-19T11:00;29.9;52;8.8;867.0;133.0
2025-08-19T12:00;29.8;52;9.1;865.0;142.0
2025-08-19T13:00;29.9;61;8.5;813.0;137.0
2025-08-19T14:00;29.6;63;5.8;699.0;127.0
2025-08-19T15:00;29.5;62;4.4;533.0;118.0
2025-08-19T16:00;29.2;62;4.8;369.0;100.0
2025-08-19T17:00;28.4;62;4.8;184.0;70.0
2025-08-19T18:00;27.5;62;4.4;35.0;21.0
2025-08-19T19:00;26.9;66;4.4;0.0;0.0
2025-08-19T20:00;26.3;72;4.9;0.0;0.0
2025-08-19T21:00;25.6;76;5.4;0.0;0.0
2025-08-19T22:00;25.0;77;4.9;0.0;0.0
2025-08-19T23:00;24.6;76;4.6;0.0;0.0
2025-08-20T00:00;24.2;74;3.2;0.0;0.0
2025-08-20T01:00;24.7;71;2.9;0.0;0.0
2025-08-20T02:00;24.9;66;5.0;0.0;0.0
2025-08-20T03:00;24.4;68;2.1;0.0;0.0
2025-08-20T04:00;24.2;69;5.6;0.0;0.0
2025-08-20T05:00;24.2;69;6.7;10.0;8.0
2025-08-20T06:00;26.7;64;5.4;127.0;56.0
2025-08-20T07:00;28.9;54;4.7;314.0;89.0
2025-08-20T08:00;30.2;49;7.0;505.0;107.0
2025-08-20T09:00;31.1;50;7.5;671.0;119.0
2025-08-20T10:00;31.1;58;8.2;791.0;127.0
2025-08-20T11:00;31.9;54;8.6;858.0;131.0
2025-08-20T12:00;32.4;51;10.0;866.0;133.0
2025-08-20T13:00;32.0;54;10.4;814.0;130.0
2025-08-20T14:00;32.2;51;11.3;709.0;122.0
2025-08-20T15:00;31.7;51;9.4;555.0;114.0
2025-08-20T16:00;31.6;48;6.2;365.0;103.0
2025-08-20T17:00;30.5;50;5.1;177.0;73.0
2025-08-20T18:00;29.6;51;6.6;33.0;20.0
2025-08-20T19:00;29.0;52;4.2;0.0;0.0
2025-08-20T20:00;28.3;49;2.8;0.0;0.0
2025-08-20T21:00;27.7;46;5.1;0.0;0.0
2025-08-20T22:00;27.2;44;4.5;0.0;0.0
2025-08-20T23:00;27.0;43;5.3;0.0;0.0
2025-08-21T00:00;27.2;41;8.1;0.0;0.0
2025-08-21T01:00;29.4;34;12.0;0.0;0.0
2025-08-21T02:00;29.9;32;15.4;0.0;0.0
2025-08-21T03:00;29.7;32;18.4;0.0;0.0
2025-08-21T04:00;29.2;33;14.2;0.0;0.0
2025-08-21T05:00;28.3;38;1.4;10.0;8.0
2025-08-21T06:00;29.3;43;4.7;126.0;55.0
2025-08-21T07:00;30.2;53;6.3;312.0;87.0
2025-08-21T08:00;31.2;50;5.2;501.0;105.0
2025-08-21T09:00;32.0;48;6.9;664.0;118.0
2025-08-21T10:00;32.6;49;7.8;787.0;126.0
2025-08-21T11:00;32.7;58;10.4;854.0;129.0
2025-08-21T12:00;32.5;60;12.0;845.0;144.0
2025-08-21T13:00;31.3;70;12.1;792.0;135.0
2025-08-21T14:00;30.6;72;10.7;691.0;126.0
2025-08-21T15:00;29.7;74;8.2;487.0;141.0
2025-08-21T16:00;28.8;76;7.8;310.0;109.0
2025-08-21T17:00;28.2;74;6.5;116.0;64.0
2025-08-21T18:00;27.4;74;5.2;24.0;16.0
2025-08-21T19:00;27.0;74;5.0;0.0;0.0
2025-08-21T20:00;26.8;74;3.7;0.0;0.0
2025-08-21T21:00;26.4;74;3.6;0.0;0.0
2025-08-21T22:00;26.0;78;3.0;0.0;0.0
2025-08-21T23:00;25.7;81;4.4;0.0;0.0
2025-08-22T00:00;25.3;84;6.4;0.0;0.0
2025-08-22T01:00;25.2;85;7.6;0.0;0.0
2025-08-22T02:00;25.0;83;8.9;0.0;0.0
2025-08-22T03:00;24.9;73;9.6;0.0;0.0
2025-08-22T04:00;24.9;68;9.7;0.0;0.0
2025-08-22T05:00;24.9;69;9.6;9.0;7.0
2025-08-22T06:00;26.6;67;9.3;123.0;55.0
2025-08-22T07:00;27.7;62;9.9;310.0;89.0
2025-08-22T08:00;28.3;59;14.8;497.0;111.0
2025-08-22T09:00;28.9;55;15.1;656.0;128.0
2025-08-22T10:00;29.3;53;15.9;787.0;131.0
2025-08-22T11:00;29.5;51;16.1;858.0;135.0
2025-08-22T12:00;29.5;49;15.7;868.0;135.0
2025-08-22T13:00;29.5;49;14.6;821.0;131.0
2025-08-22T14:00;28.9;52;15.2;714.0;123.0
2025-08-22T15:00;28.4;53;14.3;560.0;113.0
2025-08-22T16:00;27.6;57;13.8;374.0;95.0
2025-08-22T17:00;26.7;60;10.1;180.0;68.0
2025-08-22T18:00;25.9;64;8.1;30.0;18.0
2025-08-22T19:00;25.4;69;6.2;0.0;0.0
2025-08-22T20:00;24.9;72;5.6;0.0;0.0
2025-08-22T21:00;24.4;74;5.6;0.0;0.0
2025-08-22T22:00;23.9;75;6.1;0.0;0.0
2025-08-22T23:00;23.5;77;7.0;0.0;0.0
2025-08-23T00:00;23.2;79;7.6;0.0;0.0
2025-08-23T01:00;23.2;74;6.7;0.0;0.0
2025-08-23T02:00;23.3;71;7.2;0.0;0.0
2025-08-23T03:00;23.5;70;7.2;0.0;0.0
2025-08-23T04:00;23.6;71;7.5;0.0;0.0
2025-08-23T05:00;23.7;74;9.8;9.0;7.0
2025-08-23T06:00;25.1;70;11.8;120.0;56.0
2025-08-23T07:00;26.3;63;15.0;295.0;98.0
2025-08-23T08:00;27.5;55;17.5;467.0;134.0
2025-08-23T09:00;28.1;52;19.1;634.0;144.0
2025-08-23T10:00;28.9;48;19.3;750.0;156.0
2025-08-23T11:00;29.0;47;20.4;816.0;165.0
2025-08-23T12:00;29.0;48;20.9;817.0;169.0
2025-08-23T13:00;28.7;51;19.5;804.0;139.0
2025-08-23T14:00;28.4;52;17.7;701.0;129.0
2025-08-23T15:00;28.0;54;17.4;551.0;114.0
2025-08-23T16:00;27.4;56;15.5;365.0;98.0
2025-08-23T17:00;26.7;59;13.8;171.0;69.0
2025-08-23T18:00;26.1;62;10.7;27.0;18.0
2025-08-23T19:00;25.9;63;7.6;0.0;0.0
2025-08-23T20:00;25.3;66;5.5;0.0;0.0
2025-08-23T21:00;24.8;68;5.2;0.0;0.0
2025-08-23T22:00;24.3;71;5.4;0.0;0.0
2025-08-23T23:00;23.8;72;6.8;0.0;0.0
2025-08-24T00:00;23.4;74;6.7;0.0;0.0
2025-08-24T01:00;22.6;78;4.9;0.0;0.0
2025-08-24T02:00;22.3;79;4.9;0.0;0.0
2025-08-24T03:00;22.0;80;4.4;0.0;0.0
2025-08-24T04:00;22.0;79;3.8;0.0;0.0
2025-08-24T05:00;22.0;77;3.5;8.0;6.0
2025-08-24T06:00;24.6;68;2.9;121.0;56.0
2025-08-24T07:00;26.6;56;0.9;311.0;88.0
2025-08-24T08:00;28.0;50;4.7;504.0;107.0
2025-08-24T09:00;28.8;50;8.1;671.0;120.0
2025-08-24T10:00;29.0;54;10.8;793.0;128.0
2025-08-24T11:00;29.0;57;11.2;859.0;133.0
2025-08-24T12:00;28.3;61;10.4;791.0;169.0
2025-08-24T13:00;27.9;62;7.8;744.0;162.0
2025-08-24T14:00;28.5;58;5.7;657.0;147.0
2025-08-24T15:00;28.3;58;8.4;523.0;124.0
2025-08-24T16:00;27.6;62;7.1;366.0;96.0
2025-08-24T17:00;26.6;67;5.5;172.0;68.0
2025-08-24T18:00;25.7;70;3.4;26.0;17.0
2025-08-24T19:00;25.4;71;2.2;0.0;0.0
2025-08-24T20:00;24.8;76;1.3;0.0;0.0
2025-08-24T21:00;24.3;79;1.3;0.0;0.0
2025-08-24T22:00;23.7;82;1.9;0.0;0.0
2025-08-24T23:00;23.4;82;3.2;0.0;0.0
2025-08-25T00:00;23.0;84;4.9;0.0;0.0
2025-08-25T01:00;23.0;69;2.7;0.0;0.0
2025-08-25T02:00;23.0;69;3.3;0.0;0.0
2025-08-25T03:00;22.9;69;3.3;0.0;0.0
2025-08-25T04:00;22.7;71;3.9;0.0;0.0
2025-08-25T05:00;22.6;73;4.9;7.0;6.0
2025-08-25T06:00;24.5;69;5.2;113.0;54.0
2025-08-25T07:00;25.9;68;3.7;285.0;96.0
2025-08-25T08:00;27.1;61;4.5;475.0;125.0
2025-08-25T09:00;28.1;55;5.2;655.0;131.0
2025-08-25T10:00;28.9;49;6.5;792.0;129.0
2025-08-25T11:00;29.3;49;8.5;866.0;132.0
2025-08-25T12:00;29.3;50;9.8;875.0;132.0
2025-08-25T13:00;29.2;50;11.4;824.0;129.0
2025-08-25T14:00;28.6;51;9.9;714.0;122.0
2025-08-25T15:00;28.2;49;7.3;558.0;111.0
2025-08-25T16:00;27.4;52;5.8;369.0;94.0
2025-08-25T17:00;26.6;54;3.6;173.0;66.0
2025-08-25T18:00;25.7;62;3.2;25.0;16.0
2025-08-25T19:00;25.3;67;4.0;0.0;0.0
2025-08-25T20:00;24.8;69;3.5;0.0;0.0
2025-08-25T21:00;24.3;71;4.6;0.0;0.0
2025-08-25T22:00;23.8;72;6.3;0.0;0.0
2025-08-25T23:00;23.3;74;6.5;0.0;0.0
2025-08-26T00:00;22.7;75;5.9;0.0;0.0
2025-08-26T01:00;22.7;67;1.0;0.0;0.0
2025-08-26T02:00;23.0;58;1.4;0.0;0.0
2025-08-26T03:00;22.9;55;1.0;0.0;0.0
2025-08-26T04:00;22.6;55;0.7;0.0;0.0
2025-08-26T05:00;23.7;51;1.3;4.0;4.0
2025-08-26T06:00;25.3;49;3.5;98.0;52.0
2025-08-26T07:00;26.9;43;4.8;255.0;134.0
2025-08-26T08:00;28.3;35;4.6;366.0;217.0
2025-08-26T09:00;29.2;36;6.3;483.0;275.0
2025-08-26T10:00;29.2;43;7.1;531.0;341.0
2025-08-26T11:00;30.0;42;8.1;750.0;264.0
2025-08-26T12:00;29.6;42;7.3;651.0;342.0
2025-08-26T13:00;30.1;33;5.2;769.0;193.0
2025-08-26T14:00;30.3;34;4.8;695.0;121.0
2025-08-26T15:00;30.0;36;5.6;520.0;141.0
2025-08-26T16:00;29.3;41;6.4;353.0;93.0
2025-08-26T17:00;27.7;50;5.9;162.0;64.0
2025-08-26T18:00;26.5;56;2.5;22.0;14.0
2025-08-26T19:00;26.3;53;4.6;0.0;0.0
2025-08-26T20:00;26.2;52;4.5;0.0;0.0
2025-08-26T21:00;25.9;54;3.3;0.0;0.0
2025-08-26T22:00;25.4;55;2.4;0.0;0.0
2025-08-26T23:00;24.9;57;1.8;0.0;0.0
2025-08-27T00:00;24.7;58;1.1;0.0;0.0
2025-08-27T01:00;24.6;57;1.5;0.0;0.0
2025-08-27T02:00;24.5;60;2.7;0.0;0.0
2025-08-27T03:00;24.7;61;3.5;0.0;0.0
2025-08-27T04:00;24.2;62;3.0;0.0;0.0
2025-08-27T05:00;24.4;58;2.2;6.0;5.0
2025-08-27T06:00;26.4;51;2.7;113.0;52.0
2025-08-27T07:00;28.7;43;1.1;298.0;86.0
2025-08-27T08:00;29.8;43;5.4;488.0;105.0
2025-08-27T09:00;30.2;49;8.0;653.0;118.0
2025-08-27T10:00;30.6;52;9.6;775.0;126.0
2025-08-27T11:00;31.1;48;10.7;842.0;130.0
2025-08-27T12:00;31.3;46;11.1;851.0;131.0
2025-08-27T13:00;31.2;48;11.5;797.0;127.0
2025-08-27T14:00;30.8;52;12.0;687.0;120.0
2025-08-27T15:00;30.5;54;11.2;531.0;109.0
2025-08-27T16:00;29.7;58;10.5;346.0;92.0
2025-08-27T17:00;28.7;66;9.3;157.0;63.0
2025-08-27T18:00;27.9;70;8.3;20.0;13.0
2025-08-27T19:00;27.9;66;7.7;0.0;0.0
2025-08-27T20:00;28.0;56;6.7;0.0;0.0
2025-08-27T21:00;27.6;48;4.2;0.0;0.0
2025-08-27T22:00;26.9;47;1.8;0.0;0.0
2025-08-27T23:00;26.7;45;1.3;0.0;0.0
2025-08-28T00:00;26.3;44;1.0;0.0;0.0
2025-08-28T01:00;26.1;46;2.3;0.0;0.0
2025-08-28T02:00;26.0;47;2.2;0.0;0.0
2025-08-28T03:00;26.0;47;2.2;0.0;0.0
2025-08-28T04:00;25.5;48;2.3;0.0;0.0
2025-08-28T05:00;25.5;49;1.7;6.0;5.0
2025-08-28T06:00;28.2;41;3.2;110.0;51.0
2025-08-28T07:00;31.1;36;2.6;292.0;87.0
2025-08-28T08:00;33.2;31;1.8;467.0;125.0
2025-08-28T09:00;34.3;31;4.4;590.0;180.0
2025-08-28T10:00;35.7;30;6.5;760.0;143.0
2025-08-28T11:00;36.5;35;7.0;791.0;198.0
2025-08-28T12:00;37.2;33;7.5;834.0;156.0
2025-08-28T13:00;36.0;43;11.4;749.0;174.0
2025-08-28T14:00;35.8;43;7.6;499.0;226.0
2025-08-28T15:00;34.4;50;5.7;294.0;199.0
2025-08-28T16:00;33.8;53;3.3;224.0;138.0
2025-08-28T17:00;32.6;57;5.3;136.0;72.0
2025-08-28T18:00;31.2;62;4.1;17.0;12.0
2025-08-28T19:00;30.2;66;4.8;0.0;0.0
2025-08-28T20:00;29.2;71;7.3;0.0;0.0
2025-08-28T21:00;28.1;77;6.2;0.0;0.0
2025-08-28T22:00;27.7;74;3.5;0.0;0.0
2025-08-28T23:00;27.8;67;1.2;0.0;0.0
2025-08-29T00:00;27.5;64;0.4;0.0;0.0
2025-08-29T01:00;27.0;58;0.5;0.0;0.0
2025-08-29T02:00;26.6;55;7.2;0.0;0.0
2025-08-29T03:00;26.3;51;7.3;0.0;0.0
2025-08-29T04:00;26.7;43;8.9;0.0;0.0
2025-08-29T05:00;26.3;45;9.2;5.0;4.0
2025-08-29T06:00;27.7;43;8.1;87.0;60.0
2025-08-29T07:00;30.0;41;5.3;261.0;117.0
2025-08-29T08:00;31.4;41;8.2;432.0;130.0
2025-08-29T09:00;31.1;43;12.6;289.0;212.0
2025-08-29T10:00;31.0;44;5.0;190.0;153.0
2025-08-29T11:00;31.8;49;9.0;710.0;294.0
2025-08-29T12:00;30.0;63;15.9;702.0;288.0
2025-08-29T13:00;31.6;52;8.1;754.0;145.0
2025-08-29T14:00;29.9;67;9.8;586.0;207.0
2025-08-29T15:00;30.3;65;3.3;367.0;240.0
2025-08-29T16:00;30.4;64;4.9;283.0;95.0
2025-08-29T17:00;28.4;75;10.1;125.0;78.0
2025-08-29T18:00;27.3;82;6.3;11.0;11.0
2025-08-29T19:00;27.3;83;3.7;0.0;0.0
2025-08-29T20:00;27.3;80;3.7;0.0;0.0
2025-08-29T21:00;26.7;83;1.5;0.0;0.0
2025-08-29T22:00;26.1;85;2.7;0.0;0.0
2025-08-29T23:00;25.6;87;3.8;0.0;0.0
2025-08-30T00:00;25.3;86;4.3;0.0;0.0
2025-08-30T01:00;25.9;83;8.9;0.0;0.0
2025-08-30T02:00;25.7;84;7.3;0.0;0.0
2025-08-30T03:00;25.5;84;9.6;0.0;0.0
2025-08-30T04:00;25.3;84;9.0;0.0;0.0
2025-08-30T05:00;25.2;84;7.0;4.0;4.0
2025-08-30T06:00;26.1;76;6.2;93.0;54.0
2025-08-30T07:00;27.1;67;2.9;282.0;89.0
2025-08-30T08:00;28.7;54;7.6;448.0;108.0
2025-08-30T09:00;29.6;50;13.0;632.0;124.0
2025-08-30T10:00;29.8;50;17.7;717.0;140.0
2025-08-30T11:00;29.4;53;19.4;775.0;169.0
2025-08-30T12:00;29.2;53;20.3;789.0;155.0
2025-08-30T13:00;29.4;52;19.4;760.0;146.0
2025-08-30T14:00;28.4;58;19.3;578.0;192.0
2025-08-30T15:00;27.9;60;19.7;480.0;144.0
2025-08-30T16:00;27.2;61;18.1;315.0;96.0
2025-08-30T17:00;26.7;58;15.5;137.0;61.0
2025-08-30T18:00;26.1;55;11.4;15.0;11.0
2025-08-30T19:00;25.6;54;3.5;0.0;0.0
2025-08-30T20:00;24.7;60;2.5;0.0;0.0
2025-08-30T21:00;24.4;61;3.1;0.0;0.0
2025-08-30T22:00;23.8;63;5.7;0.0;0.0
2025-08-30T23:00;23.1;64;7.2;0.0;0.0
2025-08-31T00:00;22.7;64;6.9;0.0;0.0
2025-08-31T01:00;22.8;66;10.6;0.0;0.0
2025-08-31T02:00;22.7;69;9.7;0.0;0.0
2025-08-31T03:00;22.6;70;8.4;0.0;0.0
2025-08-31T04:00;22.7;73;9.8;0.0;0.0
2025-08-31T05:00;23.0;73;7.0;4.0;3.0
2025-08-31T06:00;25.1;67;7.2;97.0;50.0
2025-08-31T07:00;26.5;54;8.7;270.0;95.0
2025-08-31T08:00;27.9;47;8.6;447.0;133.0
2025-08-31T09:00;28.9;44;12.2;557.0;175.0
2025-08-31T10:00;29.1;46;15.3;670.0;208.0
2025-08-31T11:00;29.1;48;15.3;798.0;164.0
2025-08-31T12:00;28.7;50;16.4;824.0;146.0
2025-08-31T13:00;28.7;50;15.0;777.0;130.0
2025-08-31T14:00;28.0;53;13.3;666.0;128.0
2025-08-31T15:00;27.2;56;11.7;518.0;111.0
2025-08-31T16:00;26.5;58;10.6;333.0;90.0
2025-08-31T17:00;25.8;60;9.1;142.0;60.0
2025-08-31T18:00;25.1;63;6.1;14.0;10.0
2025-08-31T19:00;24.8;63;1.7;0.0;0.0
2025-08-31T20:00;24.3;65;2.2;0.0;0.0
2025-08-31T21:00;23.7;68;5.5;0.0;0.0
2025-08-31T22:00;23.3;71;6.9;0.0;0.0
2025-08-31T23:00;22.8;72;6.7;0.0;0.0
2025-09-01T00:00;22.5;72;4.9;0.0;0.0
2025-09-01T01:00;22.1;75;3.6;0.0;0.0
2025-09-01T02:00;21.8;74;1.0;0.0;0.0
2025-09-01T03:00;21.7;70;2.2;0.0;0.0
2025-09-01T04:00;21.3;69;1.4;0.0;0.0
2025-09-01T05:00;21.4;69;0.4;4.0;3.0
2025-09-01T06:00;24.0;62;3.5;104.0;48.0
2025-09-01T07:00;25.7;66;4.2;290.0;85.0
2025-09-01T08:00;27.0;60;5.8;482.0;105.0
2025-09-01T09:00;28.2;56;8.1;648.0;118.0
2025-09-01T10:00;28.8;55;10.5;769.0;125.0
2025-09-01T11:00;29.3;52;10.7;837.0;129.0
2025-09-01T12:00;29.8;51;11.0;843.0;130.0
2025-09-01T13:00;29.6;56;11.6;788.0;126.0
2025-09-01T14:00;29.6;56;11.0;674.0;118.0
2025-09-01T15:00;29.5;56;10.6;517.0;107.0
2025-09-01T16:00;28.9;60;9.6;330.0;89.0
2025-09-01T17:00;28.1;65;8.6;140.0;58.0
2025-09-01T18:00;27.1;72;6.5;13.0;9.0
2025-09-01T19:00;26.6;74;2.9;0.0;0.0
2025-09-01T20:00;26.1;71;1.9;0.0;0.0
2025-09-01T21:00;25.9;61;2.4;0.0;0.0
2025-09-01T22:00;25.8;51;4.1;0.0;0.0
2025-09-01T23:00;25.8;47;6.4;0.0;0.0
2025-09-02T00:00;25.8;47;5.4;0.0;0.0
2025-09-02T01:00;26.2;47;4.7;0.0;0.0
2025-09-02T02:00;25.7;49;2.9;0.0;0.0
2025-09-02T03:00;25.7;50;3.1;0.0;0.0
2025-09-02T04:00;26.1;48;8.8;0.0;0.0
2025-09-02T05:00;25.9;49;7.4;4.0;4.0
2025-09-02T06:00;27.3;54;7.8;92.0;47.0
2025-09-02T07:00;28.0;68;7.4;247.0;96.0
2025-09-02T08:00;28.5;65;13.1;383.0;139.0
2025-09-02T09:00;29.4;55;1.7;586.0;137.0
2025-09-02T10:00;30.8;49;9.1;638.0;180.0
2025-09-02T11:00;30.3;54;13.6;765.0;172.0
2025-09-02T12:00;28.5;63;10.2;717.0;235.0
2025-09-02T13:00;30.3;47;11.6;475.0;299.0
2025-09-02T14:00;29.0;56;16.5;539.0;218.0
2025-09-02T15:00;29.5;56;13.9;488.0;138.0
2025-09-02T16:00;27.8;67;15.6;310.0;93.0
2025-09-02T17:00;26.8;73;10.2;101.0;58.0
2025-09-02T18:00;26.4;74;8.5;10.0;8.0
2025-09-02T19:00;26.0;72;6.9;0.0;0.0
2025-09-02T20:00;25.6;69;7.4;0.0;0.0
2025-09-02T21:00;25.4;67;6.2;0.0;0.0
2025-09-02T22:00;25.0;67;6.5;0.0;0.0
2025-09-02T23:00;24.4;70;3.9;0.0;0.0
2025-09-03T00:00;23.5;75;1.4;0.0;0.0
2025-09-03T01:00;23.3;69;2.4;0.0;0.0
2025-09-03T02:00;23.5;67;4.9;0.0;0.0
2025-09-03T03:00;23.2;71;4.7;0.0;0.0
2025-09-03T04:00;23.0;74;2.9;0.0;0.0
2025-09-03T05:00;22.9;76;1.8;3.0;3.0
2025-09-03T06:00;24.9;66;5.8;92.0;48.0
2025-09-03T07:00;25.9;58;9.2;245.0;98.0
2025-09-03T08:00;26.5;55;8.9;422.0;140.0
2025-09-03T09:00;27.2;53;9.8;577.0;166.0
2025-09-03T10:00;27.7;51;11.9;711.0;174.0
2025-09-03T11:00;27.6;51;13.1;753.0;216.0
2025-09-03T12:00;27.3;53;12.4;755.0;186.0
2025-09-03T13:00;27.5;52;11.7;654.0;217.0
2025-09-03T14:00;26.8;56;12.1;500.0;231.0
2025-09-03T15:00;26.2;59;11.8;347.0;145.0
2025-09-03T16:00;25.6;61;11.4;265.0;107.0
2025-09-03T17:00;25.0;61;9.8;117.0;56.0
2025-09-03T18:00;24.6;60;6.8;10.0;8.0
2025-09-03T19:00;24.2;61;4.3;0.0;0.0
2025-09-03T20:00;23.8;64;2.9;0.0;0.0
2025-09-03T21:00;23.4;65;2.6;0.0;0.0
2025-09-03T22:00;23.3;65;2.8;0.0;0.0
2025-09-03T23:00;23.3;65;3.2;0.0;0.0
2025-09-04T00:00;23.3;64;3.4;0.0;0.0
2025-09-04T01:00;23.1;68;3.8;0.0;0.0
2025-09-04T02:00;22.4;71;3.6;0.0;0.0
2025-09-04T03:00;22.2;72;3.8;0.0;0.0
2025-09-04T04:00;21.9;74;3.3;0.0;0.0
2025-09-04T05:00;22.1;72;1.0;3.0;3.0
2025-09-04T06:00;23.9;64;1.5;96.0;47.0
2025-09-04T07:00;25.1;57;2.9;273.0;89.0
2025-09-04T08:00;26.2;53;4.7;452.0;124.0
2025-09-04T09:00;26.9;51;6.8;619.0;144.0
2025-09-04T10:00;27.3;50;8.0;767.0;126.0
2025-09-04T11:00;27.5;51;9.0;830.0;135.0
2025-09-04T12:00;27.5;51;9.3;841.0;129.0
2025-09-04T13:00;27.6;47;9.1;789.0;125.0
2025-09-04T14:00;27.3;47;7.9;676.0;118.0
2025-09-04T15:00;26.9;47;6.1;516.0;107.0
2025-09-04T16:00;26.4;48;5.1;324.0;88.0
2025-09-04T17:00;25.6;49;3.9;131.0;56.0
2025-09-04T18:00;24.9;54;4.1;10.0;8.0
2025-09-04T19:00;24.4;57;4.2;0.0;0.0
2025-09-04T20:00;23.8;61;4.6;0.0;0.0
2025-09-04T21:00;23.3;65;5.1;0.0;0.0
2025-09-04T22:00;22.8;68;5.5;0.0;0.0
2025-09-04T23:00;22.4;69;4.9;0.0;0.0
2025-09-05T00:00;22.1;67;4.8;0.0;0.0
2025-09-05T01:00;22.2;58;3.6;0.0;0.0
2025-09-05T02:00;22.1;56;3.3;0.0;0.0
2025-09-05T03:00;21.5;58;2.1;0.0;0.0
2025-09-05T04:00;21.2;59;1.9;0.0;0.0
2025-09-05T05:00;21.4;58;2.4;3.0;3.0
2025-09-05T06:00;23.3;54;4.6;97.0;46.0
2025-09-05T07:00;25.1;53;1.7;282.0;83.0
2025-09-05T08:00;26.5;47;2.3;477.0;104.0
2025-09-05T09:00;27.6;43;4.8;646.0;116.0
2025-09-05T10:00;27.9;46;7.3;769.0;124.0
2025-09-05T11:00;28.0;50;8.4;836.0;128.0
2025-09-05T12:00;27.8;54;9.1;841.0;129.0
2025-09-05T13:00;28.1;48;8.9;782.0;125.0
2025-09-05T14:00;27.7;52;8.0;668.0;118.0
2025-09-05T15:00;27.2;55;7.1;508.0;106.0
2025-09-05T16:00;26.4;59;5.9;317.0;88.0
2025-09-05T17:00;25.7;63;4.0;126.0;55.0
2025-09-05T18:00;25.0;66;3.6;9.0;7.0
2025-09-05T19:00;24.6;67;2.7;0.0;0.0
2025-09-05T20:00;24.1;70;2.1;0.0;0.0
2025-09-05T21:00;23.5;72;2.9;0.0;0.0
2025-09-05T22:00;23.1;72;3.7;0.0;0.0
2025-09-05T23:00;23.0;67;3.9;0.0;0.0
2025-09-06T00:00;23.1;58;3.3;0.0;0.0
2025-09-06T01:00;22.3;51;2.2;0.0;0.0
2025-09-06T02:00;22.2;50;2.4;0.0;0.0
2025-09-06T03:00;21.9;51;2.4;0.0;0.0
2025-09-06T04:00;21.7;54;2.0;0.0;0.0
2025-09-06T05:00;21.6;57;2.9;2.0;2.0
2025-09-06T06:00;23.7;54;5.6;95.0;45.0
2025-09-06T07:00;25.3;57;4.7;281.0;83.0
2025-09-06T08:00;26.7;52;3.8;474.0;104.0
2025-09-06T09:00;27.9;46;5.2;643.0;117.0
2025-09-06T10:00;28.6;46;7.6;767.0;124.0
2025-09-06T11:00;28.5;51;9.1;835.0;128.0
2025-09-06T12:00;28.4;49;8.3;840.0;128.0
2025-09-06T13:00;28.5;52;10.2;783.0;124.0
2025-09-06T14:00;28.4;53;8.4;668.0;118.0
2025-09-06T15:00;27.9;54;8.4;507.0;105.0
2025-09-06T16:00;27.2;55;8.0;315.0;87.0
2025-09-06T17:00;26.2;60;7.5;123.0;54.0
2025-09-06T18:00;25.1;70;7.8;7.0;5.0
2025-09-06T19:00;24.7;74;7.7;0.0;0.0
2025-09-06T20:00;24.2;78;7.9;0.0;0.0
2025-09-06T21:00;23.8;77;8.2;0.0;0.0
2025-09-06T22:00;23.4;72;7.9;0.0;0.0
2025-09-06T23:00;23.5;65;7.0;0.0;0.0
2025-09-07T00:00;23.6;60;6.2;0.0;0.0
2025-09-07T01:00;23.5;56;5.8;0.0;0.0
2025-09-07T02:00;23.2;54;3.9;0.0;0.0
2025-09-07T03:00;22.5;56;3.3;0.0;0.0
2025-09-07T04:00;22.2;58;3.2;0.0;0.0
2025-09-07T05:00;22.2;58;2.9;2.0;2.0
2025-09-07T06:00;24.0;54;5.2;92.0;48.0
2025-09-07T07:00;25.5;60;5.3;260.0;113.0
2025-09-07T08:00;26.8;54;6.7;433.0;172.0
2025-09-07T09:00;28.1;47;7.5;616.0;168.0
2025-09-07T10:00;29.1;45;8.9;738.0;184.0
2025-09-07T11:00;29.5;48;10.6;831.0;138.0
2025-09-07T12:00;29.3;50;11.4;829.0;152.0
2025-09-07T13:00;29.6;38;9.1;757.0;160.0
2025-09-07T14:00;29.6;35;8.3;642.0;155.0
2025-09-07T15:00;29.2;37;7.3;501.0;104.0
2025-09-07T16:00;28.1;41;6.4;309.0;85.0
2025-09-07T17:00;26.8;47;4.7;118.0;52.0
2025-09-07T18:00;25.8;57;4.8;6.0;5.0
2025-09-07T19:00;25.2;63;5.9;0.0;0.0
2025-09-07T20:00;24.8;66;6.1;0.0;0.0
2025-09-07T21:00;24.4;64;5.8;0.0;0.0
2025-09-07T22:00;24.2;59;5.4;0.0;0.0
2025-09-07T23:00;23.9;53;5.5;0.0;0.0
2025-09-08T00:00;23.6;46;3.8;0.0;0.0
2025-09-08T01:00;23.2;47;4.1;0.0;0.0
2025-09-08T02:00;23.4;45;4.5;0.0;0.0
2025-09-08T03:00;23.0;45;3.2;0.0;0.0
2025-09-08T04:00;23.3;42;3.6;0.0;0.0
2025-09-08T05:00;23.4;41;4.9;2.0;2.0
2025-09-08T06:00;24.5;38;7.3;91.0;44.0
2025-09-08T07:00;27.1;33;5.1;276.0;82.0
2025-09-08T08:00;29.0;26;3.6;470.0;102.0
2025-09-08T09:00;30.1;26;7.4;637.0;114.0
2025-09-08T10:00;30.1;32;9.8;759.0;123.0
2025-09-08T11:00;30.2;34;9.3;823.0;126.0
2025-09-08T12:00;30.5;30;7.7;826.0;128.0
2025-09-08T13:00;30.5;31;8.0;765.0;124.0
2025-09-08T14:00;30.0;32;7.2;649.0;116.0
2025-09-08T15:00;29.0;37;6.3;468.0;132.0
2025-09-08T16:00;28.1;40;4.7;261.0;125.0
2025-09-08T17:00;27.3;41;5.8;100.0;62.0
2025-09-08T18:00;26.9;41;4.6;5.0;4.0
2025-09-08T19:00;26.5;42;4.8;0.0;0.0
2025-09-08T20:00;26.2;43;3.8;0.0;0.0
2025-09-08T21:00;25.8;46;2.8;0.0;0.0
2025-09-08T22:00;25.3;48;2.2;0.0;0.0
2025-09-08T23:00;24.7;51;3.1;0.0;0.0
2025-09-09T00:00;24.4;51;1.6;0.0;0.0
2025-09-09T01:00;24.9;44;1.7;0.0;0.0
2025-09-09T02:00;24.8;39;1.5;0.0;0.0
2025-09-09T03:00;24.6;37;1.1;0.0;0.0
2025-09-09T04:00;24.9;36;1.9;0.0;0.0
2025-09-09T05:00;25.4;36;2.9;1.0;1.0
2025-09-09T06:00;27.0;35;3.8;83.0;42.0
2025-09-09T07:00;29.8;28;0.5;248.0;92.0
2025-09-09T08:00;30.9;31;4.2;431.0;119.0
2025-09-09T09:00;31.4;40;7.1;580.0;140.0
2025-09-09T10:00;31.2;43;4.4;650.0;193.0
2025-09-09T11:00;31.6;46;7.0;590.0;247.0
2025-09-09T12:00;32.5;44;2.8;604.0;228.0
2025-09-09T13:00;32.0;46;7.0;535.0;188.0
2025-09-09T14:00;32.2;46;0.6;452.0;181.0
2025-09-09T15:00;32.4;46;0.5;407.0;137.0
2025-09-09T16:00;31.7;50;1.1;278.0;87.0
2025-09-09T17:00;30.2;57;2.2;102.0;49.0
2025-09-09T18:00;29.0;65;2.7;4.0;3.0
2025-09-09T19:00;28.3;70;1.0;0.0;0.0
2025-09-09T20:00;27.9;71;1.5;0.0;0.0
2025-09-09T21:00;27.5;70;2.4;0.0;0.0
2025-09-09T22:00;27.1;67;4.1;0.0;0.0
2025-09-09T23:00;27.0;62;6.0;0.0;0.0
2025-09-10T00:00;26.9;60;6.7;0.0;0.0
2025-09-10T01:00;27.4;61;4.1;0.0;0.0
2025-09-10T02:00;26.7;64;3.8;0.0;0.0
2025-09-10T03:00;26.3;63;5.4;0.0;0.0
2025-09-10T04:00;25.8;63;2.5;0.0;0.0
2025-09-10T05:00;25.6;63;2.4;1.0;1.0
2025-09-10T06:00;27.5;56;5.9;79.0;41.0
2025-09-10T07:00;28.9;60;5.2;228.0;89.0
2025-09-10T08:00;29.8;51;7.7;317.0;149.0
2025-09-10T09:00;32.6;35;4.0;588.0;135.0
2025-09-10T10:00;33.8;29;2.7;649.0;199.0
2025-09-10T11:00;32.7;32;0.6;295.0;226.0
2025-09-10T12:00;34.0;33;6.8;623.0;278.0
2025-09-10T13:00;32.8;49;6.3;638.0;178.0
2025-09-10T14:00;31.0;57;9.6;526.0;170.0
2025-09-10T15:00;29.8;65;5.5;282.0;188.0
2025-09-10T16:00;29.3;61;2.5;137.0;114.0
2025-09-10T17:00;28.2;77;7.9;49.0;38.0
2025-09-10T18:00;26.9;90;11.1;3.0;3.0
2025-09-10T19:00;23.5;95;11.6;0.0;0.0
2025-09-10T20:00;23.9;93;10.8;0.0;0.0
2025-09-10T21:00;24.3;89;6.7;0.0;0.0
2025-09-10T22:00;24.2;89;9.0;0.0;0.0
2025-09-10T23:00;23.9;88;8.1;0.0;0.0
2025-09-11T00:00;23.3;86;11.9;0.0;0.0
2025-09-11T01:00;23.9;86;11.2;0.0;0.0
2025-09-11T02:00;22.4;87;9.0;0.0;0.0
2025-09-11T03:00;22.2;88;11.6;0.0;0.0
2025-09-11T04:00;22.4;84;10.7;0.0;0.0
2025-09-11T05:00;22.1;85;6.8;1.0;1.0
2025-09-11T06:00;23.2;87;5.0;68.0;40.0
2025-09-11T07:00;25.2;73;2.3;256.0;84.0
2025-09-11T08:00;25.8;73;4.0;440.0;109.0
2025-09-11T09:00;26.5;69;6.0;603.0;123.0
2025-09-11T10:00;27.1;66;8.0;715.0;139.0
2025-09-11T11:00;27.0;67;10.8;742.0;183.0
2025-09-11T12:00;26.4;71;11.3;683.0;195.0
2025-09-11T13:00;27.0;70;9.1;651.0;148.0
2025-09-11T14:00;26.9;70;8.1;596.0;129.0
2025-09-11T15:00;26.6;71;7.3;457.0;114.0
2025-09-11T16:00;25.9;73;6.6;269.0;92.0
2025-09-11T17:00;25.2;76;4.4;95.0;47.0
2025-09-11T18:00;24.5;83;3.2;3.0;3.0
2025-09-11T19:00;24.1;85;3.6;0.0;0.0
2025-09-11T20:00;23.8;86;2.9;0.0;0.0
2025-09-11T21:00;23.7;85;3.4;0.0;0.0
2025-09-11T22:00;23.5;83;3.8;0.0;0.0
2025-09-11T23:00;23.5;80;5.0;0.0;0.0
2025-09-12T00:00;23.5;79;6.2;0.0;0.0
2025-09-12T01:00;23.9;79;8.9;0.0;0.0
2025-09-12T02:00;23.6;79;9.6;0.0;0.0
2025-09-12T03:00;23.1;84;8.1;0.0;0.0
2025-09-12T04:00;22.7;88;7.9;0.0;0.0
2025-09-12T05:00;22.5;89;7.5;1.0;1.0
2025-09-12T06:00;23.5;82;7.4;77.0;42.0
2025-09-12T07:00;24.7;74;7.0;244.0;85.0
2025-09-12T08:00;25.7;69;7.9;430.0;115.0
2025-09-12T09:00;26.5;65;9.8;604.0;128.0
2025-09-12T10:00;27.0;62;10.6;729.0;131.0
2025-09-12T11:00;27.4;59;10.5;799.0;129.0
2025-09-12T12:00;27.4;57;10.0;803.0;128.0
2025-09-12T13:00;27.8;54;8.7;742.0;125.0
2025-09-12T14:00;27.6;57;9.2;627.0;117.0
2025-09-12T15:00;27.0;59;8.2;465.0;103.0
2025-09-12T16:00;26.6;61;6.1;276.0;83.0
2025-09-12T17:00;25.8;64;7.7;93.0;46.0
2025-09-12T18:00;25.3;67;4.8;2.0;2.0
2025-09-12T19:00;25.0;70;3.9;0.0;0.0
2025-09-12T20:00;24.9;71;6.2;0.0;0.0
2025-09-12T21:00;24.6;73;6.0;0.0;0.0
2025-09-12T22:00;24.4;74;4.4;0.0;0.0
2025-09-12T23:00;24.2;76;4.7;0.0;0.0
2025-09-13T00:00;23.8;78;4.2;0.0;0.0
2025-09-13T01:00;23.6;81;5.0;0.0;0.0
2025-09-13T02:00;23.3;83;2.3;0.0;0.0
2025-09-13T03:00;22.9;85;1.9;0.0;0.0
2025-09-13T04:00;22.8;85;2.1;0.0;0.0
2025-09-13T05:00;22.4;88;1.9;1.0;1.0
2025-09-13T06:00;23.5;82;3.1;63.0;37.0
2025-09-13T07:00;24.5;77;2.9;221.0;92.0
2025-09-13T08:00;25.5;70;4.2;399.0;131.0
2025-09-13T09:00;26.5;64;5.5;550.0;162.0
2025-09-13T10:00;27.0;62;7.9;628.0;191.0
2025-09-13T11:00;27.3;63;8.6;775.0;145.0
2025-09-13T12:00;27.3;62;8.0;793.0;141.0
2025-09-13T13:00;27.4;59;6.8;747.0;122.0
2025-09-13T14:00;27.5;55;5.2;633.0;114.0
2025-09-13T15:00;27.0;58;6.1;468.0;103.0
2025-09-13T16:00;26.0;65;6.9;276.0;82.0
2025-09-13T17:00;25.3;68;4.1;92.0;44.0
2025-09-13T18:00;24.7;70;3.9;2.0;2.0
2025-09-13T19:00;24.4;72;3.4;0.0;0.0
2025-09-13T20:00;24.0;73;3.2;0.0;0.0
2025-09-13T21:00;23.5;75;4.8;0.0;0.0
2025-09-13T22:00;22.9;77;7.4;0.0;0.0
2025-09-13T23:00;22.3;79;7.2;0.0;0.0
2025-09-14T00:00;21.9;79;7.3;0.0;0.0
2025-09-14T01:00;22.0;74;3.8;0.0;0.0
2025-09-14T02:00;22.4;64;2.0;0.0;0.0
2025-09-14T03:00;21.8;60;0.7;0.0;0.0
2025-09-14T04:00;21.8;60;1.2;0.0;0.0
2025-09-14T05:00;22.0;61;0.8;1.0;1.0
2025-09-14T06:00;23.7;59;0.3;76.0;42.0
2025-09-14T07:00;25.2;55;2.1;216.0;126.0
2025-09-14T08:00;26.8;45;5.2;447.0;99.0
2025-09-14T09:00;27.7;43;6.8;610.0;114.0
2025-09-14T10:00;28.7;41;7.5;729.0;122.0
2025-09-14T11:00;28.7;45;10.0;793.0;126.0
2025-09-14T12:00;28.5;49;8.9;794.0;128.0
2025-09-14T13:00;28.9;43;7.4;736.0;122.0
2025-09-14T14:00;28.7;44;6.0;620.0;114.0
2025-09-14T15:00;28.2;45;5.1;458.0;101.0
2025-09-14T16:00;27.3;51;4.6;269.0;81.0
2025-09-14T17:00;26.1;61;5.3;86.0;44.0
2025-09-14T18:00;25.3;67;5.1;2.0;2.0
2025-09-14T19:00;24.9;68;5.5;0.0;0.0
2025-09-14T20:00;24.4;69;6.4;0.0;0.0
2025-09-14T21:00;24.0;69;6.2;0.0;0.0
2025-09-14T22:00;23.8;70;6.1;0.0;0.0
2025-09-14T23:00;23.5;72;5.8;0.0;0.0
2025-09-15T00:00;23.4;71;5.3;0.0;0.0
2025-09-15T01:00;23.2;72;4.5;0.0;0.0
2025-09-15T02:00;23.1;71;4.6;0.0;0.0
2025-09-15T03:00;23.0;72;5.8;0.0;0.0
2025-09-15T04:00;22.7;74;6.0;0.0;0.0
2025-09-15T05:00;22.5;75;6.7;1.0;1.0
2025-09-15T06:00;23.7;68;7.4;74.0;37.0
2025-09-15T07:00;25.9;57;5.9;251.0;78.0
2025-09-15T08:00;27.3;47;6.0;442.0;101.0
2025-09-15T09:00;28.5;41;6.4;608.0;113.0
2025-09-15T10:00;28.7;43;8.0;728.0;121.0
2025-09-15T11:00;28.7;46;8.5;791.0;125.0
2025-09-15T12:00;28.8;44;8.3;792.0;125.0
2025-09-15T13:00;28.8;47;9.0;731.0;121.0
2025-09-15T14:00;28.4;51;8.4;614.0;113.0
2025-09-15T15:00;27.8;53;7.8;452.0;100.0
2025-09-15T16:00;27.0;57;6.7;264.0;80.0
2025-09-15T17:00;25.9;63;6.5;83.0;41.0
2025-09-15T18:00;25.1;68;6.5;1.0;1.0
2025-09-15T19:00;24.6;71;6.1;0.0;0.0
2025-09-15T20:00;24.1;73;6.5;0.0;0.0
2025-09-15T21:00;23.8;72;6.8;0.0;0.0
2025-09-15T22:00;23.5;71;6.6;0.0;0.0
2025-09-15T23:00;23.2;70;6.3;0.0;0.0
2025-09-16T00:00;23.1;67;5.4;0.0;0.0
2025-09-16T01:00;23.5;53;2.5;0.0;0.0
2025-09-16T02:00;23.0;51;1.6;0.0;0.0
2025-09-16T03:00;23.0;51;1.9;0.0;0.0
2025-09-16T04:00;22.6;54;2.3;0.0;0.0
2025-09-16T05:00;22.4;54;2.9;0.0;0.0
2025-09-16T06:00;24.0;52;5.2;74.0;37.0
2025-09-16T07:00;25.8;53;4.7;251.0;78.0
2025-09-16T08:00;27.1;48;5.1;442.0;100.0
2025-09-16T09:00;28.2;44;6.2;605.0;113.0
2025-09-16T10:00;28.9;43;7.6;722.0;121.0
2025-09-16T11:00;29.1;44;8.4;784.0;126.0
2025-09-16T12:00;28.9;47;8.2;785.0;125.0
2025-09-16T13:00;29.0;45;5.8;727.0;122.0
2025-09-16T14:00;28.8;47;6.2;609.0;114.0
2025-09-16T15:00;28.2;51;6.0;446.0;100.0
2025-09-16T16:00;27.4;55;5.0;257.0;80.0
2025-09-16T17:00;26.5;60;5.1;79.0;40.0
2025-09-16T18:00;25.9;62;4.3;1.0;1.0
2025-09-16T19:00;25.4;65;5.6;0.0;0.0
2025-09-16T20:00;24.8;68;6.2;0.0;0.0
2025-09-16T21:00;24.2;69;4.7;0.0;0.0
2025-09-16T22:00;24.0;67;4.5;0.0;0.0
2025-09-16T23:00;23.8;62;2.5;0.0;0.0
2025-09-17T00:00;23.5;59;2.0;0.0;0.0
2025-09-17T01:00;23.4;61;0.9;0.0;0.0
2025-09-17T02:00;23.0;60;2.6;0.0;0.0
2025-09-17T03:00;22.6;62;1.9;0.0;0.0
2025-09-17T04:00;22.6;62;2.0;0.0;0.0
2025-09-17T05:00;22.9;62;4.1;0.0;0.0
2025-09-17T06:00;23.8;60;5.0;72.0;36.0
2025-09-17T07:00;26.5;51;2.5;246.0;83.0
2025-09-17T08:00;27.9;47;3.7;436.0;100.0
2025-09-17T09:00;29.1;44;4.1;597.0;115.0
2025-09-17T10:00;29.7;43;7.1;714.0;121.0
2025-09-17T11:00;29.6;46;9.5;777.0;126.0
2025-09-17T12:00;28.8;54;10.4;781.0;125.0
2025-09-17T13:00;28.9;51;9.6;719.0;121.0
2025-09-17T14:00;28.1;55;7.9;603.0;114.0
2025-09-17T15:00;27.7;55;5.9;438.0;106.0
2025-09-17T16:00;27.0;58;5.2;245.0;92.0
2025-09-17T17:00;26.1;63;5.0;74.0;40.0
2025-09-17T18:00;25.4;69;4.2;1.0;1.0
2025-09-17T19:00;25.0;74;2.2;0.0;0.0
2025-09-17T20:00;24.5;77;0.9;0.0;0.0
2025-09-17T21:00;24.2;78;1.0;0.0;0.0
2025-09-17T22:00;23.7;80;1.0;0.0;0.0
2025-09-17T23:00;23.6;81;1.5;0.0;0.0
2025-09-18T00:00;23.4;82;1.1;0.0;0.0
2025-09-18T01:00;23.5;83;1.0;0.0;0.0
2025-09-18T02:00;23.1;85;1.6;0.0;0.0
2025-09-18T03:00;23.1;85;3.8;0.0;0.0
2025-09-18T04:00;22.7;86;7.2;0.0;0.0
2025-09-18T05:00;22.4;85;7.5;0.0;0.0
2025-09-18T06:00;23.6;79;7.0;66.0;36.0
2025-09-18T07:00;25.4;71;4.6;241.0;80.0
2025-09-18T08:00;26.6;66;6.7;419.0;111.0
2025-09-18T09:00;27.2;64;8.4;570.0;132.0
2025-09-18T10:00;27.7;60;9.1;675.0;149.0
2025-09-18T11:00;28.0;59;9.1;754.0;140.0
2025-09-18T12:00;28.3;58;9.1;759.0;133.0
2025-09-18T13:00;27.8;64;10.4;704.0;126.0
2025-09-18T14:00;27.4;67;8.6;586.0;120.0
2025-09-18T15:00;27.2;68;8.4;418.0;114.0
2025-09-18T16:00;26.5;69;8.1;234.0;85.0
2025-09-18T17:00;25.8;72;6.7;60.0;35.0
2025-09-18T18:00;25.2;75;5.4;0.0;0.0
2025-09-18T19:00;24.8;78;5.1;0.0;0.0
2025-09-18T20:00;24.5;81;5.3;0.0;0.0
2025-09-18T21:00;24.2;84;5.7;0.0;0.0
2025-09-18T22:00;23.9;87;5.7;0.0;0.0
2025-09-18T23:00;23.5;89;5.7;0.0;0.0
2025-09-19T00:00;23.0;90;5.4;0.0;0.0
2025-09-19T01:00;22.8;77;4.1;0.0;0.0
2025-09-19T02:00;22.8;72;3.9;0.0;0.0
2025-09-19T03:00;22.7;69;3.7;0.0;0.0
2025-09-19T04:00;22.6;66;3.4;0.0;0.0
2025-09-19T05:00;22.5;62;2.2;0.0;0.0
2025-09-19T06:00;24.1;53;2.7;68.0;35.0
2025-09-19T07:00;26.2;47;1.5;245.0;78.0
2025-09-19T08:00;27.3;45;3.3;435.0;100.0
2025-09-19T09:00;28.2;42;5.9;599.0;113.0
2025-09-19T10:00;28.8;41;8.5;720.0;122.0
2025-09-19T11:00;28.7;46;11.5;783.0;127.0
2025-09-19T12:00;28.3;48;11.5;781.0;133.0
2025-09-19T13:00;28.1;54;10.9;714.0;128.0
2025-09-19T14:00;28.0;50;11.4;595.0;119.0
2025-09-19T15:00;27.3;47;9.5;431.0;105.0
2025-09-19T16:00;26.6;50;6.3;244.0;80.0
2025-09-19T17:00;25.8;53;4.7;68.0;36.0
2025-09-19T18:00;25.2;56;4.8;0.0;0.0
2025-09-19T19:00;24.7;57;5.2;0.0;0.0
2025-09-19T20:00;24.2;57;5.9;0.0;0.0
2025-09-19T21:00;23.8;57;5.6;0.0;0.0
2025-09-19T22:00;23.2;57;5.2;0.0;0.0
2025-09-19T23:00;22.7;58;3.8;0.0;0.0
2025-09-20T00:00;22.5;57;2.3;0.0;0.0
2025-09-20T01:00;22.7;58;3.7;0.0;0.0
2025-09-20T02:00;22.4;58;3.2;0.0;0.0
2025-09-20T03:00;22.2;58;2.3;0.0;0.0
2025-09-20T04:00;22.1;57;1.5;0.0;0.0
2025-09-20T05:00;21.7;58;1.5;0.0;0.0
2025-09-20T06:00;23.4;52;2.8;64.0;34.0
2025-09-20T07:00;25.7;50;2.7;235.0;80.0
2025-09-20T08:00;26.9;49;5.8;425.0;107.0
2025-09-20T09:00;27.6;50;9.2;591.0;117.0
2025-09-20T10:00;27.8;52;11.7;710.0;123.0
2025-09-20T11:00;27.6;53;12.0;773.0;127.0
2025-09-20T12:00;27.7;49;10.7;768.0;131.0
2025-09-20T13:00;27.5;57;8.1;714.0;122.0
2025-09-20T14:00;27.4;54;5.7;588.0;118.0
2025-09-20T15:00;27.3;50;4.4;428.0;100.0
2025-09-20T16:00;26.7;50;3.3;230.0;82.0
2025-09-20T17:00;25.8;53;3.3;64.0;34.0
2025-09-20T18:00;25.1;59;2.6;0.0;0.0
2025-09-20T19:00;24.4;66;2.0;0.0;0.0
2025-09-20T20:00;24.0;71;1.5;0.0;0.0
2025-09-20T21:00;23.5;70;2.0;0.0;0.0
2025-09-20T22:00;23.1;71;2.2;0.0;0.0
2025-09-20T23:00;22.7;73;2.7;0.0;0.0
2025-09-21T00:00;22.3;76;2.6;0.0;0.0
2025-09-21T01:00;21.9;69;3.1;0.0;0.0
2025-09-21T02:00;21.8;71;2.2;0.0;0.0
2025-09-21T03:00;22.0;72;2.1;0.0;0.0
2025-09-21T04:00;22.1;72;2.8;0.0;0.0
2025-09-21T05:00;21.9;73;2.8;0.0;0.0
2025-09-21T06:00;23.1;69;3.0;62.0;33.0
2025-09-21T07:00;25.1;59;1.8;233.0;79.0
2025-09-21T08:00;26.2;57;4.4;419.0;103.0
2025-09-21T09:00;26.9;57;7.4;583.0;116.0
2025-09-21T10:00;27.4;57;8.3;701.0;123.0
2025-09-21T11:00;27.0;59;11.5;683.0;170.0
2025-09-21T12:00;26.9;58;8.5;674.0;163.0
2025-09-21T13:00;27.6;58;7.3;666.0;148.0
2025-09-21T14:00;26.9;63;8.7;517.0;141.0
2025-09-21T15:00;25.8;70;6.9;347.0;120.0
2025-09-21T16:00;25.1;71;6.3;192.0;80.0
2025-09-21T17:00;24.9;71;5.3;48.0;30.0
2025-09-21T18:00;24.5;77;4.3;0.0;0.0
2025-09-21T19:00;24.0;82;3.1;0.0;0.0
2025-09-21T20:00;23.6;86;2.2;0.0;0.0
2025-09-21T21:00;23.1;88;1.8;0.0;0.0
2025-09-21T22:00;22.7;87;2.6;0.0;0.0
2025-09-21T23:00;22.2;83;2.7;0.0;0.0
2025-09-22T00:00;21.7;78;1.9;0.0;0.0
2025-09-22T01:00;21.9;78;3.3;0.0;0.0
2025-09-22T02:00;21.7;77;3.4;0.0;0.0
2025-09-22T03:00;21.5;77;2.1;0.0;0.0
2025-09-22T04:00;21.3;75;1.9;0.0;0.0
2025-09-22T05:00;21.1;73;1.8;0.0;0.0
2025-09-22T06:00;22.7;63;1.9;61.0;31.0
2025-09-22T07:00;25.6;60;1.8;235.0;76.0
2025-09-22T08:00;26.7;58;3.8;426.0;99.0
2025-09-22T09:00;27.6;55;6.6;592.0;111.0
2025-09-22T10:00;28.0;55;9.7;712.0;120.0
2025-09-22T11:00;28.2;53;11.5;771.0;123.0
2025-09-22T12:00;28.4;46;10.6;763.0;125.0
2025-09-22T13:00;28.2;45;11.3;685.0;137.0
2025-09-22T14:00;27.9;49;11.4;575.0;114.0
2025-09-22T15:00;27.6;54;10.2;413.0;100.0
2025-09-22T16:00;27.2;58;7.6;214.0;91.0
2025-09-22T17:00;26.6;62;4.5;52.0;35.0
2025-09-22T18:00;26.0;66;2.4;0.0;0.0
2025-09-22T19:00;25.5;67;1.4;0.0;0.0
2025-09-22T20:00;24.7;69;1.5;0.0;0.0
2025-09-22T21:00;24.3;68;2.4;0.0;0.0
2025-09-22T22:00;23.9;67;6.1;0.0;0.0
2025-09-22T23:00;23.7;66;7.4;0.0;0.0
2025-09-23T00:00;23.4;65;8.4;0.0;0.0
2025-09-23T01:00;23.6;65;3.9;0.0;0.0
2025-09-23T02:00;23.6;65;5.0;0.0;0.0
2025-09-23T03:00;23.9;65;5.8;0.0;0.0
2025-09-23T04:00;23.8;67;6.8;0.0;0.0
2025-09-23T05:00;23.4;69;5.8;0.0;0.0
2025-09-23T06:00;24.1;67;3.3;42.0;30.0
2025-09-23T07:00;25.9;58;1.5;190.0;105.0
2025-09-23T08:00;27.2;52;2.5;354.0;162.0
2025-09-23T09:00;28.3;50;2.3;494.0;188.0
2025-09-23T10:00;28.8;49;5.7;607.0;209.0
2025-09-23T11:00;28.7;51;5.2;615.0;246.0
2025-09-23T12:00;28.8;52;6.4;649.0;227.0
2025-09-23T13:00;27.8;59;1.0;504.0;173.0
2025-09-23T14:00;28.0;57;3.7;502.0;164.0
2025-09-23T15:00;27.1;65;5.2;319.0;122.0
2025-09-23T16:00;26.2;70;5.0;192.0;82.0
2025-09-23T17:00;24.4;90;7.4;35.0;24.0
2025-09-23T18:00;24.0;90;4.2;0.0;0.0
2025-09-23T19:00;23.6;91;4.3;0.0;0.0
2025-09-23T20:00;23.3;92;3.3;0.0;0.0
2025-09-23T21:00;23.1;93;4.0;0.0;0.0
2025-09-23T22:00;22.0;96;8.6;0.0;0.0
2025-09-23T23:00;20.9;97;1.4;0.0;0.0
2025-09-24T00:00;21.4;92;7.2;0.0;0.0
2025-09-24T01:00;22.9;75;4.6;0.0;0.0
2025-09-24T02:00;22.5;75;4.5;0.0;0.0
2025-09-24T03:00;22.2;77;2.2;0.0;0.0
2025-09-24T04:00;22.2;78;2.1;0.0;0.0
2025-09-24T05:00;22.1;80;3.3;0.0;0.0
2025-09-24T06:00;23.2;80;2.0;49.0;37.0
2025-09-24T07:00;23.5;77;6.7;150.0;112.0
2025-09-24T08:00;23.8;78;5.7;238.0;174.0
2025-09-24T09:00;24.6;76;8.2;262.0;222.0
2025-09-24T10:00;25.4;74;2.9;310.0;247.0
2025-09-24T11:00;26.9;67;3.9;595.0;287.0
2025-09-24T12:00;27.1;64;11.3;677.0;188.0
2025-09-24T13:00;26.8;68;12.2;574.0;230.0
2025-09-24T14:00;26.8;68;13.2;462.0;141.0
2025-09-24T15:00;25.1;70;18.1;349.0;112.0
2025-09-24T16:00;23.2;82;14.1;166.0;75.0
2025-09-24T17:00;22.5;86;9.3;43.0;28.0
2025-09-24T18:00;22.3;87;7.7;0.0;0.0
2025-09-24T19:00;22.2;88;6.0;0.0;0.0
2025-09-24T20:00;22.1;87;6.6;0.0;0.0
2025-09-24T21:00;22.1;82;6.8;0.0;0.0
2025-09-24T22:00;22.1;79;7.7;0.0;0.0
2025-09-24T23:00;22.0;75;8.0;0.0;0.0
2025-09-25T00:00;21.9;73;8.1;0.0;0.0
2025-09-25T01:00;21.9;76;8.1;0.0;0.0
2025-09-25T02:00;21.8;75;6.8;0.0;0.0
2025-09-25T03:00;21.5;75;5.3;0.0;0.0
2025-09-25T04:00;21.3;75;5.2;0.0;0.0
2025-09-25T05:00;20.9;77;3.6;0.0;0.0
2025-09-25T06:00;22.0;75;2.4;48.0;28.0
2025-09-25T07:00;23.2;63;3.6;213.0;85.0
2025-09-25T08:00;23.8;61;4.3;411.0;104.0
2025-09-25T09:00;24.3;57;4.1;568.0;121.0
2025-09-25T10:00;24.7;55;5.0;695.0;126.0
2025-09-25T11:00;24.9;55;6.2;754.0;128.0
2025-09-25T12:00;25.3;53;6.9;738.0;142.0
2025-09-25T13:00;25.3;51;10.0;675.0;140.0
2025-09-25T14:00;25.1;53;7.0;547.0;144.0
2025-09-25T15:00;24.9;53;6.9;321.0;183.0
2025-09-25T16:00;24.2;57;7.1;160.0;121.0
2025-09-25T17:00;22.6;69;6.2;47.0;26.0
2025-09-25T18:00;21.8;76;3.6;0.0;0.0
2025-09-25T19:00;21.6;80;2.6;0.0;0.0
2025-09-25T20:00;21.2;82;1.5;0.0;0.0
2025-09-25T21:00;21.1;83;0.9;0.0;0.0
2025-09-25T22:00;20.9;82;0.4;0.0;0.0
2025-09-25T23:00;20.7;82;0.7;0.0;0.0
2025-09-26T00:00;20.4;82;1.6;0.0;0.0
2025-09-26T01:00;20.7;80;1.5;0.0;0.0
2025-09-26T02:00;20.3;81;1.5;0.0;0.0
2025-09-26T03:00;19.9;82;2.0;0.0;0.0
2025-09-26T04:00;19.7;82;2.5;0.0;0.0
2025-09-26T05:00;19.8;82;3.3;0.0;0.0
2025-09-26T06:00;21.2;79;3.4;48.0;32.0
2025-09-26T07:00;22.6;75;3.5;183.0;107.0
2025-09-26T08:00;23.6;71;6.6;376.0;125.0
2025-09-26T09:00;24.4;66;7.7;551.0;126.0
2025-09-26T10:00;24.3;66;9.3;585.0;182.0
2025-09-26T11:00;24.2;67;9.5;613.0;252.0
2025-09-26T12:00;23.6;73;8.7;456.0;264.0
2025-09-26T13:00;24.0;71;11.2;594.0;241.0
2025-09-26T14:00;23.4;75;7.6;264.0;236.0
2025-09-26T15:00;22.2;81;5.7;78.0;76.0
2025-09-26T16:00;22.1;82;3.9;146.0;98.0
2025-09-26T17:00;21.8;85;4.3;33.0;28.0
2025-09-26T18:00;21.8;86;6.2;0.0;0.0
2025-09-26T19:00;21.5;87;6.2;0.0;0.0
2025-09-26T20:00;21.1;86;6.0;0.0;0.0
2025-09-26T21:00;20.8;86;5.8;0.0;0.0
2025-09-26T22:00;20.4;87;4.9;0.0;0.0
2025-09-26T23:00;20.2;86;4.8;0.0;0.0
2025-09-27T00:00;20.3;85;3.0;0.0;0.0
2025-09-27T01:00;21.0;83;0.7;0.0;0.0
2025-09-27T02:00;19.0;95;10.8;0.0;0.0
2025-09-27T03:00;19.7;87;10.7;0.0;0.0
2025-09-27T04:00;19.7;86;9.9;0.0;0.0
2025-09-27T05:00;20.0;86;8.0;0.0;0.0
2025-09-27T06:00;20.5;86;3.7;49.0;28.0
2025-09-27T07:00;22.1;75;2.7;205.0;78.0
2025-09-27T08:00;22.9;73;5.5;378.0;114.0
2025-09-27T09:00;23.5;70;6.1;538.0;143.0
2025-09-27T10:00;23.8;68;6.6;539.0;237.0
2025-09-27T11:00;24.2;67;7.7;707.0;159.0
2025-09-27T12:00;23.9;66;4.8;518.0;229.0
2025-09-27T13:00;23.1;71;5.6;529.0;205.0
2025-09-27T14:00;22.9;75;7.9;483.0;174.0
2025-09-27T15:00;22.8;75;5.1;352.0;108.0
2025-09-27T16:00;22.3;75;5.2;155.0;98.0
2025-09-27T17:00;21.6;80;2.5;38.0;24.0
2025-09-27T18:00;21.1;84;1.7;0.0;0.0
2025-09-27T19:00;21.1;81;0.4;0.0;0.0
2025-09-27T20:00;20.9;83;2.1;0.0;0.0
2025-09-27T21:00;20.9;78;4.7;0.0;0.0
2025-09-27T22:00;21.3;78;7.0;0.0;0.0
2025-09-27T23:00;20.8;80;6.9;0.0;0.0
2025-09-28T00:00;19.8;87;1.3;0.0;0.0
2025-09-28T01:00;20.3;85;0.4;0.0;0.0
2025-09-28T02:00;20.3;86;2.7;0.0;0.0
2025-09-28T03:00;19.4;86;1.4;0.0;0.0
2025-09-28T04:00;18.9;94;10.0;0.0;0.0
2025-09-28T05:00;18.6;90;8.2;0.0;0.0
2025-09-28T06:00;20.0;85;6.0;46.0;29.0
2025-09-28T07:00;22.4;73;7.6;205.0;76.0
2025-09-28T08:00;23.4;65;11.7;375.0;103.0
2025-09-28T09:00;24.0;61;13.0;528.0;121.0
2025-09-28T10:00;24.1;62;13.9;657.0;132.0
2025-09-28T11:00;24.2;61;14.2;708.0;150.0
2025-09-28T12:00;24.1;61;14.3;692.0;154.0
2025-09-28T13:00;24.4;58;16.7;631.0;140.0
2025-09-28T14:00;24.2;58;17.4;532.0;119.0
2025-09-28T15:00;23.5;56;17.9;354.0;104.0
2025-09-28T16:00;22.6;61;16.9;199.0;71.0
2025-09-28T17:00;21.8;65;13.3;37.0;22.0
2025-09-28T18:00;21.5;69;13.8;0.0;0.0
2025-09-28T19:00;21.5;70;12.8;0.0;0.0
2025-09-28T20:00;21.3;71;12.0;0.0;0.0
2025-09-28T21:00;21.2;70;12.0;0.0;0.0
2025-09-28T22:00;21.2;70;12.2;0.0;0.0
2025-09-28T23:00;21.1;70;11.7;0.0;0.0
2025-09-29T00:00;20.9;70;11.6;0.0;0.0
2025-09-29T01:00;20.9;73;9.4;0.0;0.0
2025-09-29T02:00;20.6;74;8.3;0.0;0.0
2025-09-29T03:00;20.2;76;7.2;0.0;0.0
2025-09-29T04:00;19.9;77;7.1;0.0;0.0
2025-09-29T05:00;19.9;76;7.8;0.0;0.0
2025-09-29T06:00;20.7;74;8.1;43.0;25.0
2025-09-29T07:00;22.3;67;8.5;177.0;82.0
2025-09-29T08:00;23.2;58;12.8;339.0;120.0
2025-09-29T09:00;23.8;56;12.5;513.0;147.0
2025-09-29T10:00;24.3;54;12.2;628.0;156.0
2025-09-29T11:00;24.6;53;12.1;710.0;141.0
2025-09-29T12:00;24.6;52;12.9;721.0;137.0
2025-09-29T13:00;24.8;48;13.3;663.0;126.0
2025-09-29T14:00;24.7;48;12.4;542.0;118.0
2025-09-29T15:00;24.3;49;11.8;376.0;99.0
2025-09-29T16:00;23.3;56;10.6;188.0;71.0
2025-09-29T17:00;22.0;64;6.3;35.0;22.0
2025-09-29T18:00;21.3;71;3.4;0.0;0.0
2025-09-29T19:00;20.9;73;3.6;0.0;0.0
2025-09-29T20:00;20.1;74;5.0;0.0;0.0
2025-09-29T21:00;19.4;73;6.2;0.0;0.0
2025-09-29T22:00;18.8;74;6.8;0.0;0.0
2025-09-29T23:00;18.5;75;6.7;0.0;0.0
2025-09-30T00:00;18.2;75;6.5;0.0;0.0
2025-09-30T01:00;18.4;75;6.3;0.0;0.0
2025-09-30T02:00;18.4;76;5.2;0.0;0.0
2025-09-30T03:00;18.3;76;4.7;0.0;0.0
2025-09-30T04:00;18.3;76;4.9;0.0;0.0
2025-09-30T05:00;18.3;76;4.8;0.0;0.0
2025-09-30T06:00;19.2;74;4.3;42.0;32.0
2025-09-30T07:00;22.0;67;3.3;184.0;107.0
2025-09-30T08:00;23.1;61;2.4;351.0;159.0
2025-09-30T09:00;23.8;59;3.4;473.0;230.0
2025-09-30T10:00;24.4;57;5.2;559.0;260.0
2025-09-30T11:00;24.6;59;7.2;530.0;342.0
2025-09-30T12:00;24.4;61;8.1;510.0;347.0
2025-09-30T13:00;24.4;60;7.9;471.0;303.0
2025-09-30T14:00;24.0;62;6.7;317.0;263.0
2025-09-30T15:00;23.6;64;5.4;224.0;185.0
2025-09-30T16:00;23.2;67;4.1;131.0;104.0
2025-09-30T17:00;21.8;80;2.2;27.0;24.0
2025-09-30T18:00;21.3;82;2.1;0.0;0.0
2025-09-30T19:00;20.9;82;2.7;0.0;0.0
2025-09-30T20:00;20.3;83;5.9;0.0;0.0
2025-09-30T21:00;19.7;81;6.7;0.0;0.0
2025-09-30T22:00;19.3;80;4.9;0.0;0.0
2025-09-30T23:00;19.0;81;3.4;0.0;0.0
2025-10-01T00:00;19.7;80;11.3;0.0;0.0
2025-10-01T01:00;19.3;90;6.0;0.0;0.0
2025-10-01T02:00;19.7;87;8.7;0.0;0.0
2025-10-01T03:00;19.2;86;0.9;0.0;0.0
2025-10-01T04:00;19.0;97;4.3;0.0;0.0
2025-10-01T05:00;18.8;95;2.1;0.0;0.0
2025-10-01T06:00;18.5;90;8.7;16.0;16.0
2025-10-01T07:00;18.6;87;7.3;33.0;33.0
2025-10-01T08:00;20.8;78;3.4;193.0;161.0
2025-10-01T09:00;21.9;76;6.6;362.0;261.0
2025-10-01T10:00;22.3;76;10.7;536.0;227.0
2025-10-01T11:00;23.4;69;8.3;472.0;224.0
2025-10-01T12:00;23.9;70;9.9;696.0;145.0
2025-10-01T13:00;24.2;69;11.0;617.0;125.0
2025-10-01T14:00;24.0;66;12.3;519.0;111.0
2025-10-01T15:00;21.9;76;10.1;256.0;100.0
2025-10-01T16:00;22.2;72;8.6;135.0;66.0
2025-10-01T17:00;21.4;76;6.9;23.0;15.0
2025-10-01T18:00;21.6;77;5.4;0.0;0.0
2025-10-01T19:00;21.7;68;8.3;0.0;0.0
2025-10-01T20:00;21.1;74;7.7;0.0;0.0
2025-10-01T21:00;20.5;79;8.6;0.0;0.0
2025-10-01T22:00;20.1;71;12.1;0.0;0.0
2025-10-01T23:00;18.9;81;10.0;0.0;0.0
2025-10-02T00:00;18.8;89;11.3;0.0;0.0
2025-10-02T01:00;18.5;91;12.1;0.0;0.0
2025-10-02T02:00;18.5;87;12.2;0.0;0.0
2025-10-02T03:00;18.6;84;10.2;0.0;0.0
2025-10-02T04:00;18.5;87;14.2;0.0;0.0
2025-10-02T05:00;16.6;90;13.1;0.0;0.0
2025-10-02T06:00;17.3;89;10.1;24.0;16.0
2025-10-02T07:00;18.0;85;9.2;129.0;89.0
2025-10-02T08:00;18.3;79;14.7;295.0;127.0
2025-10-02T09:00;20.2;76;12.7;371.0;138.0
2025-10-02T10:00;18.6;77;14.3;599.0;157.0
2025-10-02T11:00;19.3;72;14.3;519.0;191.0
2025-10-02T12:00;17.5;82;12.1;465.0;188.0
2025-10-02T13:00;19.0;77;5.8;455.0;185.0
2025-10-02T14:00;19.9;67;13.3;424.0;155.0
2025-10-02T15:00;19.3;63;11.0;235.0;122.0
2025-10-02T16:00;19.0;63;9.3;158.0;67.0
2025-10-02T17:00;18.6;63;11.2;26.0;17.0
2025-10-02T18:00;18.6;61;14.1;0.0;0.0
2025-10-02T19:00;18.3;64;11.7;0.0;0.0
2025-10-02T20:00;18.2;61;11.2;0.0;0.0
2025-10-02T21:00;18.6;54;10.0;0.0;0.0
2025-10-02T22:00;18.5;52;14.8;0.0;0.0
2025-10-02T23:00;17.1;66;10.1;0.0;0.0
2025-10-03T00:00;16.6;76;5.7;0.0;0.0
2025-10-03T01:00;15.3;82;1.2;0.0;0.0
2025-10-03T02:00;15.2;84;4.0;0.0;0.0
2025-10-03T03:00;14.8;86;4.2;0.0;0.0
2025-10-03T04:00;15.0;85;4.0;0.0;0.0
2025-10-03T05:00;14.9;85;2.7;0.0;0.0
2025-10-03T06:00;16.0;79;4.4;36.0;22.0
2025-10-03T07:00;17.9;73;12.1;152.0;76.0
2025-10-03T08:00;19.0;56;19.5;304.0;114.0
2025-10-03T09:00;19.5;53;25.0;464.0;131.0
2025-10-03T10:00;19.9;50;25.8;614.0;145.0
2025-10-03T11:00;19.6;52;25.5;635.0;190.0
2025-10-03T12:00;20.1;49;22.6;621.0;160.0
2025-10-03T13:00;19.1;56;18.4;528.0;167.0
2025-10-03T14:00;19.3;55;18.9;447.0;142.0
2025-10-03T15:00;18.9;54;21.8;325.0;114.0
2025-10-03T16:00;18.5;57;22.4;159.0;67.0
2025-10-03T17:00;18.1;58;22.0;24.0;15.0
2025-10-03T18:00;17.8;56;20.9;0.0;0.0
2025-10-03T19:00;18.4;53;21.5;0.0;0.0
2025-10-03T20:00;18.9;51;22.6;0.0;0.0
2025-10-03T21:00;19.2;50;23.4;0.0;0.0
2025-10-03T22:00;19.3;51;21.9;0.0;0.0
2025-10-03T23:00;19.5;51;20.0;0.0;0.0
2025-10-04T00:00;18.7;58;15.4;0.0;0.0
2025-10-04T01:00;18.0;62;14.5;0.0;0.0
2025-10-04T02:00;17.9;63;12.1;0.0;0.0
2025-10-04T03:00;18.3;59;12.6;0.0;0.0
2025-10-04T04:00;18.8;58;12.6;0.0;0.0
2025-10-04T05:00;18.6;59;10.0;0.0;0.0
2025-10-04T06:00;18.8;61;12.3;31.0;19.0
2025-10-04T07:00;19.9;57;13.6;166.0;80.0
2025-10-04T08:00;20.5;51;15.8;331.0;131.0
2025-10-04T09:00;21.0;49;16.0;494.0;160.0
2025-10-04T10:00;21.3;51;16.7;580.0;193.0
2025-10-04T11:00;21.4;51;16.0;578.0;209.0
2025-10-04T12:00;21.6;53;12.6;643.0;191.0
2025-10-04T13:00;21.6;52;12.9;594.0;170.0
2025-10-04T14:00;21.5;51;13.1;488.0;133.0
2025-10-04T15:00;21.5;50;12.6;324.0;113.0
2025-10-04T16:00;20.9;56;10.8;161.0;68.0
2025-10-04T17:00;19.9;64;9.5;20.0;14.0
2025-10-04T18:00;19.4;67;8.8;0.0;0.0
2025-10-04T19:00;18.5;68;9.8;0.0;0.0
2025-10-04T20:00;17.6;71;8.0;0.0;0.0
2025-10-04T21:00;17.0;73;7.9;0.0;0.0
2025-10-04T22:00;16.8;73;7.1;0.0;0.0
2025-10-04T23:00;16.9;72;7.9;0.0;0.0
2025-10-05T00:00;16.8;72;10.0;0.0;0.0
2025-10-05T01:00;17.3;72;9.6;0.0;0.0
2025-10-05T02:00;17.6;73;9.2;0.0;0.0
2025-10-05T03:00;18.0;74;9.8;0.0;0.0
2025-10-05T04:00;18.4;76;9.6;0.0;0.0
2025-10-05T05:00;18.8;78;9.6;0.0;0.0
2025-10-05T06:00;19.4;78;12.9;33.0;21.0
2025-10-05T07:00;21.4;73;11.5;169.0;76.0
2025-10-05T08:00;22.7;68;15.0;326.0;118.0
2025-10-05T09:00;23.9;61;18.6;476.0;147.0
2025-10-05T10:00;25.0;58;18.5;575.0;177.0
2025-10-05T11:00;25.5;56;19.6;644.0;146.0
2025-10-05T12:00;25.5;58;17.7;657.0;155.0
2025-10-05T13:00;25.9;53;16.1;577.0;141.0
2025-10-05T14:00;25.7;51;15.9;502.0;109.0
2025-10-05T15:00;24.8;57;17.2;344.0;90.0
2025-10-05T16:00;23.4;64;16.1;150.0;65.0
2025-10-05T17:00;20.8;80;14.1;18.0;13.0
2025-10-05T18:00;20.5;82;16.3;0.0;0.0
2025-10-05T19:00;20.9;81;16.5;0.0;0.0
2025-10-05T20:00;19.9;83;16.9;0.0;0.0
2025-10-05T21:00;20.3;80;18.3;0.0;0.0
2025-10-05T22:00;21.1;73;15.7;0.0;0.0
2025-10-05T23:00;20.4;74;10.7;0.0;0.0
2025-10-06T00:00;19.8;78;11.5;0.0;0.0
2025-10-06T01:00;19.7;78;14.2;0.0;0.0
2025-10-06T02:00;19.4;75;14.8;0.0;0.0
2025-10-06T03:00;19.4;69;13.5;0.0;0.0
2025-10-06T04:00;19.8;59;15.2;0.0;0.0
2025-10-06T05:00;19.5;61;19.1;0.0;0.0
2025-10-06T06:00;20.4;54;19.9;29.0;18.0
2025-10-06T07:00;20.6;54;20.6;175.0;70.0
2025-10-06T08:00;20.9;51;20.1;271.0;103.0
2025-10-06T09:00;21.5;50;19.9;436.0;137.0
2025-10-06T10:00;22.0;45;17.7;593.0;164.0
2025-10-06T11:00;21.9;43;18.6;675.0;147.0
2025-10-06T12:00;21.3;46;17.9;598.0;143.0
2025-10-06T13:00;21.2;46;16.3;547.0;144.0
2025-10-06T14:00;21.0;46;17.4;472.0;122.0
2025-10-06T15:00;20.8;45;17.8;315.0;101.0
2025-10-06T16:00;20.1;48;16.8;149.0;64.0
2025-10-06T17:00;19.5;52;15.7;18.0;12.0
2025-10-06T18:00;19.6;48;16.1;0.0;0.0
2025-10-06T19:00;19.4;50;13.5;0.0;0.0
2025-10-06T20:00;19.4;51;12.7;0.0;0.0
2025-10-06T21:00;19.5;50;12.0;0.0;0.0
2025-10-06T22:00;19.4;50;12.6;0.0;0.0
2025-10-06T23:00;19.3;51;13.1;0.0;0.0
2025-10-07T00:00;19.2;51;12.8;0.0;0.0
2025-10-07T01:00;19.2;51;13.5;0.0;0.0
2025-10-07T02:00;19.0;52;16.3;0.0;0.0
2025-10-07T03:00;19.2;51;12.8;0.0;0.0
2025-10-07T04:00;19.7;48;19.0;0.0;0.0
2025-10-07T05:00;19.2;53;17.8;0.0;0.0
2025-10-07T06:00;19.6;46;15.2;33.0;19.0
2025-10-07T07:00;20.1;43;16.1;194.0;70.0
2025-10-07T08:00;20.7;39;15.3;384.0;93.0
2025-10-07T09:00;21.3;38;16.1;546.0;106.0
2025-10-07T10:00;21.7;35;16.4;550.0;182.0
2025-10-07T11:00;22.1;34;15.2;654.0;142.0
2025-10-07T12:00;22.3;35;14.5;681.0;135.0
2025-10-07T13:00;22.1;36;18.3;541.0;164.0
2025-10-07T14:00;21.7;35;16.8;438.0;131.0
2025-10-07T15:00;21.6;37;14.3;348.0;90.0
2025-10-07T16:00;21.0;41;15.7;160.0;62.0
2025-10-07T17:00;20.4;43;16.5;19.0;13.0
2025-10-07T18:00;20.8;43;18.8;0.0;0.0
2025-10-07T19:00;20.7;44;18.4;0.0;0.0
2025-10-07T20:00;20.5;49;18.1;0.0;0.0
2025-10-07T21:00;20.5;49;16.3;0.0;0.0
2025-10-07T22:00;20.5;51;16.2;0.0;0.0
2025-10-07T23:00;20.5;52;14.4;0.0;0.0
2025-10-08T00:00;20.6;51;13.8;0.0;0.0
2025-10-08T01:00;20.6;51;13.9;0.0;0.0
2025-10-08T02:00;20.7;51;16.3;0.0;0.0
2025-10-08T03:00;20.6;53;14.8;0.0;0.0
2025-10-08T04:00;20.3;56;15.4;0.0;0.0
2025-10-08T05:00;20.1;58;16.6;0.0;0.0
2025-10-08T06:00;20.5;56;13.9;27.0;17.0
2025-10-08T07:00;21.8;47;9.8;158.0;66.0
2025-10-08T08:00;22.6;40;11.1;343.0;109.0
2025-10-08T09:00;22.8;40;11.6;521.0;114.0
2025-10-08T10:00;22.9;41;9.9;644.0;116.0
2025-10-08T11:00;23.1;41;7.8;702.0;120.0
2025-10-08T12:00;23.4;40;5.9;696.0;119.0
2025-10-08T13:00;23.6;40;8.3;629.0;114.0
2025-10-08T14:00;23.5;41;9.2;500.0;109.0
2025-10-08T15:00;23.1;45;11.8;328.0;95.0
2025-10-08T16:00;22.4;51;14.0;149.0;61.0
2025-10-08T17:00;21.5;60;11.7;15.0;11.0
2025-10-08T18:00;20.8;63;8.0;0.0;0.0
2025-10-08T19:00;20.4;65;6.3;0.0;0.0
2025-10-08T20:00;20.0;67;5.9;0.0;0.0
2025-10-08T21:00;19.5;69;5.6;0.0;0.0
2025-10-08T22:00;19.0;71;4.8;0.0;0.0
2025-10-08T23:00;18.4;74;5.7;0.0;0.0
2025-10-09T00:00;17.8;75;6.4;0.0;0.0
2025-10-09T01:00;17.4;77;6.4;0.0;0.0
2025-10-09T02:00;17.2;77;6.5;0.0;0.0
2025-10-09T03:00;17.2;77;5.9;0.0;0.0
2025-10-09T04:00;17.2;77;5.5;0.0;0.0
2025-10-09T05:00;17.1;77;5.2;0.0;0.0
2025-10-09T06:00;17.7;76;7.0;31.0;19.0
2025-10-09T07:00;20.9;65;5.6;179.0;70.0
2025-10-09T08:00;22.2;60;1.8;361.0;94.0
2025-10-09T09:00;23.3;55;3.6;519.0;109.0
2025-10-09T10:00;24.1;53;7.0;633.0;116.0
2025-10-09T11:00;24.1;57;9.7;689.0;120.0
2025-10-09T12:00;23.9;63;9.3;671.0;137.0
2025-10-09T13:00;22.9;67;8.0;480.0;179.0
2025-10-09T14:00;22.7;63;6.6;382.0;180.0
2025-10-09T15:00;22.6;63;5.4;278.0;134.0
2025-10-09T16:00;22.0;67;5.2;124.0;85.0
2025-10-09T17:00;21.3;72;5.6;11.0;11.0
2025-10-09T18:00;20.9;76;5.3;0.0;0.0
2025-10-09T19:00;20.6;78;5.7;0.0;0.0
2025-10-09T20:00;20.2;79;5.3;0.0;0.0
2025-10-09T21:00;19.5;80;3.6;0.0;0.0
2025-10-09T22:00;19.0;79;2.6;0.0;0.0
2025-10-09T23:00;18.8;75;2.0;0.0;0.0
2025-10-10T00:00;19.0;73;2.2;0.0;0.0
2025-10-10T01:00;18.7;72;2.6;0.0;0.0
2025-10-10T02:00;18.5;69;2.4;0.0;0.0
2025-10-10T03:00;18.6;66;3.1;0.0;0.0
2025-10-10T04:00;18.5;64;3.1;0.0;0.0
2025-10-10T05:00;18.5;63;1.9;0.0;0.0
2025-10-10T06:00;19.8;59;1.8;26.0;21.0
2025-10-10T07:00;21.7;54;2.5;150.0;96.0
2025-10-10T08:00;23.2;49;4.3;350.0;94.0
2025-10-10T09:00;23.9;50;5.7;489.0;125.0
2025-10-10T10:00;24.3;51;8.6;556.0;176.0
2025-10-10T11:00;24.1;54;9.4;612.0;178.0
2025-10-10T12:00;23.7;63;8.9;627.0;140.0
2025-10-10T13:00;23.5;66;6.7;429.0;225.0
2025-10-10T14:00;22.9;70;5.4;326.0;189.0
2025-10-10T15:00;22.6;74;7.0;232.0;137.0
2025-10-10T16:00;22.0;77;8.1;132.0;60.0
2025-10-10T17:00;21.0;83;6.9;13.0;10.0
2025-10-10T18:00;20.9;84;5.7;0.0;0.0
2025-10-10T19:00;20.6;84;6.2;0.0;0.0
2025-10-10T20:00;20.4;83;5.8;0.0;0.0
2025-10-10T21:00;20.2;81;4.9;0.0;0.0
2025-10-10T22:00;19.8;78;5.1;0.0;0.0
2025-10-10T23:00;19.5;74;4.8;0.0;0.0
2025-10-11T00:00;19.6;72;3.4;0.0;0.0
2025-10-11T01:00;19.4;71;4.4;0.0;0.0
2025-10-11T02:00;19.1;74;4.1;0.0;0.0
2025-10-11T03:00;18.9;75;2.8;0.0;0.0
2025-10-11T04:00;18.5;75;1.5;0.0;0.0
2025-10-11T05:00;18.6;75;1.8;0.0;0.0
2025-10-11T06:00;19.7;72;2.5;28.0;18.0
2025-10-11T07:00;21.4;70;3.0;174.0;65.0
2025-10-11T08:00;22.6;61;2.9;353.0;92.0
2025-10-11T09:00;23.5;56;4.9;508.0;106.0
2025-10-11T10:00;24.2;55;6.4;620.0;114.0
2025-10-11T11:00;24.4;57;8.7;677.0;117.0
2025-10-11T12:00;23.8;59;9.0;659.0;121.0
2025-10-11T13:00;23.6;60;7.5;595.0;114.0
2025-10-11T14:00;23.2;60;6.8;474.0;107.0
2025-10-11T15:00;22.5;64;6.1;315.0;87.0
2025-10-11T16:00;21.8;67;4.5;136.0;57.0
2025-10-11T17:00;20.9;73;3.8;12.0;9.0
2025-10-11T18:00;20.7;77;3.5;0.0;0.0
2025-10-11T19:00;20.2;78;5.1;0.0;0.0
2025-10-11T20:00;19.6;78;6.0;0.0;0.0
2025-10-11T21:00;19.1;75;5.4;0.0;0.0
2025-10-11T22:00;18.9;71;4.2;0.0;0.0
2025-10-11T23:00;18.9;67;4.8;0.0;0.0
2025-10-12T00:00;18.8;59;3.5;0.0;0.0
2025-10-12T01:00;18.7;59;4.2;0.0;0.0
2025-10-12T02:00;18.3;60;3.7;0.0;0.0
2025-10-12T03:00;18.4;60;3.7;0.0;0.0
2025-10-12T04:00;18.3;60;3.8;0.0;0.0
2025-10-12T05:00;18.0;59;1.8;0.0;0.0
2025-10-12T06:00;18.5;60;3.0;28.0;17.0
2025-10-12T07:00;21.1;54;1.6;177.0;65.0
2025-10-12T08:00;23.0;46;2.2;358.0;90.0
2025-10-12T09:00;24.0;44;5.8;514.0;106.0
2025-10-12T10:00;24.5;47;8.3;618.0;126.0
2025-10-12T11:00;24.7;51;9.2;641.0;186.0
2025-10-12T12:00;24.0;49;7.2;599.0;230.0
2025-10-12T13:00;23.6;53;7.4;496.0;254.0
2025-10-12T14:00;23.1;56;5.8;376.0;224.0
2025-10-12T15:00;22.7;57;3.7;223.0;166.0
2025-10-12T16:00;22.2;58;3.1;85.0;74.0
2025-10-12T17:00;21.4;69;1.2;7.0;7.0
2025-10-12T18:00;20.9;64;0.6;0.0;0.0
2025-10-12T19:00;20.3;64;2.7;0.0;0.0
2025-10-12T20:00;19.4;67;3.3;0.0;0.0
2025-10-12T21:00;18.7;67;3.0;0.0;0.0
2025-10-12T22:00;18.7;64;2.4;0.0;0.0
2025-10-12T23:00;18.5;65;3.2;0.0;0.0
2025-10-13T00:00;18.1;73;4.0;0.0;0.0
2025-10-13T01:00;17.9;74;4.8;0.0;0.0
2025-10-13T02:00;17.7;74;5.6;0.0;0.0
2025-10-13T03:00;17.6;74;5.2;0.0;0.0
2025-10-13T04:00;17.5;74;4.4;0.0;0.0
2025-10-13T05:00;17.5;73;3.8;0.0;0.0
2025-10-13T06:00;18.2;70;3.1;25.0;16.0
2025-10-13T07:00;21.1;60;2.1;168.0;66.0
2025-10-13T08:00;22.0;63;2.8;342.0;93.0
2025-10-13T09:00;22.7;61;4.7;481.0;118.0
2025-10-13T10:00;23.3;59;5.8;590.0;134.0
2025-10-13T11:00;23.9;56;8.3;663.0;129.0
2025-10-13T12:00;23.4;59;7.5;664.0;116.0
2025-10-13T13:00;23.4;58;6.2;583.0;116.0
2025-10-13T14:00;23.2;59;6.7;469.0;102.0
2025-10-13T15:00;22.5;62;5.5;309.0;85.0
2025-10-13T16:00;21.7;65;4.1;130.0;55.0
2025-10-13T17:00;20.6;72;4.6;10.0;7.0
2025-10-13T18:00;20.2;76;4.7;0.0;0.0
2025-10-13T19:00;19.5;77;4.9;0.0;0.0
2025-10-13T20:00;19.1;77;5.2;0.0;0.0
2025-10-13T21:00;18.8;77;5.2;0.0;0.0
2025-10-13T22:00;18.2;77;5.8;0.0;0.0
2025-10-13T23:00;17.6;77;5.4;0.0;0.0
2025-10-14T00:00;17.8;76;4.3;0.0;0.0
2025-10-14T01:00;17.6;76;3.1;0.0;0.0
2025-10-14T02:00;17.5;76;1.7;0.0;0.0
2025-10-14T03:00;17.4;76;0.6;0.0;0.0
2025-10-14T04:00;17.3;76;1.0;0.0;0.0
2025-10-14T05:00;17.3;76;1.5;0.0;0.0
2025-10-14T06:00;18.5;72;0.9;24.0;15.0
2025-10-14T07:00;21.1;65;3.4;164.0;66.0
2025-10-14T08:00;22.3;61;4.2;273.0;149.0
2025-10-14T09:00;22.4;62;2.5;259.0;201.0
2025-10-14T10:00;23.3;59;5.6;369.0;263.0
2025-10-14T11:00;24.6;55;6.7;613.0;188.0
2025-10-14T12:00;23.0;62;12.4;568.0;204.0
2025-10-14T13:00;22.0;69;4.5;172.0;168.0
2025-10-14T14:00;23.0;67;3.9;313.0;222.0
2025-10-14T15:00;22.4;71;5.9;229.0;149.0
2025-10-14T16:00;21.1;82;6.6;104.0;74.0
2025-10-14T17:00;20.2;87;4.1;8.0;7.0
2025-10-14T18:00;20.4;87;6.5;0.0;0.0
2025-10-14T19:00;19.1;92;4.7;0.0;0.0
2025-10-14T20:00;18.8;95;7.8;0.0;0.0
2025-10-14T21:00;19.2;90;5.1;0.0;0.0
2025-10-14T22:00;19.1;87;3.5;0.0;0.0
2025-10-14T23:00;18.5;88;1.0;0.0;0.0
2025-10-15T00:00;19.3;74;6.3;0.0;0.0
2025-10-15T01:00;18.5;77;2.7;0.0;0.0
2025-10-15T02:00;18.3;77;4.4;0.0;0.0
2025-10-15T03:00;17.8;79;2.0;0.0;0.0
2025-10-15T04:00;17.7;77;1.1;0.0;0.0
2025-10-15T05:00;17.8;75;4.5;0.0;0.0
2025-10-15T06:00;18.9;77;6.9;15.0;11.0
2025-10-15T07:00;21.1;68;4.4;77.0;72.0
2025-10-15T08:00;22.2;63;0.6;171.0;154.0
2025-10-15T09:00;23.5;58;1.3;275.0;217.0
2025-10-15T10:00;24.3;56;4.5;312.0;284.0
2025-10-15T11:00;25.2;52;7.2;357.0;313.0
2025-10-15T12:00;21.0;72;13.8;278.0;252.0
2025-10-15T13:00;19.6;84;9.5;169.0;160.0
2025-10-15T14:00;19.3;86;2.1;51.0;51.0
2025-10-15T15:00;18.7;95;15.2;5.0;5.0
2025-10-15T16:00;19.2;87;8.2;20.0;12.0
2025-10-15T17:00;18.6;92;5.8;6.0;5.0
2025-10-15T18:00;18.7;94;8.3;0.0;0.0
2025-10-15T19:00;18.1;95;3.1;0.0;0.0
2025-10-15T20:00;17.8;93;1.2;0.0;0.0
2025-10-15T21:00;18.0;90;3.4;0.0;0.0
2025-10-15T22:00;17.7;89;2.0;0.0;0.0
2025-10-15T23:00;17.4;88;0.9;0.0;0.0
2025-10-16T00:00;17.0;94;5.1;0.0;0.0
2025-10-16T01:00;16.8;88;10.6;0.0;0.0
2025-10-16T02:00;17.2;90;3.3;0.0;0.0
2025-10-16T03:00;17.3;94;7.2;0.0;0.0
2025-10-16T04:00;17.4;90;0.6;0.0;0.0
2025-10-16T05:00;17.1;91;1.1;0.0;0.0
2025-10-16T06:00;17.5;91;4.7;20.0;15.0
2025-10-16T07:00;19.2;89;2.8;142.0;63.0
2025-10-16T08:00;20.9;79;1.4;322.0;95.0
2025-10-16T09:00;21.9;77;3.7;473.0;117.0
2025-10-16T10:00;21.8;77;5.3;496.0;132.0
2025-10-16T11:00;21.5;75;4.3;465.0;219.0
2025-10-16T12:00;21.5;75;5.6;506.0;176.0
2025-10-16T13:00;22.1;72;4.7;449.0;145.0
2025-10-16T14:00;21.5;76;2.5;384.0;130.0
2025-10-16T15:00;21.2;76;4.2;188.0;92.0
2025-10-16T16:00;20.3;81;4.6;78.0;49.0
2025-10-16T17:00;18.7;95;3.6;5.0;4.0
2025-10-16T18:00;19.8;86;1.2;0.0;0.0
2025-10-16T19:00;18.9;94;6.1;0.0;0.0
2025-10-16T20:00;18.2;96;1.0;0.0;0.0
2025-10-16T21:00;18.4;92;5.9;0.0;0.0
2025-10-16T22:00;18.4;89;7.1;0.0;0.0
2025-10-16T23:00;18.5;89;9.1;0.0;0.0
2025-10-17T00:00;18.5;89;11.5;0.0;0.0
2025-10-17T01:00;18.3;93;11.3;0.0;0.0
2025-10-17T02:00;18.4;92;11.7;0.0;0.0
2025-10-17T03:00;18.5;89;13.7;0.0;0.0
2025-10-17T04:00;18.6;90;16.2;0.0;0.0
2025-10-17T05:00;17.9;92;14.9;0.0;0.0
2025-10-17T06:00;17.8;92;12.6;15.0;12.0
2025-10-17T07:00;19.1;87;13.2;122.0;66.0
2025-10-17T08:00;19.4;82;12.6;243.0;107.0
2025-10-17T09:00;20.6;75;16.2;364.0;128.0
2025-10-17T10:00;21.4;65;15.8;505.0;193.0
2025-10-17T11:00;22.0;61;17.1;606.0;138.0
2025-10-17T12:00;22.2;61;16.4;619.0;125.0
2025-10-17T13:00;22.2;60;16.2;532.0;131.0
2025-10-17T14:00;21.9;61;15.6;433.0;114.0
2025-10-17T15:00;21.4;62;14.5;282.0;89.0
2025-10-17T16:00;20.5;66;12.0;112.0;52.0
2025-10-17T17:00;19.5;71;9.8;6.0;5.0
2025-10-17T18:00;19.2;72;8.7;0.0;0.0
2025-10-17T19:00;18.5;72;7.3;0.0;0.0
2025-10-17T20:00;17.9;72;7.0;0.0;0.0
2025-10-17T21:00;17.1;74;7.7;0.0;0.0
2025-10-17T22:00;16.5;76;9.0;0.0;0.0
2025-10-17T23:00;16.2;76;8.4;0.0;0.0
2025-10-18T00:00;15.8;80;6.1;0.0;0.0
2025-10-18T01:00;15.9;78;5.3;0.0;0.0
2025-10-18T02:00;16.2;72;5.5;0.0;0.0
2025-10-18T03:00;16.1;73;6.9;0.0;0.0
2025-10-18T04:00;15.9;75;6.1;0.0;0.0
2025-10-18T05:00;16.0;76;5.9;0.0;0.0
2025-10-18T06:00;16.4;73;5.1;18.0;15.0
2025-10-18T07:00;18.8;71;5.8;143.0;75.0
2025-10-18T08:00;20.6;59;2.4;330.0;87.0
2025-10-18T09:00;21.3;57;4.1;482.0;105.0
2025-10-18T10:00;21.7;57;5.7;587.0;115.0
2025-10-18T11:00;21.8;57;6.9;630.0;134.0
2025-10-18T12:00;21.4;54;8.0;569.0;213.0
2025-10-18T13:00;21.3;53;9.9;541.0;146.0
2025-10-18T14:00;20.5;55;9.7;305.0;153.0
2025-10-18T15:00;19.6;57;8.1;161.0;119.0
2025-10-18T16:00;18.6;67;8.1;41.0;40.0
2025-10-18T17:00;17.9;72;8.3;3.0;3.0
2025-10-18T18:00;17.5;74;3.1;0.0;0.0
2025-10-18T19:00;17.7;71;3.2;0.0;0.0
2025-10-18T20:00;17.6;69;5.8;0.0;0.0
2025-10-18T21:00;17.1;68;7.5;0.0;0.0
2025-10-18T22:00;16.7;70;6.7;0.0;0.0
2025-10-18T23:00;17.0;69;5.6;0.0;0.0
2025-10-19T00:00;17.1;74;1.0;0.0;0.0
2025-10-19T01:00;18.1;70;3.8;0.0;0.0
2025-10-19T02:00;17.3;76;5.4;0.0;0.0
2025-10-19T03:00;17.2;76;7.1;0.0;0.0
2025-10-19T04:00;17.1;79;6.6;0.0;0.0
2025-10-19T05:00;16.7;81;6.2;0.0;0.0
2025-10-19T06:00;17.6;81;7.1;16.0;12.0
2025-10-19T07:00;18.7;79;7.6;132.0;61.0
2025-10-19T08:00;19.5;75;5.5;290.0;96.0
2025-10-19T09:00;20.4;71;6.2;405.0;132.0
2025-10-19T10:00;20.9;68;8.6;530.0;140.0
2025-10-19T11:00;21.0;67;7.7;568.0;147.0
2025-10-19T12:00;21.5;61;9.4;592.0;133.0
2025-10-19T13:00;21.2;61;8.3;453.0;176.0
2025-10-19T14:00;20.7;64;5.8;364.0;137.0
2025-10-19T15:00;20.4;65;3.9;251.0;96.0
2025-10-19T16:00;19.7;72;3.4;98.0;50.0
2025-10-19T17:00;18.8;79;4.2;4.0;3.0
2025-10-19T18:00;18.4;82;3.6;0.0;0.0
2025-10-19T19:00;18.6;77;5.2;0.0;0.0
2025-10-19T20:00;18.5;75;6.5;0.0;0.0
2025-10-19T21:00;18.2;75;5.6;0.0;0.0
2025-10-19T22:00;17.9;75;5.7;0.0;0.0
2025-10-19T23:00;17.3;76;6.2;0.0;0.0
2025-10-20T00:00;16.4;78;4.2;0.0;0.0
2025-10-20T01:00;16.2;78;2.3;0.0;0.0
2025-10-20T02:00;16.2;77;1.0;0.0;0.0
2025-10-20T03:00;16.3;75;1.4;0.0;0.0
2025-10-20T04:00;16.2;75;1.5;0.0;0.0
2025-10-20T05:00;16.4;74;0.6;0.0;0.0
2025-10-20T06:00;17.1;71;2.4;16.0;11.0
2025-10-20T07:00;19.0;72;3.6;144.0;64.0
2025-10-20T08:00;20.4;67;3.1;319.0;91.0
2025-10-20T09:00;21.4;64;3.4;478.0;102.0
2025-10-20T10:00;22.1;61;5.5;564.0;119.0
2025-10-20T11:00;22.0;66;8.7;584.0;151.0
2025-10-20T12:00;21.1;72;8.2;564.0;135.0
2025-10-20T13:00;21.3;69;7.6;508.0;130.0
2025-10-20T14:00;21.2;68;7.7;421.0;100.0
2025-10-20T15:00;20.1;72;6.7;226.0;103.0
2025-10-20T16:00;19.1;79;2.7;73.0;52.0
2025-10-20T17:00;18.5;88;3.1;3.0;3.0
2025-10-20T18:00;18.6;92;3.4;0.0;0.0
2025-10-20T19:00;18.4;92;3.3;0.0;0.0
2025-10-20T20:00;17.6;91;4.1;0.0;0.0
2025-10-20T21:00;16.9;87;4.8;0.0;0.0
2025-10-20T22:00;16.6;84;6.1;0.0;0.0
2025-10-20T23:00;16.8;81;5.5;0.0;0.0
2025-10-21T00:00;17.0;79;5.2;0.0;0.0
2025-10-21T01:00;17.6;78;4.7;0.0;0.0
2025-10-21T02:00;17.6;79;4.0;0.0;0.0
2025-10-21T03:00;17.3;79;5.3;0.0;0.0
2025-10-21T04:00;17.7;79;6.6;0.0;0.0
2025-10-21T05:00;17.9;80;7.6;0.0;0.0
2025-10-21T06:00;18.8;80;8.0;16.0;11.0
2025-10-21T07:00;21.4;74;8.2;134.0;64.0
2025-10-21T08:00;23.0;71;7.2;293.0;99.0
2025-10-21T09:00;24.0;68;8.3;402.0;151.0
2025-10-21T10:00;25.0;59;13.5;531.0;173.0
2025-10-21T11:00;25.9;49;14.0;610.0;143.0
2025-10-21T12:00;26.4;45;14.7;621.0;108.0
2025-10-21T13:00;26.0;46;14.3;508.0;124.0
2025-10-21T14:00;25.3;50;14.1;386.0;138.0
2025-10-21T15:00;24.5;54;12.6;265.0;79.0
2025-10-21T16:00;23.2;62;10.0;95.0;45.0
2025-10-21T17:00;22.1;68;9.0;3.0;3.0
2025-10-21T18:00;21.1;72;7.7;0.0;0.0
2025-10-21T19:00;20.7;74;10.7;0.0;0.0
2025-10-21T20:00;20.2;77;7.7;0.0;0.0
2025-10-21T21:00;19.6;80;8.1;0.0;0.0
2025-10-21T22:00;19.3;83;8.6;0.0;0.0
2025-10-21T23:00;19.3;83;8.9;0.0;0.0
2025-10-22T00:00;19.6;89;9.2;0.0;0.0
2025-10-22T01:00;20.1;86;9.9;0.0;0.0
2025-10-22T02:00;19.8;89;6.7;0.0;0.0
2025-10-22T03:00;20.1;88;6.0;0.0;0.0
2025-10-22T04:00;20.1;87;7.4;0.0;0.0
2025-10-22T05:00;20.3;89;13.8;0.0;0.0
2025-10-22T06:00;20.0;86;15.1;12.0;9.0
2025-10-22T07:00;20.4;84;13.3;109.0;73.0
2025-10-22T08:00;22.3;76;9.3;276.0;129.0
2025-10-22T09:00;23.3;69;11.5;440.0;118.0
2025-10-22T10:00;23.3;70;13.9;490.0;151.0
2025-10-22T11:00;24.0;66;13.8;593.0;148.0
2025-10-22T12:00;22.8;77;9.3;456.0;221.0
2025-10-22T13:00;23.7;73;10.2;368.0;251.0
2025-10-22T14:00;23.8;70;9.6;380.0;120.0
2025-10-22T15:00;22.7;74;10.9;227.0;114.0
2025-10-22T16:00;21.8;81;9.4;58.0;47.0
2025-10-22T17:00;20.9;84;10.1;2.0;2.0
2025-10-22T18:00;20.2;87;11.6;0.0;0.0
2025-10-22T19:00;20.2;87;7.3;0.0;0.0
2025-10-22T20:00;20.3;87;8.9;0.0;0.0
2025-10-22T21:00;20.2;87;10.3;0.0;0.0
2025-10-22T22:00;19.9;87;9.9;0.0;0.0
2025-10-22T23:00;19.7;88;10.7;0.0;0.0
2025-10-23T00:00;20.1;89;7.7;0.0;0.0
2025-10-23T01:00;19.9;89;8.6;0.0;0.0
2025-10-23T02:00;19.9;87;12.0;0.0;0.0
2025-10-23T03:00;20.3;85;12.3;0.0;0.0
2025-10-23T04:00;20.4;85;12.3;0.0;0.0
2025-10-23T05:00;20.2;86;11.6;0.0;0.0
2025-10-23T06:00;20.6;86;9.9;12.0;10.0
2025-10-23T07:00;21.8;82;8.6;126.0;64.0
2025-10-23T08:00;23.1;77;7.7;289.0;97.0
2025-10-23T09:00;24.3;68;9.7;431.0;123.0
2025-10-23T10:00;25.0;62;14.7;544.0;144.0
2025-10-23T11:00;24.9;63;16.5;555.0;152.0
2025-10-23T12:00;24.4;68;18.1;527.0;157.0
2025-10-23T13:00;23.9;69;19.5;438.0;170.0
2025-10-23T14:00;24.1;64;17.6;291.0;118.0
2025-10-23T15:00;23.9;63;19.3;235.0;104.0
2025-10-23T16:00;22.4;72;18.8;84.0;46.0
2025-10-23T17:00;22.2;72;19.7;2.0;2.0
2025-10-23T18:00;22.4;71;19.4;0.0;0.0
2025-10-23T19:00;22.7;70;23.1;0.0;0.0
2025-10-23T20:00;22.8;71;23.7;0.0;0.0
2025-10-23T21:00;22.1;77;23.9;0.0;0.0
2025-10-23T22:00;22.1;81;23.0;0.0;0.0
2025-10-23T23:00;21.9;82;23.8;0.0;0.0
2025-10-24T00:00;21.7;82;17.0;0.0;0.0
2025-10-24T01:00;21.8;75;20.5;0.0;0.0
2025-10-24T02:00;21.3;63;21.4;0.0;0.0
2025-10-24T03:00;20.9;66;20.5;0.0;0.0
2025-10-24T04:00;20.6;67;20.9;0.0;0.0
2025-10-24T05:00;20.4;64;19.1;0.0;0.0
2025-10-24T06:00;20.6;65;20.4;13.0;10.0
2025-10-24T07:00;21.2;64;20.4;138.0;56.0
2025-10-24T08:00;21.8;58;20.4;311.0;83.0
2025-10-24T09:00;22.2;56;21.0;464.0;98.0
2025-10-24T10:00;22.4;55;22.0;560.0;112.0
2025-10-24T11:00;22.5;54;21.9;591.0;133.0
2025-10-24T12:00;22.5;53;19.7;564.0;148.0
2025-10-24T13:00;22.2;53;21.1;498.0;141.0
2025-10-24T14:00;21.7;54;20.7;365.0;108.0
2025-10-24T15:00;21.2;55;18.3;227.0;87.0
2025-10-24T16:00;20.6;57;15.0;86.0;45.0
2025-10-24T17:00;20.0;61;13.5;2.0;2.0
2025-10-24T18:00;19.5;65;10.9;0.0;0.0
2025-10-24T19:00;19.0;69;10.1;0.0;0.0
2025-10-24T20:00;18.3;73;8.4;0.0;0.0
2025-10-24T21:00;17.9;74;8.1;0.0;0.0
2025-10-24T22:00;17.6;74;8.4;0.0;0.0
2025-10-24T23:00;17.2;76;9.4;0.0;0.0
2025-10-25T00:00;16.6;80;9.2;0.0;0.0
2025-10-25T01:00;16.9;79;8.6;0.0;0.0
2025-10-25T02:00;17.1;78;8.9;0.0;0.0
2025-10-25T03:00;17.1;79;9.2;0.0;0.0
2025-10-25T04:00;17.1;79;8.8;0.0;0.0
2025-10-25T05:00;17.0;80;8.4;0.0;0.0
2025-10-25T06:00;17.0;80;8.4;12.0;9.0
2025-10-25T07:00;19.3;74;6.8;132.0;55.0
2025-10-25T08:00;21.1;69;4.7;300.0;86.0
2025-10-25T09:00;22.7;62;1.3;456.0;97.0
2025-10-25T10:00;24.1;52;3.1;562.0;105.0
2025-10-25T11:00;24.9;52;1.9;612.0;108.0
2025-10-25T12:00;24.9;57;0.8;566.0;166.0
2025-10-25T13:00;24.8;60;5.1;517.0;123.0
2025-10-25T14:00;24.1;64;5.8;387.0;121.0
2025-10-25T15:00;23.4;68;5.0;229.0;101.0
2025-10-25T16:00;22.3;75;5.3;60.0;51.0
2025-10-25T17:00;21.2;83;4.5;1.0;1.0
2025-10-25T18:00;20.4;86;3.9;0.0;0.0
2025-10-25T19:00;20.4;84;5.6;0.0;0.0
2025-10-25T20:00;20.3;78;5.8;0.0;0.0
2025-10-25T21:00;20.3;73;6.4;0.0;0.0
2025-10-25T22:00;20.4;72;8.5;0.0;0.0
2025-10-25T23:00;20.7;69;9.2;0.0;0.0
2025-10-26T00:00;20.9;67;9.8;0.0;0.0
2025-10-26T01:00;21.1;65;11.2;0.0;0.0
2025-10-26T02:00;21.7;62;12.5;0.0;0.0
2025-10-26T03:00;21.9;62;14.2;0.0;0.0
2025-10-26T04:00;21.8;63;15.5;0.0;0.0
2025-10-26T05:00;21.7;64;14.4;0.0;0.0
2025-10-26T06:00;21.8;62;13.6;11.0;8.0
2025-10-26T07:00;23.8;56;11.2;133.0;53.0
2025-10-26T08:00;26.5;51;7.2;304.0;80.0
2025-10-26T09:00;28.4;43;4.4;454.0;93.0
2025-10-26T10:00;29.3;36;1.9;560.0;102.0
2025-10-26T11:00;29.7;35;0.8;608.0;105.0
2025-10-26T12:00;29.7;40;4.7;592.0;109.0
2025-10-26T13:00;27.9;56;7.8;382.0;183.0
2025-10-26T14:00;26.6;69;9.5;280.0;111.0
2025-10-26T15:00;25.9;75;7.9;222.0;80.0
2025-10-26T16:00;24.2;84;5.2;78.0;38.0
2025-10-26T17:00;22.7;94;1.9;1.0;1.0
2025-10-26T18:00;21.7;99;3.1;0.0;0.0
2025-10-26T19:00;21.6;100;4.1;0.0;0.0
2025-10-26T20:00;21.5;99;3.9;0.0;0.0
2025-10-26T21:00;21.4;99;6.1;0.0;0.0
2025-10-26T22:00;21.3;99;7.0;0.0;0.0
2025-10-26T23:00;21.1;97;9.2;0.0;0.0
2025-10-27T00:00;20.7;94;10.6;0.0;0.0
2025-10-27T01:00;20.1;93;13.0;0.0;0.0
2025-10-27T02:00;19.9;83;17.3;0.0;0.0
2025-10-27T03:00;19.7;75;21.3;0.0;0.0
2025-10-27T04:00;19.3;70;24.2;0.0;0.0
2025-10-27T05:00;18.5;73;20.5;0.0;0.0
2025-10-27T06:00;18.6;75;19.1;10.0;7.0
2025-10-27T07:00;18.9;74;18.6;101.0;54.0
2025-10-27T08:00;19.0;72;24.2;242.0;106.0
2025-10-27T09:00;19.4;56;24.3;353.0;127.0
2025-10-27T10:00;20.4;50;26.5;518.0;145.0
2025-10-27T11:00;20.7;48;22.2;509.0;211.0
2025-10-27T12:00;21.1;47;21.6;473.0;212.0
2025-10-27T13:00;20.9;48;19.6;470.0;157.0
2025-10-27T14:00;20.8;47;17.6;391.0;110.0
2025-10-27T15:00;20.3;48;16.1;223.0;86.0
2025-10-27T16:00;19.3;56;15.5;77.0;38.0
2025-10-27T17:00;18.5;63;13.9;1.0;1.0
2025-10-27T18:00;17.4;66;11.0;0.0;0.0
2025-10-27T19:00;17.0;69;11.0;0.0;0.0
2025-10-27T20:00;17.3;67;10.1;0.0;0.0
2025-10-27T21:00;17.4;67;10.0;0.0;0.0
2025-10-27T22:00;18.1;64;12.6;0.0;0.0
2025-10-27T23:00;19.5;62;20.0;0.0;0.0
2025-10-28T00:00;19.3;65;18.8;0.0;0.0
2025-10-28T01:00;19.0;73;20.3;0.0;0.0
2025-10-28T02:00;18.9;69;19.2;0.0;0.0
2025-10-28T03:00;19.0;67;19.5;0.0;0.0
2025-10-28T04:00;19.1;66;18.0;0.0;0.0
2025-10-28T05:00;19.0;69;15.4;0.0;0.0
2025-10-28T06:00;18.9;73;12.9;8.0;6.0
2025-10-28T07:00;19.2;72;10.8;54.0;46.0
2025-10-28T08:00;19.9;69;13.8;215.0;94.0
2025-10-28T09:00;20.8;65;12.9;366.0;143.0
2025-10-28T10:00;21.1;64;12.7;383.0;164.0
2025-10-28T11:00;21.2;64;12.7;455.0;185.0
2025-10-28T12:00;22.0;57;11.6;446.0;186.0
2025-10-28T13:00;21.8;58;11.1;398.0;130.0
2025-10-28T14:00;21.6;59;11.6;318.0;119.0
2025-10-28T15:00;21.0;62;10.9;216.0;86.0
2025-10-28T16:00;20.1;66;8.1;72.0;37.0
2025-10-28T17:00;19.2;74;3.5;1.0;1.0
2025-10-28T18:00;18.5;81;1.2;0.0;0.0
2025-10-28T19:00;18.1;80;2.9;0.0;0.0
2025-10-28T20:00;17.2;83;7.2;0.0;0.0
2025-10-28T21:00;16.5;83;7.4;0.0;0.0
2025-10-28T22:00;16.1;82;4.9;0.0;0.0
2025-10-28T23:00;15.8;81;3.6;0.0;0.0
2025-10-29T00:00;16.5;77;3.9;0.0;0.0
2025-10-29T01:00;16.6;77;3.1;0.0;0.0
2025-10-29T02:00;16.9;76;2.2;0.0;0.0
2025-10-29T03:00;16.9;75;2.1;0.0;0.0
2025-10-29T04:00;16.8;76;3.3;0.0;0.0
2025-10-29T05:00;16.5;76;3.6;0.0;0.0
2025-10-29T06:00;16.3;77;2.7;9.0;7.0
2025-10-29T07:00;18.3;74;3.5;122.0;52.0
2025-10-29T08:00;20.5;64;2.7;292.0;80.0
2025-10-29T09:00;21.9;60;2.7;443.0;94.0
2025-10-29T10:00;23.1;54;4.2;524.0;120.0
2025-10-29T11:00;22.5;65;10.5;510.0;179.0
2025-10-29T12:00;22.3;70;10.7;546.0;151.0
2025-10-29T13:00;22.0;67;9.5;502.0;113.0
2025-10-29T14:00;21.7;66;8.4;371.0;106.0
2025-10-29T15:00;20.8;71;6.7;224.0;79.0
2025-10-29T16:00;19.8;77;4.7;68.0;36.0
2025-10-29T17:00;19.6;81;2.2;0.0;0.0
2025-10-29T18:00;19.6;89;1.3;0.0;0.0
2025-10-29T19:00;18.9;90;4.8;0.0;0.0
2025-10-29T20:00;18.1;92;4.7;0.0;0.0
2025-10-29T21:00;17.4;90;3.5;0.0;0.0
2025-10-29T22:00;17.6;84;3.8;0.0;0.0
2025-10-29T23:00;17.6;79;4.1;0.0;0.0
2025-10-30T00:00;17.0;78;4.7;0.0;0.0
2025-10-30T01:00;17.2;78;4.0;0.0;0.0
2025-10-30T02:00;16.5;82;3.0;0.0;0.0
2025-10-30T03:00;16.6;81;4.0;0.0;0.0
2025-10-30T04:00;16.6;81;5.6;0.0;0.0
2025-10-30T05:00;16.6;81;4.7;0.0;0.0
2025-10-30T06:00;17.0;80;6.9;8.0;6.0
2025-10-30T07:00;19.6;69;6.0;117.0;52.0
2025-10-30T08:00;21.7;63;3.0;253.0;121.0
2025-10-30T09:00;23.1;60;4.0;364.0;170.0
2025-10-30T10:00;23.8;60;4.4;311.0;242.0
2025-10-30T11:00;23.5;62;6.0;219.0;211.0
2025-10-30T12:00;25.3;55;7.8;185.0;158.0
2025-10-30T13:00;24.6;57;6.7;271.0;199.0
2025-10-30T14:00;23.4;70;5.1;183.0;131.0
2025-10-30T15:00;22.5;84;4.6;82.0;75.0
2025-10-30T16:00;21.9;83;7.6;38.0;31.0
2025-10-30T17:00;20.8;85;8.3;0.0;0.0
2025-10-30T18:00;20.4;86;7.6;0.0;0.0
2025-10-30T19:00;20.0;90;5.1;0.0;0.0
2025-10-30T20:00;19.8;92;5.2;0.0;0.0
2025-10-30T21:00;19.3;91;4.5;0.0;0.0
2025-10-30T22:00;18.8;91;4.0;0.0;0.0
2025-10-30T23:00;18.6;90;7.3;0.0;0.0
2025-10-31T00:00;18.2;94;7.0;0.0;0.0
2025-10-31T01:00;18.6;91;1.9;0.0;0.0
2025-10-31T02:00;18.1;92;1.1;0.0;0.0
2025-10-31T03:00;18.0;90;4.9;0.0;0.0
2025-10-31T04:00;17.8;90;5.6;0.0;0.0
2025-10-31T05:00;17.2;90;1.4;0.0;0.0
2025-10-31T06:00;17.7;88;1.5;5.0;5.0
2025-10-31T07:00;19.8;86;1.8;94.0;59.0
2025-10-31T08:00;21.0;83;4.1;258.0;90.0
2025-10-31T09:00;21.5;80;5.4;386.0;117.0
2025-10-31T10:00;21.9;78;5.0;483.0;131.0
2025-10-31T11:00;21.3;77;5.7;396.0;220.0
2025-10-31T12:00;21.6;73;6.1;250.0;189.0
2025-10-31T13:00;21.8;73;4.5;305.0;195.0
2025-10-31T14:00;19.8;87;6.2;212.0;138.0
2025-10-31T15:00;19.7;89;3.4;169.0;109.0
2025-10-31T16:00;19.0;92;2.2;52.0;39.0
2025-10-31T17:00;18.9;93;0.6;0.0;0.0
2025-10-31T18:00;18.8;95;2.0;0.0;0.0
2025-10-31T19:00;18.3;95;0.3;0.0;0.0
2025-10-31T20:00;17.8;95;1.4;0.0;0.0
2025-10-31T21:00;17.5;94;2.2;0.0;0.0
2025-10-31T22:00;17.2;93;1.9;0.0;0.0
2025-10-31T23:00;17.3;91;2.4;0.0;0.0
2025-11-01T00:00;18.4;91;5.7;0.0;0.0
2025-11-01T01:00;18.3;92;4.4;0.0;0.0
2025-11-01T02:00;18.2;92;4.5;0.0;0.0
2025-11-01T03:00;18.3;93;5.3;0.0;0.0
2025-11-01T04:00;18.0;92;5.2;0.0;0.0
2025-11-01T05:00;17.6;91;4.6;0.0;0.0
2025-11-01T06:00;17.5;91;4.6;6.0;5.0
2025-11-01T07:00;19.0;92;3.4;80.0;58.0
2025-11-01T08:00;20.2;87;2.5;212.0;99.0
2025-11-01T09:00;21.1;81;2.7;382.0;112.0
2025-11-01T10:00;21.8;78;4.0;486.0;127.0
2025-11-01T11:00;22.0;76;5.2;540.0;130.0
2025-11-01T12:00;22.2;77;5.0;541.0;127.0
2025-11-01T13:00;22.0;77;5.0;461.0;111.0
2025-11-01T14:00;21.7;76;3.1;361.0;93.0
2025-11-01T15:00;21.4;75;1.9;216.0;70.0
2025-11-01T16:00;20.2;85;0.8;62.0;31.0
2025-11-01T17:00;19.5;86;0.4;0.0;0.0
2025-11-01T18:00;18.9;89;2.2;0.0;0.0
2025-11-01T19:00;18.9;87;4.1;0.0;0.0
2025-11-01T20:00;18.4;86;5.6;0.0;0.0
2025-11-01T21:00;18.0;86;4.9;0.0;0.0
2025-11-01T22:00;17.6;87;5.1;0.0;0.0
2025-11-01T23:00;17.3;87;5.2;0.0;0.0
2025-11-02T00:00;17.2;83;2.7;0.0;0.0
2025-11-02T01:00;17.1;83;1.3;0.0;0.0
2025-11-02T02:00;17.0;82;0.8;0.0;0.0
2025-11-02T03:00;16.9;82;0.8;0.0;0.0
2025-11-02T04:00;16.7;83;0.6;0.0;0.0
2025-11-02T05:00;16.7;82;1.1;0.0;0.0
2025-11-02T06:00;16.7;83;3.2;6.0;5.0
2025-11-02T07:00;18.5;84;3.5;106.0;50.0
2025-11-02T08:00;20.5;76;0.9;272.0;79.0
2025-11-02T09:00;21.3;76;3.8;417.0;99.0
2025-11-02T10:00;21.6;78;6.4;523.0;108.0
2025-11-02T11:00;21.7;81;8.3;564.0;128.0
2025-11-02T12:00;21.3;78;8.0;526.0;162.0
2025-11-02T13:00;21.1;77;6.4;439.0;170.0
2025-11-02T14:00;20.7;75;5.2;313.0;151.0
2025-11-02T15:00;20.4;76;4.1;195.0;98.0
2025-11-02T16:00;19.4;84;2.7;54.0;33.0
2025-11-02T17:00;18.5;88;2.3;0.0;0.0
2025-11-02T18:00;18.3;90;2.4;0.0;0.0
2025-11-02T19:00;17.9;90;1.6;0.0;0.0
2025-11-02T20:00;17.9;90;2.3;0.0;0.0
2025-11-02T21:00;17.6;89;3.4;0.0;0.0
2025-11-02T22:00;17.1;89;3.9;0.0;0.0
2025-11-02T23:00;16.9;87;4.2;0.0;0.0
2025-11-03T00:00;16.9;87;6.1;0.0;0.0
2025-11-03T01:00;17.5;87;6.0;0.0;0.0
2025-11-03T02:00;17.5;88;7.4;0.0;0.0
2025-11-03T03:00;17.5;88;7.4;0.0;0.0
2025-11-03T04:00;17.5;88;7.3;0.0;0.0
2025-11-03T05:00;17.9;88;7.1;0.0;0.0
2025-11-03T06:00;18.2;88;8.9;4.0;4.0
2025-11-03T07:00;19.3;86;8.9;71.0;56.0
2025-11-03T08:00;20.5;82;7.1;172.0;117.0
2025-11-03T09:00;21.2;77;10.6;378.0;109.0
2025-11-03T10:00;21.2;79;12.2;443.0;136.0
2025-11-03T11:00;21.3;76;15.0;466.0;131.0
2025-11-03T12:00;20.9;78;17.8;415.0;165.0
2025-11-03T13:00;21.0;73;17.9;374.0;161.0
2025-11-03T14:00;20.8;63;16.3;344.0;90.0
2025-11-03T15:00;20.2;69;13.9;217.0;69.0
2025-11-03T16:00;19.4;72;11.2;56.0;28.0
2025-11-03T17:00;19.0;74;12.1;0.0;0.0
2025-11-03T18:00;19.0;74;13.2;0.0;0.0
2025-11-03T19:00;18.5;76;11.7;0.0;0.0
2025-11-03T20:00;18.1;77;11.1;0.0;0.0
2025-11-03T21:00;18.1;76;11.0;0.0;0.0
2025-11-03T22:00;17.8;77;10.3;0.0;0.0
2025-11-03T23:00;17.5;76;9.4;0.0;0.0
2025-11-04T00:00;17.1;76;8.4;0.0;0.0
2025-11-04T01:00;16.8;76;7.3;0.0;0.0
2025-11-04T02:00;16.7;76;7.3;0.0;0.0
2025-11-04T03:00;16.7;78;6.8;0.0;0.0
2025-11-04T04:00;16.8;79;6.1;0.0;0.0
2025-11-04T05:00;16.8;79;6.3;0.0;0.0
2025-11-04T06:00;16.8;79;7.5;4.0;3.0
2025-11-04T07:00;18.2;76;6.7;100.0;47.0
2025-11-04T08:00;19.6;70;10.2;235.0;85.0
2025-11-04T09:00;20.2;68;11.9;377.0;108.0
2025-11-04T10:00;20.7;65;13.5;466.0;129.0
2025-11-04T11:00;20.8;67;12.1;455.0;167.0
2025-11-04T12:00;21.3;65;10.9;353.0;197.0
2025-11-04T13:00;21.1;65;11.6;476.0;112.0
2025-11-04T14:00;20.4;70;12.1;288.0;109.0
2025-11-04T15:00;19.8;74;10.9;176.0;71.0
2025-11-04T16:00;18.9;80;8.3;51.0;28.0
2025-11-04T17:00;18.5;82;8.2;0.0;0.0
2025-11-04T18:00;18.4;71;8.8;0.0;0.0
2025-11-04T19:00;17.8;73;6.1;0.0;0.0
2025-11-04T20:00;17.5;74;5.9;0.0;0.0
2025-11-04T21:00;17.4;72;6.1;0.0;0.0
2025-11-04T22:00;16.9;72;4.8;0.0;0.0
2025-11-04T23:00;16.3;74;3.9;0.0;0.0
2025-11-05T00:00;17.2;75;6.5;0.0;0.0
2025-11-05T01:00;16.9;70;6.8;0.0;0.0
2025-11-05T02:00;16.7;66;7.1;0.0;0.0
2025-11-05T03:00;16.6;64;7.5;0.0;0.0
2025-11-05T04:00;16.6;65;8.3;0.0;0.0
2025-11-05T05:00;16.6;68;8.1;0.0;0.0
2025-11-05T06:00;16.5;73;6.0;4.0;3.0
2025-11-05T07:00;17.8;70;7.6;103.0;45.0
2025-11-05T08:00;18.8;60;8.6;271.0;75.0
2025-11-05T09:00;19.2;58;7.4;423.0;90.0
2025-11-05T10:00;19.6;57;6.3;530.0;97.0
2025-11-05T11:00;19.8;56;5.3;580.0;101.0
2025-11-05T12:00;19.8;59;6.4;571.0;100.0
2025-11-05T13:00;19.7;59;7.5;499.0;97.0
2025-11-05T14:00;19.3;60;7.6;375.0;86.0
2025-11-05T15:00;18.7;62;6.8;215.0;68.0
2025-11-05T16:00;17.4;71;4.7;55.0;27.0
2025-11-05T17:00;16.7;75;3.9;0.0;0.0
2025-11-05T18:00;16.0;77;3.7;0.0;0.0
2025-11-05T19:00;16.0;74;4.0;0.0;0.0
2025-11-05T20:00;15.6;74;3.3;0.0;0.0
2025-11-05T21:00;15.3;73;3.2;0.0;0.0
2025-11-05T22:00;14.9;72;5.9;0.0;0.0
2025-11-05T23:00;14.0;73;6.0;0.0;0.0
2025-11-06T00:00;13.5;74;3.2;0.0;0.0
2025-11-06T01:00;13.8;72;1.5;0.0;0.0
2025-11-06T02:00;13.8;71;0.8;0.0;0.0
2025-11-06T03:00;13.7;70;1.0;0.0;0.0
2025-11-06T04:00;13.6;69;1.1;0.0;0.0
2025-11-06T05:00;13.4;69;1.1;0.0;0.0
2025-11-06T06:00;13.6;69;1.2;4.0;3.0
2025-11-06T07:00;16.0;66;0.8;102.0;44.0
2025-11-06T08:00;18.2;58;2.0;269.0;75.0
2025-11-06T09:00;19.1;58;4.3;420.0;90.0
2025-11-06T10:00;19.6;58;6.5;526.0;97.0
2025-11-06T11:00;19.8;59;8.0;575.0;100.0
2025-11-06T12:00;19.7;60;9.2;564.0;100.0
2025-11-06T13:00;19.8;60;7.1;490.0;96.0
2025-11-06T14:00;19.6;61;6.9;347.0;103.0
2025-11-06T15:00;19.0;62;6.5;208.0;67.0
2025-11-06T16:00;17.4;73;5.6;50.0;30.0
2025-11-06T17:00;16.9;77;4.4;0.0;0.0
2025-11-06T18:00;16.3;79;3.2;0.0;0.0
2025-11-06T19:00;15.8;79;2.4;0.0;0.0
2025-11-06T20:00;15.3;80;1.5;0.0;0.0
2025-11-06T21:00;14.9;81;2.8;0.0;0.0
2025-11-06T22:00;14.5;83;3.4;0.0;0.0
2025-11-06T23:00;14.2;84;3.9;0.0;0.0
2025-11-07T00:00;14.2;83;2.6;0.0;0.0
2025-11-07T01:00;14.6;83;2.5;0.0;0.0
2025-11-07T02:00;14.8;84;1.4;0.0;0.0
2025-11-07T03:00;15.0;83;1.4;0.0;0.0
2025-11-07T04:00;15.1;83;0.9;0.0;0.0
2025-11-07T05:00;15.1;84;1.2;0.0;0.0
2025-11-07T06:00;15.2;87;2.0;3.0;3.0
2025-11-07T07:00;17.3;83;4.8;59.0;46.0
2025-11-07T08:00;18.0;88;7.1;135.0;107.0
2025-11-07T09:00;18.3;90;4.7;191.0;128.0
2025-11-07T10:00;18.3;89;4.7;154.0;140.0
2025-11-07T11:00;18.0;94;10.3;146.0;103.0
2025-11-07T12:00;19.3;75;9.4;79.0;79.0
2025-11-07T13:00;17.1;96;3.1;40.0;40.0
2025-11-07T14:00;17.2;95;2.8;47.0;47.0
2025-11-07T15:00;18.0;85;5.9;160.0;91.0
2025-11-07T16:00;16.8;89;7.5;41.0;30.0
2025-11-07T17:00;16.0;90;11.7;0.0;0.0
2025-11-07T18:00;15.8;89;11.7;0.0;0.0
2025-11-07T19:00;15.5;86;12.2;0.0;0.0
2025-11-07T20:00;15.5;84;11.3;0.0;0.0
2025-11-07T21:00;15.5;83;10.7;0.0;0.0
2025-11-07T22:00;15.5;82;12.5;0.0;0.0
2025-11-07T23:00;15.7;81;11.4;0.0;0.0
2025-11-08T00:00;15.6;82;11.2;0.0;0.0
2025-11-08T01:00;15.8;82;9.9;0.0;0.0
2025-11-08T02:00;15.6;83;8.9;0.0;0.0
2025-11-08T03:00;15.5;83;10.9;0.0;0.0
2025-11-08T04:00;15.4;83;8.1;0.0;0.0
2025-11-08T05:00;15.4;82;8.7;0.0;0.0
2025-11-08T06:00;15.5;80;7.5;2.0;2.0
2025-11-08T07:00;16.7;79;8.0;88.0;42.0
2025-11-08T08:00;18.4;69;7.3;226.0;94.0
2025-11-08T09:00;19.4;65;10.2;331.0;161.0
2025-11-08T10:00;20.0;63;10.9;379.0;222.0
2025-11-08T11:00;20.5;62;10.1;381.0;240.0
2025-11-08T12:00;19.5;65;11.2;275.0;175.0
2025-11-08T13:00;19.6;69;7.7;224.0;148.0
2025-11-08T14:00;18.7;72;6.5;79.0;79.0
2025-11-08T15:00;18.4;74;4.1;52.0;52.0
2025-11-08T16:00;17.9;76;3.9;12.0;12.0
2025-11-08T17:00;17.3;78;4.1;0.0;0.0
2025-11-08T18:00;16.5;82;3.8;0.0;0.0
2025-11-08T19:00;16.3;82;2.7;0.0;0.0
2025-11-08T20:00;15.7;82;4.0;0.0;0.0
2025-11-08T21:00;15.1;81;3.5;0.0;0.0
2025-11-08T22:00;14.9;77;2.4;0.0;0.0
2025-11-08T23:00;14.8;76;3.7;0.0;0.0
2025-11-09T00:00;15.5;77;5.1;0.0;0.0
2025-11-09T01:00;15.6;77;2.5;0.0;0.0
2025-11-09T02:00;16.0;74;2.4;0.0;0.0
2025-11-09T03:00;16.3;72;3.2;0.0;0.0
2025-11-09T04:00;16.4;75;4.0;0.0;0.0
2025-11-09T05:00;15.5;80;1.7;0.0;0.0
2025-11-09T06:00;15.2;80;6.3;1.0;1.0
2025-11-09T07:00;16.5;75;6.9;46.0;40.0
2025-11-09T08:00;17.1;77;7.2;85.0;82.0
2025-11-09T09:00;17.1;76;7.1;118.0;108.0
2025-11-09T10:00;16.7;81;4.9;125.0;117.0
2025-11-09T11:00;17.3;77;5.4;256.0;208.0
2025-11-09T12:00;17.0;76;9.5;401.0;138.0
2025-11-09T13:00;17.0;80;4.2;154.0;136.0
2025-11-09T14:00;17.0;79;4.2;169.0;142.0
2025-11-09T15:00;16.2;87;7.1;92.0;77.0
2025-11-09T16:00;15.4;91;9.8;21.0;19.0
2025-11-09T17:00;14.9;91;10.6;0.0;0.0
2025-11-09T18:00;15.1;94;9.1;0.0;0.0
2025-11-09T19:00;15.1;93;9.1;0.0;0.0
2025-11-09T20:00;15.0;92;8.2;0.0;0.0
2025-11-09T21:00;15.1;93;10.1;0.0;0.0
2025-11-09T22:00;15.0;93;10.4;0.0;0.0
2025-11-09T23:00;14.6;90;9.2;0.0;0.0
2025-11-10T00:00;15.5;92;10.4;0.0;0.0
2025-11-10T01:00;15.0;96;10.7;0.0;0.0
2025-11-10T02:00;15.2;94;8.0;0.0;0.0
2025-11-10T03:00;15.2;91;10.6;0.0;0.0
2025-11-10T04:00;15.0;93;10.1;0.0;0.0
2025-11-10T05:00;14.8;97;11.9;0.0;0.0
2025-11-10T06:00;15.7;90;9.8;1.0;1.0
2025-11-10T07:00;16.7;89;9.8;60.0;43.0
2025-11-10T08:00;17.9;82;9.4;199.0;84.0
2025-11-10T09:00;17.9;78;12.3;288.0;116.0
2025-11-10T10:00;17.5;84;9.5;365.0;144.0
2025-11-10T11:00;19.0;75;14.7;481.0;165.0
2025-11-10T12:00;18.9;71;16.0;337.0;169.0
2025-11-10T13:00;19.4;65;17.1;432.0;107.0
2025-11-10T14:00;19.2;65;15.0;294.0;94.0
2025-11-10T15:00;18.7;67;12.6;172.0;73.0
2025-11-10T16:00;17.7;71;9.5;41.0;23.0
2025-11-10T17:00;16.8;76;7.2;0.0;0.0
2025-11-10T18:00;16.5;76;7.8;0.0;0.0
2025-11-10T19:00;16.1;76;7.9;0.0;0.0
2025-11-10T20:00;15.9;77;7.9;0.0;0.0
2025-11-10T21:00;15.5;80;7.8;0.0;0.0
2025-11-10T22:00;15.4;81;7.8;0.0;0.0
2025-11-10T23:00;15.1;83;8.1;0.0;0.0
2025-11-11T00:00;14.4;85;10.6;0.0;0.0
2025-11-11T01:00;14.6;84;10.5;0.0;0.0
2025-11-11T02:00;14.6;82;10.0;0.0;0.0
2025-11-11T03:00;14.6;80;9.5;0.0;0.0
2025-11-11T04:00;14.6;77;9.2;0.0;0.0
2025-11-11T05:00;14.7;75;8.5;0.0;0.0
2025-11-11T06:00;14.3;77;5.5;2.0;2.0
2025-11-11T07:00;15.9;77;4.6;72.0;36.0
2025-11-11T08:00;18.2;66;3.2;224.0;79.0
2025-11-11T09:00;18.8;65;5.1;301.0;141.0
2025-11-11T10:00;19.2;63;6.8;421.0;153.0
2025-11-11T11:00;19.6;62;8.6;498.0;156.0
2025-11-11T12:00;20.1;56;8.1;443.0;186.0
2025-11-11T13:00;19.7;57;9.7;314.0;209.0
2025-11-11T14:00;19.5;56;9.2;279.0;148.0
2025-11-11T15:00;19.1;61;7.0;156.0;103.0
2025-11-11T16:00;17.6;71;4.3;34.0;27.0
2025-11-11T17:00;16.8;75;3.1;0.0;0.0
2025-11-11T18:00;16.2;75;3.5;0.0;0.0
2025-11-11T19:00;15.9;73;4.8;0.0;0.0
2025-11-11T20:00;15.6;72;5.3;0.0;0.0
2025-11-11T21:00;15.8;71;3.3;0.0;0.0
2025-11-11T22:00;15.9;74;2.6;0.0;0.0
2025-11-11T23:00;16.1;74;2.4;0.0;0.0
2025-11-12T00:00;15.2;76;1.5;0.0;0.0
2025-11-12T01:00;15.4;76;3.1;0.0;0.0
2025-11-12T02:00;15.2;79;3.5;0.0;0.0
2025-11-12T03:00;15.1;81;4.1;0.0;0.0
2025-11-12T04:00;14.9;83;4.6;0.0;0.0
2025-11-12T05:00;15.0;82;4.8;0.0;0.0
2025-11-12T06:00;15.3;78;4.8;1.0;1.0
2025-11-12T07:00;16.5;77;4.6;81.0;37.0
2025-11-12T08:00;18.5;70;2.3;235.0;71.0
2025-11-12T09:00;19.2;68;2.6;369.0;93.0
2025-11-12T10:00;19.6;67;5.5;471.0;111.0
2025-11-12T11:00;19.8;65;6.9;515.0;125.0
2025-11-12T12:00;19.9;63;7.0;508.0;116.0
2025-11-12T13:00;20.0;61;7.3;427.0;118.0
2025-11-12T14:00;19.5;63;8.1;330.0;90.0
2025-11-12T15:00;18.7;70;6.2;188.0;64.0
2025-11-12T16:00;16.8;83;2.7;41.0;21.0
2025-11-12T17:00;16.1;83;2.3;0.0;0.0
2025-11-12T18:00;15.6;82;2.6;0.0;0.0
2025-11-12T19:00;15.7;79;3.8;0.0;0.0
2025-11-12T20:00;15.2;79;6.3;0.0;0.0
2025-11-12T21:00;14.6;77;6.8;0.0;0.0
2025-11-12T22:00;14.6;76;8.0;0.0;0.0
2025-11-12T23:00;14.5;77;9.0;0.0;0.0
2025-11-13T00:00;13.7;76;7.0;0.0;0.0
2025-11-13T01:00;13.3;77;4.4;0.0;0.0
2025-11-13T02:00;13.3;73;3.7;0.0;0.0
2025-11-13T03:00;13.1;73;2.4;0.0;0.0
2025-11-13T04:00;13.5;71;1.4;0.0;0.0
2025-11-13T05:00;13.2;72;0.8;0.0;0.0
2025-11-13T06:00;12.9;76;1.1;1.0;1.0
2025-11-13T07:00;15.2;74;1.9;80.0;38.0
2025-11-13T08:00;17.7;69;1.8;239.0;72.0
2025-11-13T09:00;18.7;63;2.9;389.0;85.0
2025-11-13T10:00;19.6;61;3.4;496.0;94.0
2025-11-13T11:00;20.3;61;5.5;548.0;97.0
2025-11-13T12:00;20.1;62;8.9;538.0;96.0
2025-11-13T13:00;19.5;64;7.5;465.0;91.0
2025-11-13T14:00;19.3;65;5.6;345.0;81.0
2025-11-13T15:00;19.0;70;3.4;189.0;62.0
2025-11-13T16:00;17.1;80;2.0;40.0;21.0
2025-11-13T17:00;16.3;82;2.2;0.0;0.0
2025-11-13T18:00;15.7;84;3.0;0.0;0.0
2025-11-13T19:00;15.7;83;3.0;0.0;0.0
2025-11-13T20:00;15.7;82;3.5;0.0;0.0
2025-11-13T21:00;14.9;85;3.8;0.0;0.0
2025-11-13T22:00;14.3;85;3.4;0.0;0.0
2025-11-13T23:00;14.3;83;3.1;0.0;0.0
2025-11-14T00:00;14.5;80;1.9;0.0;0.0
2025-11-14T01:00;14.4;79;1.4;0.0;0.0
2025-11-14T02:00;14.0;77;0.8;0.0;0.0
2025-11-14T03:00;14.0;74;1.1;0.0;0.0
2025-11-14T04:00;13.9;70;1.2;0.0;0.0
2025-11-14T05:00;14.0;66;1.5;0.0;0.0
2025-11-14T06:00;13.8;68;1.3;1.0;1.0
2025-11-14T07:00;15.6;67;1.1;79.0;35.0
2025-11-14T08:00;18.4;72;1.8;241.0;68.0
2025-11-14T09:00;19.8;60;3.1;390.0;83.0
2025-11-14T10:00;20.5;63;4.3;496.0;93.0
2025-11-14T11:00;20.8;67;5.1;544.0;97.0
2025-11-14T12:00;20.9;69;8.4;531.0;98.0
2025-11-14T13:00;20.6;74;7.3;460.0;92.0
2025-11-14T14:00;20.3;77;5.5;340.0;81.0
2025-11-14T15:00;19.7;80;4.4;185.0;62.0
2025-11-14T16:00;18.0;90;3.1;39.0;21.0
2025-11-14T17:00;16.9;91;2.3;0.0;0.0
2025-11-14T18:00;16.4;84;4.9;0.0;0.0
2025-11-14T19:00;15.7;82;5.3;0.0;0.0
2025-11-14T20:00;15.4;80;6.0;0.0;0.0
2025-11-14T21:00;15.1;80;5.4;0.0;0.0
2025-11-14T22:00;14.7;79;5.3;0.0;0.0
2025-11-14T23:00;14.4;80;5.1;0.0;0.0
2025-11-15T00:00;14.6;79;5.3;0.0;0.0
2025-11-15T01:00;15.0;76;4.3;0.0;0.0
2025-11-15T02:00;14.9;75;3.8;0.0;0.0
2025-11-15T03:00;14.9;75;3.5;0.0;0.0
2025-11-15T04:00;15.4;73;4.2;0.0;0.0
2025-11-15T05:00;15.8;74;4.9;0.0;0.0
2025-11-15T06:00;15.2;76;3.8;1.0;1.0
2025-11-15T07:00;17.8;72;3.2;56.0;43.0
2025-11-15T08:00;20.1;71;2.4;228.0;68.0
2025-11-15T09:00;21.6;71;2.3;372.0;85.0
2025-11-15T10:00;22.6;70;2.5;474.0;97.0
2025-11-15T11:00;23.1;71;3.3;525.0;94.0
2025-11-15T12:00;23.3;78;5.2;515.0;94.0
2025-11-15T13:00;23.1;86;4.7;447.0;89.0
2025-11-15T14:00;22.5;90;4.6;329.0;79.0
2025-11-15T15:00;21.7;90;3.3;177.0;59.0
2025-11-15T16:00;19.9;95;0.2;36.0;19.0
2025-11-15T17:00;19.1;95;2.0;0.0;0.0
2025-11-15T18:00;18.6;91;2.5;0.0;0.0
2025-11-15T19:00;18.1;90;3.8;0.0;0.0
2025-11-15T20:00;17.4;88;3.7;0.0;0.0
2025-11-15T21:00;16.9;84;2.9;0.0;0.0
2025-11-15T22:00;16.8;76;2.3;0.0;0.0
2025-11-15T23:00;16.6;69;2.4;0.0;0.0
2025-11-16T00:00;17.0;70;3.1;0.0;0.0
2025-11-16T01:00;17.3;67;2.5;0.0;0.0
2025-11-16T02:00;17.1;64;1.4;0.0;0.0
2025-11-16T03:00;16.8;62;0.9;0.0;0.0
2025-11-16T04:00;16.7;59;1.2;0.0;0.0
2025-11-16T05:00;16.8;55;1.2;0.0;0.0
2025-11-16T06:00;17.0;57;1.5;0.0;0.0
2025-11-16T07:00;18.0;59;1.8;72.0;33.0
2025-11-16T08:00;20.9;63;0.8;227.0;66.0
2025-11-16T09:00;23.4;59;4.7;372.0;81.0
2025-11-16T10:00;23.4;65;5.8;478.0;90.0
2025-11-16T11:00;23.5;72;3.9;521.0;98.0
2025-11-16T12:00;25.4;67;3.4;510.0;101.0
2025-11-16T13:00;25.9;63;4.8;444.0;96.0
2025-11-16T14:00;25.2;62;6.1;293.0;135.0
2025-11-16T15:00;24.1;47;8.5;149.0;97.0
2025-11-16T16:00;22.5;46;10.5;26.0;25.0
2025-11-16T17:00;21.4;51;8.5;0.0;0.0
2025-11-16T18:00;21.0;53;8.7;0.0;0.0
2025-11-16T19:00;21.0;55;8.3;0.0;0.0
2025-11-16T20:00;21.0;53;7.8;0.0;0.0
2025-11-16T21:00;20.4;53;8.4;0.0;0.0
2025-11-16T22:00;20.0;55;10.3;0.0;0.0
2025-11-16T23:00;19.6;60;11.8;0.0;0.0
2025-11-17T00:00;18.8;66;11.0;0.0;0.0
2025-11-17T01:00;19.0;67;11.7;0.0;0.0
2025-11-17T02:00;18.7;70;12.9;0.0;0.0
2025-11-17T03:00;18.2;73;13.3;0.0;0.0
2025-11-17T04:00;18.2;71;13.6;0.0;0.0
2025-11-17T05:00;18.2;70;12.7;0.0;0.0
2025-11-17T06:00;17.8;73;10.7;0.0;0.0
2025-11-17T07:00;18.6;73;11.0;59.0;41.0
2025-11-17T08:00;20.8;70;8.2;215.0;75.0
2025-11-17T09:00;22.0;61;6.4;329.0;131.0
2025-11-17T10:00;22.8;58;4.9;404.0;177.0
2025-11-17T11:00;23.1;56;5.6;408.0;230.0
2025-11-17T12:00;22.7;59;4.2;377.0;230.0
2025-11-17T13:00;22.6;62;3.5;252.0;187.0
2025-11-17T14:00;22.1;68;5.1;213.0;150.0
2025-11-17T15:00;21.1;78;4.0;152.0;85.0
2025-11-17T16:00;19.3;89;2.0;30.0;23.0
2025-11-17T17:00;18.5;91;0.6;0.0;0.0
2025-11-17T18:00;18.7;86;6.3;0.0;0.0
2025-11-17T19:00;18.2;85;4.4;0.0;0.0
2025-11-17T20:00;17.6;83;2.2;0.0;0.0
2025-11-17T21:00;17.6;80;2.6;0.0;0.0
2025-11-17T22:00;17.0;81;2.5;0.0;0.0
2025-11-17T23:00;16.5;82;2.1;0.0;0.0
2025-11-18T00:00;17.2;81;7.6;0.0;0.0
2025-11-18T01:00;17.0;85;1.7;0.0;0.0
2025-11-18T02:00;16.6;87;1.5;0.0;0.0
2025-11-18T03:00;16.9;84;2.1;0.0;0.0
2025-11-18T04:00;17.4;85;4.5;0.0;0.0
2025-11-18T05:00;17.3;87;2.8;0.0;0.0
2025-11-18T06:00;17.4;87;0.3;0.0;0.0
2025-11-18T07:00;18.8;80;7.6;21.0;21.0
2025-11-18T08:00;18.5;90;4.6;90.0;87.0
2025-11-18T09:00;20.1;74;4.5;135.0;127.0
2025-11-18T10:00;20.5;73;3.6;226.0;196.0
2025-11-18T11:00;19.6;75;11.4;248.0;216.0
2025-11-18T12:00;20.0;73;6.4;175.0;163.0
2025-11-18T13:00;20.3;72;6.5;265.0;216.0
2025-11-18T14:00;20.3;71;8.9;195.0;152.0
2025-11-18T15:00;19.3;78;8.8;88.0;77.0
2025-11-18T16:00;18.5;82;5.1;17.0;17.0
2025-11-18T17:00;17.9;84;3.6;0.0;0.0
2025-11-18T18:00;17.6;86;5.7;0.0;0.0
2025-11-18T19:00;17.4;86;5.1;0.0;0.0
2025-11-18T20:00;17.0;87;6.3;0.0;0.0
2025-11-18T21:00;16.6;87;7.9;0.0;0.0
2025-11-18T22:00;16.5;85;7.1;0.0;0.0
2025-11-18T23:00;16.4;85;5.5;0.0;0.0
2025-11-19T00:00;16.4;85;6.1;0.0;0.0
2025-11-19T01:00;16.3;85;5.9;0.0;0.0
2025-11-19T02:00;16.1;86;5.6;0.0;0.0
2025-11-19T03:00;16.1;85;6.5;0.0;0.0
2025-11-19T04:00;15.7;85;7.2;0.0;0.0
2025-11-19T05:00;15.3;84;6.1;0.0;0.0
2025-11-19T06:00;15.5;86;7.8;0.0;0.0
2025-11-19T07:00;15.9;85;5.5;48.0;38.0
2025-11-19T08:00;16.7;75;4.8;148.0;117.0
2025-11-19T09:00;17.6;68;4.3;236.0;183.0
2025-11-19T10:00;18.3;63;5.8;338.0;224.0
2025-11-19T11:00;18.3;62;8.7;230.0;184.0
2025-11-19T12:00;18.6;61;10.8;217.0;177.0
2025-11-19T13:00;19.1;58;11.5;293.0;184.0
2025-11-19T14:00;18.9;59;11.9;264.0;125.0
2025-11-19T15:00;18.1;64;10.1;161.0;59.0
2025-11-19T16:00;16.9;72;7.4;30.0;17.0
2025-11-19T17:00;15.7;79;5.2;0.0;0.0
2025-11-19T18:00;15.6;80;6.5;0.0;0.0
2025-11-19T19:00;15.1;81;6.5;0.0;0.0
2025-11-19T20:00;14.7;82;7.1;0.0;0.0
2025-11-19T21:00;14.6;82;7.7;0.0;0.0
2025-11-19T22:00;14.4;82;8.1;0.0;0.0
2025-11-19T23:00;14.1;82;7.5;0.0;0.0
2025-11-20T00:00;14.5;80;9.6;0.0;0.0
2025-11-20T01:00;14.6;80;10.2;0.0;0.0
2025-11-20T02:00;14.4;81;10.0;0.0;0.0
2025-11-20T03:00;14.1;81;10.5;0.0;0.0
2025-11-20T04:00;13.9;81;10.6;0.0;0.0
2025-11-20T05:00;13.7;81;10.3;0.0;0.0
2025-11-20T06:00;13.4;80;9.5;0.0;0.0
2025-11-20T07:00;14.4;79;8.9;62.0;30.0
2025-11-20T08:00;16.6;72;7.2;214.0;66.0
2025-11-20T09:00;18.1;62;4.0;358.0;85.0
2025-11-20T10:00;19.0;59;2.1;430.0;140.0
2025-11-20T11:00;19.4;58;1.9;412.0;218.0
2025-11-20T12:00;20.3;49;4.5;368.0;230.0
2025-11-20T13:00;20.3;48;5.6;398.0;106.0
2025-11-20T14:00;19.7;51;7.9;270.0;88.0
2025-11-20T15:00;18.6;58;10.3;131.0;55.0
2025-11-20T16:00;17.3;67;7.9;27.0;16.0
2025-11-20T17:00;16.2;75;6.3;0.0;0.0
2025-11-20T18:00;15.3;78;6.8;0.0;0.0
2025-11-20T19:00;15.1;76;6.3;0.0;0.0
2025-11-20T20:00;14.8;74;5.0;0.0;0.0
2025-11-20T21:00;14.9;70;6.7;0.0;0.0
2025-11-20T22:00;15.0;68;7.7;0.0;0.0
2025-11-20T23:00;15.7;64;11.1;0.0;0.0
2025-11-21T00:00;15.9;68;12.3;0.0;0.0
2025-11-21T01:00;15.7;73;12.0;0.0;0.0
2025-11-21T02:00;14.7;80;13.8;0.0;0.0
2025-11-21T03:00;13.9;83;12.8;0.0;0.0
2025-11-21T04:00;13.9;82;12.5;0.0;0.0
2025-11-21T05:00;13.6;83;9.6;0.0;0.0
2025-11-21T06:00;13.0;83;1.7;0.0;0.0
2025-11-21T07:00;14.3;87;4.8;51.0;28.0
2025-11-21T08:00;15.5;80;3.4;191.0;75.0
2025-11-21T09:00;15.4;78;5.8;271.0;115.0
2025-11-21T10:00;15.8;72;13.0;330.0;146.0
2025-11-21T11:00;15.1;73;11.6;368.0;137.0
2025-11-21T12:00;15.8;78;7.2;165.0;106.0
2025-11-21T13:00;14.8;75;10.0;290.0;149.0
2025-11-21T14:00;14.7;74;8.4;238.0;90.0
2025-11-21T15:00;14.4;71;11.7;112.0;52.0
2025-11-21T16:00;13.4;75;11.0;24.0;15.0
2025-11-21T17:00;12.8;78;8.8;0.0;0.0
2025-11-21T18:00;12.9;78;10.9;0.0;0.0
2025-11-21T19:00;12.5;79;11.8;0.0;0.0
2025-11-21T20:00;12.0;80;13.0;0.0;0.0
2025-11-21T21:00;12.1;77;16.6;0.0;0.0
2025-11-21T22:00;11.7;78;20.2;0.0;0.0
2025-11-21T23:00;11.5;78;17.8;0.0;0.0
2025-11-22T00:00;11.3;77;16.5;0.0;0.0
2025-11-22T01:00;10.5;77;16.5;0.0;0.0
2025-11-22T02:00;10.6;77;20.6;0.0;0.0
2025-11-22T03:00;10.6;73;19.0;0.0;0.0
2025-11-22T04:00;10.1;71;18.7;0.0;0.0
2025-11-22T05:00;9.8;69;18.8;0.0;0.0
2025-11-22T06:00;10.2;71;19.0;0.0;0.0
2025-11-22T07:00;9.7;72;14.9;52.0;26.0
2025-11-22T08:00;10.4;67;17.8;190.0;71.0
2025-11-22T09:00;11.2;67;20.0;332.0;92.0
2025-11-22T10:00;11.9;62;22.9;364.0;148.0
2025-11-22T11:00;12.2;59;23.8;481.0;126.0
2025-11-22T12:00;11.2;66;22.9;476.0;111.0
2025-11-22T13:00;11.7;64;24.0;323.0;153.0
2025-11-22T14:00;11.7;63;25.1;280.0;123.0
2025-11-22T15:00;11.3;64;25.8;142.0;66.0
2025-11-22T16:00;11.0;67;22.6;26.0;17.0
2025-11-22T17:00;9.9;70;21.7;0.0;0.0
2025-11-22T18:00;9.5;78;24.1;0.0;0.0
2025-11-22T19:00;11.6;76;22.7;0.0;0.0
2025-11-22T20:00;11.1;76;25.7;0.0;0.0
2025-11-22T21:00;10.4;73;26.3;0.0;0.0
2025-11-22T22:00;10.3;78;23.4;0.0;0.0
2025-11-22T23:00;10.9;70;22.0;0.0;0.0
2025-11-23T00:00;10.9;77;20.5;0.0;0.0
2025-11-23T01:00;10.8;76;21.3;0.0;0.0
2025-11-23T02:00;9.5;84;22.4;0.0;0.0
2025-11-23T03:00;11.8;79;20.3;0.0;0.0
2025-11-23T04:00;11.4;78;17.2;0.0;0.0
2025-11-23T05:00;10.0;86;18.6;0.0;0.0
2025-11-23T06:00;11.5;81;16.9;0.0;0.0
2025-11-23T07:00;12.0;83;17.0;35.0;22.0
2025-11-23T08:00;12.8;73;16.1;147.0;70.0
2025-11-23T09:00;13.6;69;19.1;288.0;95.0
2025-11-23T10:00;13.5;63;21.7;363.0;113.0
2025-11-23T11:00;14.2;61;23.7;371.0;146.0
2025-11-23T12:00;14.7;55;25.7;429.0;119.0
2025-11-23T13:00;15.0;52;25.6;401.0;111.0
2025-11-23T14:00;14.9;50;22.8;303.0;81.0
2025-11-23T15:00;14.6;53;21.0;166.0;60.0
2025-11-23T16:00;14.0;56;19.4;29.0;16.0
2025-11-23T17:00;14.0;57;14.4;0.0;0.0
2025-11-23T18:00;13.9;63;8.3;0.0;0.0
2025-11-23T19:00;13.0;70;12.8;0.0;0.0
2025-11-23T20:00;12.8;75;7.7;0.0;0.0
2025-11-23T21:00;11.9;77;11.3;0.0;0.0
2025-11-23T22:00;11.5;78;10.5;0.0;0.0
2025-11-23T23:00;11.6;79;9.1;0.0;0.0
2025-11-24T00:00;12.3;82;7.3;0.0;0.0
2025-11-24T01:00;12.6;83;7.8;0.0;0.0
2025-11-24T02:00;12.6;83;8.6;0.0;0.0
2025-11-24T03:00;12.5;84;10.4;0.0;0.0
2025-11-24T04:00;12.6;84;11.8;0.0;0.0
2025-11-24T05:00;12.6;84;10.5;0.0;0.0
2025-11-24T06:00;13.4;82;12.8;0.0;0.0
2025-11-24T07:00;14.3;73;13.0;37.0;25.0
2025-11-24T08:00;15.5;67;12.6;166.0;94.0
2025-11-24T09:00;16.5;63;14.9;266.0;155.0
2025-11-24T10:00;16.9;60;17.1;292.0;221.0
2025-11-24T11:00;17.3;59;17.1;354.0;227.0
2025-11-24T12:00;17.5;57;14.6;281.0;220.0
2025-11-24T13:00;17.0;57;12.5;241.0;185.0
2025-11-24T14:00;16.6;59;11.4;88.0;87.0
2025-11-24T15:00;15.9;61;12.5;64.0;59.0
2025-11-24T16:00;15.3;60;11.4;13.0;13.0
2025-11-24T17:00;15.1;58;10.7;0.0;0.0
2025-11-24T18:00;14.9;61;11.1;0.0;0.0
2025-11-24T19:00;14.9;64;15.9;0.0;0.0
2025-11-24T20:00;15.0;66;18.7;0.0;0.0
2025-11-24T21:00;15.0;67;18.9;0.0;0.0
2025-11-24T22:00;14.9;68;18.6;0.0;0.0
2025-11-24T23:00;14.9;69;17.1;0.0;0.0
2025-11-25T00:00;15.0;72;15.5;0.0;0.0
2025-11-25T01:00;15.3;70;15.8;0.0;0.0
2025-11-25T02:00;15.0;72;12.0;0.0;0.0
2025-11-25T03:00;14.3;75;9.7;0.0;0.0
2025-11-25T04:00;14.1;75;12.5;0.0;0.0
2025-11-25T05:00;14.0;76;12.8;0.0;0.0
2025-11-25T06:00;14.0;77;9.4;0.0;0.0
2025-11-25T07:00;14.9;75;8.7;48.0;25.0
2025-11-25T08:00;16.9;68;7.4;192.0;65.0
2025-11-25T09:00;18.4;62;8.2;324.0;99.0
2025-11-25T10:00;19.7;51;10.8;439.0;90.0
2025-11-25T11:00;19.8;54;14.6;477.0;106.0
2025-11-25T12:00;19.8;52;15.0;476.0;94.0
2025-11-25T13:00;19.7;52;16.0;416.0;88.0
2025-11-25T14:00;19.1;56;16.3;298.0;80.0
2025-11-25T15:00;18.2;61;14.4;150.0;59.0
2025-11-25T16:00;17.1;62;10.7;23.0;17.0
2025-11-25T17:00;16.6;67;13.2;0.0;0.0
2025-11-25T18:00;17.0;70;12.7;0.0;0.0
2025-11-25T19:00;15.3;84;16.8;0.0;0.0
2025-11-25T20:00;15.1;84;18.6;0.0;0.0
2025-11-25T21:00;14.1;83;17.8;0.0;0.0
2025-11-25T22:00;14.4;82;15.3;0.0;0.0
2025-11-25T23:00;13.9;83;14.9;0.0;0.0
2025-11-26T00:00;13.5;86;11.0;0.0;0.0
2025-11-26T01:00;13.5;81;10.5;0.0;0.0
2025-11-26T02:00;13.1;80;9.9;0.0;0.0
2025-11-26T03:00;12.8;79;9.3;0.0;0.0
2025-11-26T04:00;12.5;78;9.4;0.0;0.0
2025-11-26T05:00;12.1;76;10.3;0.0;0.0
2025-11-26T06:00;12.2;75;9.7;0.0;0.0
2025-11-26T07:00;12.9;73;10.5;40.0;28.0
2025-11-26T08:00;14.3;67;10.7;124.0;94.0
2025-11-26T09:00;15.4;60;12.7;299.0;122.0
2025-11-26T10:00;15.9;55;13.6;386.0;145.0
2025-11-26T11:00;16.0;54;13.7;345.0;167.0
2025-11-26T12:00;13.1;82;11.5;327.0;158.0
2025-11-26T13:00;12.4;91;12.1;86.0;76.0
2025-11-26T14:00;12.4;86;10.7;78.0;65.0
2025-11-26T15:00;12.5;84;8.9;83.0;70.0
2025-11-26T16:00;11.8;88;6.6;13.0;10.0
2025-11-26T17:00;11.0;91;8.7;0.0;0.0
2025-11-26T18:00;10.8;87;10.8;0.0;0.0
2025-11-26T19:00;10.8;84;9.1;0.0;0.0
2025-11-26T20:00;10.6;84;9.9;0.0;0.0
2025-11-26T21:00;10.7;82;11.7;0.0;0.0
2025-11-26T22:00;10.8;78;12.4;0.0;0.0
2025-11-26T23:00;10.7;78;10.9;0.0;0.0
2025-11-27T00:00;11.3;73;16.1;0.0;0.0
2025-11-27T01:00;10.7;78;14.7;0.0;0.0
2025-11-27T02:00;10.2;80;13.2;0.0;0.0
2025-11-27T03:00;10.1;79;13.1;0.0;0.0
2025-11-27T04:00;10.1;78;11.7;0.0;0.0
2025-11-27T05:00;9.7;80;8.8;0.0;0.0
2025-11-27T06:00;9.5;82;8.0;0.0;0.0
2025-11-27T07:00;10.3;80;5.9;37.0;28.0
2025-11-27T08:00;11.5;75;4.6;156.0;84.0
2025-11-27T09:00;12.4;70;4.3;293.0;122.0
2025-11-27T10:00;13.2;64;7.6;412.0;101.0
2025-11-27T11:00;14.0;58;9.1;459.0;114.0
2025-11-27T12:00;14.0;55;10.1;427.0;121.0
2025-11-27T13:00;12.4;67;11.2;259.0;139.0
2025-11-27T14:00;12.5;68;10.1;212.0;124.0
2025-11-27T15:00;12.1;71;7.9;126.0;74.0
2025-11-27T16:00;11.4;76;8.3;19.0;14.0
2025-11-27T17:00;10.6;82;8.9;0.0;0.0
2025-11-27T18:00;10.3;86;6.1;0.0;0.0
2025-11-27T19:00;10.0;86;6.2;0.0;0.0
2025-11-27T20:00;9.7;85;7.7;0.0;0.0
2025-11-27T21:00;9.7;83;5.1;0.0;0.0
2025-11-27T22:00;9.5;82;5.3;0.0;0.0
2025-11-27T23:00;9.3;81;6.1;0.0;0.0
2025-11-28T00:00;9.0;78;4.3;0.0;0.0
2025-11-28T01:00;8.7;79;3.8;0.0;0.0
2025-11-28T02:00;8.5;79;3.3;0.0;0.0
2025-11-28T03:00;8.4;79;4.5;0.0;0.0
2025-11-28T04:00;8.4;78;3.3;0.0;0.0
2025-11-28T05:00;8.2;78;3.1;0.0;0.0
2025-11-28T06:00;8.4;78;6.1;0.0;0.0
2025-11-28T07:00;9.6;78;4.9;36.0;22.0
2025-11-28T08:00;11.9;73;4.0;164.0;63.0
2025-11-28T09:00;12.8;69;2.1;285.0;99.0
2025-11-28T10:00;13.4;67;2.3;365.0;113.0
2025-11-28T11:00;14.1;65;2.8;458.0;101.0
2025-11-28T12:00;14.3;59;8.8;453.0;106.0
2025-11-28T13:00;13.4;72;7.9;279.0;131.0
2025-11-28T14:00;13.2;74;8.0;252.0;113.0
2025-11-28T15:00;12.7;76;7.6;146.0;64.0
2025-11-28T16:00;11.9;79;6.2;23.0;14.0
2025-11-28T17:00;11.1;87;6.5;0.0;0.0
2025-11-28T18:00;10.7;88;6.8;0.0;0.0
2025-11-28T19:00;10.2;89;5.7;0.0;0.0
2025-11-28T20:00;10.4;88;7.0;0.0;0.0
2025-11-28T21:00;10.2;87;7.5;0.0;0.0
2025-11-28T22:00;10.0;84;6.9;0.0;0.0
2025-11-28T23:00;10.2;82;6.4;0.0;0.0
2025-11-29T00:00;11.2;83;4.2;0.0;0.0
2025-11-29T01:00;10.6;84;6.0;0.0;0.0
2025-11-29T02:00;11.1;81;7.3;0.0;0.0
2025-11-29T03:00;11.5;76;6.6;0.0;0.0
2025-11-29T04:00;11.9;77;12.0;0.0;0.0
2025-11-29T05:00;11.1;86;7.6;0.0;0.0
2025-11-29T06:00;10.1;83;11.7;0.0;0.0
2025-11-29T07:00;11.5;83;10.1;31.0;18.0
2025-11-29T08:00;13.2;81;9.0;137.0;60.0
2025-11-29T09:00;13.9;76;11.6;221.0;95.0
2025-11-29T10:00;14.9;73;16.4;330.0;119.0
2025-11-29T11:00;15.1;69;18.1;388.0;157.0
2025-11-29T12:00;15.1;70;19.0;425.0;125.0
2025-11-29T13:00;14.9;72;20.2;357.0;99.0
2025-11-29T14:00;14.5;74;18.8;241.0;83.0
2025-11-29T15:00;14.0;76;15.5;134.0;56.0
2025-11-29T16:00;13.8;77;13.2;17.0;11.0
2025-11-29T17:00;13.6;79;12.3;0.0;0.0
2025-11-29T18:00;13.4;82;12.1;0.0;0.0
2025-11-29T19:00;13.2;83;11.9;0.0;0.0
2025-11-29T20:00;12.9;84;10.4;0.0;0.0
2025-11-29T21:00;12.4;83;9.1;0.0;0.0
2025-11-29T22:00;12.3;83;9.2;0.0;0.0
2025-11-29T23:00;12.3;81;7.6;0.0;0.0
2025-11-30T00:00;11.7;86;8.6;0.0;0.0
2025-11-30T01:00;11.9;84;8.7;0.0;0.0
2025-11-30T02:00;11.9;84;8.6;0.0;0.0
2025-11-30T03:00;11.6;83;6.8;0.0;0.0
2025-11-30T04:00;11.2;83;7.5;0.0;0.0
2025-11-30T05:00;10.7;83;8.8;0.0;0.0
2025-11-30T06:00;10.4;81;8.4;0.0;0.0
2025-11-30T07:00;11.3;82;8.4;40.0;20.0
2025-11-30T08:00;14.1;77;7.6;181.0;59.0
2025-11-30T09:00;15.8;65;4.3;321.0;79.0
2025-11-30T10:00;16.6;62;2.3;414.0;94.0
2025-11-30T11:00;17.3;61;2.7;470.0;102.0
2025-11-30T12:00;17.3;61;3.4;440.0;108.0
2025-11-30T13:00;17.2;63;3.9;325.0;120.0
2025-11-30T14:00;17.0;63;3.5;250.0;96.0
2025-11-30T15:00;16.2;73;2.7;127.0;57.0
2025-11-30T16:00;14.4;83;2.4;22.0;14.0
2025-11-30T17:00;13.9;85;3.3;0.0;0.0
2025-11-30T18:00;13.1;86;4.6;0.0;0.0
2025-11-30T19:00;12.4;84;4.6;0.0;0.0
2025-11-30T20:00;12.0;85;3.6;0.0;0.0
2025-11-30T21:00;11.7;84;2.6;0.0;0.0
2025-11-30T22:00;11.6;83;2.5;0.0;0.0
2025-11-30T23:00;11.4;82;2.2;0.0;0.0
2025-12-01T00:00;11.0;81;2.9;0.0;0.0
2025-12-01T01:00;11.1;81;3.1;0.0;0.0
2025-12-01T02:00;11.4;79;3.1;0.0;0.0
2025-12-01T03:00;11.3;79;3.1;0.0;0.0
2025-12-01T04:00;11.5;76;2.7;0.0;0.0
2025-12-01T05:00;11.7;73;2.5;0.0;0.0
2025-12-01T06:00;11.8;71;2.7;0.0;0.0
2025-12-01T07:00;12.2;72;3.7;35.0;23.0
2025-12-01T08:00;14.5;77;2.9;162.0;75.0
2025-12-01T09:00;16.1;62;0.9;292.0;113.0
2025-12-01T10:00;16.8;61;3.4;397.0;126.0
2025-12-01T11:00;17.1;62;5.6;459.0;114.0
2025-12-01T12:00;17.4;61;8.1;434.0;118.0
2025-12-01T13:00;16.8;64;8.1;360.0;146.0
2025-12-01T14:00;16.3;66;5.2;250.0;123.0
2025-12-01T15:00;15.8;71;2.9;134.0;72.0
2025-12-01T16:00;14.5;76;0.7;21.0;17.0
2025-12-01T17:00;14.0;77;0.4;0.0;0.0
2025-12-01T18:00;13.3;82;2.2;0.0;0.0
2025-12-01T19:00;12.9;84;3.8;0.0;0.0
2025-12-01T20:00;12.3;83;3.2;0.0;0.0
2025-12-01T21:00;12.0;82;2.3;0.0;0.0
2025-12-01T22:00;11.6;82;2.9;0.0;0.0
2025-12-01T23:00;11.5;81;3.8;0.0;0.0
2025-12-02T00:00;11.3;78;2.6;0.0;0.0
2025-12-02T01:00;11.3;78;2.9;0.0;0.0
2025-12-02T02:00;10.9;78;1.7;0.0;0.0
2025-12-02T03:00;10.6;79;1.5;0.0;0.0
2025-12-02T04:00;10.3;79;1.7;0.0;0.0
2025-12-02T05:00;10.4;79;2.6;0.0;0.0
2025-12-02T06:00;10.4;80;3.1;0.0;0.0
2025-12-02T07:00;11.6;79;2.7;35.0;18.0
2025-12-02T08:00;14.8;73;2.1;172.0;58.0
2025-12-02T09:00;16.4;66;0.5;314.0;77.0
2025-12-02T10:00;17.3;64;0.4;420.0;85.0
2025-12-02T11:00;17.9;59;1.7;474.0;91.0
2025-12-02T12:00;18.3;54;2.7;453.0;99.0
2025-12-02T13:00;18.1;57;2.7;361.0;97.0
2025-12-02T14:00;17.6;60;3.2;247.0;91.0
2025-12-02T15:00;16.6;75;2.3;136.0;54.0
2025-12-02T16:00;15.1;84;0.9;21.0;13.0
2025-12-02T17:00;14.5;83;4.6;0.0;0.0
2025-12-02T18:00;13.7;80;7.3;0.0;0.0
2025-12-02T19:00;13.1;80;5.5;0.0;0.0
2025-12-02T20:00;12.8;79;6.2;0.0;0.0
2025-12-02T21:00;12.8;77;7.1;0.0;0.0
2025-12-02T22:00;12.7;77;6.8;0.0;0.0
2025-12-02T23:00;12.2;79;5.9;0.0;0.0
2025-12-03T00:00;12.2;78;5.5;0.0;0.0
2025-12-03T01:00;12.2;78;4.6;0.0;0.0
2025-12-03T02:00;12.2;78;3.9;0.0;0.0
2025-12-03T03:00;12.2;78;3.7;0.0;0.0
2025-12-03T04:00;12.2;80;3.5;0.0;0.0
2025-12-03T05:00;12.0;81;3.6;0.0;0.0
2025-12-03T06:00;12.3;77;2.5;0.0;0.0
2025-12-03T07:00;13.0;75;2.4;34.0;19.0
2025-12-03T08:00;15.0;74;3.9;167.0;60.0
2025-12-03T09:00;16.1;69;4.1;304.0;80.0
2025-12-03T10:00;16.5;70;4.7;402.0;95.0
2025-12-03T11:00;16.8;68;3.8;453.0;99.0
2025-12-03T12:00;17.3;69;8.4;459.0;94.0
2025-12-03T13:00;17.1;72;8.9;379.0;113.0
2025-12-03T14:00;16.5;75;7.0;217.0;120.0
2025-12-03T15:00;16.0;78;6.7;129.0;69.0
2025-12-03T16:00;14.8;86;4.6;20.0;14.0
2025-12-03T17:00;14.4;87;5.5;0.0;0.0
2025-12-03T18:00;14.4;88;4.9;0.0;0.0
2025-12-03T19:00;14.1;88;4.7;0.0;0.0
2025-12-03T20:00;13.3;89;3.4;0.0;0.0
2025-12-03T21:00;12.9;86;3.0;0.0;0.0
2025-12-03T22:00;12.0;87;2.3;0.0;0.0
2025-12-03T23:00;11.6;85;1.9;0.0;0.0
2025-12-04T00:00;11.5;86;4.4;0.0;0.0
2025-12-04T01:00;11.7;89;4.4;0.0;0.0
2025-12-04T02:00;12.1;86;3.3;0.0;0.0
2025-12-04T03:00;12.6;81;4.6;0.0;0.0
2025-12-04T04:00;11.6;86;6.5;0.0;0.0
2025-12-04T05:00;11.6;85;8.8;0.0;0.0
2025-12-04T06:00;11.9;85;11.3;0.0;0.0
2025-12-04T07:00;12.3;83;10.4;26.0;17.0
2025-12-04T08:00;14.1;78;8.9;115.0;64.0
2025-12-04T09:00;15.4;73;8.7;262.0;92.0
2025-12-04T10:00;15.3;71;17.9;325.0;103.0
2025-12-04T11:00;15.6;69;20.6;350.0;195.0
2025-12-04T12:00;15.7;68;22.5;352.0;159.0
2025-12-04T13:00;15.4;66;21.5;204.0;167.0
2025-12-04T14:00;15.3;63;22.9;169.0;138.0
2025-12-04T15:00;14.8;64;24.0;97.0;81.0
2025-12-04T16:00;14.6;63;22.5;15.0;14.0
2025-12-04T17:00;14.4;63;19.8;0.0;0.0
2025-12-04T18:00;14.6;60;20.2;0.0;0.0
2025-12-04T19:00;14.0;63;20.3;0.0;0.0
2025-12-04T20:00;13.8;62;20.3;0.0;0.0
2025-12-04T21:00;13.5;65;18.2;0.0;0.0
2025-12-04T22:00;13.0;69;14.8;0.0;0.0
2025-12-04T23:00;12.4;74;12.0;0.0;0.0
2025-12-05T00:00;12.6;74;11.8;0.0;0.0
2025-12-05T01:00;12.1;77;10.4;0.0;0.0
2025-12-05T02:00;12.2;77;11.0;0.0;0.0
2025-12-05T03:00;11.8;80;11.9;0.0;0.0
2025-12-05T04:00;11.7;80;8.1;0.0;0.0
2025-12-05T05:00;11.4;83;7.0;0.0;0.0
2025-12-05T06:00;11.4;82;6.0;0.0;0.0
2025-12-05T07:00;12.2;81;5.3;24.0;19.0
2025-12-05T08:00;13.0;78;3.0;85.0;71.0
2025-12-05T09:00;13.6;77;0.9;187.0;119.0
2025-12-05T10:00;14.1;75;0.3;155.0;130.0
2025-12-05T11:00;14.6;71;0.4;241.0;170.0
2025-12-05T12:00;14.3;77;2.0;246.0;178.0
2025-12-05T13:00;13.5;84;6.5;163.0;152.0
2025-12-05T14:00;12.1;92;11.5;78.0;78.0
2025-12-05T15:00;12.4;90;6.4;66.0;51.0
2025-12-05T16:00;12.5;89;9.5;12.0;10.0
2025-12-05T17:00;12.2;90;10.6;0.0;0.0
2025-12-05T18:00;12.0;90;10.2;0.0;0.0
2025-12-05T19:00;11.8;95;10.7;0.0;0.0
2025-12-05T20:00;12.4;93;11.0;0.0;0.0
2025-12-05T21:00;11.6;94;7.2;0.0;0.0
2025-12-05T22:00;11.8;90;10.0;0.0;0.0
2025-12-05T23:00;11.1;93;10.0;0.0;0.0
2025-12-06T00:00;11.6;89;13.1;0.0;0.0
2025-12-06T01:00;12.0;87;13.8;0.0;0.0
2025-12-06T02:00;12.5;85;8.9;0.0;0.0
2025-12-06T03:00;13.4;80;11.3;0.0;0.0
2025-12-06T04:00;13.9;77;13.7;0.0;0.0
2025-12-06T05:00;14.0;76;15.0;0.0;0.0
2025-12-06T06:00;14.6;72;12.6;0.0;0.0
2025-12-06T07:00;14.8;69;13.5;25.0;15.0
2025-12-06T08:00;15.4;69;15.2;125.0;57.0
2025-12-06T09:00;16.2;65;17.1;243.0;95.0
2025-12-06T10:00;16.6;61;21.4;362.0;109.0
2025-12-06T11:00;16.3;63;23.6;420.0;116.0
2025-12-06T12:00;16.4;65;23.5;355.0;128.0
2025-12-06T13:00;16.4;64;22.5;372.0;96.0
2025-12-06T14:00;15.9;65;23.9;254.0;79.0
2025-12-06T15:00;15.4;69;20.8;129.0;53.0
2025-12-06T16:00;14.9;72;18.6;19.0;12.0
2025-12-06T17:00;14.8;71;17.4;0.0;0.0
2025-12-06T18:00;14.8;73;18.5;0.0;0.0
2025-12-06T19:00;14.5;75;18.1;0.0;0.0
2025-12-06T20:00;14.4;75;17.2;0.0;0.0
2025-12-06T21:00;14.3;69;15.3;0.0;0.0
2025-12-06T22:00;14.1;65;15.0;0.0;0.0
2025-12-06T23:00;14.1;65;11.2;0.0;0.0
2025-12-07T00:00;13.8;74;10.6;0.0;0.0
2025-12-07T01:00;13.6;76;11.4;0.0;0.0
2025-12-07T02:00;14.1;74;13.9;0.0;0.0
2025-12-07T03:00;15.3;71;16.7;0.0;0.0
2025-12-07T04:00;15.6;76;16.7;0.0;0.0
2025-12-07T05:00;15.4;79;14.9;0.0;0.0
2025-12-07T06:00;15.1;83;14.4;0.0;0.0
2025-12-07T07:00;15.6;87;14.1;19.0;18.0
2025-12-07T08:00;16.8;80;14.5;139.0;75.0
2025-12-07T09:00;17.5;76;14.7;286.0;89.0
2025-12-07T10:00;18.0;70;19.1;342.0;160.0
2025-12-07T11:00;17.7;77;16.6;368.0;140.0
2025-12-07T12:00;17.2;76;21.8;381.0;133.0
2025-12-07T13:00;17.1;75;20.5;282.0;106.0
2025-12-07T14:00;17.0;75;22.1;249.0;95.0
2025-12-07T15:00;16.9;75;20.8;128.0;56.0
2025-12-07T16:00;16.3;82;17.7;18.0;13.0
2025-12-07T17:00;15.9;85;13.9;0.0;0.0
2025-12-07T18:00;15.9;82;12.6;0.0;0.0
2025-12-07T19:00;15.7;81;10.8;0.0;0.0
2025-12-07T20:00;15.3;81;11.1;0.0;0.0
2025-12-07T21:00;15.3;81;10.6;0.0;0.0
2025-12-07T22:00;15.7;81;13.0;0.0;0.0
2025-12-07T23:00;15.7;81;13.7;0.0;0.0
2025-12-08T00:00;14.9;86;10.2;0.0;0.0
2025-12-08T01:00;15.0;86;11.3;0.0;0.0
2025-12-08T02:00;15.2;85;11.0;0.0;0.0
2025-12-08T03:00;15.1;85;11.1;0.0;0.0
2025-12-08T04:00;15.2;87;11.8;0.0;0.0
2025-12-08T05:00;15.0;90;11.0;0.0;0.0
2025-12-08T06:00;15.2;83;11.9;0.0;0.0
2025-12-08T07:00;15.8;82;11.9;21.0;14.0
2025-12-08T08:00;16.7;81;12.5;123.0;57.0
2025-12-08T09:00;17.2;79;12.8;243.0;85.0
2025-12-08T10:00;17.9;75;13.4;368.0;103.0
2025-12-08T11:00;18.0;74;13.2;399.0;123.0
2025-12-08T12:00;18.1;75;11.3;428.0;116.0
2025-12-08T13:00;17.9;74;11.8;349.0;125.0
2025-12-08T14:00;17.4;75;10.7;264.0;96.0
2025-12-08T15:00;16.7;78;6.9;136.0;63.0
2025-12-08T16:00;15.6;87;4.0;22.0;13.0
2025-12-08T17:00;14.8;89;1.9;0.0;0.0
2025-12-08T18:00;14.7;85;0.4;0.0;0.0
2025-12-08T19:00;14.6;86;2.3;0.0;0.0
2025-12-08T20:00;14.2;86;5.1;0.0;0.0
2025-12-08T21:00;13.1;86;5.0;0.0;0.0
2025-12-08T22:00;12.3;85;4.8;0.0;0.0
2025-12-08T23:00;11.7;85;3.6;0.0;0.0
2025-12-09T00:00;11.6;82;2.5;0.0;0.0
2025-12-09T01:00;11.9;81;2.3;0.0;0.0
2025-12-09T02:00;12.1;80;2.4;0.0;0.0
2025-12-09T03:00;12.3;79;2.1;0.0;0.0
2025-12-09T04:00;12.7;77;2.1;0.0;0.0
2025-12-09T05:00;12.6;77;1.7;0.0;0.0
2025-12-09T06:00;11.6;79;2.2;0.0;0.0
2025-12-09T07:00;12.4;76;3.6;25.0;15.0
2025-12-09T08:00;14.6;74;3.5;150.0;58.0
2025-12-09T09:00;16.0;73;3.6;294.0;79.0
2025-12-09T10:00;16.6;73;4.4;402.0;85.0
2025-12-09T11:00;16.9;73;5.7;459.0;88.0
2025-12-09T12:00;17.3;75;5.1;457.0;88.0
2025-12-09T13:00;17.2;75;5.7;398.0;84.0
2025-12-09T14:00;16.8;75;5.0;284.0;79.0
2025-12-09T15:00;15.9;78;2.7;148.0;53.0
2025-12-09T16:00;14.2;87;1.1;23.0;13.0
2025-12-09T17:00;14.2;88;2.9;0.0;0.0
2025-12-09T18:00;13.8;87;3.6;0.0;0.0
2025-12-09T19:00;13.3;87;4.4;0.0;0.0
2025-12-09T20:00;12.8;88;5.4;0.0;0.0
2025-12-09T21:00;12.2;86;4.8;0.0;0.0
2025-12-09T22:00;11.8;83;3.5;0.0;0.0
2025-12-09T23:00;11.9;78;2.0;0.0;0.0
2025-12-10T00:00;11.1;80;1.7;0.0;0.0
2025-12-10T01:00;11.1;78;2.4;0.0;0.0
2025-12-10T02:00;11.0;79;2.7;0.0;0.0
2025-12-10T03:00;11.9;74;2.3;0.0;0.0
2025-12-10T04:00;12.1;73;2.3;0.0;0.0
2025-12-10T05:00;11.8;74;2.1;0.0;0.0
2025-12-10T06:00;11.4;74;2.0;0.0;0.0
2025-12-10T07:00;12.0;73;2.4;25.0;14.0
2025-12-10T08:00;14.1;71;3.0;153.0;55.0
2025-12-10T09:00;15.0;70;0.7;293.0;78.0
2025-12-10T10:00;15.7;69;2.5;401.0;89.0
2025-12-10T11:00;16.2;66;3.7;460.0;90.0
2025-12-10T12:00;16.7;71;5.1;460.0;89.0
2025-12-10T13:00;16.8;67;5.6;402.0;85.0
2025-12-10T14:00;16.5;68;5.9;294.0;74.0
2025-12-10T15:00;15.7;74;5.8;151.0;53.0
2025-12-10T16:00;14.2;83;5.3;24.0;14.0
2025-12-10T17:00;13.6;84;5.1;0.0;0.0
2025-12-10T18:00;13.1;82;5.1;0.0;0.0
2025-12-10T19:00;12.6;76;5.2;0.0;0.0
2025-12-10T20:00;12.3;73;4.3;0.0;0.0
2025-12-10T21:00;12.3;70;3.2;0.0;0.0
2025-12-10T22:00;12.5;68;3.1;0.0;0.0
2025-12-10T23:00;12.4;70;4.2;0.0;0.0
2025-12-11T00:00;12.2;72;3.6;0.0;0.0
2025-12-11T01:00;12.3;75;4.0;0.0;0.0
2025-12-11T02:00;12.3;78;4.7;0.0;0.0
2025-12-11T03:00;12.3;80;5.9;0.0;0.0
2025-12-11T04:00;12.2;81;6.3;0.0;0.0
2025-12-11T05:00;12.0;80;5.7;0.0;0.0
2025-12-11T06:00;11.7;75;3.3;0.0;0.0
2025-12-11T07:00;12.2;70;3.1;24.0;14.0
2025-12-11T08:00;14.0;70;3.6;153.0;53.0
2025-12-11T09:00;15.3;65;4.1;297.0;75.0
2025-12-11T10:00;15.9;67;4.5;404.0;84.0
2025-12-11T11:00;16.2;70;5.2;461.0;90.0
2025-12-11T12:00;16.6;74;6.1;459.0;89.0
2025-12-11T13:00;16.4;77;6.4;401.0;86.0
2025-12-11T14:00;15.9;78;5.6;291.0;77.0
2025-12-11T15:00;15.3;81;4.6;150.0;54.0
2025-12-11T16:00;13.9;89;3.8;24.0;14.0
2025-12-11T17:00;13.6;89;4.8;0.0;0.0
2025-12-11T18:00;13.2;88;5.4;0.0;0.0
2025-12-11T19:00;12.5;87;6.1;0.0;0.0
2025-12-11T20:00;11.3;88;6.6;0.0;0.0
2025-12-11T21:00;11.0;85;6.2;0.0;0.0
2025-12-11T22:00;10.9;84;5.0;0.0;0.0
2025-12-11T23:00;10.9;83;3.8;0.0;0.0
2025-12-12T00:00;11.1;87;2.9;0.0;0.0
2025-12-12T01:00;11.2;86;3.2;0.0;0.0
2025-12-12T02:00;11.4;84;2.8;0.0;0.0
2025-12-12T03:00;11.7;82;2.4;0.0;0.0
2025-12-12T04:00;11.6;82;2.1;0.0;0.0
2025-12-12T05:00;11.6;81;3.1;0.0;0.0
2025-12-12T06:00;11.5;79;3.4;0.0;0.0
2025-12-12T07:00;12.0;77;5.8;23.0;14.0
2025-12-12T08:00;13.8;76;6.9;147.0;55.0
2025-12-12T09:00;15.3;72;5.9;289.0;77.0
2025-12-12T10:00;16.2;68;5.7;391.0;98.0
2025-12-12T11:00;16.8;65;6.0;441.0;111.0
2025-12-12T12:00;16.8;66;7.7;435.0;122.0
2025-12-12T13:00;16.5;70;8.0;399.0;85.0
2025-12-12T14:00;15.9;75;7.4;290.0;77.0
2025-12-12T15:00;15.0;80;6.5;146.0;59.0
2025-12-12T16:00;13.7;88;4.6;23.0;15.0
2025-12-12T17:00;13.4;89;5.0;0.0;0.0
2025-12-12T18:00;13.5;87;6.2;0.0;0.0
2025-12-12T19:00;13.3;87;6.5;0.0;0.0
2025-12-12T20:00;12.8;88;6.5;0.0;0.0
2025-12-12T21:00;11.9;88;6.7;0.0;0.0
2025-12-12T22:00;11.3;87;6.3;0.0;0.0
2025-12-12T23:00;10.7;87;5.5;0.0;0.0
2025-12-13T00:00;10.2;86;3.4;0.0;0.0
2025-12-13T01:00;10.6;85;3.0;0.0;0.0
2025-12-13T02:00;11.5;80;3.3;0.0;0.0
2025-12-13T03:00;11.7;78;3.8;0.0;0.0
2025-12-13T04:00;11.8;78;3.8;0.0;0.0
2025-12-13T05:00;11.8;78;3.8;0.0;0.0
2025-12-13T06:00;11.4;80;3.1;0.0;0.0
2025-12-13T07:00;12.1;79;2.7;22.0;13.0
2025-12-13T08:00;14.1;77;2.3;144.0;55.0
2025-12-13T09:00;15.3;73;3.2;285.0;75.0
2025-12-13T10:00;16.1;70;4.4;393.0;84.0
2025-12-13T11:00;16.6;69;5.2;451.0;89.0
2025-12-13T12:00;16.6;70;6.7;453.0;88.0
2025-12-13T13:00;16.5;73;7.9;374.0;103.0
2025-12-13T14:00;15.9;77;7.3;274.0;88.0
2025-12-13T15:00;15.0;80;5.8;142.0;58.0
2025-12-13T16:00;13.9;88;3.4;23.0;14.0
2025-12-13T17:00;13.4;90;5.5;0.0;0.0
2025-12-13T18:00;13.2;89;5.8;0.0;0.0
2025-12-13T19:00;12.5;89;7.0;0.0;0.0
2025-12-13T20:00;11.8;88;6.6;0.0;0.0
2025-12-13T21:00;11.0;88;4.2;0.0;0.0
2025-12-13T22:00;10.9;87;2.5;0.0;0.0
2025-12-13T23:00;10.9;87;2.7;0.0;0.0
2025-12-14T00:00;10.6;87;2.1;0.0;0.0
2025-12-14T01:00;10.5;88;2.3;0.0;0.0
2025-12-14T02:00;10.6;89;2.1;0.0;0.0
2025-12-14T03:00;10.6;88;2.6;0.0;0.0
2025-12-14T04:00;10.7;87;2.8;0.0;0.0
2025-12-14T05:00;10.8;84;2.4;0.0;0.0
2025-12-14T06:00;10.5;88;1.2;0.0;0.0
2025-12-14T07:00;10.9;85;2.3;18.0;16.0
2025-12-14T08:00;13.0;81;3.1;114.0;81.0
2025-12-14T09:00;15.7;70;1.0;262.0;101.0
2025-12-14T10:00;16.7;64;3.5;369.0;118.0
2025-12-14T11:00;17.0;65;5.8;384.0;184.0
2025-12-14T12:00;17.1;70;6.7;415.0;142.0
2025-12-14T13:00;17.1;69;6.8;376.0;110.0
2025-12-14T14:00;16.3;72;6.4;282.0;79.0
2025-12-14T15:00;15.5;73;5.0;142.0;58.0
2025-12-14T16:00;14.3;81;4.4;23.0;14.0
2025-12-14T17:00;13.8;85;5.2;0.0;0.0
2025-12-14T18:00;13.7;86;5.1;0.0;0.0
2025-12-14T19:00;13.5;85;5.8;0.0;0.0
2025-12-14T20:00;13.2;84;6.1;0.0;0.0
2025-12-14T21:00;12.7;83;6.2;0.0;0.0
2025-12-14T22:00;11.7;84;4.6;0.0;0.0
2025-12-14T23:00;10.9;84;2.7;0.0;0.0
2025-12-15T00:00;11.7;82;1.5;0.0;0.0
2025-12-15T01:00;12.0;80;1.8;0.0;0.0
2025-12-15T02:00;12.1;79;3.1;0.0;0.0
2025-12-15T03:00;12.1;78;2.7;0.0;0.0
2025-12-15T04:00;12.1;77;2.9;0.0;0.0
2025-12-15T05:00;11.8;78;3.7;0.0;0.0
2025-12-15T06:00;11.3;79;2.8;0.0;0.0
2025-12-15T07:00;12.0;77;2.9;20.0;12.0
2025-12-15T08:00;14.4;70;1.7;141.0;54.0
2025-12-15T09:00;16.5;61;1.8;283.0;73.0
2025-12-15T10:00;17.5;58;3.9;388.0;90.0
2025-12-15T11:00;18.0;57;3.7;372.0;183.0
2025-12-15T12:00;18.6;54;5.5;374.0;190.0
2025-12-15T13:00;18.7;54;6.7;335.0;167.0
2025-12-15T14:00;17.9;65;8.1;266.0;102.0
2025-12-15T15:00;16.9;74;6.7;110.0;84.0
2025-12-15T16:00;15.8;79;4.8;19.0;17.0
2025-12-15T17:00;15.2;77;6.7;0.0;0.0
2025-12-15T18:00;15.6;70;9.7;0.0;0.0
2025-12-15T19:00;15.1;70;9.8;0.0;0.0
2025-12-15T20:00;14.5;72;11.9;0.0;0.0
2025-12-15T21:00;14.7;71;10.9;0.0;0.0
2025-12-15T22:00;14.8;71;9.5;0.0;0.0
2025-12-15T23:00;14.7;73;9.8;0.0;0.0
2025-12-16T00:00;14.6;76;8.0;0.0;0.0
2025-12-16T01:00;15.0;74;7.5;0.0;0.0
2025-12-16T02:00;15.3;71;11.1;0.0;0.0
2025-12-16T03:00;15.3;71;11.7;0.0;0.0
2025-12-16T04:00;15.1;75;16.3;0.0;0.0
2025-12-16T05:00;14.9;78;21.8;0.0;0.0
2025-12-16T06:00;15.1;79;18.4;0.0;0.0
2025-12-16T07:00;14.9;83;17.4;2.0;2.0
2025-12-16T08:00;14.9;83;15.7;15.0;15.0
2025-12-16T09:00;15.2;84;16.5;58.0;58.0
2025-12-16T10:00;15.1;86;22.5;62.0;62.0
2025-12-16T11:00;15.2;93;19.4;129.0;126.0
2025-12-16T12:00;15.3;95;18.9;104.0;95.0
2025-12-16T13:00;15.0;97;11.4;35.0;35.0
2025-12-16T14:00;15.5;98;2.4;36.0;36.0
2025-12-16T15:00;16.2;90;2.7;93.0;68.0
2025-12-16T16:00;14.4;88;4.6;22.0;15.0
2025-12-16T17:00;14.8;85;8.6;0.0;0.0
2025-12-16T18:00;14.7;87;6.3;0.0;0.0
2025-12-16T19:00;14.2;87;4.2;0.0;0.0
2025-12-16T20:00;13.6;86;2.0;0.0;0.0
2025-12-16T21:00;13.5;86;2.7;0.0;0.0
2025-12-16T22:00;13.6;85;1.5;0.0;0.0
2025-12-16T23:00;13.9;87;2.6;0.0;0.0
2025-12-17T00:00;14.4;86;0.5;0.0;0.0
2025-12-17T01:00;13.4;89;2.4;0.0;0.0
2025-12-17T02:00;13.0;89;2.7;0.0;0.0
2025-12-17T03:00;12.6;89;3.1;0.0;0.0
2025-12-17T04:00;12.0;91;4.5;0.0;0.0
2025-12-17T05:00;12.0;90;5.4;0.0;0.0
2025-12-17T06:00;12.4;86;4.9;0.0;0.0
2025-12-17T07:00;12.4;88;3.9;19.0;12.0
2025-12-17T08:00;14.5;90;4.5;135.0;55.0
2025-12-17T09:00;17.0;86;4.1;268.0;85.0
2025-12-17T10:00;18.3;74;3.4;381.0;97.0
2025-12-17T11:00;18.8;72;5.6;428.0;122.0
2025-12-17T12:00;19.0;74;8.9;450.0;90.0
2025-12-17T13:00;18.5;82;6.5;347.0;98.0
2025-12-17T14:00;17.7;86;5.9;269.0;79.0
2025-12-17T15:00;16.9;87;5.3;134.0;69.0
2025-12-17T16:00;16.0;89;5.1;22.0;18.0
2025-12-17T17:00;15.4;86;5.4;0.0;0.0
2025-12-17T18:00;15.3;83;6.2;0.0;0.0
2025-12-17T19:00;14.9;84;5.7;0.0;0.0
2025-12-17T20:00;14.5;84;5.6;0.0;0.0
2025-12-17T21:00;14.5;83;6.6;0.0;0.0
2025-12-17T22:00;14.5;81;9.1;0.0;0.0
2025-12-17T23:00;14.7;82;9.3;0.0;0.0
2025-12-18T00:00;14.8;80;8.2;0.0;0.0
2025-12-18T01:00;14.9;80;8.4;0.0;0.0
2025-12-18T02:00;14.7;81;8.2;0.0;0.0
2025-12-18T03:00;14.6;80;8.3;0.0;0.0
2025-12-18T04:00;14.3;81;8.6;0.0;0.0
2025-12-18T05:00;14.0;82;8.9;0.0;0.0
2025-12-18T06:00;13.9;84;8.5;0.0;0.0
2025-12-18T07:00;14.5;84;9.3;16.0;13.0
2025-12-18T08:00;16.2;83;8.5;122.0;71.0
2025-12-18T09:00;18.3;74;6.6;257.0;101.0
2025-12-18T10:00;19.4;68;6.6;365.0;115.0
2025-12-18T11:00;19.7;68;7.5;426.0;117.0
2025-12-18T12:00;19.7;74;8.3;439.0;100.0
2025-12-18T13:00;19.2;83;7.3;386.0;89.0
2025-12-18T14:00;18.4;88;6.5;275.0;77.0
2025-12-18T15:00;17.5;89;3.5;148.0;54.0
2025-12-18T16:00;16.1;92;2.4;25.0;14.0
2025-12-18T17:00;16.2;87;4.1;0.0;0.0
2025-12-18T18:00;15.1;85;1.2;0.0;0.0
2025-12-18T19:00;15.0;76;0.8;0.0;0.0
2025-12-18T20:00;15.2;71;2.2;0.0;0.0
2025-12-18T21:00;14.5;75;4.0;0.0;0.0
2025-12-18T22:00;13.8;79;3.4;0.0;0.0
2025-12-18T23:00;13.5;82;3.1;0.0;0.0
2025-12-19T00:00;13.4;83;3.1;0.0;0.0
2025-12-19T01:00;13.6;82;1.3;0.0;0.0
2025-12-19T02:00;13.9;78;3.4;0.0;0.0
2025-12-19T03:00;13.7;78;3.3;0.0;0.0
2025-12-19T04:00;13.7;76;2.4;0.0;0.0
2025-12-19T05:00;13.7;74;2.5;0.0;0.0
2025-12-19T06:00;13.4;75;2.5;0.0;0.0
2025-12-19T07:00;13.4;78;3.1;15.0;13.0
2025-12-19T08:00;14.5;83;4.0;113.0;75.0
2025-12-19T09:00;17.0;64;3.1;235.0;122.0
2025-12-19T10:00;18.0;61;4.2;377.0;90.0
2025-12-19T11:00;18.1;64;6.3;386.0;161.0
2025-12-19T12:00;17.9;66;7.1;345.0;189.0
2025-12-19T13:00;17.5;69;7.6;367.0;93.0
2025-12-19T14:00;16.7;77;6.5;215.0;137.0
2025-12-19T15:00;15.9;82;4.8;56.0;55.0
2025-12-19T16:00;15.0;89;7.0;6.0;6.0
2025-12-19T17:00;14.6;93;6.0;0.0;0.0
2025-12-19T18:00;14.7;91;6.3;0.0;0.0
2025-12-19T19:00;14.8;89;4.0;0.0;0.0
2025-12-19T20:00;14.7;89;4.2;0.0;0.0
2025-12-19T21:00;14.5;88;4.3;0.0;0.0
2025-12-19T22:00;13.9;88;4.3;0.0;0.0
2025-12-19T23:00;13.6;87;2.9;0.0;0.0
2025-12-20T00:00;13.9;90;5.5;0.0;0.0
2025-12-20T01:00;13.6;93;2.3;0.0;0.0
2025-12-20T02:00;14.0;90;1.1;0.0;0.0
2025-12-20T03:00;14.3;84;2.0;0.0;0.0
2025-12-20T04:00;14.2;80;2.0;0.0;0.0
2025-12-20T05:00;14.3;79;4.0;0.0;0.0
2025-12-20T06:00;13.8;86;5.2;0.0;0.0
2025-12-20T07:00;13.9;86;3.8;13.0;10.0
2025-12-20T08:00;14.9;88;4.4;65.0;64.0
2025-12-20T09:00;15.9;83;4.4;193.0;133.0
2025-12-20T10:00;16.5;81;5.5;283.0;151.0
2025-12-20T11:00;16.4;82;7.1;285.0;180.0
2025-12-20T12:00;16.5;83;7.3;200.0;154.0
2025-12-20T13:00;16.3;83;4.2;317.0;121.0
2025-12-20T14:00;16.3;80;3.4;256.0;92.0
2025-12-20T15:00;15.8;83;4.7;141.0;58.0
2025-12-20T16:00;14.7;92;3.3;23.0;15.0
2025-12-20T17:00;14.2;93;3.0;0.0;0.0
2025-12-20T18:00;14.6;91;5.8;0.0;0.0
2025-12-20T19:00;14.2;92;4.4;0.0;0.0
2025-12-20T20:00;14.1;90;3.0;0.0;0.0
2025-12-20T21:00;13.7;89;2.9;0.0;0.0
2025-12-20T22:00;13.7;89;3.1;0.0;0.0
2025-12-20T23:00;13.7;90;3.2;0.0;0.0
2025-12-21T00:00;13.1;87;3.3;0.0;0.0
2025-12-21T01:00;12.7;88;3.6;0.0;0.0
2025-12-21T02:00;12.5;87;3.1;0.0;0.0
2025-12-21T03:00;12.4;86;4.0;0.0;0.0
2025-12-21T04:00;12.7;86;4.6;0.0;0.0
2025-12-21T05:00;12.8;86;5.1;0.0;0.0
2025-12-21T06:00;12.7;84;5.4;0.0;0.0
2025-12-21T07:00;13.5;83;6.7;11.0;10.0
2025-12-21T08:00;14.9;79;7.4;99.0;63.0
2025-12-21T09:00;15.4;78;7.7;164.0;141.0
2025-12-21T10:00;15.7;78;7.8;169.0;159.0
2025-12-21T11:00;15.5;80;7.7;113.0;111.0
2025-12-21T12:00;15.7;81;9.1;70.0;70.0
2025-12-21T13:00;15.2;89;9.1;65.0;65.0
2025-12-21T14:00;14.8;95;9.9;71.0;71.0
2025-12-21T15:00;14.7;94;10.1;36.0;36.0
2025-12-21T16:00;14.3;96;9.9;10.0;10.0
2025-12-21T17:00;14.1;94;8.0;0.0;0.0
2025-12-21T18:00;14.1;93;7.7;0.0;0.0
2025-12-21T19:00;13.5;92;6.3;0.0;0.0
2025-12-21T20:00;13.0;91;5.5;0.0;0.0
2025-12-21T21:00;12.4;90;5.8;0.0;0.0
2025-12-21T22:00;11.9;90;5.1;0.0;0.0
2025-12-21T23:00;11.5;89;4.5;0.0;0.0
2025-12-22T00:00;12.2;89;4.9;0.0;0.0
2025-12-22T01:00;12.0;89;3.6;0.0;0.0
2025-12-22T02:00;11.8;88;3.3;0.0;0.0
2025-12-22T03:00;11.6;88;3.7;0.0;0.0
2025-12-22T04:00;11.6;87;3.8;0.0;0.0
2025-12-22T05:00;11.1;88;3.7;0.0;0.0
2025-12-22T06:00;11.2;87;4.6;0.0;0.0
2025-12-22T07:00;11.6;87;4.7;15.0;11.0
2025-12-22T08:00;13.8;88;5.5;124.0;57.0
2025-12-22T09:00;16.3;81;3.4;268.0;76.0
2025-12-22T10:00;16.8;81;4.7;378.0;85.0
2025-12-22T11:00;17.0;74;6.6;432.0;95.0
2025-12-22T12:00;17.5;71;5.0;380.0;103.0
2025-12-22T13:00;17.0;74;5.4;294.0;106.0
2025-12-22T14:00;15.8;85;5.3;194.0;93.0
2025-12-22T15:00;15.3;88;4.4;91.0;51.0
2025-12-22T16:00;13.6;92;2.1;26.0;15.0
2025-12-22T17:00;13.1;91;1.7;0.0;0.0
2025-12-22T18:00;13.7;88;2.3;0.0;0.0
2025-12-22T19:00;12.9;90;3.0;0.0;0.0
2025-12-22T20:00;12.3;90;4.5;0.0;0.0
2025-12-22T21:00;12.1;88;6.4;0.0;0.0
2025-12-22T22:00;12.0;86;4.8;0.0;0.0
2025-12-22T23:00;12.0;86;3.1;0.0;0.0
2025-12-23T00:00;12.9;84;2.4;0.0;0.0
2025-12-23T01:00;12.9;83;2.3;0.0;0.0
2025-12-23T02:00;13.6;83;1.8;0.0;0.0
2025-12-23T03:00;13.0;86;2.3;0.0;0.0
2025-12-23T04:00;12.6;86;2.2;0.0;0.0
2025-12-23T05:00;13.5;81;4.9;0.0;0.0
2025-12-23T06:00;13.1;83;2.8;0.0;0.0
2025-12-23T07:00;12.9;84;1.1;12.0;10.0
2025-12-23T08:00;14.6;78;1.5;119.0;52.0
2025-12-23T09:00;15.4;77;3.8;230.0;94.0
2025-12-23T10:00;16.1;70;3.4;353.0;118.0
2025-12-23T11:00;15.4;69;7.5;388.0;119.0
2025-12-23T12:00;14.1;73;5.8;210.0;164.0
2025-12-23T13:00;13.3;76;5.9;119.0;107.0
2025-12-23T14:00;13.2;77;4.7;131.0;121.0
2025-12-23T15:00;11.6;92;7.1;41.0;41.0
2025-12-23T16:00;10.9;85;13.9;14.0;13.0
2025-12-23T17:00;10.3;81;14.4;0.0;0.0
2025-12-23T18:00;9.8;76;20.0;0.0;0.0
2025-12-23T19:00;9.9;78;14.0;0.0;0.0
2025-12-23T20:00;10.1;78;11.3;0.0;0.0
2025-12-23T21:00;10.6;77;12.7;0.0;0.0
2025-12-23T22:00;10.4;79;12.7;0.0;0.0
2025-12-23T23:00;10.6;78;9.6;0.0;0.0
2025-12-24T00:00;11.1;73;9.7;0.0;0.0
2025-12-24T01:00;11.2;71;7.6;0.0;0.0
2025-12-24T02:00;10.9;66;6.1;0.0;0.0
2025-12-24T03:00;11.2;62;8.2;0.0;0.0
2025-12-24T04:00;10.1;67;4.6;0.0;0.0
2025-12-24T05:00;9.9;69;2.8;0.0;0.0
2025-12-24T06:00;9.3;78;3.6;0.0;0.0
2025-12-24T07:00;10.4;75;5.8;15.0;9.0
2025-12-24T08:00;12.4;66;7.8;132.0;49.0
2025-12-24T09:00;14.0;56;8.8;278.0;72.0
2025-12-24T10:00;14.7;53;12.4;381.0;98.0
2025-12-24T11:00;15.1;51;12.6;426.0;109.0
2025-12-24T12:00;14.8;52;14.5;456.0;95.0
2025-12-24T13:00;14.8;53;11.9;311.0;161.0
2025-12-24T14:00;14.6;56;10.7;213.0;110.0
2025-12-24T15:00;13.8;61;10.7;158.0;55.0
2025-12-24T16:00;12.7;65;7.1;30.0;16.0
2025-12-24T17:00;12.1;67;6.3;0.0;0.0
2025-12-24T18:00;12.0;69;7.2;0.0;0.0
2025-12-24T19:00;11.3;73;4.0;0.0;0.0
2025-12-24T20:00;11.5;73;3.8;0.0;0.0
2025-12-24T21:00;11.0;81;3.5;0.0;0.0
2025-12-24T22:00;10.2;85;2.7;0.0;0.0
2025-12-24T23:00;10.0;84;2.6;0.0;0.0
2025-12-25T00:00;9.5;80;3.3;0.0;0.0
2025-12-25T01:00;10.4;75;4.3;0.0;0.0
2025-12-25T02:00;10.5;75;4.2;0.0;0.0
2025-12-25T03:00;10.6;75;4.0;0.0;0.0
2025-12-25T04:00;10.6;74;4.7;0.0;0.0
2025-12-25T05:00;11.1;75;5.1;0.0;0.0
2025-12-25T06:00;11.4;76;8.0;0.0;0.0
2025-12-25T07:00;11.6;78;10.7;13.0;9.0
2025-12-25T08:00;13.2;74;10.4;118.0;54.0
2025-12-25T09:00;15.1;69;6.0;248.0;85.0
2025-12-25T10:00;16.4;62;4.1;366.0;85.0
2025-12-25T11:00;16.9;56;4.3;386.0;123.0
2025-12-25T12:00;16.2;59;7.1;375.0;130.0
2025-12-25T13:00;15.4;71;8.0;225.0;132.0
2025-12-25T14:00;14.3;82;8.1;164.0;98.0
2025-12-25T15:00;14.4;83;6.0;123.0;64.0
2025-12-25T16:00;12.8;90;3.1;24.0;14.0
2025-12-25T17:00;12.0;92;2.9;0.0;0.0
2025-12-25T18:00;12.2;94;1.8;0.0;0.0
2025-12-25T19:00;11.5;94;2.3;0.0;0.0
2025-12-25T20:00;11.4;92;2.6;0.0;0.0
2025-12-25T21:00;10.8;90;2.4;0.0;0.0
2025-12-25T22:00;10.8;88;2.6;0.0;0.0
2025-12-25T23:00;10.7;87;3.1;0.0;0.0
2025-12-26T00:00;11.7;85;4.4;0.0;0.0
2025-12-26T01:00;12.2;85;3.8;0.0;0.0
2025-12-26T02:00;11.8;85;2.9;0.0;0.0
2025-12-26T03:00;11.9;83;2.9;0.0;0.0
2025-12-26T04:00;12.0;80;3.3;0.0;0.0
2025-12-26T05:00;12.1;78;5.0;0.0;0.0
2025-12-26T06:00;11.7;81;6.4;0.0;0.0
2025-12-26T07:00;12.3;84;8.3;12.0;11.0
2025-12-26T08:00;14.0;83;9.5;100.0;69.0
2025-12-26T09:00;15.8;74;8.6;238.0;106.0
2025-12-26T10:00;16.9;68;8.1;360.0;110.0
2025-12-26T11:00;17.1;67;9.0;374.0;172.0
2025-12-26T12:00;16.1;76;4.9;263.0;211.0
2025-12-26T13:00;16.0;78;4.0;157.0;136.0
2025-12-26T14:00;15.9;79;5.2;96.0;95.0
2025-12-26T15:00;15.6;82;5.8;63.0;54.0
2025-12-26T16:00;14.9;84;5.2;17.0;16.0
2025-12-26T17:00;14.2;83;3.6;0.0;0.0
2025-12-26T18:00;13.5;89;2.8;0.0;0.0
2025-12-26T19:00;13.8;82;4.9;0.0;0.0
2025-12-26T20:00;13.2;80;6.3;0.0;0.0
2025-12-26T21:00;12.7;79;7.7;0.0;0.0
2025-12-26T22:00;12.2;78;6.4;0.0;0.0
2025-12-26T23:00;12.1;76;5.9;0.0;0.0
2025-12-27T00:00;12.6;73;6.1;0.0;0.0
2025-12-27T01:00;12.9;73;6.3;0.0;0.0
2025-12-27T02:00;12.6;75;5.3;0.0;0.0
2025-12-27T03:00;12.1;77;6.0;0.0;0.0
2025-12-27T04:00;11.7;78;5.8;0.0;0.0
2025-12-27T05:00;11.6;79;7.7;0.0;0.0
2025-12-27T06:00;11.9;76;5.6;0.0;0.0
2025-12-27T07:00;12.1;77;5.6;13.0;8.0
2025-12-27T08:00;14.1;76;4.8;124.0;50.0
2025-12-27T09:00;15.8;65;3.9;268.0;72.0
2025-12-27T10:00;16.5;62;4.8;381.0;82.0
2025-12-27T11:00;16.8;63;7.1;445.0;86.0
2025-12-27T12:00;16.5;71;6.6;451.0;88.0
2025-12-27T13:00;16.4;72;9.1;397.0;88.0
2025-12-27T14:00;15.9;76;8.2;266.0;77.0
2025-12-27T15:00;15.5;79;4.9;141.0;57.0
2025-12-27T16:00;14.2;88;3.3;29.0;16.0
2025-12-27T17:00;13.6;90;2.9;0.0;0.0
2025-12-27T18:00;13.4;89;3.2;0.0;0.0
2025-12-27T19:00;13.5;87;4.3;0.0;0.0
2025-12-27T20:00;13.2;88;5.0;0.0;0.0
2025-12-27T21:00;12.2;88;5.6;0.0;0.0
2025-12-27T22:00;11.3;87;4.4;0.0;0.0
2025-12-27T23:00;10.1;90;2.6;0.0;0.0
2025-12-28T00:00;10.9;88;1.8;0.0;0.0
2025-12-28T01:00;11.4;86;2.6;0.0;0.0
2025-12-28T02:00;11.4;85;3.5;0.0;0.0
2025-12-28T03:00;11.2;87;4.1;0.0;0.0
2025-12-28T04:00;11.2;88;4.7;0.0;0.0
2025-12-28T05:00;11.0;88;4.0;0.0;0.0
2025-12-28T06:00;10.6;88;3.9;0.0;0.0
2025-12-28T07:00;10.2;90;4.5;12.0;9.0
2025-12-28T08:00;11.9;89;3.5;108.0;64.0
2025-12-28T09:00;14.0;84;1.5;239.0;111.0
2025-12-28T10:00;14.7;80;2.0;380.0;94.0
2025-12-28T11:00;15.1;76;2.8;444.0;102.0
2025-12-28T12:00;15.7;73;3.4;461.0;93.0
2025-12-28T13:00;15.9;71;5.4;415.0;85.0
2025-12-28T14:00;15.2;75;7.0;314.0;73.0
2025-12-28T15:00;14.3;78;6.5;172.0;57.0
2025-12-28T16:00;12.8;88;2.9;35.0;18.0
2025-12-28T17:00;12.5;86;0.3;0.0;0.0
2025-12-28T18:00;12.0;86;0.7;0.0;0.0
2025-12-28T19:00;11.2;87;1.2;0.0;0.0
2025-12-28T20:00;10.7;87;1.0;0.0;0.0
2025-12-28T21:00;10.6;85;2.2;0.0;0.0
2025-12-28T22:00;10.0;86;3.9;0.0;0.0
2025-12-28T23:00;9.5;88;4.6;0.0;0.0
2025-12-29T00:00;9.1;84;4.6;0.0;0.0
2025-12-29T01:00;9.6;84;4.1;0.0;0.0
2025-12-29T02:00;9.9;83;3.4;0.0;0.0
2025-12-29T03:00;10.0;82;3.6;0.0;0.0
2025-12-29T04:00;10.4;80;4.6;0.0;0.0
2025-12-29T05:00;10.5;79;4.5;0.0;0.0
2025-12-29T06:00;9.6;79;2.3;0.0;0.0
2025-12-29T07:00;9.9;80;2.8;14.0;9.0
2025-12-29T08:00;11.9;81;2.1;124.0;57.0
2025-12-29T09:00;13.5;76;0.9;235.0;122.0
2025-12-29T10:00;14.2;75;2.6;340.0;152.0
2025-12-29T11:00;14.7;74;3.4;371.0;200.0
2025-12-29T12:00;14.9;72;4.5;360.0;218.0
2025-12-29T13:00;14.6;74;6.3;313.0;203.0
2025-12-29T14:00;14.1;77;5.1;207.0;154.0
2025-12-29T15:00;13.5;80;4.7;108.0;94.0
2025-12-29T16:00;12.0;86;2.5;28.0;25.0
2025-12-29T17:00;11.5;87;1.5;0.0;0.0
2025-12-29T18:00;11.0;87;1.8;0.0;0.0
2025-12-29T19:00;10.5;85;2.5;0.0;0.0
2025-12-29T20:00;10.0;84;2.6;0.0;0.0
2025-12-29T21:00;9.8;85;2.7;0.0;0.0
2025-12-29T22:00;9.7;84;2.3;0.0;0.0
2025-12-29T23:00;9.6;84;2.5;0.0;0.0
2025-12-30T00:00;9.8;82;1.9;0.0;0.0
2025-12-30T01:00;10.0;81;3.1;0.0;0.0
2025-12-30T02:00;10.2;80;3.3;0.0;0.0
2025-12-30T03:00;10.6;79;4.1;0.0;0.0
2025-12-30T04:00;10.7;79;5.9;0.0;0.0
2025-12-30T05:00;10.6;81;6.4;0.0;0.0
2025-12-30T06:00;10.3;83;6.9;0.0;0.0
2025-12-30T07:00;10.8;84;6.7;8.0;7.0
2025-12-30T08:00;12.3;82;6.1;86.0;63.0
2025-12-30T09:00;13.6;76;6.0;226.0;110.0
2025-12-30T10:00;14.3;71;8.4;341.0;98.0
2025-12-30T11:00;14.4;69;13.6;419.0;105.0
2025-12-30T12:00;15.0;63;15.0;409.0;104.0
2025-12-30T13:00;14.3;74;10.4;286.0;119.0
2025-12-30T14:00;13.7;75;12.6;263.0;93.0
2025-12-30T15:00;13.4;84;8.8;120.0;70.0
2025-12-30T16:00;12.4;89;12.6;32.0;18.0
2025-12-30T17:00;11.9;90;11.4;0.0;0.0
2025-12-30T18:00;11.9;88;9.7;0.0;0.0
2025-12-30T19:00;12.6;88;9.9;0.0;0.0
2025-12-30T20:00;12.7;82;12.0;0.0;0.0
2025-12-30T21:00;12.3;86;15.0;0.0;0.0
2025-12-30T22:00;12.1;85;14.5;0.0;0.0
2025-12-30T23:00;11.6;88;11.5;0.0;0.0
2025-12-31T00:00;11.1;90;11.6;0.0;0.0
2025-12-31T01:00;11.2;90;10.9;0.0;0.0
2025-12-31T02:00;10.9;93;10.1;0.0;0.0
2025-12-31T03:00;10.6;91;11.2;0.0;0.0
2025-12-31T04:00;10.3;90;10.0;0.0;0.0
2025-12-31T05:00;10.4;87;9.3;0.0;0.0
2025-12-31T06:00;10.4;87;7.7;0.0;0.0
2025-12-31T07:00;10.6;87;8.3;11.0;8.0
2025-12-31T08:00;11.7;89;7.9;103.0;50.0
2025-12-31T09:00;13.1;80;4.9;203.0;78.0
2025-12-31T10:00;13.0;78;6.4;324.0;100.0
2025-12-31T11:00;12.8;80;4.3;285.0;105.0
2025-12-31T12:00;14.0;74;6.9;376.0;124.0
2025-12-31T13:00;13.5;76;5.2;293.0;111.0
2025-12-31T14:00;13.6;75;4.8;271.0;81.0
2025-12-31T15:00;12.9;80;7.2;153.0;62.0
2025-12-31T16:00;11.0;92;2.9;32.0;17.0
2025-12-31T17:00;10.4;92;3.1;0.0;0.0
2025-12-31T18:00;10.6;94;5.9;0.0;0.0
2025-12-31T19:00;9.9;94;0.8;0.0;0.0
2025-12-31T20:00;10.1;96;4.2;0.0;0.0
2025-12-31T21:00;10.4;94;6.3;0.0;0.0
2025-12-31T22:00;9.8;95;4.5;0.0;0.0
2025-12-31T23:00;9.6;95;3.2;0.0;0.0