time_h,mode,T_btes_C,T_aria_C,Tw_in_C,Tw_out_C,Q_rtc_W,Q_dc_W,Q_solar_W,Q_dc_demand_W,T_dc_ret_C,Ta_C,Tb_C,Tc_C,Td_C,n_iter,mpc_best_reward,threshold_mode,threshold_reward,mpc_gain,mpc_changed,mpc_n_candidates
1.0,idle,20.0,22.7,,,0.0,0.0,0.0,0.0,22.7,20.0,20.0,20.0,20.0,1,1.7824834901764852,idle,1.7824834901764852,0.0,False,1
2.0,idle,20.0,22.4,,,0.0,0.0,0.0,0.0,22.4,20.0,20.0,20.0,20.0,1,2.5212852586021626,idle,2.5212852586021626,0.0,False,1
3.0,idle,20.0,22.0,,,0.0,0.0,0.0,0.0,22.0,20.0,20.0,20.0,20.0,1,3.331943948010594,idle,3.331943948010594,0.0,False,1
4.0,idle,20.0,21.9,,,0.0,0.0,0.0,0.0,21.9,20.0,20.0,20.0,20.0,1,4.1720667484792315,idle,4.1720667484792315,0.0,False,1
5.0,idle,20.0,21.8,,,0.0,0.0,0.0,0.0,21.8,20.0,20.0,20.0,20.0,1,4.9950916568913035,idle,4.9950916568913035,0.0,False,1
6.0,idle,20.0,22.7,,,0.0,0.0,0.0,0.0,22.7,20.0,20.0,20.0,20.0,1,5.755184803624924,idle,5.755184803624924,0.0,False,1
7.0,charge,20.010985042571228,24.7,20.010985042571235,20.02379708150312,16.49264084325404,0.0,378.5085000002512,0.0,24.7,21.852619217381573,20.112158064129915,20.000778857964576,20.00000054668874,2,6.413679355232319,charge,6.413679355232319,0.0,False,2
8.0,charge,20.05555287644669,25.7,20.05555287644671,20.09941539802776,81.67715554372002,0.0,803.500500000077,0.0,25.7,25.802820798646735,20.395938334917844,20.004587990391485,20.000005745656495,2,6.396177692128207,charge,6.396177692128207,0.0,False,2
9.0,charge,20.137355044986133,26.8,20.137355044986123,20.224357047135754,196.51335894451552,0.0,1224.0654999998496,0.0,26.8,31.084869276880568,20.81499766878028,20.01367641562223,20.000024943962387,2,6.312595095876847,charge,6.312595095876847,0.0,False,2
10.0,charge,20.245279321881743,27.7,20.245279321881753,20.379191421860412,341.09711620799095,0.0,1591.506500001185,0.0,27.7,36.78712880389145,21.298045213009573,20.029347649030285,20.00007149321692,2,6.113509851285959,charge,6.113509851285959,0.0,False,2
11.0,charge,20.364085832713076,28.3,20.3640858327131,20.54195374806295,492.1590327366673,0.0,1865.9805000008812,0.0,28.3,42.14121896675982,21.77642114961219,20.051821429455345,20.00016039237113,2,5.769528496448757,charge,5.769528496448757,0.0,False,2
12.0,charge,20.478864721180972,28.4,20.47886472118097,20.692166462193427,629.1597328863612,0.0,2020.925500001129,0.0,28.4,46.45986873477972,22.18860412866684,20.080366074881624,20.000306015444778,2,5.274531407242361,charge,5.274531407242361,0.0,False,2
13.0,charge,20.57794213537873,28.4,20.57794213537875,20.81624754060806,737.7487579129528,0.0,2047.48750000061,0.0,28.4,49.56541088989485,22.505286422461836,20.113593369172747,20.000520253905677,2,4.6428680620599385,charge,4.6428680620599385,0.0,False,2
14.0,charge,20.65439707674118,28.2,20.65439707674119,20.905559627270804,811.1147044635334,0.0,1943.4530000010448,0.0,28.2,51.15977747927508,22.702152889782212,20.149809021286217,20.000811539520043,2,3.903086459966267,charge,3.903086459966267,0.0,False,2
15.0,charge,20.701416123423893,28.3,20.701416123423883,20.951549712814995,842.2486134161372,0.0,1719.8895000008415,0.0,28.3,51.039611790124354,22.757909099403946,20.187005695772427,20.001184158735498,2,3.090702709713115,charge,3.090702709713115,0.0,False,2
16.0,charge,20.713963580268118,27.8,20.713963580268114,20.94864874787902,826.7143603256529,0.0,1390.0779999988474,0.0,27.8,49.14445803323048,22.662059572517194,20.222990691484256,20.001637689821848,2,2.248014276575626,charge,2.248014276575626,0.0,False,2
17.0,charge,20.690468749949964,27.3,20.690468749949957,20.896843296686882,765.0043295009322,0.0,989.4345000003254,0.0,27.3,45.68119543021464,22.42401496956637,20.25561928668469,20.00216683641935,2,1.4218675677380346,charge,1.4218675677380346,0.0,False,2
18.0,charge,20.634209694289147,26.6,20.634209694289154,20.802905415698717,664.2389638697239,0.0,555.5884999996352,0.0,26.6,41.07356900359474,22.07324923732733,20.283102428951736,20.002761890153465,2,0.6642389638697239,charge,0.6642389638697239,0.0,False,2
19.0,idle,20.19517273846202,25.9,,,0.0,0.0,0.0,0.0,25.9,41.07356900359474,22.07324923732733,20.283102428951736,20.002761890153465,1,0.0,idle,0.0,0.0,False,1
20.0,idle,20.15377357496644,25.1,,,0.0,0.0,0.0,0.0,25.1,41.07356900359474,22.07324923732733,20.283102428951736,20.002761890153465,1,0.5350707014013649,idle,0.5350707014013649,0.0,False,1
21.0,idle,20.128324312963233,24.4,,,0.0,0.0,0.0,0.0,24.4,41.07356900359474,22.07324923732733,20.283102428951736,20.002761890153465,1,1.014429264390634,idle,1.014429264390634,0.0,False,1
22.0,idle,20.110181259613057,23.6,,,0.0,0.0,0.0,0.0,23.6,41.07356900359474,22.07324923732733,20.283102428951736,20.002761890153465,1,1.4779724808949801,idle,1.4779724808949801,0.0,False,1
23.0,idle,20.096892481824966,23.1,,,0.0,0.0,0.0,0.0,23.1,41.07356900359474,22.07324923732733,20.283102428951736,20.002761890153465,1,2.0060484758602604,idle,2.0060484758602604,0.0,False,1
24.0,idle,20.086558251580374,22.7,,,0.0,0.0,0.0,0.0,22.7,41.07356900359474,22.07324923732733,20.283102428951736,20.002761890153465,1,2.6242132114339984,idle,2.6242132114339984,0.0,False,1
25.0,idle,20.078200050420065,22.4,,,0.0,0.0,0.0,0.0,22.4,41.07356900359474,22.07324923732733,20.283102428951736,20.002761890153465,1,3.33636046563916,idle,3.33636046563916,0.0,False,1
26.0,idle,20.07127222861757,22.4,,,0.0,0.0,0.0,0.0,22.4,41.07356900359474,22.07324923732733,20.283102428951736,20.002761890153465,1,4.125720013628576,idle,4.125720013628576,0.0,False,1
27.0,idle,20.065467077175505,22.4,,,0.0,0.0,0.0,0.0,22.4,41.07356900359474,22.07324923732733,20.283102428951736,20.002761890153465,1,4.967917005131697,idle,4.967917005131697,0.0,False,1
28.0,idle,20.060573371351836,22.2,,,0.0,0.0,0.0,0.0,22.2,41.07356900359474,22.07324923732733,20.283102428951736,20.002761890153465,1,5.827216975224369,idle,5.827216975224369,0.0,False,1
29.0,idle,20.05640593937143,22.1,,,0.0,0.0,0.0,0.0,22.1,41.07356900359474,22.07324923732733,20.283102428951736,20.002761890153465,1,6.656184802691847,idle,6.656184802691847,0.0,False,1
30.0,idle,20.052807779188743,23.2,,,0.0,0.0,0.0,0.0,23.2,41.07356900359474,22.07324923732733,20.283102428951736,20.002761890153465,1,7.41279612900827,idle,7.41279612900827,0.0,False,1
31.0,charge,20.424318404514395,25.4,20.424318404514395,20.546955525796648,562.5915134693508,0.0,374.08150000014956,0.0,25.4,36.806351771365826,21.577369510151357,20.303098835549065,20.003408650714732,2,8.066305905934495,charge,8.066305905934495,0.0,False,2
32.0,charge,20.39302909423584,26.4,20.39302909423583,20.520007327273788,461.0078190582406,0.0,799.0734999999421,0.0,26.4,36.1748239402732,21.470514467823193,20.31891253047945,20.00409277258683,2,7.504436095281526,charge,7.504436095281526,0.0,False,2
33.0,charge,20.40886340400199,27.6,20.408863404001977,20.551534921343432,460.3833748331522,0.0,1219.6384999994884,0.0,27.6,38.16421911295231,21.58923706435928,20.334720956766205,20.00480992493658,2,7.0430545607008295,charge,7.0430545607008295,0.0,False,2
34.0,charge,20.462057116128573,28.5,20.462057116128562,20.632646568201437,521.4103939893902,0.0,1584.8660000007424,0.0,28.5,41.552853753807256,21.852772678406836,20.353237911794054,20.005563277305555,2,6.581391264751256,charge,6.581391264751256,0.0,False,2
35.0,charge,20.53715555343844,28.7,20.537155553438424,20.738635921092282,613.4627061235589,0.0,1854.9129999993274,0.0,28.7,45.277812907890336,22.172084173066025,20.37579430531929,20.00636049268502,2,6.058142989141933,charge,6.058142989141933,0.0,False,2
36.0,charge,20.61763017903167,28.5,20.617630179031664,20.845496453730846,708.8471786688995,0.0,2001.0039999993019,0.0,28.5,48.44662648031823,22.469005622997486,20.402466319846326,20.00721074504861,2,5.442672568758697,charge,5.442672568758697,0.0,False,2
37.0,charge,20.689860137275677,28.5,20.689860137275673,20.936294659333953,787.9068105790975,0.0,2020.925500001129,0.0,28.5,50.716251256535486,22.700783525923896,20.432439562841125,20.008122263343466,2,4.73198302004065,charge,4.73198302004065,0.0,False,2
38.0,charge,20.746484046369286,29.6,20.74648404636929,21.00284479960459,842.1130103026171,0.0,1923.5314999991817,0.0,29.6,51.95244578717052,22.84935703020591,20.464519044326153,20.00910096112824,2,3.9425551021681136,charge,3.9425551021681136,0.0,False,2
39.0,charge,20.778847874632806,29.0,20.77884787463279,21.03077224159233,860.9722225806757,0.0,1699.9679999991167,0.0,29.0,51.31492620850992,22.85877649601565,20.497028549309505,20.0101496583805,2,3.099559924886435,charge,3.099559924886435,0.0,False,2
40.0,charge,20.777202994419874,28.5,20.777202994419895,21.010434271693953,832.6959527087321,0.0,1374.5834999997323,0.0,28.5,49.0293462000148,22.72157878277966,20.527769354455074,20.011266707120683,2,2.238645662537004,charge,2.238645662537004,0.0,False,2
41.0,charge,20.742042753842004,27.9,20.742042753841986,20.945013281248748,761.2997553238611,0.0,976.1535000006165,0.0,27.9,45.32050511256955,22.45419876171286,20.55475794909654,20.012445764951224,2,1.4068020472021288,charge,1.4068020472021288,0.0,False,2
42.0,charge,20.676873637835442,27.4,20.676873637835456,20.84091999319287,654.0469651186512,0.0,546.734499999476,0.0,27.4,40.54229318033788,22.08253491551835,20.57636707737595,20.01367646536994,2,0.6540469651186512,charge,0.6540469651186512,0.0,False,2
43.0,idle,20.241499916408795,26.7,,,0.0,0.0,0.0,0.0,26.7,40.54229318033788,22.08253491551835,20.57636707737595,20.01367646536994,1,0.0,idle,0.0,0.0,False,1
44.0,idle,20.198347623168498,25.9,,,0.0,0.0,0.0,0.0,25.9,40.54229318033788,22.08253491551835,20.57636707737595,20.01367646536994,1,0.5218950788513739,idle,0.5218950788513739,0.0,False,1
45.0,idle,20.171373873165855,25.4,,,0.0,0.0,0.0,0.0,25.4,40.54229318033788,22.08253491551835,20.57636707737595,20.01367646536994,1,0.996995548965286,idle,0.996995548965286,0.0,False,1
46.0,idle,20.151941672615884,24.8,,,0.0,0.0,0.0,0.0,24.8,40.54229318033788,22.08253491551835,20.57636707737595,20.01367646536994,1,1.4663518051768631,idle,1.4663518051768631,0.0,False,1
47.0,idle,20.137528062867155,24.2,,,0.0,0.0,0.0,0.0,24.2,40.54229318033788,22.08253491551835,20.57636707737595,20.01367646536994,1,2.007775227188614,idle,2.007775227188614,0.0,False,1
48.0,idle,20.12624192503387,23.7,,,0.0,0.0,0.0,0.0,23.7,40.54229318033788,22.08253491551835,20.57636707737595,20.01367646536994,1,2.642021888169268,idle,2.642021888169268,0.0,False,1
49.0,idle,20.117023203989902,23.4,,,0.0,0.0,0.0,0.0,23.4,40.54229318033788,22.08253491551835,20.57636707737595,20.01367646536994,1,3.3650443947009574,idle,3.3650443947009574,0.0,False,1
50.0,idle,20.109344091635712,22.9,,,0.0,0.0,0.0,0.0,22.9,40.54229318033788,22.08253491551835,20.57636707737595,20.01367646536994,1,4.157547966727548,idle,4.157547966727548,0.0,False,1
51.0,idle,20.10286425252876,22.6,,,0.0,0.0,0.0,0.0,22.6,40.54229318033788,22.08253491551835,20.57636707737595,20.01367646536994,1,4.996983606165144,idle,4.996983606165144,0.0,False,1
52.0,idle,20.097356072934875,22.3,,,0.0,0.0,0.0,0.0,22.3,40.54229318033788,22.08253491551835,20.57636707737595,20.01367646536994,1,5.847087068762443,idle,5.847087068762443,0.0,False,1
53.0,idle,20.092633281136166,22.1,,,0.0,0.0,0.0,0.0,22.1,40.54229318033788,22.08253491551835,20.57636707737595,20.01367646536994,1,6.66423669680016,idle,6.66423669680016,0.0,False,1
54.0,idle,20.088526199671435,22.9,,,0.0,0.0,0.0,0.0,22.9,40.54229318033788,22.08253491551835,20.57636707737595,20.01367646536994,1,7.4058147277003075,idle,7.4058147277003075,0.0,False,1
55.0,charge,20.45129101665463,26.4,20.451291016654636,20.56925492589454,551.4751532816066,0.0,369.6545000001349,0.0,26.4,36.37476650783549,21.575338121899506,20.59034549774094,20.0149442070296,2,8.042714917687649,charge,8.042714917687649,0.0,False,2
56.0,charge,20.42169352455868,28.9,20.42169352455869,20.54905907653165,454.8478581475719,0.0,792.4330000003712,0.0,28.9,36.26817486589641,21.50152994584579,20.600500927676705,20.016234838809396,2,7.491922398936214,charge,7.491922398936214,0.0,False,2
57.0,charge,20.443973152082147,29.9,20.44397315208215,20.59024132887629,465.6880978056016,0.0,1210.7844999993633,0.0,29.9,38.57121851623475,21.65029483511779,20.61128011925831,20.01754529264508,2,7.036543524344797,charge,7.036543524344797,0.0,False,2
58.0,charge,20.502232314504106,30.4,20.502232314504113,20.678078317311304,534.6212040668352,0.0,1573.798500000771,0.0,30.4,42.16288179535081,21.933531708880707,20.62522650605274,20.0188799860847,2,6.569425110152888,charge,6.569425110152888,0.0,False,2
59.0,charge,20.578889710737165,30.6,20.578889710737144,20.78493580884941,629.8052592846362,0.0,1839.4185000004725,0.0,30.6,45.773604332810805,22.25067100925122,20.64343619750406,20.020247399594325,2,6.032879187226836,charge,6.032879187226836,0.0,False,2
60.0,charge,20.656092440752605,30.4,20.656092440752616,20.88543864284628,720.2817621228318,0.0,1963.3745000018134,0.0,30.4,48.55510786718247,22.521490015506288,20.66562184228701,20.02165682686126,2,5.401099352420948,charge,5.401099352420948,0.0,False,2
61.0,charge,20.721974197573633,30.1,20.721974197573616,20.9680269117556,791.5345829516672,0.0,2016.4984999991066,0.0,30.1,50.668116125009476,22.73352077479268,20.690830712177046,20.023115969177184,2,4.679099035169693,charge,4.679099035169693,0.0,False,2
62.0,charge,20.77274244709561,30.7,20.772742447095595,21.026430990191386,839.4668390555023,0.0,1939.0259999990515,0.0,30.7,51.5811763803888,22.856759749955984,20.71793953877551,20.02463027190157,2,3.8861786732642987,charge,3.8861786732642987,0.0,False,2
63.0,charge,20.797992383830202,30.4,20.797992383830206,21.04613671919884,852.0986378365227,0.0,1715.4624999992138,0.0,30.4,50.86535282399154,22.85081555766226,20.745258645996273,20.02620205612027,2,3.0460164104264003,charge,3.0460164104264003,0.0,False,2
64.0,charge,20.79283838088144,29.8,20.79283838088145,21.021707935091683,820.5609407346801,0.0,1387.8644999993903,0.0,29.8,48.46408562673423,22.702963013884983,20.7707584421932,20.02782942637333,2,2.194100221115121,charge,2.194100221115121,0.0,False,2
65.0,charge,20.753825942055034,28.4,20.753825942055016,20.951707059721286,746.3941169306345,0.0,982.7939999998653,0.0,28.4,44.674531454305736,22.425917515837057,20.792462307025403,20.02950596794176,2,1.3744873508868238,charge,1.3744873508868238,0.0,False,2
66.0,charge,20.6852986082315,27.3,20.685298608231506,20.843820550185512,637.0788754926641,0.0,544.5210000004931,0.0,27.3,39.84100152897577,22.046978075953916,20.808777559984208,20.031221281676665,2,0.6370788754926641,charge,0.6370788754926641,0.0,False,2
67.0,idle,20.261144194904205,26.5,,,0.0,0.0,0.0,0.0,26.5,39.84100152897577,22.046978075953916,20.808777559984208,20.031221281676665,1,0.0,idle,0.0,0.0,False,1
68.0,idle,20.218000158415702,25.7,,,0.0,0.0,0.0,0.0,25.7,39.84100152897577,22.046978075953916,20.808777559984208,20.031221281676665,1,0.500974281968587,idle,0.500974281968587,0.0,False,1
69.0,idle,20.19136138066323,25.1,,,0.0,0.0,0.0,0.0,25.1,39.84100152897577,22.046978075953916,20.808777559984208,20.031221281676665,1,0.9426951353115773,idle,0.9426951353115773,0.0,False,1
70.0,idle,20.172149148065728,24.5,,,0.0,0.0,0.0,0.0,24.5,39.84100152897577,22.046978075953916,20.808777559984208,20.031221281676665,1,1.3594253914846732,idle,1.3594253914846732,0.0,False,1
71.0,idle,20.158192918462117,24.0,,,0.0,0.0,0.0,0.0,24.0,39.84100152897577,22.046978075953916,20.808777559984208,20.031221281676665,1,1.835214321490409,idle,1.835214321490409,0.0,False,1
72.0,idle,20.146696870909338,23.6,,,0.0,0.0,0.0,0.0,23.6,39.84100152897577,22.046978075953916,20.808777559984208,20.031221281676665,1,2.396720963450755,idle,2.396720963450755,0.0,False,1
73.0,idle,20.137389142015667,23.3,,,0.0,0.0,0.0,0.0,23.3,39.84100152897577,22.046978075953916,20.808777559984208,20.031221281676665,1,3.0519009808028814,idle,3.0519009808028814,0.0,False,1
74.0,idle,20.12960569839256,22.6,,,0.0,0.0,0.0,0.0,22.6,39.84100152897577,22.046978075953916,20.808777559984208,20.031221281676665,1,3.7876048970050467,idle,3.7876048970050467,0.0,False,1
75.0,idle,20.123009482094506,22.2,,,0.0,0.0,0.0,0.0,22.2,39.84100152897577,22.046978075953916,20.808777559984208,20.031221281676665,1,4.573205461053424,idle,4.573205461053424,0.0,False,1
76.0,idle,20.11737504666814,22.1,,,0.0,0.0,0.0,0.0,22.1,39.84100152897577,22.046978075953916,20.808777559984208,20.031221281676665,1,5.36882898977126,idle,5.36882898977126,0.0,False,1
77.0,idle,20.11251748773793,22.2,,,0.0,0.0,0.0,0.0,22.2,39.84100152897577,22.046978075953916,20.808777559984208,20.031221281676665,1,6.131493713717184,idle,6.131493713717184,0.0,False,1
78.0,idle,20.108269143636285,23.4,,,0.0,0.0,0.0,0.0,23.4,39.84100152897577,22.046978075953916,20.808777559984208,20.031221281676665,1,6.817997789472514,idle,6.817997789472514,0.0,False,1
79.0,charge,20.456329798615403,24.7,20.4563297986154,20.566979541512808,531.0004342550205,0.0,332.02499999998093,0.0,24.7,35.40642506805676,21.521336871496658,20.81739848957085,20.032960753023076,2,7.392134717505451,charge,7.392134717505451,0.0,False,2
80.0,charge,20.416855328104393,25.5,20.41685532810442,20.530460227650053,422.41977594847157,0.0,699.4659999995396,0.0,25.5,34.443177302901404,21.387637949712257,20.82172517014436,20.034709744579516,2,6.862067400398328,charge,6.862067400398328,0.0,False,2
81.0,charge,20.42405545684005,26.4,20.42405545684005,20.551286116487574,414.0625063111169,0.0,1113.3905000004456,0.0,26.4,36.18901938179022,21.480788812277183,20.825887997979407,20.03646367895476,2,6.43947408382142,charge,6.43947408382142,0.0,False,2
82.0,charge,20.469932533413946,27.3,20.469932533413953,20.62383936605596,469.12104048212376,0.0,1491.8989999998928,0.0,27.3,39.42180583826854,21.72584927866518,20.832689558313007,20.038225522812127,2,6.024285691729962,charge,6.024285691729962,0.0,False,2
83.0,charge,20.53860291191945,28.1,20.53860291191944,20.72235959666989,556.9063214351745,0.0,1742.0244999998417,0.0,28.1,43.01007692507102,22.02948406375168,20.843534393201935,20.040002941664397,2,5.553446886465507,charge,5.553446886465507,0.0,False,2
84.0,charge,20.615586609159823,28.4,20.615586609159834,20.827142142285368,651.6447188049564,0.0,1956.7339999994895,0.0,28.4,46.3880719725712,22.333064114181695,20.858675835280224,20.041805321528614,2,4.994572082078962,charge,4.994572082078962,0.0,False,2
85.0,charge,20.686908157113795,28.1,20.686908157113805,20.91769714129026,733.9850923110707,0.0,1998.7904999989412,0.0,28.1,48.677780472922564,22.567752360343604,20.87746974862364,20.043641626568558,2,4.341062664178639,charge,4.341062664178639,0.0,False,2
86.0,charge,20.739432561326613,28.1,20.739432561326623,20.977785834103656,785.9016247403581,0.0,1914.6774999989343,0.0,28.1,49.587298615731186,22.6943750215857,20.898457126878668,20.04551836931347,2,3.60564043214519,charge,3.60564043214519,0.0,False,2
87.0,charge,20.76422899556238,27.7,20.764228995562405,20.99612753464737,797.7768452703991,0.0,1660.1250000010934,0.0,27.7,48.76287302746482,22.681712422999567,20.91974490070163,20.047438306413596,2,2.8190542787941837,charge,2.8190542787941837,0.0,False,2
88.0,charge,20.75766213057701,27.3,20.75766213057699,20.971165185563052,766.2115552532174,0.0,1363.5160000002063,0.0,27.3,46.53471113531617,22.540576146195917,20.93931871003963,20.049399723486317,2,2.021510415037225,charge,2.021510415037225,0.0,False,2
89.0,charge,20.71748855430435,26.7,20.71748855430434,20.898051448529884,691.3250660424635,0.0,898.681000000495,0.0,26.7,42.40570565228762,22.24561426629498,20.95517576782811,20.051396560644093,2,1.2562775195355638,charge,1.2562775195355638,0.0,False,2
90.0,charge,20.643369492425165,26.1,20.643369492425165,20.78219747575497,574.672822694242,0.0,475.90249999962367,0.0,26.1,37.34847206437587,21.844189724742648,20.965416665917758,20.053418211062933,2,0.574672822694242,charge,0.574672822694242,0.0,False,2
91.0,idle,20.259570592977425,25.6,,,0.0,0.0,0.0,0.0,25.6,37.34847206437587,21.844189724742648,20.965416665917758,20.053418211062933,1,0.0,idle,0.0,0.0,False,1
92.0,idle,20.219798840696917,25.2,,,0.0,0.0,0.0,0.0,25.2,37.34847206437587,21.844189724742648,20.965416665917758,20.053418211062933,1,0.43926822276834054,idle,0.43926822276834054,0.0,False,1
93.0,idle,20.19517843009808,25.0,,,0.0,0.0,0.0,0.0,25.0,37.34847206437587,21.844189724742648,20.965416665917758,20.053418211062933,1,0.8351960652068426,idle,0.8351960652068426,0.0,False,1
94.0,idle,20.177389250836335,24.6,,,0.0,0.0,0.0,0.0,24.6,37.34847206437587,21.844189724742648,20.965416665917758,20.053418211062933,1,1.2262577770853473,idle,1.2262577770853473,0.0,False,1
95.0,idle,20.164906074285717,24.3,,,0.0,0.0,0.0,0.0,24.3,37.34847206437587,21.844189724742648,20.965416665917758,20.053418211062933,1,1.6911023422072693,idle,1.6911023422072693,0.0,False,1
96.0,idle,20.153716408023374,24.1,,,0.0,0.0,0.0,0.0,24.1,37.34847206437587,21.844189724742648,20.965416665917758,20.053418211062933,1,2.2393352500884425,idle,2.2393352500884425,0.0,False,1
97.0,idle,20.145114974574582,24.0,,,0.0,0.0,0.0,0.0,24.0,37.34847206437587,21.844189724742648,20.965416665917758,20.053418211062933,1,2.869745752745187,idle,2.869745752745187,0.0,False,1
98.0,idle,20.137917505392807,24.0,,,0.0,0.0,0.0,0.0,24.0,37.34847206437587,21.844189724742648,20.965416665917758,20.053418211062933,1,3.593251846413576,idle,3.593251846413576,0.0,False,1
99.0,idle,20.13181410577674,23.8,,,0.0,0.0,0.0,0.0,23.8,37.34847206437587,21.844189724742648,20.965416665917758,20.053418211062933,1,4.370561180889452,idle,4.370561180889452,0.0,False,1
100.0,idle,20.126596654026162,23.7,,,0.0,0.0,0.0,0.0,23.7,37.34847206437587,21.844189724742648,20.965416665917758,20.053418211062933,1,5.151212302972379,idle,5.151212302972379,0.0,False,1
101.0,idle,20.12209490710773,23.8,,,0.0,0.0,0.0,0.0,23.8,37.34847206437587,21.844189724742648,20.965416665917758,20.053418211062933,1,5.881733379936456,idle,5.881733379936456,0.0,False,1
102.0,idle,20.11815358906026,24.2,,,0.0,0.0,0.0,0.0,24.2,37.34847206437587,21.844189724742648,20.965416665917758,20.053418211062933,1,6.536333562560811,idle,6.536333562560811,0.0,False,1
103.0,charge,20.42411306872212,25.6,20.424113068722136,20.519533219182563,468.02474551528667,0.0,301.03600000010084,0.0,25.6,33.46998352422668,21.356272652679706,20.968242758541464,20.055449982541802,2,7.1009982781084116,charge,7.1009982781084116,0.0,False,2
104.0,charge,20.392148230415085,26.5,20.392148230415103,20.496441246822883,376.687885407671,0.0,723.814500000324,0.0,26.5,33.31429865113421,21.28107081130196,20.96762166419063,20.05747863111145,2,6.63373518153538,charge,6.63373518153538,0.0,False,2
105.0,charge,20.410583679115042,27.3,20.410583679115064,20.533770413041168,387.62929027536484,0.0,1146.5929999996333,0.0,27.3,35.63589193137204,21.426894143804134,20.967796360089267,20.059501695428935,2,6.256601046107194,charge,6.256601046107194,0.0,False,2
106.0,charge,20.46668610823914,28.4,20.466686108239116,20.620521955780532,458.04465907771714,0.0,1527.3150000002806,0.0,28.4,39.365032101036434,21.71589502500683,20.971386270021014,20.061524093719186,2,5.867591249246783,charge,5.867591249246783,0.0,False,2
107.0,charge,20.535445548484446,28.8,20.53544554848446,20.71165484535237,544.6627100334541,0.0,1529.5285000000147,0.0,28.8,41.81622622683403,21.96258325435923,20.979017831469093,20.063554636103504,2,5.407823200337356,charge,5.407823200337356,0.0,False,2
108.0,charge,20.60509305897355,29.3,20.60509305897358,20.81075784382955,627.8449432982814,0.0,1967.801500000059,0.0,29.3,45.81008575472703,22.278458730974762,20.990491363021704,20.06560169692648,2,4.861376324749575,charge,4.861376324749575,0.0,False,2
109.0,charge,20.682526353745764,29.3,20.682526353745743,20.911245308737932,720.3052330885367,0.0,1983.2959999988682,0.0,29.3,48.37383373377742,22.54238507000082,21.00616814018929,20.067674580562255,2,4.231505049449634,charge,4.231505049449634,0.0,False,2
110.0,charge,20.739027203798926,28.8,20.739027203798912,20.975634794127927,777.851520422795,0.0,1865.9805000008812,0.0,28.8,49.30018453910179,22.676861518478574,21.024355947509378,20.06978085809203,2,3.509652412436383,charge,3.509652412436383,0.0,False,2
111.0,charge,20.758085964744925,28.0,20.758085964744907,20.982516031011528,783.8811853793932,0.0,1509.6069999999143,0.0,28.0,47.714392991626596,22.616389898174532,21.04258932674884,20.071923466070473,2,2.7312748061120975,charge,2.7312748061120975,0.0,False,2
112.0,charge,20.74046267994801,27.7,20.740462679947996,20.941369526135873,734.9203401987082,0.0,1179.7954999992849,0.0,27.7,44.938322309722594,22.424902406672118,21.05838316993271,20.074099454321242,2,1.948018207165839,charge,1.948018207165839,0.0,False,2
113.0,charge,20.698069911723568,27.1,20.698069911723564,20.872198796079147,658.6304522630436,0.0,929.6700000004192,0.0,27.1,41.767165093387916,22.174480544419396,21.070483372349145,20.076301736678715,2,1.2141294318928382,charge,1.2141294318928382,0.0,False,2
114.0,charge,20.637285479130078,26.4,20.63728547913007,20.7775822673388,563.4703993827021,0.0,522.3860000002747,0.0,26.4,37.50427934030034,21.842330684148237,21.078033820188693,20.07852116948652,2,0.5634703993827022,charge,0.5634703993827022,0.0,False,2
115.0,idle,20.261548252352213,25.7,,,0.0,0.0,0.0,0.0,25.7,37.50427934030034,21.842330684148237,21.078033820188693,20.07852116948652,1,0.0,idle,0.0,0.0,False,1
116.0,idle,20.222832641051863,25.4,,,0.0,0.0,0.0,0.0,25.4,37.50427934030034,21.842330684148237,21.078033820188693,20.07852116948652,1,0.44785029457692976,idle,0.44785029457692976,0.0,False,1
117.0,idle,20.198850802920106,25.1,,,0.0,0.0,0.0,0.0,25.1,37.50427934030034,21.842330684148237,21.078033820188693,20.07852116948652,1,0.8620372932590588,idle,0.8620372932590588,0.0,False,1
118.0,idle,20.181479285004603,24.7,,,0.0,0.0,0.0,0.0,24.7,37.50427934030034,21.842330684148237,21.078033820188693,20.07852116948652,1,1.2830998016856725,idle,1.2830998016856725,0.0,False,1
119.0,idle,20.168806749005842,24.3,,,0.0,0.0,0.0,0.0,24.3,37.50427934030034,21.842330684148237,21.078033820188693,20.07852116948652,1,1.7837802507212075,idle,1.7837802507212075,0.0,False,1
120.0,idle,20.158274799018244,23.8,,,0.0,0.0,0.0,0.0,23.8,37.50427934030034,21.842330684148237,21.078033820188693,20.07852116948652,1,2.3845444537450806,idle,2.3845444537450806,0.0,False,1
121.0,idle,20.149823480727722,23.7,,,0.0,0.0,0.0,0.0,23.7,37.50427934030034,21.842330684148237,21.078033820188693,20.07852116948652,1,3.0878868307037832,idle,3.0878868307037832,0.0,False,1
122.0,idle,20.1427325009004,22.9,,,0.0,0.0,0.0,0.0,22.9,37.50427934030034,21.842330684148237,21.078033820188693,20.07852116948652,1,3.8753642822543446,idle,3.8753642822543446,0.0,False,1
123.0,idle,20.136700864020618,22.9,,,0.0,0.0,0.0,0.0,22.9,37.50427934030034,21.842330684148237,21.078033820188693,20.07852116948652,1,4.716079785306726,idle,4.716079785306726,0.0,False,1
124.0,idle,20.131526491178562,22.4,,,0.0,0.0,0.0,0.0,22.4,37.50427934030034,21.842330684148237,21.078033820188693,20.07852116948652,1,5.571093420122866,idle,5.571093420122866,0.0,False,1
125.0,idle,20.12704485279447,22.2,,,0.0,0.0,0.0,0.0,22.2,37.50427934030034,21.842330684148237,21.078033820188693,20.07852116948652,1,6.39510139332755,idle,6.39510139332755,0.0,False,1
126.0,idle,20.123107535189405,22.7,,,0.0,0.0,0.0,0.0,22.7,37.50427934030034,21.842330684148237,21.078033820188693,20.07852116948652,1,7.144839946544941,idle,7.144839946544941,0.0,False,1
127.0,charge,20.433620024561044,24.9,20.433620024561037,20.534349289263503,474.5598444865129,0.0,349.7329999997698,0.0,24.9,34.01135955407642,21.4002862675419,21.079084455617647,20.08074539219399,2,7.7904136445977645,charge,7.7904136445977645,0.0,False,2
128.0,charge,20.410248662236555,26.2,20.41024866223654,20.52277132142609,395.45929151452384,0.0,768.0844999993844,0.0,26.2,34.32055275955315,21.362485947003734,21.077274016279546,20.082962786337248,2,7.3163791983548565,charge,7.3163791983548565,0.0,False,2
129.0,charge,20.437225225253822,27.6,20.437225225253826,20.57128158398274,417.19639381944336,0.0,1190.8630000004957,0.0,27.6,36.95611136677434,21.538769086707248,21.076791713888497,20.08517214967094,2,6.920291579525394,charge,6.920291579525394,0.0,False,2
130.0,charge,20.499282778018365,28.7,20.49928277801837,20.664505394599246,493.9802499236804,0.0,1558.3040000004473,0.0,28.7,40.72579244446962,21.839496126556412,21.08004588410131,20.087379382695133,2,6.50161010402668,charge,6.50161010402668,0.0,False,2
131.0,charge,20.58016640726952,29.1,20.58016640726953,20.77844369964373,596.1751285995621,0.0,1832.7780000004698,0.0,29.1,44.738656411950444,22.184510186213117,21.08810179837991,20.089594195731763,2,6.005653502667608,charge,6.005653502667608,0.0,False,2
132.0,charge,20.665965835733967,29.4,20.66596583573397,20.89314485304817,699.9539300323726,0.0,1987.7230000008474,0.0,29.4,48.23905995326834,22.508042638592542,21.100956673905216,20.091827417521074,2,5.407334273443878,charge,5.407334273443878,0.0,False,2
133.0,charge,20.74240544588632,29.6,20.742405445886334,20.989309010563375,786.0611976049299,0.0,2009.857999999235,0.0,29.6,50.627340678302176,22.754239932481767,21.117715280539414,20.094088822552123,2,4.705424338147051,charge,4.705424338147051,0.0,False,2
134.0,charge,20.799188030421,29.7,20.79918803042102,21.054571651176047,841.0676593561842,0.0,1899.1830000001846,0.0,29.7,51.668529804503805,22.89328143718916,21.136882473346645,20.096385432025784,2,3.9178356845783284,charge,3.9178356845783284,0.0,False,2
135.0,charge,20.82872144477816,29.3,20.828721444778182,21.07913831077593,857.0891854268611,0.0,1673.406000000063,0.0,29.3,51.03681668100222,22.89747155102748,21.156607839245737,20.098720531058234,2,3.075963007862784,charge,3.075963007862784,0.0,False,2
136.0,charge,20.825476250616052,28.8,20.825476250616077,21.056774973868585,827.6945972648012,0.0,1341.3810000007427,0.0,28.8,48.67125209781909,22.754291416208275,21.17477499760207,20.10109294275088,2,2.218988132330174,charge,2.218988132330174,0.0,False,2
137.0,charge,20.788283936339653,28.2,20.788283936339667,20.988872497564955,754.5746987277149,0.0,938.5240000006482,0.0,28.2,44.9185067851659,22.481421458512727,21.189365464515845,20.103496814012146,2,1.3921947627071183,charge,1.3921947627071183,0.0,False,2
138.0,charge,20.721417939868203,27.3,20.721417939868218,20.88299598527476,646.3872956211534,0.0,513.5320000001132,0.0,27.3,40.13400219098071,22.107148727613946,21.198782728856372,20.105922265655522,2,0.6463872956211534,charge,0.6463872956211534,0.0,False,2
139.0,idle,20.291512523314513,26.3,,,0.0,0.0,0.0,0.0,26.3,40.13400219098071,22.107148727613946,21.198782728856372,20.105922265655522,1,0.0,idle,0.0,0.0,False,1
140.0,idle,20.248168847871547,25.7,,,0.0,0.0,0.0,0.0,25.7,40.13400219098071,22.107148727613946,21.198782728856372,20.105922265655522,1,0.5115223937547001,idle,0.5115223937547001,0.0,False,1
141.0,idle,20.221375831769357,25.2,,,0.0,0.0,0.0,0.0,25.2,40.13400219098071,22.107148727613946,21.198782728856372,20.105922265655522,1,0.9705910683183463,idle,0.9705910683183463,0.0,False,1
142.0,idle,20.20203349055844,24.8,,,0.0,0.0,0.0,0.0,24.8,40.13400219098071,22.107148727613946,21.198782728856372,20.105922265655522,1,1.4192366711076572,idle,1.4192366711076572,0.0,False,1
143.0,idle,20.187640454392255,24.2,,,0.0,0.0,0.0,0.0,24.2,40.13400219098071,22.107148727613946,21.198782728856372,20.105922265655522,1,1.9378830212262548,idle,1.9378830212262548,0.0,False,1
144.0,idle,20.175785342246346,23.7,,,0.0,0.0,0.0,0.0,23.7,40.13400219098071,22.107148727613946,21.198782728856372,20.105922265655522,1,2.550890994154171,idle,2.550890994154171,0.0,False,1
145.0,idle,20.166412053064665,23.6,,,0.0,0.0,0.0,0.0,23.6,40.13400219098071,22.107148727613946,21.198782728856372,20.105922265655522,1,3.2656849645733756,idle,3.2656849645733756,0.0,False,1
146.0,idle,20.15855480180542,23.1,,,0.0,0.0,0.0,0.0,23.1,40.13400219098071,22.107148727613946,21.198782728856372,20.105922265655522,1,4.066667076346224,idle,4.066667076346224,0.0,False,1
147.0,idle,20.1518796156432,22.9,,,0.0,0.0,0.0,0.0,22.9,40.13400219098071,22.107148727613946,21.198782728856372,20.105922265655522,1,4.9229837476604175,idle,4.9229837476604175,0.0,False,1
148.0,idle,20.14616242406241,23.4,,,0.0,0.0,0.0,0.0,23.4,40.13400219098071,22.107148727613946,21.198782728856372,20.105922265655522,1,5.794013238332525,idle,5.794013238332525,0.0,False,1
149.0,idle,20.141217739846276,23.0,,,0.0,0.0,0.0,0.0,23.0,40.13400219098071,22.107148727613946,21.198782728856372,20.105922265655522,1,6.635622706261623,idle,6.635622706261623,0.0,False,1
150.0,idle,20.1368786748316,23.1,,,0.0,0.0,0.0,0.0,23.1,40.13400219098071,22.107148727613946,21.198782728856372,20.105922265655522,1,7.404881175530182,idle,7.404881175530182,0.0,False,1
151.0,charge,20.491818315429377,25.4,20.491818315429384,20.605621718578107,541.6301515859728,0.0,354.15999999986366,0.0,25.4,35.739523784673054,21.583176754263718,21.200686676928456,20.10835517106335,2,8.069435808221979,charge,8.069435808221979,0.0,False,2
152.0,charge,20.4572215349706,27.5,20.457221534970586,20.578493446352525,439.04561972472334,0.0,783.5790000001501,0.0,27.5,35.40020778384758,21.488872201007666,21.198736964038858,20.11078150800256,2,7.5285968971492,charge,7.5285968971492,0.0,False,2
153.0,charge,20.47493674818558,28.6,20.4749367481856,20.614389222873,445.09303275042674,0.0,1212.9980000006406,0.0,28.6,37.64149263053383,21.6268981828984,21.19743294039631,20.113198227820817,2,7.089135954985569,charge,7.089135954985569,0.0,False,2
154.0,charge,20.530205317866365,29.0,20.530205317866375,20.698740447012597,511.778714741933,0.0,1582.6525000010174,0.0,29.0,41.1505665204852,21.902018818249985,21.19943187879477,20.115610013249807,2,6.642724535022208,charge,6.642724535022208,0.0,False,2
155.0,charge,20.606661655305228,28.9,20.60666165530523,20.807660913352095,608.2879999091274,0.0,1857.1265000006292,0.0,28.9,45.10623899904533,22.236335018703073,21.205998993497133,20.11802583251881,2,6.129092213670885,charge,6.129092213670885,0.0,False,2
156.0,charge,20.691037306982945,29.1,20.691037306982935,20.921510508425854,711.0890249547215,0.0,2018.7119999994861,0.0,29.1,48.67015633179045,22.56139799905617,21.21734798948347,20.120456253754696,2,5.518714154636784,charge,5.518714154636784,0.0,False,2
157.0,charge,20.768300487853057,29.0,20.768300487853082,21.01965711929796,799.2740006145277,0.0,2045.2740000002,0.0,29.0,51.19331424243546,22.816706758993917,21.232723501273995,20.12291118991584,2,4.805664045486727,charge,4.805664045486727,0.0,False,2
158.0,charge,20.826352824658592,28.7,20.826352824658613,21.086411654910705,856.5454554391109,0.0,1932.3854999991006,0.0,28.7,52.230635818663245,22.95849846900768,21.250636354488222,20.12539798910575,2,4.004840308011224,charge,4.004840308011224,0.0,False,2
159.0,charge,20.855842039443342,28.6,20.85584203944336,21.11107524206409,873.2062662116034,0.0,1693.3275000004458,0.0,28.6,51.63724009088878,22.964673274406493,21.26915429577008,20.127920118408042,2,3.1474964377325687,charge,3.1474964377325687,0.0,False,2
160.0,charge,20.85389582180626,28.3,20.853895821806248,21.09069371719039,845.1022291312304,0.0,1359.0890000007514,0.0,28.3,49.349088579722036,22.827636158772634,21.286207302270725,20.130476553644428,2,2.2743584955514855,charge,2.2743584955514855,0.0,False,2
161.0,charge,20.818073848858525,27.7,20.818073848858546,21.0247556195406,774.0612063717874,0.0,954.0185000002174,0.0,27.7,45.667151054294095,22.56102262381978,21.299801661280867,20.13306169406667,2,1.4301229594419014,charge,1.4301229594419014,0.0,False,2
162.0,charge,20.750685971130537,26.9,20.750685971130565,20.91670888198371,664.8970822318585,0.0,517.959000000224,0.0,26.9,40.639783296857956,22.173491451355574,21.30819655736974,20.13566582449903,2,0.6648970822318585,charge,0.6648970822318585,0.0,False,2
163.0,idle,20.30851967757682,25.9,,,0.0,0.0,0.0,0.0,25.9,40.639783296857956,22.173491451355574,21.30819655736974,20.13566582449903,1,0.0,idle,0.0,0.0,False,1
164.0,idle,20.263972418425695,25.2,,,0.0,0.0,0.0,0.0,25.2,40.639783296857956,22.173491451355574,21.30819655736974,20.13566582449903,1,0.5232449554887142,idle,0.5232449554887142,0.0,False,1
165.0,idle,20.23637671955912,24.8,,,0.0,0.0,0.0,0.0,24.8,40.639783296857956,22.173491451355574,21.30819655736974,20.13566582449903,1,0.9882864293009279,idle,0.9882864293009279,0.0,False,1
166.0,idle,20.216424139046605,24.3,,,0.0,0.0,0.0,0.0,24.3,40.639783296857956,22.173491451355574,21.30819655736974,20.13566582449903,1,1.4377750154286435,idle,1.4377750154286435,0.0,False,1
167.0,idle,20.20182393604519,23.9,,,0.0,0.0,0.0,0.0,23.9,40.639783296857956,22.173491451355574,21.30819655736974,20.13566582449903,1,1.955922005301921,idle,1.955922005301921,0.0,False,1
168.0,idle,20.18985323294765,23.5,,,0.0,0.0,0.0,0.0,23.5,40.639783296857956,22.173491451355574,21.30819655736974,20.13566582449903,1,2.5692380803491233,idle,2.5692380803491233,0.0,False,1
169.0,idle,20.180164183266573,23.2,,,0.0,0.0,0.0,0.0,23.2,40.639783296857956,22.173491451355574,21.30819655736974,20.13566582449903,1,3.2846477418130275,idle,3.2846477418130275,0.0,False,1
170.0,idle,20.172031308163767,23.3,,,0.0,0.0,0.0,0.0,23.3,40.639783296857956,22.173491451355574,21.30819655736974,20.13566582449903,1,4.086729701384261,idle,4.086729701384261,0.0,False,1
171.0,idle,20.165110578252204,23.1,,,0.0,0.0,0.0,0.0,23.1,40.639783296857956,22.173491451355574,21.30819655736974,20.13566582449903,1,4.945024122296696,idle,4.945024122296696,0.0,False,1
172.0,idle,20.159172495158604,22.8,,,0.0,0.0,0.0,0.0,22.8,40.639783296857956,22.173491451355574,21.30819655736974,20.13566582449903,1,5.82027046181723,idle,5.82027046181723,0.0,False,1
173.0,idle,20.154028127945363,22.6,,,0.0,0.0,0.0,0.0,22.6,40.639783296857956,22.173491451355574,21.30819655736974,20.13566582449903,1,6.668860059886544,idle,6.668860059886544,0.0,False,1
174.0,idle,20.14950568442415,23.2,,,0.0,0.0,0.0,0.0,23.2,40.639783296857956,22.173491451355574,21.30819655736974,20.13566582449903,1,7.447876594499477,idle,7.447876594499477,0.0,False,1
175.0,charge,20.514831496461813,25.5,20.514831496461795,20.63058033637452,554.1737617555748,0.0,345.3060000001369,0.0,25.5,35.9969538013753,21.626136937527747,21.308787088851034,20.13827443646585,2,8.125197895823796,charge,8.125197895823796,0.0,False,2
176.0,charge,20.47616211887848,27.7,20.476162118878506,20.59779383129404,444.89649982780804,0.0,765.8709999998774,0.0,27.7,35.436213221555704,21.513193020620918,21.305259052084068,20.140872862017375,2,7.571913330897578,charge,7.571913330897578,0.0,False,2
177.0,charge,20.49054171910417,29.3,20.490541719104158,20.62945293550672,446.02802261094354,0.0,1188.6494999994338,0.0,29.3,37.57848648047673,21.639985473010427,21.302189361901412,20.143457548583683,2,7.126680342681988,charge,7.126680342681988,0.0,False,2
178.0,charge,20.544390064097797,29.9,20.544390064097797,20.712755501481183,511.12002612993706,0.0,1556.0905000006871,0.0,29.9,41.146033741871975,21.91566358610862,21.302387254377436,20.146032930873957,2,6.679371214383,charge,6.679371214383,0.0,False,2
179.0,charge,20.62095171197428,30.1,20.62095171197427,20.822063653253224,608.4421895648326,0.0,1828.3509999986593,0.0,30.1,45.1106515925984,22.251435064840166,21.307224425715276,20.14860805920739,2,6.166398900851195,charge,6.166398900851195,0.0,False,2
180.0,charge,20.705387579889145,30.4,20.705387579889134,20.936139180138014,711.6940618892645,0.0,1985.509500000497,0.0,30.4,48.699701189486404,22.577973602915108,21.316896874657004,20.151193648491926,2,5.555867191592451,charge,5.555867191592451,0.0,False,2
181.0,charge,20.782754299491252,30.6,20.782754299491273,21.034455077328914,800.3492212556257,0.0,2016.4984999991066,0.0,30.6,51.2257600527895,22.83389073189801,21.33064955150246,20.153799743409934,2,4.842209398323224,charge,4.842209398323224,0.0,False,2
182.0,charge,20.841208395753263,30.6,20.841208395753256,21.102177541201115,858.4754170613462,0.0,1905.8234999987535,0.0,30.6,52.346278470635866,22.980671147380917,21.347011288369004,20.15643382467414,2,4.040298820050213,charge,4.040298820050213,0.0,False,2
183.0,charge,20.87237605117741,30.2,20.87237605117741,21.129327336592894,877.239953325409,0.0,1682.2599999987083,0.0,30.2,51.84301402080075,22.99446425532733,21.364112778988783,20.15909960485743,2,3.180979274451997,charge,3.180979274451997,0.0,False,2
184.0,charge,20.87194054835467,29.5,20.871940548354644,21.111453603263328,852.0553814731182,0.0,1354.6619999999907,0.0,29.5,49.690556249861174,22.867400189402417,21.379905644425378,20.1617963901042,2,2.3037546085360554,charge,2.3037546085360554,0.0,False,2
185.0,charge,20.838021520342902,28.6,20.83802152034292,21.047922996958278,783.7120467830221,0.0,951.8049999992473,0.0,28.6,46.05108375307134,22.60659246977508,21.39239058757687,20.16451894859796,2,1.4525193910252518,charge,1.4525193910252518,0.0,False,2
186.0,charge,20.77271644318359,27.5,20.772716443183583,20.943314151982804,677.369216072153,0.0,515.7455000001607,0.0,27.5,41.216538066439,22.232399569008066,21.39983165969653,20.1672578753857,2,0.677369216072153,charge,0.677369216072153,0.0,False,2
187.0,idle,20.32279449596027,26.6,,,0.0,0.0,0.0,0.0,26.6,41.216538066439,22.232399569008066,21.39983165969653,20.1672578753857,1,0.0,idle,0.0,0.0,False,1
188.0,idle,20.277640932338134,26.1,,,0.0,0.0,0.0,0.0,26.1,41.216538066439,22.232399569008066,21.39983165969653,20.1672578753857,1,0.5403840638148385,idle,0.5403840638148385,0.0,False,1
189.0,idle,20.249736185579227,25.7,,,0.0,0.0,0.0,0.0,25.7,41.216538066439,22.232399569008066,21.39983165969653,20.1672578753857,1,1.0256142916314002,idle,1.0256142916314002,0.0,False,1
190.0,idle,20.229560391788176,25.1,,,0.0,0.0,0.0,0.0,25.1,41.216538066439,22.232399569008066,21.39983165969653,20.1672578753857,1,1.4972922801920174,idle,1.4972922801920174,0.0,False,1
191.0,idle,20.215285668923396,24.7,,,0.0,0.0,0.0,0.0,24.7,41.216538066439,22.232399569008066,21.39983165969653,20.1672578753857,1,2.038010458962027,idle,2.038010458962027,0.0,False,1
192.0,idle,20.20269388376296,24.4,,,0.0,0.0,0.0,0.0,24.4,41.216538066439,22.232399569008066,21.39983165969653,20.1672578753857,1,2.67078742290874,idle,2.67078742290874,0.0,False,1
193.0,idle,20.19295143483413,24.2,,,0.0,0.0,0.0,0.0,24.2,41.216538066439,22.232399569008066,21.39983165969653,20.1672578753857,1,3.4014923693677312,idle,3.4014923693677312,0.0,False,1
194.0,idle,20.184778946824707,23.5,,,0.0,0.0,0.0,0.0,23.5,41.216538066439,22.232399569008066,21.39983165969653,20.1672578753857,1,4.219119864429115,idle,4.219119864429115,0.0,False,1
195.0,idle,20.177829025333228,23.4,,,0.0,0.0,0.0,0.0,23.4,41.216538066439,22.232399569008066,21.39983165969653,20.1672578753857,1,5.094893339536831,idle,5.094893339536831,0.0,False,1
196.0,idle,20.171870482695716,23.5,,,0.0,0.0,0.0,0.0,23.5,41.216538066439,22.232399569008066,21.39983165969653,20.1672578753857,1,5.9820395846432115,idle,5.9820395846432115,0.0,False,1
197.0,idle,20.166712927407445,23.6,,,0.0,0.0,0.0,0.0,23.6,41.216538066439,22.232399569008066,21.39983165969653,20.1672578753857,1,6.836708219366253,idle,6.836708219366253,0.0,False,1
198.0,idle,20.16218300192386,24.4,,,0.0,0.0,0.0,0.0,24.4,41.216538066439,22.232399569008066,21.39983165969653,20.1672578753857,1,7.6223601519699065,idle,7.6223601519699065,0.0,False,1
199.0,charge,20.53643945242412,26.7,20.536439452424133,20.6575893089323,571.3663485863723,0.0,340.8790000000516,0.0,26.7,36.68272152681453,21.693031966028798,21.399646247511498,20.16999907716513,2,8.307398996954714,charge,8.307398996954714,0.0,False,2
200.0,charge,20.500910208233414,28.9,20.500910208233392,20.629054705187286,464.62101708199765,0.0,763.6575000001403,0.0,28.9,36.23000758802692,21.590229650105357,21.395499644778567,20.1727282446476,2,7.736855437882412,charge,7.736855437882412,0.0,False,2
201.0,charge,20.517758079326587,30.4,20.517758079326597,20.66362397334933,468.22710299204255,0.0,1186.4360000004674,0.0,30.4,38.42544002095576,21.723590164215523,21.391947773314257,20.175442169580947,2,7.2718365514601,charge,7.2718365514601,0.0,False,2
202.0,charge,20.572662775249867,30.6,20.572662775249853,20.74746838504285,533.778397075385,0.0,1551.6634999993953,0.0,30.6,41.9184330999945,21.99686692550614,21.391703021905357,20.1781454997232,2,6.802294962314235,charge,6.802294962314235,0.0,False,2
203.0,charge,20.647885325247323,30.3,20.64788532524733,20.85380446149486,628.1922431787376,0.0,1819.496999999882,0.0,30.3,45.67958826840754,22.319126891683425,21.395979565373352,20.180847205202042,2,6.26669566586193,charge,6.26669566586193,0.0,False,2
204.0,charge,20.72972919801424,30.3,20.72972919801424,20.964319283706914,727.1966841746769,0.0,1974.44199999862,0.0,30.3,49.18672457849152,22.63586255741228,21.40491332910392,20.18355763213674,2,5.636483944966778,charge,5.636483944966778,0.0,False,2
205.0,charge,20.806900966386365,31.2,20.806900966386365,21.06368195966479,815.6751632194012,0.0,1989.9364999987008,0.0,31.2,51.89584748360181,22.900567869437964,21.41794013474731,20.18628660811987,2,4.907327202555408,charge,4.907327202555408,0.0,False,2
206.0,charge,20.86665663442093,31.9,20.866656634420906,21.132538931169563,875.7918965208829,0.0,1894.7559999982584,0.0,31.9,52.92521687930224,23.046132892920014,21.43368257939619,20.189041836234423,2,4.090052612793701,charge,4.090052612793701,0.0,False,2
207.0,charge,20.894277083095073,30.4,20.894277083095062,21.152908754299915,889.7277284525336,0.0,1649.057499999347,0.0,30.4,52.00767651846735,23.03230649467156,21.449943935113083,20.191826941803697,2,3.2135138639158765,charge,3.2135138639158765,0.0,False,2
208.0,charge,20.889904282603474,30.2,20.88990428260348,21.13086649703081,858.2522087628611,0.0,1312.6054999987675,0.0,30.2,49.918116269184566,22.899903789101927,21.464635467434903,20.194640558219305,2,2.3239393745642927,charge,2.3239393745642927,0.0,False,2
209.0,charge,20.85547454435151,29.6,20.855474544351523,21.067139867293122,790.0411366460023,0.0,920.8160000003302,0.0,29.6,46.26750634731047,22.638981574558898,21.476045894700405,20.197477262395637,2,1.4665186910869863,charge,1.4665186910869863,0.0,False,2
210.0,charge,20.790612471155946,28.9,20.790612471155953,20.963979120635997,684.9809796354009,0.0,495.82399999971705,0.0,28.9,41.574027823169445,22.27307918294531,21.482489673848477,20.200327753245404,2,0.6849809796354009,charge,0.6849809796354009,0.0,False,2
211.0,idle,20.335455511211176,28.4,,,0.0,0.0,0.0,0.0,28.4,41.574027823169445,22.27307918294531,21.482489673848477,20.200327753245404,1,0.0,idle,0.0,0.0,False,1
212.0,idle,20.289598134636936,28.2,,,0.0,0.0,0.0,0.0,28.2,41.574027823169445,22.27307918294531,21.482489673848477,20.200327753245404,1,0.5529351078761292,idle,0.5529351078761292,0.0,False,1
213.0,idle,20.261205751357082,27.9,,,0.0,0.0,0.0,0.0,27.9,41.574027823169445,22.27307918294531,21.482489673848477,20.200327753245404,1,1.0525616764714965,idle,1.0525616764714965,0.0,False,1
214.0,idle,20.24063910452322,27.4,,,0.0,0.0,0.0,0.0,27.4,41.574027823169445,22.27307918294531,21.482489673848477,20.200327753245404,1,1.5326228101459292,idle,1.5326228101459292,0.0,False,1
215.0,idle,20.225598261105493,26.8,,,0.0,0.0,0.0,0.0,26.8,41.574027823169445,22.27307918294531,21.482489673848477,20.200327753245404,1,2.078422169100297,idle,2.078422169100297,0.0,False,1
216.0,idle,20.213171162404404,26.3,,,0.0,0.0,0.0,0.0,26.3,41.574027823169445,22.27307918294531,21.482489673848477,20.200327753245404,1,2.7179161675062486,idle,2.7179161675062486,0.0,False,1
217.0,idle,20.20318447552292,25.9,,,0.0,0.0,0.0,0.0,25.9,41.574027823169445,22.27307918294531,21.482489673848477,20.200327753245404,1,3.4575708129643212,idle,3.4575708129643212,0.0,False,1
218.0,idle,20.194792117435217,25.7,,,0.0,0.0,0.0,0.0,25.7,41.574027823169445,22.27307918294531,21.482489673848477,20.200327753245404,1,4.28032731556671,idle,4.28032731556671,0.0,False,1
219.0,idle,20.187640606407843,25.3,,,0.0,0.0,0.0,0.0,25.3,41.574027823169445,22.27307918294531,21.482489673848477,20.200327753245404,1,5.154878709369173,idle,5.154878709369173,0.0,False,1
220.0,idle,20.181495307372163,25.1,,,0.0,0.0,0.0,0.0,25.1,41.574027823169445,22.27307918294531,21.482489673848477,20.200327753245404,1,6.040758208960365,idle,6.040758208960365,0.0,False,1
221.0,idle,20.17616360103572,24.7,,,0.0,0.0,0.0,0.0,24.7,41.574027823169445,22.27307918294531,21.482489673848477,20.200327753245404,1,6.895731450451182,idle,6.895731450451182,0.0,False,1
222.0,idle,20.17146947985684,25.5,,,0.0,0.0,0.0,0.0,25.5,41.574027823169445,22.27307918294531,21.482489673848477,20.200327753245404,1,7.67981527559233,idle,7.67981527559233,0.0,False,1
223.0,charge,20.553957458204316,28.1,20.55395745820431,20.679643193861807,583.9643676597659,0.0,334.23850000000937,0.0,28.1,37.28151420323587,21.748615001914118,21.481499714232314,20.203178249955727,2,8.36186136284252,charge,8.36186136284252,0.0,False,2
224.0,charge,20.5201023041203,29.2,20.520102304120314,20.651777372407537,478.7489059858622,0.0,757.0170000005024,0.0,29.2,36.6007899115512,21.63751965487222,21.476643927020575,20.20601485940813,2,7.778672264334885,charge,7.778672264334885,0.0,False,2
225.0,charge,20.534059462321512,29.4,20.534059462321522,20.68133300048555,477.16585984393333,0.0,1179.7954999992849,0.0,29.4,38.582454363815145,21.753196077098266,21.472163046291712,20.208834184751822,2,7.299598192733365,charge,7.299598192733365,0.0,False,2
226.0,charge,20.586428270749458,29.8,20.58642827074948,20.762421135325326,538.8513396094796,0.0,1545.022999999006,0.0,29.8,42.09253788611994,22.02201249016838,21.470836802944746,20.21164040757276,2,6.821188673657744,charge,6.821188673657744,0.0,False,2
227.0,charge,20.662320104590922,30.4,20.662320104590947,20.870810496627826,634.5835313825104,0.0,1817.2835000015766,0.0,30.4,46.02177051833405,22.35454383182895,21.47411832240789,20.214442431136717,2,6.280496304143104,charge,6.280496304143104,0.0,False,2
228.0,charge,20.745746995056354,30.9,20.74574699505638,20.982963537119474,736.0072659111044,0.0,1974.44199999862,0.0,30.9,49.48060939499817,22.672621112282286,21.482187925716914,20.217250915501154,2,5.643838534938911,charge,5.643838534938911,0.0,False,2
229.0,charge,20.82087916801179,31.2,20.8208791680118,21.0778198509866,821.2048400963466,0.0,2003.217500000684,0.0,31.2,51.86396648793607,22.916873779931507,21.49421454180407,20.220075716592874,2,4.905915185617421,charge,4.905915185617421,0.0,False,2
230.0,charge,20.876224122596767,31.2,20.876224122596795,21.140818928478666,874.9014798110703,0.0,1905.8234999987535,0.0,31.2,52.78022441611961,23.04762002571016,21.508682664828825,20.22292400591698,2,4.0832273789252085,charge,4.0832273789252085,0.0,False,2
231.0,charge,20.903269543554313,30.8,20.903269543554302,21.162049227083855,888.0880232178649,0.0,1675.6195000000296,0.0,30.8,52.06085029731298,23.04295565822514,21.523670752222017,20.22579906891974,2,3.207592662769567,charge,3.207592662769567,0.0,False,2
232.0,charge,20.899236417099115,30.0,20.899236417099132,21.139927906075798,858.4764064193281,0.0,1339.1674999993593,0.0,30.0,49.85052762607546,22.906647145090346,21.53718728882609,20.228699764843896,2,2.3196462353361658,charge,2.3196462353361658,0.0,False,2
233.0,charge,20.86366526115169,29.4,20.86366526115171,21.074748615781687,788.6225806330563,0.0,929.6700000004192,0.0,29.4,46.19957260160203,22.64301789585653,21.547370263291896,20.231620676074385,2,1.4620300266857085,charge,1.4620300266857085,0.0,False,2
234.0,charge,20.79765847753329,28.6,20.797658477533275,20.969589245248358,682.0613081795125,0.0,493.610499999655,0.0,28.6,41.37916759795314,22.268808016904472,21.552542015695906,20.234552426663356,2,0.6820613081795125,charge,0.6820613081795125,0.0,False,2
235.0,idle,20.344295006204963,27.6,,,0.0,0.0,0.0,0.0,27.6,41.37916759795314,22.268808016904472,21.552542015695906,20.234552426663356,1,0.0,idle,0.0,0.0,False,1
236.0,idle,20.29853508153622,27.2,,,0.0,0.0,0.0,0.0,27.2,41.37916759795314,22.268808016904472,21.552542015695906,20.234552426663356,1,0.5476812838704912,idle,0.5476812838704912,0.0,False,1
237.0,idle,20.270219326204547,26.8,,,0.0,0.0,0.0,0.0,26.8,41.37916759795314,22.268808016904472,21.552542015695906,20.234552426663356,1,1.0437831587311894,idle,1.0437831587311894,0.0,False,1
238.0,idle,20.24972509851566,26.2,,,0.0,0.0,0.0,0.0,26.2,41.37916759795314,22.268808016904472,21.552542015695906,20.234552426663356,1,1.5232602316938044,idle,1.5232602316938044,0.0,False,1
239.0,idle,20.235607019555722,25.6,,,0.0,0.0,0.0,0.0,25.6,41.37916759795314,22.268808016904472,21.552542015695906,20.234552426663356,1,2.06853916526004,idle,2.06853916526004,0.0,False,1
240.0,idle,20.222837115623683,25.1,,,0.0,0.0,0.0,0.0,25.1,41.37916759795314,22.268808016904472,21.552542015695906,20.234552426663356,1,2.7077174945942444,idle,2.7077174945942444,0.0,False,1
241.0,idle,20.212830162492704,24.9,,,0.0,0.0,0.0,0.0,24.9,41.37916759795314,22.268808016904472,21.552542015695906,20.234552426663356,1,3.4459602840380037,idle,3.4459602840380037,0.0,False,1
242.0,idle,20.20441925002693,24.8,,,0.0,0.0,0.0,0.0,24.8,41.37916759795314,22.268808016904472,21.552542015695906,20.234552426663356,1,4.265779740937542,idle,4.265779740937542,0.0,False,1
243.0,idle,20.197251182829767,24.7,,,0.0,0.0,0.0,0.0,24.7,41.37916759795314,22.268808016904472,21.552542015695906,20.234552426663356,1,5.137248284896581,idle,5.137248284896581,0.0,False,1
244.0,idle,20.191090752015,24.9,,,0.0,0.0,0.0,0.0,24.9,41.37916759795314,22.268808016904472,21.552542015695906,20.234552426663356,1,6.020722722857069,idle,6.020722722857069,0.0,False,1
245.0,idle,20.18574488553603,24.6,,,0.0,0.0,0.0,0.0,24.6,41.37916759795314,22.268808016904472,21.552542015695906,20.234552426663356,1,6.872289678323087,idle,6.872289678323087,0.0,False,1
246.0,idle,20.18103754192818,24.8,,,0.0,0.0,0.0,0.0,24.8,41.37916759795314,22.268808016904472,21.552542015695906,20.234552426663356,1,7.652398201882598,idle,7.652398201882598,0.0,False,1
247.0,charge,20.55998218119179,26.7,20.5599821811918,20.68397242797994,578.84503545811,0.0,325.3845000000535,0.0,26.7,37.07065420877103,21.741144001178498,21.55021462000383,20.23748108515025,2,8.333698732654272,charge,8.333698732654272,0.0,False,2
248.0,charge,20.526714742175848,28.0,20.52671474217584,20.658088522655248,475.0290934019057,0.0,743.7360000003905,0.0,28.0,36.58497093794443,21.641307839788112,21.544111936743832,20.2403927698291,2,7.755605994642379,charge,7.755605994642379,0.0,False,2
249.0,charge,20.542464543807316,28.8,20.54246454380734,20.689746819087645,476.39462545986794,0.0,1155.4469999997496,0.0,28.8,38.55633551283643,21.760440477049542,21.538541554737435,20.24328443376254,2,7.280210976910853,charge,7.280210976910853,0.0,False,2
250.0,charge,20.59514004096284,29.8,20.59514004096286,20.771103975861536,538.4430309233375,0.0,1525.1015000009759,0.0,29.8,42.08211677901528,22.030209429792535,21.536163169823908,20.246160457951362,2,6.802562650940284,charge,6.802562650940284,0.0,False,2
251.0,charge,20.67114008666028,30.5,20.671140086660273,20.879460601453616,634.2526329571348,0.0,1806.2160000011704,0.0,30.5,45.98666999336149,22.361788531016202,21.538418692163248,20.24902982355883,2,6.262269917929291,charge,6.262269917929291,0.0,False,2
252.0,charge,20.75393324391358,30.6,20.753933243913593,20.990421216212724,734.6868063342456,0.0,1965.5879999997305,0.0,30.6,49.37446833474763,22.67503105899351,21.545438064986627,20.251903202654034,2,5.625955250722521,charge,5.625955250722521,0.0,False,2
253.0,charge,20.827983788704284,30.8,20.827983788704273,21.083807517734158,818.3335345776209,0.0,1992.1499999990526,0.0,30.8,51.721630686531796,22.91528117008994,21.556365187543577,20.254790361253242,2,4.88937981560841,charge,4.88937981560841,0.0,False,2
254.0,charge,20.883007191495285,31.2,20.883007191495267,21.14682845079642,871.7480204620528,0.0,1888.115499999675,0.0,31.2,52.69036099469088,23.04814557176286,21.569744232342032,20.25769841987426,2,4.069571778655327,charge,4.069571778655327,0.0,False,2
255.0,charge,20.909933697788855,30.7,20.90993369778886,21.167982150655916,885.6682579496622,0.0,1657.9114999995143,0.0,30.7,51.96218696224338,23.043552116270348,21.583690622466122,20.260630758317063,2,3.1970934257606203,charge,3.1970934257606203,0.0,False,2
256.0,charge,20.90573070167619,29.9,20.90573070167619,21.145084303880083,855.071653789362,0.0,1325.8864999996865,0.0,29.9,49.66267857445263,22.902001339365313,21.596148932335154,20.263586283263805,2,2.311572663507347,charge,2.311572663507347,0.0,False,2
257.0,charge,20.869582101665547,29.2,20.86958210166557,21.07976280834538,784.6997414516397,0.0,918.6024999994523,0.0,29.2,46.102985632776836,22.641792958801602,21.605269599307405,20.266559517557084,2,1.4573743955626344,charge,1.4573743955626344,0.0,False,2
258.0,charge,20.80530763163179,28.5,20.805307631631763,20.977824004372053,681.1011958448995,0.0,486.9699999998067,0.0,28.5,41.4580788758347,22.280291336377445,21.60953666879442,20.269541265352416,2,0.6811011958448995,charge,0.6811011958448995,0.0,False,2
259.0,idle,20.352587474771493,27.7,,,0.0,0.0,0.0,0.0,27.7,41.4580788758347,22.280291336377445,21.60953666879442,20.269541265352416,1,0.0,idle,0.0,0.0,False,1
260.0,idle,20.30683208586927,27.3,,,0.0,0.0,0.0,0.0,27.3,41.4580788758347,22.280291336377445,21.60953666879442,20.269541265352416,1,0.5470522682613087,idle,0.5470522682613087,0.0,False,1
261.0,idle,20.278482925467983,26.7,,,0.0,0.0,0.0,0.0,26.7,41.4580788758347,22.280291336377445,21.60953666879442,20.269541265352416,1,1.037063383920595,idle,1.037063383920595,0.0,False,1
262.0,idle,20.257930066952486,25.8,,,0.0,0.0,0.0,0.0,25.8,41.4580788758347,22.280291336377445,21.60953666879442,20.269541265352416,1,1.5094241480164974,idle,1.5094241480164974,0.0,False,1
263.0,idle,20.242893432161946,25.3,,,0.0,0.0,0.0,0.0,25.3,41.4580788758347,22.280291336377445,21.60953666879442,20.269541265352416,1,2.048175425180245,idle,2.048175425180245,0.0,False,1
264.0,idle,20.2304462503778,25.0,,,0.0,0.0,0.0,0.0,25.0,41.4580788758347,22.280291336377445,21.60953666879442,20.269541265352416,1,2.6799933195090033,idle,2.6799933195090033,0.0,False,1
265.0,idle,20.220412421435046,24.6,,,0.0,0.0,0.0,0.0,24.6,41.4580788758347,22.280291336377445,21.60953666879442,20.269541265352416,1,3.4104151387211523,idle,3.4104151387211523,0.0,False,1
266.0,idle,20.21196974278332,24.7,,,0.0,0.0,0.0,0.0,24.7,41.4580788758347,22.280291336377445,21.60953666879442,20.269541265352416,1,4.223403331041944,idle,4.223403331041944,0.0,False,1
267.0,idle,20.204765885757432,24.5,,,0.0,0.0,0.0,0.0,24.5,41.4580788758347,22.280291336377445,21.60953666879442,20.269541265352416,1,5.081915945521379,idle,5.081915945521379,0.0,False,1
268.0,idle,20.198566372622782,24.4,,,0.0,0.0,0.0,0.0,24.4,41.4580788758347,22.280291336377445,21.60953666879442,20.269541265352416,1,5.934689552334655,idle,5.934689552334655,0.0,False,1
269.0,idle,20.19317876798063,24.4,,,0.0,0.0,0.0,0.0,24.4,41.4580788758347,22.280291336377445,21.60953666879442,20.269541265352416,1,6.748565244847101,idle,6.748565244847101,0.0,False,1
270.0,idle,20.18842781533766,25.0,,,0.0,0.0,0.0,0.0,25.0,41.4580788758347,22.280291336377445,21.60953666879442,20.269541265352416,1,7.497477166862005,idle,7.497477166862005,0.0,False,1
271.0,charge,20.56766223315271,26.7,20.567662233152703,20.6905081642127,578.2129096317044,0.0,309.8899999997751,0.0,26.7,36.87153642894032,21.739056239108606,21.606329644178004,20.272517904388963,2,8.14981241846719,charge,8.14981241846719,0.0,False,2
272.0,charge,20.530778915290274,27.9,20.530778915290284,20.659642776898067,469.41900506464964,0.0,723.814500000324,0.0,27.9,36.28220052920699,21.626627059930797,21.599130357311537,20.275475254520984,2,7.572435240974819,charge,7.572435240974819,0.0,False,2
273.0,charge,20.54503487480108,29.5,20.545034874801104,20.69021164222943,469.08748027043373,0.0,1157.6605000009392,0.0,29.5,38.31352986228853,21.74639529987843,21.59240910927832,20.27840994865295,2,7.102683561615536,charge,7.102683561615536,0.0,False,2
274.0,charge,20.597783511298616,30.6,20.597783511298644,20.771786111265897,531.7859535117959,0.0,1527.3150000002806,0.0,30.6,41.82443001524865,22.016410183106927,21.588930659907874,20.28132640970773,2,6.632336370310648,charge,6.632336370310648,0.0,False,2
275.0,charge,20.6731501671433,31.0,20.67315016714332,20.879067551704054,626.9719484912771,0.0,1801.7889999994788,0.0,31.0,45.67334137455623,22.34410540721933,21.590076188173043,20.284233676321264,2,6.098716531665129,charge,6.098716531665129,0.0,False,2
276.0,charge,20.75536366619695,30.9,20.755363666196956,20.98965663630588,726.8605602359017,0.0,1961.161000001492,0.0,30.9,49.10728232125331,22.658541524581324,21.595981670724314,20.287142384916535,2,5.46970363825172,charge,5.46970363825172,0.0,False,2
277.0,charge,20.829804992774577,30.9,20.829804992774598,21.083795335895786,811.3917067427941,0.0,1970.0150000003907,0.0,30.9,51.48842791795573,22.901568754864172,21.605857009780266,20.29006238498414,2,4.740952458622885,charge,4.740952458622885,0.0,False,2
278.0,charge,20.881080472159287,30.6,20.881080472159283,21.138417472685546,859.3240587490612,0.0,1735.383999999652,0.0,30.6,51.78330266201942,22.994040825870854,21.617944250839514,20.29300073044425,2,3.9281923498727136,charge,3.9281923498727136,0.0,False,2
279.0,charge,20.896615247562867,30.0,20.896615247562863,21.141956326424065,856.0515527751679,0.0,1456.4829999990757,0.0,30.0,50.347603050336545,22.93095026388886,21.62983274235023,20.295959601351967,2,3.0684486733291756,charge,3.0684486733291756,0.0,False,2
280.0,charge,20.884854421413007,29.9,20.884854421413024,21.113832368771114,817.2013127902763,0.0,1250.6275000000362,0.0,29.9,48.51815528122785,22.799608449142852,21.63988657849626,20.298936437650923,2,2.212809218351722,charge,2.212809218351722,0.0,False,2
281.0,charge,20.850858509672495,29.2,20.85085850967249,21.051967741879537,752.513370877235,0.0,827.8489999998379,0.0,29.2,44.92432897724569,22.545962335896206,21.646901445894287,20.301925955894546,2,1.3964287925430545,charge,1.3964287925430545,0.0,False,2
282.0,charge,20.78793722857389,28.9,20.787937228573867,20.953342321640775,652.164743164046,0.0,444.91350000021015,0.0,28.9,40.59844560095382,22.202894281841168,21.649241589761232,20.30491942775444,2,0.6521647431640459,charge,0.6521647431640459,0.0,False,2
283.0,idle,20.354017373852955,28.4,,,0.0,0.0,0.0,0.0,28.4,40.59844560095382,22.202894281841168,21.649241589761232,20.30491942775444,1,0.0,idle,0.0,0.0,False,1
284.0,idle,20.3098419890159,27.9,,,0.0,0.0,0.0,0.0,27.9,40.59844560095382,22.202894281841168,21.649241589761232,20.30491942775444,1,0.524388514126156,idle,0.524388514126156,0.0,False,1
285.0,idle,20.282429245674983,27.6,,,0.0,0.0,0.0,0.0,27.6,40.59844560095382,22.202894281841168,21.649241589761232,20.30491942775444,1,0.9912742403844522,idle,0.9912742403844522,0.0,False,1
286.0,idle,20.262530994073654,27.2,,,0.0,0.0,0.0,0.0,27.2,40.59844560095382,22.202894281841168,21.649241589761232,20.30491942775444,1,1.4378474400058763,idle,1.4378474400058763,0.0,False,1
287.0,idle,20.24844062534334,27.0,,,0.0,0.0,0.0,0.0,27.0,40.59844560095382,22.202894281841168,21.649241589761232,20.30491942775444,1,1.9445346716566636,idle,1.9445346716566636,0.0,False,1
288.0,idle,20.23588027430567,26.7,,,0.0,0.0,0.0,0.0,26.7,40.59844560095382,22.202894281841168,21.649241589761232,20.30491942775444,1,2.5314152621633093,idle,2.5314152621633093,0.0,False,1
289.0,idle,20.22619897485572,26.6,,,0.0,0.0,0.0,0.0,26.6,40.59844560095382,22.202894281841168,21.649241589761232,20.30491942775444,1,3.2038104159304917,idle,3.2038104159304917,0.0,False,1
290.0,idle,20.218060023084384,26.1,,,0.0,0.0,0.0,0.0,26.1,40.59844560095382,22.202894281841168,21.649241589761232,20.30491942775444,1,3.953005892835374,idle,3.953005892835374,0.0,False,1
291.0,idle,20.211120857074174,25.6,,,0.0,0.0,0.0,0.0,25.6,40.59844560095382,22.202894281841168,21.649241589761232,20.30491942775444,1,4.75518069734261,idle,4.75518069734261,0.0,False,1
292.0,idle,20.20515488236601,25.9,,,0.0,0.0,0.0,0.0,25.9,40.59844560095382,22.202894281841168,21.649241589761232,20.30491942775444,1,5.55991840934746,idle,5.55991840934746,0.0,False,1
293.0,idle,20.199976350030354,25.8,,,0.0,0.0,0.0,0.0,25.8,40.59844560095382,22.202894281841168,21.649241589761232,20.30491942775444,1,6.327152980243678,idle,6.327152980243678,0.0,False,1
294.0,idle,20.19541459452237,25.8,,,0.0,0.0,0.0,0.0,25.8,40.59844560095382,22.202894281841168,21.649241589761232,20.30491942775444,1,7.023522188414478,idle,7.023522188414478,0.0,False,1
295.0,charge,20.558258969789165,27.5,20.558258969789165,20.67562445686525,554.5069100803298,0.0,287.7549999999055,0.0,27.5,36.122658954803285,21.678958534866297,21.64445995397108,20.3079038878314,2,7.6159777631005126,charge,7.6159777631005126,0.0,False,2
296.0,charge,20.52109040187512,28.8,20.521090401875142,20.64286797979952,447.2012861137073,0.0,666.2635000002527,0.0,28.8,35.36142699874665,21.557996550678013,21.635753264401558,20.310865683108204,2,7.062327901902045,charge,7.062327901902045,0.0,False,2
297.0,charge,20.532198265704654,29.9,20.532198265704665,20.669213272935337,443.63394653978514,0.0,1080.1880000007518,0.0,29.9,37.29793581207156,21.667525785265468,21.627390658125933,20.313801311313625,2,6.614866015139011,charge,6.614866015139011,0.0,False,2
298.0,charge,20.579830270263145,30.5,20.57983027026313,20.742286120371602,500.15966998419117,0.0,1374.5834999997323,0.0,30.5,40.33223249806599,21.905165920907677,21.62200449700765,20.316714823165455,2,6.1700951920629805,charge,6.1700951920629805,0.0,False,2
299.0,charge,20.645637430935157,30.9,20.645637430935153,20.835600341036468,582.8031902505628,0.0,1607.001000000154,0.0,30.9,43.66765777381352,22.189296560333503,21.620686809687243,20.319614311822477,2,5.66833926902643,charge,5.66833926902643,0.0,False,2
300.0,charge,20.717112669892664,31.1,20.717112669892686,20.93159749133349,669.2792611575135,0.0,1737.5975000012677,0.0,31.1,46.638077211717814,22.46161052139189,21.623543895896432,20.322509125670422,2,5.0837697674596,charge,5.0837697674596,0.0,False,2
301.0,charge,20.784989052337465,31.5,20.784989052337437,21.020316084459807,747.3905707887885,0.0,1843.8454999988917,0.0,31.5,49.245951763926655,22.705430602591264,21.630121363130513,20.325408083713967,2,4.412779648640289,charge,4.412779648640289,0.0,False,2
302.0,charge,20.83856441669843,32.3,20.838564416698432,21.081240860089906,802.0322139303031,0.0,1593.7200000010048,0.0,32.3,49.99121803688172,22.828104721946602,21.63926888151724,20.328318430111665,2,3.663967880583714,charge,3.663967880583714,0.0,False,2
303.0,charge,20.854436215835804,31.3,20.85443621583579,21.08653794131908,808.2083341361966,0.0,1308.1785000012162,0.0,31.3,48.68631519362697,22.77824923003766,21.648614318190653,20.33124332224611,2,2.8615076283313834,charge,2.8615076283313834,0.0,False,2
304.0,charge,20.843696188464058,30.9,20.843696188464037,21.058643988670042,770.3776276957425,0.0,1142.1659999995063,0.0,30.9,46.69880753052985,22.640715360782508,21.656225944606604,20.334180769365844,2,2.0536749524054545,charge,2.0536749524054545,0.0,False,2
305.0,charge,20.805905703279542,30.6,20.805905703279564,20.990151325054796,700.5760784638775,0.0,602.0720000002017,0.0,30.6,42.75518855467794,22.36250846196026,21.660601517637815,20.337125383446107,2,1.2842093364069207,charge,1.2842093364069207,0.0,False,2
306.0,charge,20.737148612455954,30.2,20.73714861245594,20.88389023881666,592.6488036347812,0.0,332.02499999998093,0.0,30.2,38.27174401795821,22.00005637196284,21.65999875751578,20.340067826381585,2,0.5926488036347812,charge,0.5926488036347812,0.0,False,2
307.0,idle,20.34161891623956,29.2,,,0.0,0.0,0.0,0.0,29.2,38.27174401795821,22.00005637196284,21.65999875751578,20.340067826381585,1,0.0,idle,0.0,0.0,False,1
308.0,idle,20.300602983557322,28.4,,,0.0,0.0,0.0,0.0,28.4,38.27174401795821,22.00005637196284,21.65999875751578,20.340067826381585,1,0.4709170156739453,idle,0.4709170156739453,0.0,False,1
309.0,idle,20.27509703105871,27.9,,,0.0,0.0,0.0,0.0,27.9,38.27174401795821,22.00005637196284,21.65999875751578,20.340067826381585,1,0.9075628256045289,idle,0.9075628256045289,0.0,False,1
310.0,idle,20.25656222751121,27.5,,,0.0,0.0,0.0,0.0,27.5,38.27174401795821,22.00005637196284,21.65999875751578,20.340067826381585,1,1.3457610356515797,idle,1.3457610356515797,0.0,False,1
311.0,idle,20.24298412071414,27.1,,,0.0,0.0,0.0,0.0,27.1,38.27174401795821,22.00005637196284,21.65999875751578,20.340067826381585,1,1.8628148220987626,idle,1.8628148220987626,0.0,False,1
312.0,idle,20.23166445410146,27.0,,,0.0,0.0,0.0,0.0,27.0,38.27174401795821,22.00005637196284,21.65999875751578,20.340067826381585,1,2.4816927996326275,idle,2.4816927996326275,0.0,False,1
313.0,idle,20.22257748719858,26.5,,,0.0,0.0,0.0,0.0,26.5,38.27174401795821,22.00005637196284,21.65999875751578,20.340067826381585,1,3.1986242197434356,idle,3.1986242197434356,0.0,False,1
314.0,idle,20.214925922836244,26.2,,,0.0,0.0,0.0,0.0,26.2,38.27174401795821,22.00005637196284,21.65999875751578,20.340067826381585,1,3.9834936150720788,idle,3.9834936150720788,0.0,False,1
315.0,idle,20.20839124909052,25.9,,,0.0,0.0,0.0,0.0,25.9,38.27174401795821,22.00005637196284,21.65999875751578,20.340067826381585,1,4.765972181515071,idle,4.765972181515071,0.0,False,1
316.0,idle,20.202761391993604,25.9,,,0.0,0.0,0.0,0.0,25.9,38.27174401795821,22.00005637196284,21.65999875751578,20.340067826381585,1,5.485989920632796,idle,5.485989920632796,0.0,False,1
317.0,idle,20.19786373863024,25.6,,,0.0,0.0,0.0,0.0,25.6,38.27174401795821,22.00005637196284,21.65999875751578,20.340067826381585,1,6.1670111676239525,idle,6.1670111676239525,0.0,False,1
318.0,idle,20.1935394598452,26.1,,,0.0,0.0,0.0,0.0,26.1,38.27174401795821,22.00005637196284,21.65999875751578,20.340067826381585,1,6.778039930222801,idle,6.778039930222801,0.0,False,1
319.0,charge,20.51997205425187,27.7,20.519972054251866,20.62625832577345,499.39712032478417,0.0,309.8899999997751,0.0,27.7,34.772737962555425,21.540906133180783,21.652712387700944,20.342995086096153,2,7.328277118847808,charge,7.328277118847808,0.0,False,2
320.0,charge,20.495455341055354,28.5,20.495455341055333,20.613314278103076,416.6262428949798,0.0,721.6009999998151,0.0,28.5,34.89436566402071,21.492232111919748,21.642613810831847,20.34589547120345,2,6.829436400407362,charge,6.829436400407362,0.0,False,2
321.0,charge,20.520380239507457,29.8,20.52038023950746,20.658920941359554,434.6403492261522,0.0,1139.952500000578,0.0,29.8,37.45546442385529,21.660088216702718,21.63385673759268,20.348767886345968,2,6.412230201099976,charge,6.412230201099976,0.0,False,2
322.0,charge,20.58162207544218,30.7,20.58162207544217,20.751598231981802,510.15942942617176,0.0,1502.9664999993481,0.0,30.7,41.2751495174345,21.961588668574393,21.628958389404318,20.35161841361912,2,5.976134014029671,charge,5.976134014029671,0.0,False,2
323.0,charge,20.663525667812557,31.2,20.663525667812564,20.867625318722673,614.0857860566654,0.0,1779.6540000008406,0.0,31.2,45.42239822758677,22.31545044093957,21.62911501220259,20.35445722921645,2,5.463990544953378,charge,5.463990544953378,0.0,False,2
324.0,charge,20.74673538510221,32.1,20.746735385102227,20.975301891872732,713.973231790934,0.0,1770.8000000005925,0.0,32.1,48.25595943834935,22.601166246741116,21.634049868311763,20.35729561907658,2,4.847842625534902,charge,4.847842625534902,0.0,False,2
325.0,charge,20.81251758986082,29.9,20.812517589860818,21.055495551356387,784.5522543381097,0.0,1832.7780000004698,0.0,29.9,50.08234286111144,22.797569870710106,21.642333053148377,20.360142640481342,2,4.1322022468976645,charge,4.1322022468976645,0.0,False,2
326.0,charge,20.832646384700993,29.9,20.83264638470098,21.05063871965274,786.5305166688923,0.0,918.6024999994523,0.0,29.9,46.41240431138692,22.634554006598535,21.65070889302416,20.363002866348893,2,3.347113100912827,charge,3.347113100912827,0.0,False,2
327.0,charge,20.806325540553658,31.8,20.806325540553644,21.010536358301408,725.599712256738,0.0,1250.6275000000362,0.0,31.8,45.75607845306246,22.52457369890334,21.656307049897407,20.36587199892648,2,2.5612944194131533,charge,2.5612944194131533,0.0,False,2
328.0,charge,20.78466951526357,32.5,20.784669515263545,20.969444800556687,681.479227104105,0.0,768.0844999993844,0.0,32.5,42.84580807082932,22.33628308164134,21.659920302731223,20.368745255223075,2,1.8364549941522732,charge,1.8364549941522732,0.0,False,2
329.0,charge,20.74449258468976,30.0,20.744492584689738,20.91014316247083,614.611971806901,0.0,772.511499999503,0.0,30.0,40.80829613271584,22.148810334593293,21.660479515335282,20.37161670561437,2,1.1559485692295417,charge,1.1559485692295417,0.0,False,2
330.0,charge,20.699751780160845,29.1,20.699751780160852,20.841414757115217,547.2035670981734,0.0,444.91350000021015,0.0,29.1,37.621684732192364,21.90606142113728,21.657979352673124,20.37447977246694,2,0.5472035670981734,charge,0.5472035670981734,0.0,False,2
331.0,idle,20.33483751167393,28.0,,,0.0,0.0,0.0,0.0,28.0,37.621684732192364,21.90606142113728,21.657979352673124,20.37447977246694,1,0.0,idle,0.0,0.0,False,1
332.0,idle,20.29688312649437,27.4,,,0.0,0.0,0.0,0.0,27.4,37.621684732192364,21.90606142113728,21.657979352673124,20.37447977246694,1,0.4513381211025835,idle,0.4513381211025835,0.0,False,1
333.0,idle,20.27320398722898,27.0,,,0.0,0.0,0.0,0.0,27.0,37.621684732192364,21.90606142113728,21.657979352673124,20.37447977246694,1,0.8643625811758135,idle,0.8643625811758135,0.0,False,1
334.0,idle,20.255923045567794,26.6,,,0.0,0.0,0.0,0.0,26.6,37.621684732192364,21.90606142113728,21.657979352673124,20.37447977246694,1,1.279705500998267,idle,1.279705500998267,0.0,False,1
335.0,idle,20.24291201545687,26.0,,,0.0,0.0,0.0,0.0,26.0,37.621684732192364,21.90606142113728,21.657979352673124,20.37447977246694,1,1.7728975356689622,idle,1.7728975356689622,0.0,False,1
336.0,idle,20.2320172076647,25.5,,,0.0,0.0,0.0,0.0,25.5,37.621684732192364,21.90606142113728,21.657979352673124,20.37447977246694,1,2.3696847582134666,idle,2.3696847582134666,0.0,False,1
337.0,idle,20.22344176250644,25.5,,,0.0,0.0,0.0,0.0,25.5,37.621684732192364,21.90606142113728,21.657979352673124,20.37447977246694,1,3.076799502870226,idle,3.076799502870226,0.0,False,1
338.0,idle,20.21620965409413,25.0,,,0.0,0.0,0.0,0.0,25.0,37.621684732192364,21.90606142113728,21.657979352673124,20.37447977246694,1,3.8787300223851107,idle,3.8787300223851107,0.0,False,1
339.0,idle,20.210021776863147,24.6,,,0.0,0.0,0.0,0.0,24.6,37.621684732192364,21.90606142113728,21.657979352673124,20.37447977246694,1,4.736817516156711,idle,4.736817516156711,0.0,False,1
340.0,idle,20.204683143586962,24.5,,,0.0,0.0,0.0,0.0,24.5,37.621684732192364,21.90606142113728,21.657979352673124,20.37447977246694,1,5.591111555326665,idle,5.591111555326665,0.0,False,1
341.0,idle,20.200028956554373,24.9,,,0.0,0.0,0.0,0.0,24.9,37.621684732192364,21.90606142113728,21.657979352673124,20.37447977246694,1,6.388887780061031,idle,6.388887780061031,0.0,False,1
342.0,idle,20.195913496070485,25.3,,,0.0,0.0,0.0,0.0,25.3,37.621684732192364,21.90606142113728,21.657979352673124,20.37447977246694,1,7.108408390156598,idle,7.108408390156598,0.0,False,1
343.0,charge,20.50741528345561,27.0,20.5074152834556,20.60998620549958,476.5627977152764,0.0,309.8899999997751,0.0,27.0,34.0366881454849,21.481697235670367,21.649990429688103,20.377325191909847,2,7.74321949582291,charge,7.74321949582291,0.0,False,2
344.0,charge,20.482807304132695,28.0,20.482807304132677,20.594184694930448,395.68896200936285,0.0,728.2414999995378,0.0,28.0,34.06921834163285,21.425738741271743,21.639226810788614,20.380142486170882,2,7.267227130416691,charge,7.267227130416691,0.0,False,2
345.0,charge,20.505722960426265,28.8,20.505722960426283,20.637147383828847,411.80206853249285,0.0,1137.7389999993704,0.0,28.8,36.571626458416574,21.58751813076384,21.629718334982158,20.382930415781743,2,6.871000657386506,charge,6.871000657386506,0.0,False,2
346.0,charge,20.565696121013634,29.7,20.565696121013616,20.728740585073524,486.4855446152498,0.0,1505.1800000008432,0.0,29.7,40.424119102419354,21.88884740684506,21.624036901609543,20.385694923040887,2,6.457775263853019,charge,6.457775263853019,0.0,False,2
347.0,charge,20.64801523954663,30.3,20.648015239546623,20.846169176878334,591.8630501792535,0.0,1790.7215000008605,0.0,30.3,44.69651595058275,22.250305313187653,21.62348684221064,20.388446233972843,2,5.96930845838406,charge,5.96930845838406,0.0,False,2
348.0,charge,20.73853967432092,30.8,20.73853967432092,20.96871849028554,703.2922768699872,0.0,1947.8799999992268,0.0,30.8,48.58230759014765,22.602581843887208,21.628264264245445,20.391196187871856,2,5.375220231968831,charge,5.375220231968831,0.0,False,2
349.0,charge,20.822299119709673,31.8,20.82229911970967,21.075859198433818,800.0572076640731,0.0,1958.947499999787,0.0,31.8,51.416232450426094,22.884952601363352,21.63760586223117,20.39395593831773,2,4.66981176617694,charge,4.66981176617694,0.0,False,2
350.0,charge,20.88242965969471,30.4,20.882429659694708,21.14176005806536,858.7691836852613,0.0,1761.9460000004167,0.0,30.4,51.98584677590338,23.006632926999544,21.649679431972743,20.396733813502806,2,3.8681537844025007,charge,3.8681537844025007,0.0,False,2
351.0,charge,20.90130719456761,30.7,20.901307194567607,21.146560984940777,858.1064314082433,0.0,1370.1565000003227,0.0,30.7,50.23643715658238,22.932596836412756,21.661680919045807,20.399532793924948,2,3.008874386107454,charge,3.008874386107454,0.0,False,2
352.0,charge,20.88063306540012,30.5,20.880633065400104,21.099412675453095,802.6616260272982,0.0,1022.6370000001,0.0,30.5,47.079426508025676,22.715097407527878,21.671094322488727,20.402349712048704,2,2.1514932499657817,charge,2.1514932499657817,0.0,False,2
353.0,charge,20.837174105776608,29.7,20.837174105776626,21.031326536562403,723.4953488030524,0.0,885.4000000002962,0.0,29.7,44.304584338677785,22.480773196928226,21.676839942671336,20.405177218624942,2,1.3498825413010218,charge,1.3498825413010218,0.0,False,2
354.0,charge,20.780612111953705,28.9,20.7806121119537,20.941850491165553,633.8033203610775,0.0,451.5540000002926,0.0,28.9,40.02056661221286,22.15687102900131,21.678434697304283,20.408006840142434,2,0.6338033203610774,charge,0.6338033203610774,0.0,False,2
355.0,idle,20.358858837358778,27.3,,,0.0,0.0,0.0,0.0,27.3,40.02056661221286,22.15687102900131,21.678434697304283,20.408006840142434,1,0.0,idle,0.0,0.0,False,1
356.0,idle,20.315997783328637,26.4,,,0.0,0.0,0.0,0.0,26.4,40.02056661221286,22.15687102900131,21.678434697304283,20.408006840142434,1,0.5087378201597142,idle,0.5087378201597142,0.0,False,1
357.0,idle,20.28938751484668,26.0,,,0.0,0.0,0.0,0.0,26.0,40.02056661221286,22.15687102900131,21.678434697304283,20.408006840142434,1,0.9620745453493943,idle,0.9620745453493943,0.0,False,1
358.0,idle,20.270075225299927,25.6,,,0.0,0.0,0.0,0.0,25.6,40.02056661221286,22.15687102900131,21.678434697304283,20.408006840142434,1,1.3897609148655787,idle,1.3897609148655787,0.0,False,1
359.0,idle,20.25591005667918,25.2,,,0.0,0.0,0.0,0.0,25.2,40.02056661221286,22.15687102900131,21.678434697304283,20.408006840142434,1,1.8226107401628893,idle,1.8226107401628893,0.0,False,1
360.0,idle,20.24421121930016,24.9,,,0.0,0.0,0.0,0.0,24.9,40.02056661221286,22.15687102900131,21.678434697304283,20.408006840142434,1,1.8226107401628893,idle,1.8226107401628893,0.0,False,1
361.0,idle,20.23475314599695,24.5,,,0.0,0.0,0.0,0.0,24.5,40.02056661221286,22.15687102900131,21.678434697304283,20.408006840142434,1,2.2365657030894837,idle,2.2365657030894837,0.0,False,1
362.0,idle,20.226792415962883,24.5,,,0.0,0.0,0.0,0.0,24.5,40.02056661221286,22.15687102900131,21.678434697304283,20.408006840142434,1,2.674870191287269,idle,2.674870191287269,0.0,False,1
363.0,idle,20.219997461921952,24.4,,,0.0,0.0,0.0,0.0,24.4,40.02056661221286,22.15687102900131,21.678434697304283,20.408006840142434,1,3.172683046222199,idle,3.172683046222199,0.0,False,1
364.0,idle,20.214146781122686,24.6,,,0.0,0.0,0.0,0.0,24.6,40.02056661221286,22.15687102900131,21.678434697304283,20.408006840142434,1,3.682934919505458,idle,3.682934919505458,0.0,False,1
365.0,idle,20.20905909577821,24.4,,,0.0,0.0,0.0,0.0,24.4,40.02056661221286,22.15687102900131,21.678434697304283,20.408006840142434,1,4.1710032879673955,idle,4.1710032879673955,0.0,False,1
366.0,idle,20.204570375022996,24.4,,,0.0,0.0,0.0,0.0,24.4,40.02056661221286,22.15687102900131,21.678434697304283,20.408006840142434,1,4.6592928823272155,idle,4.6592928823272155,0.0,False,1
367.0,charge,20.557870340094983,26.1,20.557870340095008,20.671297013110006,537.9475864460999,0.0,276.6874999998227,0.0,26.1,35.564313422340206,21.641354600571958,21.673086125300927,20.410826379077776,2,5.10131600843067,charge,5.10131600843067,0.0,False,2
368.0,charge,20.521860227948025,27.4,20.521860227948025,20.640972501879673,434.24063407301134,0.0,688.3985000005716,0.0,27.4,35.069243596224624,21.53600625783554,21.663961102963924,20.413622498320592,2,4.564206806243743,charge,4.564206806243743,0.0,False,2
369.0,charge,20.529156877578227,28.0,20.529156877578203,20.65659446051518,425.2902892691442,0.0,907.5350000007112,0.0,28.0,35.936694665706,21.586318758928485,21.65492300266675,20.41639182246081,2,4.129792622290271,charge,4.129792622290271,0.0,False,2
370.0,charge,20.542076992088187,22.3,20.542076992088198,20.666009582352558,430.513381898652,0.0,927.4564999996637,0.0,22.3,35.141956842094544,21.56558953580287,21.646467458416794,20.419135776777125,2,3.7041902895421974,charge,3.7041902895421974,0.0,False,2
371.0,idle,20.26211455060276,22.2,,,0.0,0.0,0.0,0.0,22.2,35.141956842094544,21.56558953580287,21.646467458416794,20.419135776777125,1,3.2736769076435452,idle,3.2736769076435452,0.0,False,1
372.0,charge,20.516097113344124,26.8,20.51609711334413,20.632711947224266,418.26849458611,0.0,706.1065000000706,0.0,26.8,34.67972424555671,21.503682539876934,21.63732761173418,20.421854140538642,2,3.274309524820694,charge,3.274309524820694,0.0,False,2
373.0,charge,20.53856568445402,27.6,20.538565684454,20.677143311097836,432.15662896641584,0.0,1286.0435000002606,0.0,27.6,37.57678774642051,21.680776621277573,21.62931810715139,20.424546742822486,2,2.8554801413108493,charge,2.8554801413108493,0.0,False,2
374.0,charge,20.58800419965475,25.1,20.588004199654733,20.744626932263998,493.92418871275635,0.0,1274.9759999995272,0.0,25.1,39.36619467902386,21.863029422172758,21.624457132534303,20.427219109547025,2,2.422020984476737,charge,2.422020984476737,0.0,False,2
375.0,charge,20.61054243864014,26.6,20.610542438640152,20.75580328899474,511.99329745896955,0.0,708.3199999997273,0.0,26.6,37.55348186095512,21.805493269922636,21.62061191081716,20.429876536731285,2,1.927491294292265,charge,1.927491294292265,0.0,False,2
376.0,charge,20.60526698963084,27.5,20.60526698963082,20.748262345872774,490.7197435020821,0.0,965.0859999994058,0.0,27.5,38.00517705030592,21.800389790178883,21.61598931237552,20.432518422937846,2,1.4156829825955588,charge,1.4156829825955588,0.0,False,2
377.0,charge,20.608572715658642,27.4,20.608572715658624,20.747886023249578,487.35786019596367,0.0,781.365499999701,0.0,27.4,37.227074035966666,21.766727522617202,21.611418416192862,20.435144336089877,2,0.9248831079516369,charge,0.9248831079516369,0.0,False,2
378.0,charge,20.58228918706954,22.2,20.582289187069534,20.69323700220201,440.97257612607507,0.0,376.2950000002108,0.0,22.2,33.409848474223,21.52057300258616,21.604849350681434,20.43775261155338,2,0.44097257612607504,charge,0.44097257612607504,0.0,False,2
379.0,idle,20.291785094876236,23.1,,,0.0,0.0,0.0,0.0,23.1,33.409848474223,21.52057300258616,21.604849350681434,20.43775261155338,1,0.0,idle,0.0,0.0,False,1
380.0,idle,20.263686697628366,23.8,,,0.0,0.0,0.0,0.0,23.8,33.409848474223,21.52057300258616,21.604849350681434,20.43775261155338,1,0.34693264310490546,idle,0.34693264310490546,0.0,False,1
381.0,idle,20.246455162380613,23.8,,,0.0,0.0,0.0,0.0,23.8,33.409848474223,21.52057300258616,21.604849350681434,20.43775261155338,1,0.6701805357394672,idle,0.6701805357394672,0.0,False,1
382.0,idle,20.23395126168212,23.8,,,0.0,0.0,0.0,0.0,23.8,33.409848474223,21.52057300258616,21.604849350681434,20.43775261155338,1,1.0131824901726176,idle,1.0131824901726176,0.0,False,1
383.0,idle,20.225270026366438,23.7,,,0.0,0.0,0.0,0.0,23.7,33.409848474223,21.52057300258616,21.604849350681434,20.43775261155338,1,1.4473046597791408,idle,1.4473046597791408,0.0,False,1
384.0,idle,20.217188827029904,23.8,,,0.0,0.0,0.0,0.0,23.8,33.409848474223,21.52057300258616,21.604849350681434,20.43775261155338,1,1.9989668267363916,idle,1.9989668267363916,0.0,False,1
385.0,idle,20.211050049586593,23.6,,,0.0,0.0,0.0,0.0,23.6,33.409848474223,21.52057300258616,21.604849350681434,20.43775261155338,1,2.667215119805901,idle,2.667215119805901,0.0,False,1
386.0,idle,20.20585758745115,23.3,,,0.0,0.0,0.0,0.0,23.3,33.409848474223,21.52057300258616,21.604849350681434,20.43775261155338,1,3.430641691531079,idle,3.430641691531079,0.0,False,1
387.0,idle,20.20140866283989,23.7,,,0.0,0.0,0.0,0.0,23.7,33.409848474223,21.52057300258616,21.604849350681434,20.43775261155338,1,4.25194390522183,idle,4.25194390522183,0.0,False,1
388.0,idle,20.19752667454787,23.6,,,0.0,0.0,0.0,0.0,23.6,33.409848474223,21.52057300258616,21.604849350681434,20.43775261155338,1,5.092473506254782,idle,5.092473506254782,0.0,False,1
389.0,idle,20.19417008297428,23.7,,,0.0,0.0,0.0,0.0,23.7,33.409848474223,21.52057300258616,21.604849350681434,20.43775261155338,1,5.913357951221757,idle,5.913357951221757,0.0,False,1
390.0,idle,20.19116892310428,23.6,,,0.0,0.0,0.0,0.0,23.6,33.409848474223,21.52057300258616,21.604849350681434,20.43775261155338,1,6.665857817932499,idle,6.665857817932499,0.0,False,1
391.0,charge,20.430724227167442,25.2,20.430724227167445,20.509185337586473,366.8131523634991,0.0,247.91199999985852,0.0,25.2,30.758567852315593,21.178695533859184,21.59338378860059,20.440335166033947,2,7.3148036530359635,charge,7.3148036530359635,0.0,False,2
392.0,charge,20.41481464536217,26.0,20.414814645362185,20.504208358702044,309.12582237964665,0.0,648.5554999998105,0.0,26.0,31.321780175756885,21.169437753008822,21.58011990156308,20.442883634767384,2,6.948346832073532,charge,6.948346832073532,0.0,False,2
393.0,charge,20.444283914806842,27.2,20.444283914806817,20.557057816731344,339.0713427464039,0.0,1046.9854999995464,0.0,27.2,34.250581173896364,21.366810099381723,21.568742706747514,20.445398512363965,2,6.638545541048584,charge,6.638545541048584,0.0,False,2
394.0,charge,20.512248741583413,28.5,20.51224874158339,20.66141478860135,427.2802964265554,0.0,1474.1909999995396,0.0,28.5,38.72123075970933,21.71511288958436,21.561829821700883,20.44788709824445,2,6.297874378124322,charge,6.297874378124322,0.0,False,2
395.0,charge,20.604344162475137,29.1,20.604344162475115,20.791696919928768,546.3108293339332,0.0,1757.5189999987144,0.0,29.1,43.297791985526885,22.11066301855635,21.56070124287413,20.450361133400463,2,5.868379089753658,charge,5.868379089753658,0.0,False,2
396.0,charge,20.700520337908287,29.4,20.7005203379083,20.920516114993404,664.7461381360994,0.0,1914.6774999989343,0.0,29.4,47.26105273671038,22.476212140901907,21.565232792245524,20.452833567107348,2,5.319699006536059,charge,5.319699006536059,0.0,False,2
397.0,charge,20.785614141552955,29.5,20.78561414155297,21.027655982004262,761.9743572301795,0.0,1923.5314999991817,0.0,29.5,49.9258243183923,22.75136263368205,21.574358455101788,20.455315955535696,2,4.652801569082711,charge,4.652801569082711,0.0,False,2
398.0,charge,20.847195627844705,30.0,20.847195627844712,21.097484591494265,821.9853325895627,0.0,1784.080999998984,0.0,30.0,50.91932362564745,22.895466281676306,21.58629020199237,20.457816597630767,2,3.8891898986584668,charge,3.8891898986584668,0.0,False,2
399.0,charge,20.880594648703553,30.1,20.88059464870355,21.129144399559834,842.6600772946641,0.0,1600.360500001433,0.0,30.1,50.811885793352474,22.931362900061345,21.599154196646907,20.460339525000848,2,3.06630224783177,charge,3.06630224783177,0.0,False,2
400.0,charge,20.88610584842083,29.6,20.88610584842081,21.118429172668982,823.9237084722873,0.0,1270.548999999523,0.0,29.6,48.71009665708618,22.81775559493326,21.611116972055925,20.462884844070857,2,2.2234487986230413,charge,2.2234487986230413,0.0,False,2
401.0,charge,20.854750335956,28.6,20.854750335956,21.05749353807778,757.5724509130998,0.0,865.4785000005207,0.0,28.6,45.11017794869565,22.56190173702504,21.619951703459208,20.46544797761254,2,1.4002833865234425,charge,1.4002833865234425,0.0,False,2
402.0,charge,20.79033187801213,27.6,20.790331878012125,20.953110655151875,651.1570425080905,0.0,433.845999999913,0.0,27.6,40.19184422862179,22.184083601411658,21.623823736235522,20.46801983405254,2,0.6511570425080905,charge,0.6511570425080905,0.0,False,2
403.0,idle,20.35816814956788,26.3,,,0.0,0.0,0.0,0.0,26.3,40.19184422862179,22.184083601411658,21.623823736235522,20.46801983405254,1,0.0,idle,0.0,0.0,False,1
404.0,idle,20.31505845417358,25.8,,,0.0,0.0,0.0,0.0,25.8,40.19184422862179,22.184083601411658,21.623823736235522,20.46801983405254,1,0.5138923721534979,idle,0.5138923721534979,0.0,False,1
405.0,idle,20.288467677580268,25.3,,,0.0,0.0,0.0,0.0,25.3,40.19184422862179,22.184083601411658,21.623823736235522,20.46801983405254,1,0.972334334022672,idle,0.972334334022672,0.0,False,1
406.0,idle,20.269250423783337,24.8,,,0.0,0.0,0.0,0.0,24.8,40.19184422862179,22.184083601411658,21.623823736235522,20.46801983405254,1,1.4150263116815165,idle,1.4150263116815165,0.0,False,1
407.0,idle,20.255231483405684,24.3,,,0.0,0.0,0.0,0.0,24.3,40.19184422862179,22.184083601411658,21.623823736235522,20.46801983405254,1,1.9234005255095796,idle,1.9234005255095796,0.0,False,1
408.0,idle,20.243645316936608,23.4,,,0.0,0.0,0.0,0.0,23.4,40.19184422862179,22.184083601411658,21.623823736235522,20.46801983405254,1,2.5241854474491925,idle,2.5241854474491925,0.0,False,1
409.0,idle,20.2343578360677,23.5,,,0.0,0.0,0.0,0.0,23.5,40.19184422862179,22.184083601411658,21.623823736235522,20.46801983405254,1,3.2232117461305454,idle,3.2232117461305454,0.0,False,1
410.0,idle,20.22655009189814,23.9,,,0.0,0.0,0.0,0.0,23.9,40.19184422862179,22.184083601411658,21.623823736235522,20.46801983405254,1,4.000827382112901,idle,4.000827382112901,0.0,False,1
411.0,idle,20.21989798146162,24.4,,,0.0,0.0,0.0,0.0,24.4,40.19184422862179,22.184083601411658,21.623823736235522,20.46801983405254,1,4.827105351649662,idle,4.827105351649662,0.0,False,1
412.0,idle,20.214183565709998,24.0,,,0.0,0.0,0.0,0.0,24.0,40.19184422862179,22.184083601411658,21.623823736235522,20.46801983405254,1,5.674297401805902,idle,5.674297401805902,0.0,False,1
413.0,idle,20.209222789382356,24.2,,,0.0,0.0,0.0,0.0,24.2,40.19184422862179,22.184083601411658,21.623823736235522,20.46801983405254,1,6.485450968248911,idle,6.485450968248911,0.0,False,1
414.0,idle,20.204852526035815,23.9,,,0.0,0.0,0.0,0.0,23.9,40.19184422862179,22.184083601411658,21.623823736235522,20.46801983405254,1,7.204168308056548,idle,7.204168308056548,0.0,False,1
415.0,charge,20.561268794152298,26.1,20.561268794152284,20.67558681713234,543.9297406406963,0.0,292.1820000000287,0.0,26.1,35.75615524729869,21.656214067546898,21.620214625852043,20.47058652410334,2,7.824585223275798,charge,7.824585223275798,0.0,False,2
416.0,charge,20.525029933677562,27.5,20.52502993367756,20.645262437433644,438.69227875472643,0.0,708.3199999997273,0.0,27.5,35.218126410075115,21.548624294146236,21.612744365849437,20.47313411147411,2,7.281477910160734,charge,7.281477910160734,0.0,False,2
417.0,charge,20.53909366757804,28.3,20.539093667578015,20.675622816372538,439.4405796049001,0.0,1126.6715000008028,0.0,28.3,37.241880057012224,21.66855578508205,21.60578924570393,20.475659405071156,2,6.842460029207258,charge,6.842460029207258,0.0,False,2
418.0,charge,20.59085302606906,29.0,20.590853026069055,20.755765383115317,501.5987213077031,0.0,1485.2584999992978,0.0,29.0,40.6970650214015,21.93433829044335,21.60204349695198,20.478166830257805,2,6.401798946562435,charge,6.401798946562435,0.0,False,2
419.0,charge,20.66610862154818,29.6,20.666108621548176,20.863023949599665,595.8711588695678,0.0,1757.5189999987144,0.0,29.6,44.56290070382437,22.262113931600936,21.602891925220774,20.480665330495015,2,5.8983963466891565,charge,5.8983963466891565,0.0,False,2
420.0,charge,20.747991864859582,29.2,20.747991864859557,20.972973938070083,695.5267666197101,0.0,1912.4639999986655,0.0,29.2,47.94762955803441,22.57371874376321,21.608489897450056,20.48316551864457,2,5.300525586678469,charge,5.300525586678469,0.0,False,2
421.0,charge,20.820005262976814,30.0,20.820005262976792,21.062297436580536,776.3093656265314,0.0,1868.1940000011007,0.0,30.0,49.996128869355346,22.79553849376225,21.6178868623403,20.485677084025497,2,4.603207543608492,charge,4.603207543608492,0.0,False,2
422.0,charge,20.872757435248307,29.3,20.87275743524833,21.123849096004108,826.6574714749433,0.0,1713.2490000005916,0.0,29.3,51.162832571236095,22.933219687492397,21.629624582811573,20.488206786559545,2,3.825512513468206,charge,3.825512513468206,0.0,False,2
423.0,charge,20.905219477069277,30.2,20.905219477069295,21.15528577662576,848.4675744222017,0.0,1533.9554999990262,0.0,30.2,51.016338291517,22.968976757902738,21.64233858588716,20.490758324191063,2,2.9979812484436588,charge,2.9979812484436588,0.0,False,2
424.0,charge,20.8992292383487,29.0,20.89922923834871,21.122124144710426,815.5348517567139,0.0,993.8615000004237,0.0,29.0,47.361537925482594,22.758306006334976,21.65345271056532,20.493331352167218,2,2.149723997617392,charge,2.149723997617392,0.0,False,2
425.0,charge,20.849635152535445,28.5,20.849635152535427,21.040601796776002,724.833309523609,0.0,836.7030000000315,0.0,28.5,43.851010521617354,22.470034429560485,21.660321073609623,20.495918785915023,2,1.3353896737844018,charge,1.3353896737844018,0.0,False,2
426.0,charge,20.78280607641726,27.3,20.782806076417273,20.937159948805004,619.3189992008639,0.0,413.92449999991896,0.0,27.3,39.218919538147304,22.107908551704213,21.66229731985385,20.498510485505335,2,0.6193189992008639,charge,0.6193189992008639,0.0,False,2
427.0,idle,20.369561140501013,26.3,,,0.0,0.0,0.0,0.0,26.3,39.218919538147304,22.107908551704213,21.66229731985385,20.498510485505335,1,0.0,idle,0.0,0.0,False,1
428.0,idle,20.327219949410804,25.9,,,0.0,0.0,0.0,0.0,25.9,39.218919538147304,22.107908551704213,21.66229731985385,20.498510485505335,1,0.490740978504668,idle,0.490740978504668,0.0,False,1
429.0,idle,20.30079736946649,25.4,,,0.0,0.0,0.0,0.0,25.4,39.218919538147304,22.107908551704213,21.66229731985385,20.498510485505335,1,0.9341789189987633,idle,0.9341789189987633,0.0,False,1
430.0,idle,20.28163233522274,24.9,,,0.0,0.0,0.0,0.0,24.9,39.218919538147304,22.107908551704213,21.66229731985385,20.498510485505335,1,1.3675447475169682,idle,1.3675447475169682,0.0,False,1
431.0,idle,20.26898997223315,24.5,,,0.0,0.0,0.0,0.0,24.5,39.218919538147304,22.107908551704213,21.66229731985385,20.498510485505335,1,1.8712459921870277,idle,1.8712459921870277,0.0,False,1
432.0,idle,20.257098710381488,24.2,,,0.0,0.0,0.0,0.0,24.2,39.218919538147304,22.107908551704213,21.66229731985385,20.498510485505335,1,2.4702056708649787,idle,2.4702056708649787,0.0,False,1
433.0,idle,20.247711585394573,23.8,,,0.0,0.0,0.0,0.0,23.8,39.218919538147304,22.107908551704213,21.66229731985385,20.498510485505335,1,3.16871910155605,idle,3.16871910155605,0.0,False,1
434.0,idle,20.239815069585408,23.8,,,0.0,0.0,0.0,0.0,23.8,39.218919538147304,22.107908551704213,21.66229731985385,20.498510485505335,1,3.9481866315180456,idle,3.9481866315180456,0.0,False,1
435.0,idle,20.23308048960734,23.7,,,0.0,0.0,0.0,0.0,23.7,39.218919538147304,22.107908551704213,21.66229731985385,20.498510485505335,1,4.777246395049503,idle,4.777246395049503,0.0,False,1
436.0,idle,20.227285885051575,23.7,,,0.0,0.0,0.0,0.0,23.7,39.218919538147304,22.107908551704213,21.66229731985385,20.498510485505335,1,5.621551024593859,idle,5.621551024593859,0.0,False,1
437.0,idle,20.222250039579745,23.9,,,0.0,0.0,0.0,0.0,23.9,39.218919538147304,22.107908551704213,21.66229731985385,20.498510485505335,1,6.4394118362435915,idle,6.4394118362435915,0.0,False,1
438.0,idle,20.21781071872617,24.3,,,0.0,0.0,0.0,0.0,24.3,39.218919538147304,22.107908551704213,21.66229731985385,20.498510485505335,1,7.186904941658826,idle,7.186904941658826,0.0,False,1
439.0,charge,20.55850624558921,25.8,20.55850624558923,20.667953793707397,520.1536798627335,0.0,285.5414999998766,0.0,25.8,35.16694485203794,21.609944244472842,21.65720111765404,20.501093181135616,2,7.831758185068655,charge,7.831758185068655,0.0,False,2
440.0,charge,20.526345222011688,27.6,20.526345222011685,20.64354472192184,423.6535729816539,0.0,701.6794999999419,0.0,27.6,34.83653079799609,21.522105011562928,21.648642830567383,20.503653908212186,2,7.312335304964744,charge,7.312335304964744,0.0,False,2
441.0,charge,20.543673510360463,29.0,20.543673510360463,20.678566161733556,430.05685247329376,0.0,1126.6715000008028,0.0,29.0,37.039613983668175,21.6574683505076,21.64086917325443,20.506190204757786,2,6.888277626946945,charge,6.888277626946945,0.0,False,2
442.0,charge,20.598527005566098,29.7,20.598527005566098,20.762987227763233,496.85276663925174,0.0,1496.3260000005982,0.0,29.7,40.63733437525258,21.936332855061096,21.63653173151033,20.508707048329086,2,6.456914507154321,charge,6.456914507154321,0.0,False,2
443.0,charge,20.67500706731997,29.9,20.675007067319996,20.871724813456183,594.2094683231543,0.0,1768.586499998967,0.0,29.9,44.5322862275695,22.268592604150513,21.636924771985093,20.511213806063154,2,5.958208656556669,charge,5.958208656556669,0.0,False,2
444.0,charge,20.757737840990053,29.9,20.757737840990046,20.98286964709206,695.0300577935576,0.0,1919.1045000008958,0.0,29.9,47.970051578354514,22.584201888730263,21.642129951312313,20.5137212908013,2,5.361954260171929,charge,5.361954260171929,0.0,False,2
445.0,charge,20.831056144985144,29.8,20.831056144985155,21.074575113115714,778.0983799311217,0.0,1914.6774999989343,0.0,29.8,50.1675124108404,22.81608720531034,21.65124424671012,20.51623936900836,2,4.665071966026034,charge,4.665071966026034,0.0,False,2
446.0,charge,20.884376865283386,29.9,20.8843768652834,21.135793230109925,829.504256685248,0.0,1799.5755000011222,0.0,29.9,51.16758822485667,22.94713167707249,21.66274829935213,20.51877504593375,2,3.885560714061738,charge,3.885560714061738,0.0,False,2
447.0,charge,20.912603627049414,29.6,20.912603627049407,21.160339075259742,846.1731335786537,0.0,1547.2365000005263,0.0,29.6,50.71438951485271,22.959499028029086,21.674979769813604,20.521331789746625,2,3.0552977542556485,charge,3.0552977542556485,0.0,False,2
448.0,charge,20.911881198366594,29.5,20.911881198366586,21.142220700696953,821.0875509425026,0.0,1179.7954999992849,0.0,29.5,48.519083122822394,22.83071524546972,21.686005458788316,20.523909074187088,2,2.2091499138000223,charge,2.2091499138000223,0.0,False,2
449.0,charge,20.87695415201546,29.2,20.876954152015458,21.07762937450127,752.2949177638833,0.0,816.7815000004077,0.0,29.2,44.892011123995644,22.568955180173987,21.693788908946885,20.52650186900928,2,1.3889065628164292,charge,1.3889065628164292,0.0,False,2
450.0,charge,20.810580444249847,28.4,20.810580444249865,20.971478357548506,645.3141654512694,0.0,407.28399999984407,0.0,28.4,39.98685448332327,22.189767879646126,21.69658615596103,20.529100946187953,2,0.6453141654512694,charge,0.6453141654512694,0.0,False,2
451.0,idle,20.381345907997535,27.5,,,0.0,0.0,0.0,0.0,27.5,39.98685448332327,22.189767879646126,21.69658615596103,20.529100946187953,1,0.0,idle,0.0,0.0,False,1
452.0,idle,20.337838486559185,26.9,,,0.0,0.0,0.0,0.0,26.9,39.98685448332327,22.189767879646126,21.69658615596103,20.529100946187953,1,0.5082083038581654,idle,0.5082083038581654,0.0,False,1
453.0,idle,20.310885691616445,26.3,,,0.0,0.0,0.0,0.0,26.3,39.98685448332327,22.189767879646126,21.69658615596103,20.529100946187953,1,0.9637872641089178,idle,0.9637872641089178,0.0,False,1
454.0,idle,20.291355151789144,25.6,,,0.0,0.0,0.0,0.0,25.6,39.98685448332327,22.189767879646126,21.69658615596103,20.529100946187953,1,1.4080429704250719,idle,1.4080429704250719,0.0,False,1
455.0,idle,20.27707118180871,25.0,,,0.0,0.0,0.0,0.0,25.0,39.98685448332327,22.189767879646126,21.69658615596103,20.529100946187953,1,1.9233999862196005,idle,1.9233999862196005,0.0,False,1
456.0,idle,20.265243137067632,24.6,,,0.0,0.0,0.0,0.0,24.6,39.98685448332327,22.189767879646126,21.69658615596103,20.529100946187953,1,2.5366398704072464,idle,2.5366398704072464,0.0,False,1
457.0,idle,20.25570987937234,24.2,,,0.0,0.0,0.0,0.0,24.2,39.98685448332327,22.189767879646126,21.69658615596103,20.529100946187953,1,3.2525483534671693,idle,3.2525483534671693,0.0,False,1
458.0,idle,20.247687390376623,24.7,,,0.0,0.0,0.0,0.0,24.7,39.98685448332327,22.189767879646126,21.69658615596103,20.529100946187953,1,4.0535142799063175,idle,4.0535142799063175,0.0,False,1
459.0,idle,20.24084228006077,24.9,,,0.0,0.0,0.0,0.0,24.9,39.98685448332327,22.189767879646126,21.69658615596103,20.529100946187953,1,4.905957575385244,idle,4.905957575385244,0.0,False,1
460.0,idle,20.234951553794147,24.4,,,0.0,0.0,0.0,0.0,24.4,39.98685448332327,22.189767879646126,21.69658615596103,20.529100946187953,1,5.768191139010746,idle,5.768191139010746,0.0,False,1
461.0,idle,20.229831306951414,24.2,,,0.0,0.0,0.0,0.0,24.2,39.98685448332327,22.189767879646126,21.69658615596103,20.529100946187953,1,6.597161985864245,idle,6.597161985864245,0.0,False,1
462.0,idle,20.225314864713702,24.2,,,0.0,0.0,0.0,0.0,24.2,39.98685448332327,22.189767879646126,21.69658615596103,20.529100946187953,1,7.353133212863157,idle,7.353133212863157,0.0,False,1
463.0,charge,20.57847275461954,26.7,20.578472754619554,20.69104796395692,538.6463075769074,0.0,281.1144999999032,0.0,26.7,35.58712840675173,21.660793768809924,21.69189912426583,20.531692402822955,2,8.006178265233219,charge,8.006178265233219,0.0,False,2
464.0,charge,20.5428325046179,28.9,20.542832504617877,20.662847299462726,435.4323297162326,0.0,695.0389999994237,0.0,28.9,35.22375637432094,21.564317208894693,21.68346164748027,20.534262396187216,2,7.4683539448108816,charge,7.4683539448108816,0.0,False,2
465.0,charge,20.559674309208727,30.2,20.55967430920873,20.69761766695791,440.74954017659996,0.0,1117.817500000574,0.0,30.2,37.42873557062131,21.699281028331825,21.675766831276235,20.536808140832875,2,7.0325257894206565,charge,7.0325257894206565,0.0,False,2
466.0,charge,20.615189090622376,31.1,20.61518909062238,20.78343106007094,508.36936139368254,0.0,1485.2584999992978,0.0,31.1,41.1256889465007,21.98422410900099,21.671548189569876,20.539334613321728,2,6.590447773503212,charge,6.590447773503212,0.0,False,2
467.0,charge,20.693631082437335,31.1,20.69363108243732,20.89511890593957,608.2947578847945,0.0,1750.878499998552,0.0,31.1,45.1356975042533,22.325851235001778,21.672179831832466,20.54185136894438,2,6.080164378274756,charge,6.080164378274756,0.0,False,2
468.0,charge,20.778789134937554,31.9,20.77878913493754,21.009709635142883,712.3055359551031,0.0,1899.1830000001846,0.0,31.9,48.69758862679413,22.652075713412273,21.677768247256836,20.544369518003805,2,5.469741303953238,charge,5.469741303953238,0.0,False,2
469.0,charge,20.855329028624197,32.4,20.85532902862417,21.106166916817074,799.415122449999,0.0,1916.8910000006188,0.0,32.4,51.09206635248324,22.899484485535197,21.68745045072967,20.546899280903574,2,4.755474798794326,charge,4.755474798794326,0.0,False,2
470.0,charge,20.910746585103677,32.0,20.910746585103652,21.168752853357148,852.9404463752334,0.0,1801.7889999994788,0.0,32.0,51.94972889058016,23.02704411123443,21.69961268026401,20.54944803589268,2,3.9545686799846984,charge,3.9545686799846984,0.0,False,2
471.0,charge,20.93687079782884,32.2,20.936870797828817,21.188445869466534,864.572403116837,0.0,1569.371499999438,0.0,32.2,51.163376136993065,23.016948022804513,21.712270006217466,20.552019081787364,2,3.1009178772554837,charge,3.1009178772554837,0.0,False,2
472.0,charge,20.93118750832595,31.7,20.931187508325934,21.163698505648995,832.60325942736,0.0,1228.492499999754,0.0,31.7,48.82903428669579,22.87128490006876,21.723392589637285,20.554611195639097,2,2.236545133849437,charge,2.236545133849437,0.0,False,2
473.0,charge,20.89386323671057,31.6,20.89386323671056,21.096522076140843,760.5748798679191,0.0,807.9275000001988,0.0,31.6,45.16834569116196,22.60399189257646,21.731126781424337,20.55721881009572,2,1.4048446650121522,charge,1.4048446650121522,0.0,False,2
474.0,charge,20.826827245312547,30.5,20.82682724531253,20.98999987690712,653.059092363493,0.0,391.78950000007507,0.0,30.5,40.290478884428126,22.225479791216173,21.733850418351153,20.559832521132307,2,0.653059092363493,charge,0.653059092363493,0.0,False,2
475.0,idle,20.392190825661093,29.6,,,0.0,0.0,0.0,0.0,29.6,40.290478884428126,22.225479791216173,21.733850418351153,20.559832521132307,1,0.0,idle,0.0,0.0,False,1
476.0,idle,20.348042621087576,29.0,,,0.0,0.0,0.0,0.0,29.0,40.290478884428126,22.225479791216173,21.733850418351153,20.559832521132307,1,0.5177124400913646,idle,0.5177124400913646,0.0,False,1
477.0,idle,20.320653135879226,28.3,,,0.0,0.0,0.0,0.0,28.3,40.290478884428126,22.225479791216173,21.733850418351153,20.559832521132307,1,0.9852572686118126,idle,0.9852572686118126,0.0,False,1
478.0,idle,20.300800849593237,27.7,,,0.0,0.0,0.0,0.0,27.7,40.290478884428126,22.225479791216173,21.733850418351153,20.559832521132307,1,1.4418502195499912,idle,1.4418502195499912,0.0,False,1
479.0,idle,20.286713537436665,27.2,,,0.0,0.0,0.0,0.0,27.2,40.290478884428126,22.225479791216173,21.733850418351153,20.559832521132307,1,1.9701983530107823,idle,1.9701983530107823,0.0,False,1
480.0,idle,20.274252643663758,27.0,,,0.0,0.0,0.0,0.0,27.0,40.290478884428126,22.225479791216173,21.733850418351153,20.559832521132307,1,2.5952262595335345,idle,2.5952262595335345,0.0,False,1
481.0,idle,20.264614021998927,27.2,,,0.0,0.0,0.0,0.0,27.2,40.290478884428126,22.225479791216173,21.733850418351153,20.559832521132307,1,3.322143847860085,idle,3.322143847860085,0.0,False,1
482.0,idle,20.25651431491528,29.4,,,0.0,0.0,0.0,0.0,29.4,40.290478884428126,22.225479791216173,21.733850418351153,20.559832521132307,1,4.128573587080919,idle,4.128573587080919,0.0,False,1
483.0,idle,20.249613231091164,29.9,,,0.0,0.0,0.0,0.0,29.9,40.290478884428126,22.225479791216173,21.733850418351153,20.559832521132307,1,4.976913112653563,idle,4.976913112653563,0.0,False,1
484.0,idle,20.24368375600776,29.7,,,0.0,0.0,0.0,0.0,29.7,40.290478884428126,22.225479791216173,21.733850418351153,20.559832521132307,1,5.828004494227894,idle,5.828004494227894,0.0,False,1
485.0,idle,20.238539037999654,29.2,,,0.0,0.0,0.0,0.0,29.2,40.290478884428126,22.225479791216173,21.733850418351153,20.559832521132307,1,6.63694985483549,idle,6.63694985483549,0.0,False,1
486.0,idle,20.234009324835217,28.3,,,0.0,0.0,0.0,0.0,28.3,40.290478884428126,22.225479791216173,21.733850418351153,20.559832521132307,1,7.354957834498315,idle,7.354957834498315,0.0,False,1
487.0,charge,20.593019594411142,29.3,20.593019594411146,20.708727023773292,548.372621770489,0.0,278.90099999984847,0.0,29.3,36.02342430929963,21.702662269913276,21.72913609401735,20.562438450339243,2,7.95545298814881,charge,7.95545298814881,0.0,False,2
488.0,charge,20.559430191738606,30.2,20.559430191738613,20.68306547130794,446.9495943230908,0.0,690.6120000002738,0.0,30.2,35.658476667995785,21.609836154147615,21.720770341639366,20.565022945793487,2,7.407853488351448,charge,7.407853488351448,0.0,False,2
489.0,charge,20.57732556664331,31.2,20.57732556664331,20.719285421224015,453.1906270763607,0.0,1108.963500000461,0.0,31.2,37.9401140290102,21.74981110331828,21.71319255085308,20.567583363901974,2,6.960483663263767,charge,6.960483663263767,0.0,False,2
490.0,charge,20.633554906422347,32.0,20.63355490642232,20.805379221064527,521.3415920200733,0.0,1469.764000000385,0.0,32.0,41.5553710755637,22.031938885771012,21.70911606536191,20.570124789255374,2,6.505943298467249,charge,6.505943298467249,0.0,False,2
491.0,charge,20.71156937218488,32.6,20.711569372184897,20.91648168624272,620.2180708566833,0.0,1742.0244999998417,0.0,32.6,45.57470306986869,22.372594295924443,21.709841631342897,20.57265671844766,2,5.982686763763544,charge,5.982686763763544,0.0,False,2
492.0,charge,20.79625544122047,32.7,20.796255441220467,21.02993499457648,723.3280942311382,0.0,1890.3289999999129,0.0,32.7,49.02912722834799,22.69275476870223,21.715482585845734,20.57519018584844,2,5.360340607499765,charge,5.360340607499765,0.0,False,2
493.0,charge,20.869388470032046,32.5,20.86938847003205,21.12012386416319,805.2827402829962,0.0,1870.4074999992597,0.0,32.5,51.045596795795404,22.91458361442824,21.724976234633232,20.577735134849036,2,4.635133773032607,charge,4.635133773032607,0.0,False,2
494.0,charge,20.918164314204738,31.3,20.918164314204716,21.172973721048265,849.3393187447425,0.0,1753.0920000001695,0.0,31.3,51.5551630499271,23.01176735095504,21.736514372449108,20.580298145806182,2,3.828538962140359,charge,3.828538962140359,0.0,False,2
495.0,charge,20.93667271863217,30.6,20.936672718632167,21.183682875946317,853.7475248446011,0.0,1529.5285000000147,0.0,30.6,50.646485211133495,22.983408482522975,21.748192707628732,20.582881596403354,2,2.978696760052074,charge,2.978696760052074,0.0,False,2
496.0,charge,20.92446768916448,29.7,20.924467689164487,21.147909289168695,812.6629956662939,0.0,1077.9744999996194,0.0,29.7,47.626649204328146,22.792558091459284,21.757934814066175,20.585483546327964,2,2.125378358520244,charge,2.125378358520244,0.0,False,2
497.0,charge,20.874368611195525,28.8,20.874368611195507,21.06229844165506,723.6181401259081,0.0,686.185000000165,0.0,28.8,43.33271067038538,22.46930199372423,21.763513644580257,20.588097062016914,2,1.3139286665973509,charge,1.3139286665973509,0.0,False,2
498.0,charge,20.794850500560372,28.2,20.794850500560358,20.939674181242367,600.7374894438144,0.0,256.7660000000566,0.0,28.2,38.03568210361868,22.048089189566895,21.763400134969004,20.590711070991347,2,0.6007374894438144,charge,0.6007374894438144,0.0,False,2
499.0,idle,20.392430934712852,27.4,,,0.0,0.0,0.0,0.0,27.4,38.03568210361868,22.048089189566895,21.763400134969004,20.590711070991347,1,0.0,idle,0.0,0.0,False,1
500.0,idle,20.349939814801985,27.0,,,0.0,0.0,0.0,0.0,27.0,38.03568210361868,22.048089189566895,21.763400134969004,20.590711070991347,1,0.4586021669064061,idle,0.4586021669064061,0.0,False,1
501.0,idle,20.323393692913893,26.8,,,0.0,0.0,0.0,0.0,26.8,38.03568210361868,22.048089189566895,21.763400134969004,20.590711070991347,1,0.8728683349238888,idle,0.8728683349238888,0.0,False,1
502.0,idle,20.304080783782666,26.4,,,0.0,0.0,0.0,0.0,26.4,38.03568210361868,22.048089189566895,21.763400134969004,20.590711070991347,1,1.2772513106003875,idle,1.2772513106003875,0.0,False,1
503.0,idle,20.289879688398173,26.0,,,0.0,0.0,0.0,0.0,26.0,38.03568210361868,22.048089189566895,21.763400134969004,20.590711070991347,1,1.7485324044104382,idle,1.7485324044104382,0.0,False,1
504.0,idle,20.278079662004085,25.7,,,0.0,0.0,0.0,0.0,25.7,38.03568210361868,22.048089189566895,21.763400134969004,20.590711070991347,1,2.3104622980232685,idle,2.3104622980232685,0.0,False,1
505.0,idle,20.268578126684286,25.3,,,0.0,0.0,0.0,0.0,25.3,38.03568210361868,22.048089189566895,21.763400134969004,20.590711070991347,1,2.9688262510791987,idle,2.9688262510791987,0.0,False,1
506.0,idle,20.26057462935057,25.2,,,0.0,0.0,0.0,0.0,25.2,38.03568210361868,22.048089189566895,21.763400134969004,20.590711070991347,1,3.705946070223596,idle,3.705946070223596,0.0,False,1
507.0,idle,20.25373921029237,25.0,,,0.0,0.0,0.0,0.0,25.0,38.03568210361868,22.048089189566895,21.763400134969004,20.590711070991347,1,4.4921428421620675,idle,4.4921428421620675,0.0,False,1
508.0,idle,20.24784895733196,24.9,,,0.0,0.0,0.0,0.0,24.9,38.03568210361868,22.048089189566895,21.763400134969004,20.590711070991347,1,5.2884502250430625,idle,5.2884502250430625,0.0,False,1
509.0,idle,20.242721515889393,24.9,,,0.0,0.0,0.0,0.0,24.9,38.03568210361868,22.048089189566895,21.763400134969004,20.590711070991347,1,6.049764188834326,idle,6.049764188834326,0.0,False,1
510.0,idle,20.238192260490088,24.9,,,0.0,0.0,0.0,0.0,24.9,38.03568210361868,22.048089189566895,21.763400134969004,20.590711070991347,1,6.734027428724902,idle,6.734027428724902,0.0,False,1
511.0,charge,20.55807315291809,26.6,20.558073152918098,20.657191307149787,489.656535795166,0.0,272.26050000024657,0.0,26.6,34.0246301536738,21.531443895341397,21.755657516998667,20.59331064318951,2,7.311901877040281,charge,7.311901877040281,0.0,False,2
512.0,charge,20.5237798040399,27.7,20.52377980403992,20.632417619839714,393.4598375593126,0.0,686.185000000165,0.0,27.7,33.8040903695217,21.449725986013902,21.744508026853907,20.59588233061004,2,6.823069800640962,charge,6.823069800640962,0.0,False,2
513.0,charge,20.54031340003134,28.3,20.540313400031323,20.66641392657607,401.1473360231169,0.0,1100.109500000235,0.0,28.3,35.91627861565547,21.581408246853073,21.734232333091768,20.59842393118703,2,6.429206735119768,charge,6.429206735119768,0.0,False,2
514.0,charge,20.59181887103842,28.9,20.591818871038413,20.745703169355636,464.77480801695924,0.0,1452.0559999998695,0.0,28.9,39.28934501297471,21.843562679413594,21.727277249224926,20.600940409405098,2,6.026787460117584,charge,6.026787460117584,0.0,False,2
515.0,charge,20.663995319428533,29.3,20.663995319428523,20.84907590661163,557.4241053652553,0.0,1742.0244999998417,0.0,29.3,43.08495907392523,22.163328658710668,21.72487499789736,20.603440770624957,2,5.560205689619323,charge,5.560205689619323,0.0,False,2
516.0,charge,20.743165141865987,29.5,20.743165141865973,20.955689479449006,654.9314141315411,0.0,1899.1830000001846,0.0,29.5,46.38557284503378,22.466774916333975,21.727173647284815,20.605935536140578,2,5.000764542023983,charge,5.000764542023983,0.0,False,2
517.0,charge,20.813709027111887,29.5,20.813709027111884,21.044650397135683,735.7540171296084,0.0,1921.3179999989031,0.0,29.5,48.61112443807849,22.695741813176937,21.73332310765045,20.60843437007958,2,4.343999790877949,charge,4.343999790877949,0.0,False,2
518.0,charge,20.865420175452158,29.5,20.865420175452186,21.103891812155155,786.5442394854832,0.0,1817.2835000015766,0.0,29.5,49.534769132493125,22.821315494845066,21.741879533451936,20.610944284462448,2,3.6068386329731172,charge,3.6068386329731172,0.0,False,2
519.0,charge,20.890040975242595,28.9,20.890040975242584,21.122105507802246,798.4443394508622,0.0,1580.4389999994783,0.0,28.9,48.70879105458732,22.80845187119189,21.750996177541197,20.613468639862617,2,2.8196181496523325,charge,2.8196181496523325,0.0,False,2
520.0,charge,20.882061950746667,28.4,20.882061950746674,21.09433832373469,765.0508088399034,0.0,1239.5599999991005,0.0,28.4,46.28393737651868,22.654934927210775,21.758564655130783,20.616006294374813,2,2.021455930471622,charge,2.021455930471622,0.0,False,2
521.0,charge,20.84093704646712,27.6,20.840937046467104,21.021474213686076,689.072902470205,0.0,827.8489999998379,0.0,27.6,42.37923961305171,22.36900633489438,21.76261830167516,20.618551559344724,2,1.2574040948107226,charge,1.2574040948107226,0.0,False,2
522.0,charge,20.770022664981852,26.7,20.770022664981866,20.91086756687531,577.6306894422945,0.0,398.4300000002512,0.0,26.7,37.526515053173114,21.98514053225091,21.761542673131203,20.621094704285042,2,0.5776306894422946,charge,0.5776306894422946,0.0,False,2
523.0,idle,20.384317710622422,25.9,,,0.0,0.0,0.0,0.0,25.9,37.526515053173114,21.98514053225091,21.761542673131203,20.621094704285042,1,0.0,idle,0.0,0.0,False,1
524.0,idle,20.344296356299644,25.4,,,0.0,0.0,0.0,0.0,25.4,37.526515053173114,21.98514053225091,21.761542673131203,20.621094704285042,1,0.44204747815027295,idle,0.44204747815027295,0.0,False,1
525.0,idle,20.319443314780834,24.9,,,0.0,0.0,0.0,0.0,24.9,37.526515053173114,21.98514053225091,21.761542673131203,20.621094704285042,1,0.8311402064110394,idle,0.8311402064110394,0.0,False,1
526.0,idle,20.301415657822908,24.4,,,0.0,0.0,0.0,0.0,24.4,37.526515053173114,21.98514053225091,21.761542673131203,20.621094704285042,1,1.2041593486826732,idle,1.2041593486826732,0.0,False,1
527.0,idle,20.287883278029863,23.9,,,0.0,0.0,0.0,0.0,23.9,37.526515053173114,21.98514053225091,21.761542673131203,20.621094704285042,1,1.638598851281914,idle,1.638598851281914,0.0,False,1
528.0,idle,20.276626912182145,23.5,,,0.0,0.0,0.0,0.0,23.5,37.526515053173114,21.98514053225091,21.761542673131203,20.621094704285042,1,2.159986637600181,idle,2.159986637600181,0.0,False,1
529.0,idle,20.267754490023947,23.2,,,0.0,0.0,0.0,0.0,23.2,37.526515053173114,21.98514053225091,21.761542673131203,20.621094704285042,1,2.772109434218764,idle,2.772109434218764,0.0,False,1
530.0,idle,20.260282976781646,23.2,,,0.0,0.0,0.0,0.0,23.2,37.526515053173114,21.98514053225091,21.761542673131203,20.621094704285042,1,3.4560217957909742,idle,3.4560217957909742,0.0,False,1
531.0,idle,20.25390322596096,23.3,,,0.0,0.0,0.0,0.0,23.3,37.526515053173114,21.98514053225091,21.761542673131203,20.621094704285042,1,4.185784581493099,idle,4.185784581493099,0.0,False,1
532.0,idle,20.248407610857456,23.5,,,0.0,0.0,0.0,0.0,23.5,37.526515053173114,21.98514053225091,21.761542673131203,20.621094704285042,1,4.931152929521228,idle,4.931152929521228,0.0,False,1
533.0,idle,20.243625607572714,23.6,,,0.0,0.0,0.0,0.0,23.6,37.526515053173114,21.98514053225091,21.761542673131203,20.621094704285042,1,5.648866011134377,idle,5.648866011134377,0.0,False,1
534.0,idle,20.23940265344829,23.7,,,0.0,0.0,0.0,0.0,23.7,37.526515053173114,21.98514053225091,21.761542673131203,20.621094704285042,1,6.296177518406445,idle,6.296177518406445,0.0,False,1
535.0,charge,20.547304734841305,25.1,20.547304734841305,20.641941174611645,471.25939202214687,0.0,265.6200000001012,0.0,25.1,33.273783131544235,21.474365217992613,21.753233273614455,20.62362197053119,2,6.842251712345041,charge,6.842251712345041,0.0,False,2
536.0,charge,20.508926041614885,26.3,20.50892604161487,20.60907477321979,370.3340785214625,0.0,652.9824999999317,0.0,26.3,32.72291343042485,21.36660267894723,21.74126906674951,20.626120046851668,2,6.371927477966171,charge,6.371927477966171,0.0,False,2
537.0,charge,20.51920417276002,27.5,20.51920417276,20.63452103207743,370.0308733209415,0.0,1033.7044999993648,0.0,27.5,34.58156635635385,21.474272748328474,21.729815850304703,20.628585975883198,2,6.001339764371759,charge,6.001339764371759,0.0,False,2
538.0,charge,20.565794342399396,28.1,20.565794342399386,20.708016626414462,428.0829236114606,0.0,1403.3589999998837,0.0,28.1,37.85605048457569,21.723407133380533,21.72144000992114,20.631024031019535,2,5.630145234398737,charge,5.630145234398737,0.0,False,2
539.0,charge,20.634193590180356,28.9,20.63419359018036,20.806348702518278,516.9065327658273,0.0,1660.1250000010934,0.0,28.9,41.46305032400426,22.028063628870996,21.717455919443523,20.63344281413481,2,5.2003311866969595,charge,5.2003311866969595,0.0,False,2
540.0,charge,20.708547769124806,29.0,20.708547769124834,20.90620163768864,608.9469558992745,0.0,1806.2160000011704,0.0,29.0,44.51859689847163,22.311088515673646,21.717937561504755,20.63585241785256,2,4.681510840173897,charge,4.681510840173897,0.0,False,2
541.0,charge,20.77319002877102,29.0,20.773190028771012,20.986935281765852,682.8105717490711,0.0,1808.429500001314,0.0,29.0,46.45474040469526,22.51542187705155,21.721970987966245,20.63826191741714,2,4.070869756398527,charge,4.070869756398527,0.0,False,2
542.0,charge,20.821030356697552,28.7,20.821030356697577,21.04315599599653,730.0003645038586,0.0,1779.6540000008406,0.0,28.7,47.54900844823368,22.643241913283475,21.728276617185827,20.640677763243673,2,3.3867503322556733,charge,3.3867503322556733,0.0,False,2
543.0,charge,20.847137082656264,28.4,20.847137082656275,21.06559728155122,746.9076245594516,0.0,1551.6634999993953,0.0,28.4,47.03711809355161,22.651442756971107,21.735399427258983,20.643103496139133,2,2.6560302546614682,charge,2.6560302546614682,0.0,False,2
544.0,charge,20.84385069903573,28.0,20.843850699035727,21.044859098413212,720.971354229464,0.0,1219.6384999994884,0.0,28.0,44.86083460100116,22.52003508015264,21.74135350111817,20.645538739510187,2,1.9092390344091308,charge,1.9092390344091308,0.0,False,2
545.0,charge,20.807149464350513,27.4,20.807149464350516,20.978417919419485,651.9749470514229,0.0,807.9275000001988,0.0,27.4,41.21149131512658,22.25537985273536,21.744137905595323,20.64797861863991,2,1.1891604226116992,charge,1.1891604226116992,0.0,False,2
546.0,charge,20.74001606159272,26.7,20.740016061592712,20.872562460271922,545.9898609351856,0.0,378.5085000002512,0.0,26.7,36.46368470562794,21.8837140274033,21.74206577912537,20.650414121537437,2,0.5459898609351855,charge,0.5459898609351855,0.0,False,2
547.0,idle,20.37557899992454,26.1,,,0.0,0.0,0.0,0.0,26.1,36.46368470562794,21.8837140274033,21.74206577912537,20.650414121537437,1,0.0,idle,0.0,0.0,False,1
548.0,idle,20.337835792010498,25.9,,,0.0,0.0,0.0,0.0,25.9,36.46368470562794,21.8837140274033,21.74206577912537,20.650414121537437,1,0.4207603727373599,idle,0.4207603727373599,0.0,False,1
549.0,idle,20.31438237201997,25.3,,,0.0,0.0,0.0,0.0,25.3,36.46368470562794,21.8837140274033,21.74206577912537,20.650414121537437,1,0.806574173253659,idle,0.806574173253659,0.0,False,1
550.0,idle,20.29735399013148,24.8,,,0.0,0.0,0.0,0.0,24.8,36.46368470562794,21.8837140274033,21.74206577912537,20.650414121537437,1,1.19761778608886,idle,1.19761778608886,0.0,False,1
551.0,idle,20.28488178342051,24.3,,,0.0,0.0,0.0,0.0,24.3,36.46368470562794,21.8837140274033,21.74206577912537,20.650414121537437,1,1.666729528341381,idle,1.666729528341381,0.0,False,1
552.0,idle,20.274491135531292,23.8,,,0.0,0.0,0.0,0.0,23.8,36.46368470562794,21.8837140274033,21.74206577912537,20.650414121537437,1,2.2354311047158313,idle,2.2354311047158313,0.0,False,1
553.0,idle,20.26608034027164,23.4,,,0.0,0.0,0.0,0.0,23.4,36.46368470562794,21.8837140274033,21.74206577912537,20.650414121537437,1,2.904686056669593,idle,2.904686056669593,0.0,False,1
554.0,idle,20.258984187350908,22.6,,,0.0,0.0,0.0,0.0,22.6,36.46368470562794,21.8837140274033,21.74206577912537,20.650414121537437,1,3.646287175105039,idle,3.646287175105039,0.0,False,1
555.0,idle,20.25291268611124,22.3,,,0.0,0.0,0.0,0.0,22.3,36.46368470562794,21.8837140274033,21.74206577912537,20.650414121537437,1,4.419148289879438,idle,4.419148289879438,0.0,False,1
556.0,idle,20.24767092841321,22.0,,,0.0,0.0,0.0,0.0,22.0,36.46368470562794,21.8837140274033,21.74206577912537,20.650414121537437,1,5.199236577403858,idle,5.199236577403858,0.0,False,1
557.0,idle,20.243098992123507,22.0,,,0.0,0.0,0.0,0.0,22.0,36.46368470562794,21.8837140274033,21.74206577912537,20.650414121537437,1,5.951731062059963,idle,5.951731062059963,0.0,False,1
558.0,idle,20.239051535074623,22.0,,,0.0,0.0,0.0,0.0,22.0,36.46368470562794,21.8837140274033,21.74206577912537,20.650414121537437,1,6.634856988490656,idle,6.634856988490656,0.0,False,1
559.0,charge,20.534778903653297,24.6,20.53477890365332,20.627296393729466,447.6771225354379,0.0,267.8335000001592,0.0,24.6,32.956818938620586,21.433488057985755,21.73334723977223,20.652832290562287,2,7.22081124267905,charge,7.22081124267905,0.0,False,2
560.0,charge,20.508322489730766,26.6,20.508322489730745,20.612088393376894,367.3199401247641,0.0,688.3985000005716,0.0,26.6,33.20815316548709,21.389032370024438,21.72188009296525,20.655221607266412,2,6.773737335377523,charge,6.773737335377523,0.0,False,2
561.0,charge,20.532680562049723,28.0,20.532680562049734,20.657365645241384,387.2110678840532,0.0,1115.6039999993939,0.0,28.0,35.75324704187767,21.557284843355887,21.7118385327571,20.657581156382264,2,6.405844512595604,charge,6.405844512595604,0.0,False,2
562.0,charge,20.59251948280845,28.8,20.592519482808427,20.748328769599595,462.4522313525776,0.0,1485.2584999992978,0.0,28.8,39.53525601870069,21.8552728994448,21.705646238546876,20.65991710071023,2,6.017195610732988,charge,6.017195610732988,0.0,False,2
563.0,charge,20.671938779543662,29.0,20.671938779543666,20.86050362818878,564.077276746986,0.0,1755.3055000002482,0.0,29.0,43.490329221839716,22.19581099204578,21.70441112985128,20.662239519427487,2,5.552804700783134,charge,5.552804700783134,0.0,False,2
564.0,charge,20.755565604188536,29.0,20.75556560418852,20.972255008982927,665.9977333090183,0.0,1901.3965000004416,0.0,29.0,46.89632806988408,22.511115788793802,21.70806811899797,20.66455956708097,2,4.986651127290795,charge,4.986651127290795,0.0,False,2
565.0,charge,20.82371130730051,28.3,20.823711307300528,21.05279620938677,741.0323749763886,0.0,1750.878499998552,0.0,28.3,48.25614923624016,22.691148147351726,21.71528723187373,20.666886942951578,2,4.31892815841417,charge,4.31892815841417,0.0,False,2
566.0,charge,20.864548431767513,27.9,20.864548431767503,21.096446821018105,774.424946250168,0.0,1646.8439999994453,0.0,27.9,48.758747811915555,22.77211839521368,21.72409880161456,20.669227218828553,2,3.576809692380454,charge,3.576809692380454,0.0,False,2
567.0,charge,20.885499775104183,28.5,20.885499775104165,21.113622756013,781.6629611054558,0.0,1454.2695000013332,0.0,28.5,48.33722271560225,22.77345021396178,21.73326343581681,20.67158248560463,2,2.801817611961444,charge,2.801817611961444,0.0,False,2
568.0,charge,20.88169772895066,28.3,20.881697728950655,21.092405718723057,755.4577940996282,0.0,1157.6605000009392,0.0,28.3,46.079875814844,22.638774094671646,21.741207555499273,20.673951900994666,2,2.020288264933254,charge,2.020288264933254,0.0,False,2
569.0,charge,20.846064418586185,27.6,20.846064418586195,21.02870676096194,687.6723936577223,0.0,810.1409999995617,0.0,27.6,42.68277803172356,22.38835810736191,21.74600373502625,20.676330493513603,2,1.2656930784671054,charge,1.2656930784671054,0.0,False,2
570.0,charge,20.782450783477167,26.6,20.782450783477145,20.92744465627362,586.3621798807415,0.0,380.72200000031285,0.0,26.6,38.00547135475529,22.027485408681798,21.74612282017381,20.67870953384562,2,0.5863621798807415,charge,0.5863621798807415,0.0,False,2
571.0,idle,20.391731461204582,25.7,,,0.0,0.0,0.0,0.0,25.7,38.00547135475529,22.027485408681798,21.74612282017381,20.67870953384562,1,0.0,idle,0.0,0.0,False,1
572.0,idle,20.351711871307124,25.4,,,0.0,0.0,0.0,0.0,25.4,38.00547135475529,22.027485408681798,21.74612282017381,20.67870953384562,1,0.4550304172777966,idle,0.4550304172777966,0.0,False,1
573.0,idle,20.32683606342801,24.8,,,0.0,0.0,0.0,0.0,24.8,38.00547135475529,22.027485408681798,21.74612282017381,20.67870953384562,1,0.8571582785133456,idle,0.8571582785133456,0.0,False,1
574.0,idle,20.308774243729715,24.3,,,0.0,0.0,0.0,0.0,24.3,38.00547135475529,22.027485408681798,21.74612282017381,20.67870953384562,1,1.2475329534634174,idle,1.2475329534634174,0.0,False,1
575.0,idle,20.295951596190402,23.7,,,0.0,0.0,0.0,0.0,23.7,38.00547135475529,22.027485408681798,21.74612282017381,20.67870953384562,1,1.7087439813454632,idle,1.7087439813454632,0.0,False,1
576.0,idle,20.28454655833138,23.4,,,0.0,0.0,0.0,0.0,23.4,38.00547135475529,22.027485408681798,21.74612282017381,20.67870953384562,1,2.2714893311501276,idle,2.2714893311501276,0.0,False,1
577.0,idle,20.275717820509293,23.0,,,0.0,0.0,0.0,0.0,23.0,38.00547135475529,22.027485408681798,21.74612282017381,20.67870953384562,1,2.941679225609506,idle,2.941679225609506,0.0,False,1
578.0,idle,20.268281894194818,23.0,,,0.0,0.0,0.0,0.0,23.0,38.00547135475529,22.027485408681798,21.74612282017381,20.67870953384562,1,3.6990935097080606,idle,3.6990935097080606,0.0,False,1
579.0,idle,20.261932726675788,23.0,,,0.0,0.0,0.0,0.0,23.0,38.00547135475529,22.027485408681798,21.74612282017381,20.67870953384562,1,4.508351300827184,idle,4.508351300827184,0.0,False,1
580.0,idle,20.256464091290265,22.9,,,0.0,0.0,0.0,0.0,22.9,38.00547135475529,22.027485408681798,21.74612282017381,20.67870953384562,1,5.326821094279851,idle,5.326821094279851,0.0,False,1
581.0,idle,20.251705192931123,22.7,,,0.0,0.0,0.0,0.0,22.7,38.00547135475529,22.027485408681798,21.74612282017381,20.67870953384562,1,6.112944114322868,idle,6.112944114322868,0.0,False,1
582.0,idle,20.2475026228442,22.6,,,0.0,0.0,0.0,0.0,22.6,38.00547135475529,22.027485408681798,21.74612282017381,20.67870953384562,1,6.8259172228655896,idle,6.8259172228655896,0.0,False,1
583.0,charge,20.56398638456495,24.5,20.56398638456494,20.662689932060402,483.6816014289004,0.0,250.12549999991273,0.0,24.5,33.7382509270235,21.522058009686646,21.739168514325513,20.681075940904464,2,7.4336692492412135,charge,7.4336692492412135,0.0,False,2
584.0,charge,20.527109893223987,25.9,20.527109893224008,20.631588518724982,383.5987302949738,0.0,630.847499999648,0.0,25.9,33.27816710421558,21.4197801659285,21.728577582011894,20.683416544206693,2,6.95082286276698,charge,6.95082286276698,0.0,False,2
585.0,charge,20.54062418874662,27.1,20.54062418874662,20.66233778304337,387.01326404561837,0.0,1051.4124999996686,0.0,27.1,35.42621907501416,21.54694868420006,21.718651811861605,20.685728537754812,2,6.566911103015652,charge,6.566911103015652,0.0,False,2
586.0,charge,20.594165812643716,28.1,20.594165812643723,20.746753854932763,454.2331372317421,0.0,1449.842500000285,0.0,28.1,39.20754176998571,21.83393557421408,21.712206649515338,20.68801679707599,2,6.178627836421855,charge,6.178627836421855,0.0,False,2
587.0,charge,20.673514250515364,28.9,20.67351425051538,20.861223253099638,557.4874222125087,0.0,1753.0920000001695,0.0,28.9,43.4481746811864,22.190376729155275,21.71079393088553,20.69029108881233,2,5.722466094713069,charge,5.722466094713069,0.0,False,2
588.0,charge,20.761070174185473,29.3,20.761070174185477,20.979366917708944,666.3719778811875,0.0,1916.8910000006188,0.0,29.3,47.111863778252484,22.527615262804375,21.714589087384354,20.692563062191084,2,5.162795595045343,charge,5.162795595045343,0.0,False,2
589.0,charge,20.83886212146468,29.3,20.838862121464672,21.077367613368267,755.9290855266662,0.0,1936.812500001089,0.0,29.3,49.542696260518824,22.779399298703822,21.722616296091587,20.694843381459066,2,4.494435131513667,charge,4.494435131513667,0.0,False,2
590.0,charge,20.89433612588988,29.2,20.89433612588988,21.13967090412575,809.8590867973408,0.0,1823.92400000021,0.0,29.2,50.35488742058078,22.904903485722002,21.73316879608791,20.6971396360409,2,3.737019247410372,charge,3.737019247410372,0.0,False,2
591.0,charge,20.91959604518518,28.6,20.919596045185187,21.158390446711564,820.9311735595921,0.0,1580.4389999994783,0.0,28.6,49.57344765301957,22.893638628865688,21.74421423821127,20.699455157631746,2,2.9264761562585906,charge,2.9264761562585906,0.0,False,2
592.0,charge,20.914457852533967,28.2,20.914457852533985,21.13480487246295,789.6073621295462,0.0,1235.1330000008836,0.0,28.2,47.31328407307069,22.752787507412904,21.75379022132472,20.701788788709848,2,2.1057252276844842,charge,2.1057252276844842,0.0,False,2
593.0,charge,20.876954630003105,27.4,20.876954630003127,21.06669245487808,717.6796635320326,0.0,816.7815000004077,0.0,27.4,43.528899075572326,22.479333504495514,21.760006520462525,20.704135121473485,2,1.3170244075655884,charge,1.3170244075655884,0.0,False,2
594.0,charge,20.808445425890756,26.6,20.80844542589074,20.958365257155947,608.3276146471131,0.0,382.9354999999387,0.0,26.6,38.641163103071676,22.09745294201474,21.761153344102183,20.70648467983449,2,0.6083276146471132,charge,0.6083276146471132,0.0,False,2
595.0,idle,20.402953227340102,25.7,,,0.0,0.0,0.0,0.0,25.7,38.641163103071676,22.09745294201474,21.761153344102183,20.70648467983449,1,0.0,idle,0.0,0.0,False,1
596.0,idle,20.36146865756926,25.3,,,0.0,0.0,0.0,0.0,25.3,38.641163103071676,22.09745294201474,21.761153344102183,20.70648467983449,1,0.0,idle,0.0,0.0,False,1
597.0,idle,20.335665910974345,24.8,,,0.0,0.0,0.0,0.0,24.8,38.641163103071676,22.09745294201474,21.761153344102183,20.70648467983449,1,0.48913872411887654,idle,0.48913872411887654,0.0,False,1
598.0,idle,20.316941517574058,24.3,,,0.0,0.0,0.0,0.0,24.3,38.641163103071676,22.09745294201474,21.761153344102183,20.70648467983449,1,0.9563537841300842,idle,0.9563537841300842,0.0,False,1
599.0,idle,20.30318338819538,23.8,,,0.0,0.0,0.0,0.0,23.8,38.641163103071676,22.09745294201474,21.761153344102183,20.70648467983449,1,1.4071053162063003,idle,1.4071053162063003,0.0,False,1
600.0,idle,20.291830181964894,23.3,,,0.0,0.0,0.0,0.0,23.3,38.641163103071676,22.09745294201474,21.761153344102183,20.70648467983449,1,1.8964739974993885,idle,1.8964739974993885,0.0,False,1
601.0,idle,20.28267720219576,22.7,,,0.0,0.0,0.0,0.0,22.7,38.641163103071676,22.09745294201474,21.761153344102183,20.70648467983449,1,2.448312360920085,idle,2.448312360920085,0.0,False,1
602.0,idle,20.274968007937836,22.7,,,0.0,0.0,0.0,0.0,22.7,38.641163103071676,22.09745294201474,21.761153344102183,20.70648467983449,1,3.0768649842244864,idle,3.0768649842244864,0.0,False,1
603.0,idle,20.268384034932502,23.0,,,0.0,0.0,0.0,0.0,23.0,38.641163103071676,22.09745294201474,21.761153344102183,20.70648467983449,1,3.7536764950182873,idle,3.7536764950182873,0.0,False,1
604.0,idle,20.26271207901782,22.9,,,0.0,0.0,0.0,0.0,22.9,38.641163103071676,22.09745294201474,21.761153344102183,20.70648467983449,1,4.482252622494566,idle,4.482252622494566,0.0,False,1
605.0,idle,20.257775948154755,22.6,,,0.0,0.0,0.0,0.0,22.6,38.641163103071676,22.09745294201474,21.761153344102183,20.70648467983449,1,5.210101499334508,idle,5.210101499334508,0.0,False,1
606.0,idle,20.253415973278543,23.7,,,0.0,0.0,0.0,0.0,23.7,38.641163103071676,22.09745294201474,21.761153344102183,20.70648467983449,1,5.880607349636077,idle,5.880607349636077,0.0,False,1
607.0,idle,20.24763267525085,25.3,,,0.0,0.0,0.0,0.0,25.3,38.641163103071676,22.09745294201474,21.761153344102183,20.70648467983449,1,6.451481709824107,idle,6.451481709824107,0.0,False,1
608.0,charge,20.588483696217192,26.9,20.588483696217168,20.703174932022307,517.984624028593,0.0,564.4424999995728,0.0,26.9,36.087170634858126,21.681978666232226,21.755643147432124,20.70882409624994,2,6.456456184413142,charge,6.456456184413142,0.0,False,2
609.0,charge,20.572251660657617,28.3,20.572251660657628,20.698519584497717,445.8203523741789,0.0,810.1409999995617,0.0,28.3,35.837772077388365,21.633720581899297,21.74779090634769,20.711142570671427,2,5.938845452129317,charge,5.938845452129317,0.0,False,2
610.0,charge,20.589356305905216,29.2,20.5893563059052,20.72676776407792,449.15267543113816,0.0,1069.1204999995152,0.0,29.2,37.21573406560407,21.72383372974474,21.740557414991713,20.713438758143752,2,5.492623674547297,charge,5.492623674547297,0.0,False,2
611.0,charge,20.624084701196004,29.2,20.62408470119601,20.775248119206253,485.0197834696376,0.0,1175.3684999991021,0.0,29.2,38.817102267934274,21.862433588761633,21.735308986002167,20.715715863325556,2,5.042640825417331,charge,5.042640825417331,0.0,False,2
612.0,charge,20.676780280423856,30.0,20.676780280423827,20.85663509369857,548.2050463388972,0.0,1660.1250000010934,0.0,30.0,42.67321477517339,22.14470066344245,21.733249654667418,20.71797938820862,2,4.556334516803289,charge,4.556334516803289,0.0,False,2
613.0,charge,20.74012994427669,29.6,20.740129944276703,20.935133504750922,625.3111266206464,0.0,1440.9885000000634,0.0,29.6,44.00475156204453,22.32611817103907,21.734922162386056,20.720237799223355,2,4.006545892091021,charge,4.006545892091021,0.0,False,2
614.0,charge,20.788701206268325,30.1,20.788701206268343,21.000289456983353,676.7509542849854,0.0,1702.1815000006925,0.0,30.1,46.47969008663944,22.52313725254453,21.73909093762802,20.722497605812123,2,3.3799522991389392,charge,3.3799522991389392,0.0,False,2
615.0,charge,20.83637360439223,30.3,20.836373604392236,21.057017606472414,727.1603975291578,0.0,1538.3825000002566,0.0,30.3,47.33694636851209,22.645826336284472,21.745666861789005,20.724764574875337,2,2.701917270702435,charge,2.701917270702435,0.0,False,2
616.0,charge,20.853520942892796,30.0,20.85352094289277,21.061883764719255,730.6746302663275,0.0,1151.019999999622,0.0,30.0,45.65038232413667,22.57813020544245,21.752422350455902,20.727041843461507,2,1.9741552390492516,charge,1.9741552390492516,0.0,False,2
617.0,charge,20.828835097807747,29.3,20.82883509780777,21.0096524781938,675.5194926105866,0.0,781.365499999701,0.0,29.3,42.33754002893966,22.349034312769902,21.756641210844748,20.729326652802172,2,1.2440781483761922,charge,1.2440781483761922,0.0,False,2
618.0,charge,20.769072210613174,27.7,20.76907221061316,20.911469320580693,576.395366057462,0.0,358.5869999998701,0.0,27.7,37.62013730853835,21.990004053180314,21.756314675055023,20.73161102895881,2,0.576395366057462,charge,0.576395366057462,0.0,False,2
619.0,idle,20.386794118154395,26.5,,,0.0,0.0,0.0,0.0,26.5,37.62013730853835,21.990004053180314,21.756314675055023,20.73161102895881,1,0.0,idle,0.0,0.0,False,1
620.0,idle,20.348825328110593,26.3,,,0.0,0.0,0.0,0.0,26.3,37.62013730853835,21.990004053180314,21.756314675055023,20.73161102895881,1,0.4491951054617358,idle,0.4491951054617358,0.0,False,1
621.0,idle,20.32543364715877,26.2,,,0.0,0.0,0.0,0.0,26.2,37.62013730853835,21.990004053180314,21.756314675055023,20.73161102895881,1,0.8549278057127931,idle,0.8549278057127931,0.0,False,1
622.0,idle,20.308548308653467,25.9,,,0.0,0.0,0.0,0.0,25.9,37.62013730853835,21.990004053180314,21.756314675055023,20.73161102895881,1,1.259408116077484,idle,1.259408116077484,0.0,False,1
623.0,idle,20.29703942880449,25.4,,,0.0,0.0,0.0,0.0,25.4,37.62013730853835,21.990004053180314,21.756314675055023,20.73161102895881,1,1.7378933022963468,idle,1.7378933022963468,0.0,False,1
624.0,idle,20.28647679707199,24.9,,,0.0,0.0,0.0,0.0,24.9,37.62013730853835,21.990004053180314,21.756314675055023,20.73161102895881,1,2.3148132058382287,idle,2.3148132058382287,0.0,False,1
625.0,idle,20.27827617718644,24.7,,,0.0,0.0,0.0,0.0,24.7,37.62013730853835,21.990004053180314,21.756314675055023,20.73161102895881,1,2.9931632756950335,idle,2.9931632756950335,0.0,False,1
626.0,idle,20.271341448598758,24.6,,,0.0,0.0,0.0,0.0,24.6,37.62013730853835,21.990004053180314,21.756314675055023,20.73161102895881,1,3.7539358364939837,idle,3.7539358364939837,0.0,False,1
627.0,idle,20.26543435278825,24.5,,,0.0,0.0,0.0,0.0,24.5,37.62013730853835,21.990004053180314,21.756314675055023,20.73161102895881,1,4.5650995277507205,idle,4.5650995277507205,0.0,False,1
628.0,idle,20.26034977774662,24.7,,,0.0,0.0,0.0,0.0,24.7,37.62013730853835,21.990004053180314,21.756314675055023,20.73161102895881,1,5.385084783829748,idle,5.385084783829748,0.0,False,1
629.0,idle,20.255919971955162,24.2,,,0.0,0.0,0.0,0.0,24.2,37.62013730853835,21.990004053180314,21.756314675055023,20.73161102895881,1,6.16988589706059,idle,6.16988589706059,0.0,False,1
630.0,idle,20.252013911800685,24.4,,,0.0,0.0,0.0,0.0,24.4,37.62013730853835,21.990004053180314,21.756314675055023,20.73161102895881,1,6.87759782606244,idle,6.87759782606244,0.0,False,1
631.0,charge,20.564239814985743,26.4,20.56423981498574,20.663816089287764,476.05755184385924,0.0,250.12549999991273,0.0,26.4,33.7817936898507,21.521148250853912,21.749224075066024,20.73388224084607,2,7.477223206765503,charge,7.477223206765503,0.0,False,2
632.0,charge,20.534578274764833,28.7,20.53457827476484,20.642753818169638,387.7029883118551,0.0,659.6229999998578,0.0,28.7,33.750748273523016,21.45375230201813,21.739013347345463,20.736128138223762,2,7.001844793548388,charge,7.001844793548388,0.0,False,2
633.0,charge,20.55510136935939,29.8,20.555101369359363,20.682549539547836,400.8063433255864,0.0,1080.1880000007518,0.0,29.8,36.1163820915466,21.60494319386055,21.72990453806409,20.73834700153759,2,6.613657695419018,charge,6.613657695419018,0.0,False,2
634.0,charge,20.612293342915233,30.2,20.612293342915223,20.770173402435887,471.80461331382253,0.0,1445.4155000010883,0.0,30.2,39.81945459031908,21.893849160438492,21.724438816004863,20.740544394970982,2,6.2114728396961265,charge,6.2114728396961265,0.0,False,2
635.0,charge,20.690802837907565,30.6,20.69080283790754,20.88176347414668,572.1506287417701,0.0,1715.4624999992138,0.0,30.6,43.822176973656894,22.23518614212884,21.723860036031112,20.742730081063655,2,5.7377385140882335,charge,5.7377385140882335,0.0,False,2
636.0,charge,20.775005046620024,31.1,20.775005046620038,20.99447588914063,674.9198294127167,0.0,1863.7669999992324,0.0,31.1,47.25622763340965,22.553341745882108,21.728200459821835,20.744915185849322,2,5.16347195935667,charge,5.16347195935667,0.0,False,2
637.0,charge,20.8495297930444,31.3,20.849529793044383,21.08826074673584,759.4135356991604,0.0,1883.6885000013401,0.0,31.3,49.5944059008512,22.79397536249604,21.736534483031107,20.74710975279072,2,4.48663436609794,charge,4.48663436609794,0.0,False,2
638.0,charge,20.903646907284866,31.2,20.903646907284838,21.149438250053663,811.6418942827752,0.0,1764.159500000507,0.0,31.2,50.439395491394805,22.91891166792169,21.74731092698255,20.749321007220487,2,3.725758692475017,charge,3.725758692475017,0.0,False,2
639.0,charge,20.92822286142731,30.8,20.928222861427287,21.167131210809714,822.4125705910461,0.0,1520.6744999997456,0.0,30.8,49.588746792290124,22.903624107390783,21.758555152765666,20.751552199603793,2,2.913445308800716,charge,2.913445308800716,0.0,False,2
640.0,charge,20.921190756551773,30.5,20.921190756551766,21.140373442999532,788.4487608978189,0.0,1175.3684999991021,0.0,30.5,47.16601380116276,22.750957611976446,21.768201014522845,20.75380200818222,2,2.0912807579329504,charge,2.0912807579329504,0.0,False,2
641.0,charge,20.880689468380385,29.7,20.88068946838041,21.068139502811334,712.5940044474168,0.0,765.8709999998774,0.0,29.7,43.2644131042324,22.465911559923484,21.774300552434568,20.756064649746236,2,1.3038146518835614,charge,1.3038146518835614,0.0,False,2
642.0,charge,20.80980078804081,28.7,20.80980078804083,20.957038310760026,600.5163988174194,0.0,347.51949999971185,0.0,28.7,38.34153375796279,22.078085551858578,21.775203187698025,20.75833028621406,2,0.6005163988174194,charge,0.6005163988174194,0.0,False,2
643.0,idle,20.40905217847866,27.9,,,0.0,0.0,0.0,0.0,27.9,38.34153375796279,22.078085551858578,21.775203187698025,20.75833028621406,1,0.0,idle,0.0,0.0,False,1
644.0,idle,20.367684533362148,27.9,,,0.0,0.0,0.0,0.0,27.9,38.34153375796279,22.078085551858578,21.775203187698025,20.75833028621406,1,0.46684575899576725,idle,0.46684575899576725,0.0,False,1
645.0,idle,20.341955360818744,28.0,,,0.0,0.0,0.0,0.0,28.0,38.34153375796279,22.078085551858578,21.775203187698025,20.75833028621406,1,0.8897459122926132,idle,0.8897459122926132,0.0,False,1
646.0,idle,20.323276571701093,27.6,,,0.0,0.0,0.0,0.0,27.6,38.34153375796279,22.078085551858578,21.775203187698025,20.75833028621406,1,1.3085434077044802,idle,1.3085434077044802,0.0,False,1
647.0,idle,20.309573269767636,26.9,,,0.0,0.0,0.0,0.0,26.9,38.34153375796279,22.078085551858578,21.775203187698025,20.75833028621406,1,1.7981215099423964,idle,1.7981215099423964,0.0,False,1
648.0,idle,20.29821062606171,26.7,,,0.0,0.0,0.0,0.0,26.7,38.34153375796279,22.078085551858578,21.775203187698025,20.75833028621406,1,2.3849200569352944,idle,2.3849200569352944,0.0,False,1
649.0,idle,20.289041123181978,26.3,,,0.0,0.0,0.0,0.0,26.3,38.34153375796279,22.078085551858578,21.775203187698025,20.75833028621406,1,3.083500207012672,idle,3.083500207012672,0.0,False,1
650.0,idle,20.2813149145989,26.1,,,0.0,0.0,0.0,0.0,26.1,38.34153375796279,22.078085551858578,21.775203187698025,20.75833028621406,1,3.8747493485308704,idle,3.8747493485308704,0.0,False,1
651.0,idle,20.27471392886732,26.0,,,0.0,0.0,0.0,0.0,26.0,38.34153375796279,22.078085551858578,21.775203187698025,20.75833028621406,1,4.725999497212784,idle,4.725999497212784,0.0,False,1
652.0,idle,20.269024445732324,26.0,,,0.0,0.0,0.0,0.0,26.0,38.34153375796279,22.078085551858578,21.775203187698025,20.75833028621406,1,5.568022214253003,idle,5.568022214253003,0.0,False,1
653.0,idle,20.264070133274355,25.5,,,0.0,0.0,0.0,0.0,25.5,38.34153375796279,22.078085551858578,21.775203187698025,20.75833028621406,1,6.333676078215505,idle,6.333676078215505,0.0,False,1
654.0,idle,20.259691822936727,25.5,,,0.0,0.0,0.0,0.0,25.5,38.34153375796279,22.078085551858578,21.775203187698025,20.75833028621406,1,6.997564213618065,idle,6.997564213618065,0.0,False,1
655.0,charge,20.585666376524124,28.2,20.585666376524102,20.688360534646677,496.23906565665897,0.0,243.48499999990335,0.0,28.2,34.35987593060605,21.580835476887273,21.76888355982703,20.760585016696723,2,7.567980363947711,charge,7.567980363947711,0.0,False,2
656.0,charge,20.55393335651588,31.1,20.55393335651587,20.666129267630993,403.0826674958393,0.0,646.3419999999758,0.0,31.1,34.274080338361046,21.507945360207714,21.759253347251786,20.76281591836397,2,7.072447941610784,charge,7.072447941610784,0.0,False,2
657.0,charge,20.57416634365058,33.2,20.574166343650575,20.705842067716162,415.150917579546,0.0,1033.7044999993648,0.0,33.2,36.66641130114806,21.65944047866884,21.75067509231019,20.765021038727298,2,6.668901565812788,charge,6.668901565812788,0.0,False,2
658.0,charge,20.62938772261584,34.3,20.62938772261583,20.788913817994114,482.9765990707145,0.0,1305.9649999998635,0.0,34.3,39.98515016716317,21.925594438948053,21.745580902802146,20.767205789803143,2,6.2524491166050185,charge,6.2524491166050185,0.0,False,2
659.0,charge,20.707051712880574,35.7,20.70705171288057,20.90252886106782,581.892646570027,0.0,1682.2599999987083,0.0,35.7,44.50648256223059,22.2898876697044,21.745309574817497,20.769379477053462,2,5.767599333017772,charge,5.767599333017772,0.0,False,2
660.0,charge,20.797431751159106,36.5,20.79743175115908,21.02420772158183,694.2335928827606,0.0,1750.878499998552,0.0,36.5,48.15923707650279,22.63283296181845,21.75039353649811,20.771553790179553,2,5.183471688780024,charge,5.183471688780024,0.0,False,2
661.0,charge,20.8798371350481,37.2,20.879837135048092,21.13079153010932,789.497445868092,0.0,1846.0589999990812,0.0,37.2,51.184033648459774,22.92158517988213,21.759959136433054,20.773739715374802,2,4.487144116298568,charge,4.487144116298568,0.0,False,2
662.0,charge,20.941729164974255,36.0,20.941729164974277,21.19947076919334,851.4710211872757,0.0,1657.9114999995143,0.0,36.0,51.82765028937558,23.05152404333063,21.772396633026858,20.775945696827876,2,3.695998524981195,charge,3.695998524981195,0.0,False,2
663.0,charge,20.957816123094325,35.8,20.957816123094346,21.196976741363187,846.3539925577224,0.0,1104.5365000003335,0.0,35.8,49.42507513351103,22.93955625443789,21.784539310322828,20.778174747137143,2,2.844094501781527,charge,2.844094501781527,0.0,False,2
664.0,charge,20.923510426574175,34.4,20.923510426574182,21.12803513568008,771.9603744067284,0.0,650.769000000107,0.0,34.4,45.29092667388875,22.646973936705933,21.793192259453292,20.78042240274607,2,1.998940489301586,charge,1.998940489301586,0.0,False,2
665.0,charge,20.862231476113713,33.8,20.86223147611372,21.035249898703682,668.7646155474187,0.0,495.82399999971705,0.0,33.8,41.72656728813507,22.34017410442067,21.79706759885312,20.782678968677033,2,1.2284609215923172,charge,1.2284609215923172,0.0,False,2
666.0,charge,20.795671791494296,32.6,20.79567179149427,20.938219851629242,568.4243610697267,0.0,301.03600000010084,0.0,32.6,37.90821110208009,22.02255993206944,21.79632464408934,20.784934015519752,2,0.5684243610697267,charge,0.5684243610697267,0.0,False,2
667.0,idle,20.41466170491019,31.2,,,0.0,0.0,0.0,0.0,31.2,37.90821110208009,22.02255993206944,21.79632464408934,20.784934015519752,1,0.0,idle,0.0,0.0,False,1
668.0,idle,20.374281956032355,30.2,,,0.0,0.0,0.0,0.0,30.2,37.90821110208009,22.02255993206944,21.79632464408934,20.784934015519752,1,0.0,idle,0.0,0.0,False,1
669.0,idle,20.349014202526703,29.2,,,0.0,0.0,0.0,0.0,29.2,37.90821110208009,22.02255993206944,21.79632464408934,20.784934015519752,1,0.4756247465112556,idle,0.4756247465112556,0.0,False,1
670.0,idle,20.330608474602922,28.1,,,0.0,0.0,0.0,0.0,28.1,37.90821110208009,22.02255993206944,21.79632464408934,20.784934015519752,1,0.9547469112676049,idle,0.9547469112676049,0.0,False,1
671.0,idle,20.31741735641785,27.7,,,0.0,0.0,0.0,0.0,27.7,37.90821110208009,22.02255993206944,21.79632464408934,20.784934015519752,1,1.4153373518571577,idle,1.4153373518571577,0.0,False,1
672.0,idle,20.30579320181369,27.8,,,0.0,0.0,0.0,0.0,27.8,37.90821110208009,22.02255993206944,21.79632464408934,20.784934015519752,1,1.8410194260554364,idle,1.8410194260554364,0.0,False,1
673.0,idle,20.29675013529344,27.5,,,0.0,0.0,0.0,0.0,27.5,37.90821110208009,22.02255993206944,21.79632464408934,20.784934015519752,1,2.2885365335922323,idle,2.2885365335922323,0.0,False,1
674.0,idle,20.28914051651142,27.0,,,0.0,0.0,0.0,0.0,27.0,37.90821110208009,22.02255993206944,21.79632464408934,20.784934015519752,1,2.8491409001129964,idle,2.8491409001129964,0.0,False,1
675.0,idle,20.28264640903815,26.6,,,0.0,0.0,0.0,0.0,26.6,37.90821110208009,22.02255993206944,21.79632464408934,20.784934015519752,1,3.488394501219904,idle,3.488394501219904,0.0,False,1
676.0,idle,20.27705366897726,26.3,,,0.0,0.0,0.0,0.0,26.3,37.90821110208009,22.02255993206944,21.79632464408934,20.784934015519752,1,4.180566522986927,idle,4.180566522986927,0.0,False,1
677.0,idle,20.272189848260744,26.7,,,0.0,0.0,0.0,0.0,26.7,37.90821110208009,22.02255993206944,21.79632464408934,20.784934015519752,1,4.849904125391154,idle,4.849904125391154,0.0,False,1
678.0,idle,20.267898602294935,26.3,,,0.0,0.0,0.0,0.0,26.3,37.90821110208009,22.02255993206944,21.79632464408934,20.784934015519752,1,5.458172715518396,idle,5.458172715518396,0.0,False,1
679.0,idle,20.262049298977775,27.7,,,0.0,0.0,0.0,0.0,27.7,37.90821110208009,22.02255993206944,21.79632464408934,20.784934015519752,1,5.978489502553197,idle,5.978489502553197,0.0,False,1
680.0,charge,20.592503831062903,30.0,20.592503831062913,20.707773761604415,502.26913744395966,0.0,577.7234999998748,0.0,30.0,36.14038047628867,21.680650905249138,21.790094348740126,20.78717622814594,2,5.983190528901861,charge,5.983190528901861,0.0,False,2
681.0,charge,20.593250713139525,31.4,20.593250713139525,20.729876749368657,457.3038334537839,0.0,956.2319999993327,0.0,31.4,37.219042888640615,21.731282443374198,21.782756663803298,20.789397412490302,2,5.480903825637253,charge,5.480903825637253,0.0,False,2
682.0,charge,20.611404925481065,31.1,20.611404925481054,20.743357244817616,460.5084307119523,0.0,639.701499999627,0.0,31.1,36.04782869310844,21.698109653975337,21.775985043888625,20.79159826215738,2,5.023169875018927,charge,5.023169875018927,0.0,False,2
683.0,charge,20.600842990399205,31.0,20.6008429903992,20.71672584723234,427.3586061724531,0.0,420.56499999967707,0.0,31.0,34.22221841455274,21.57134210983446,21.76797792935588,20.793778013794963,2,4.562916991955045,charge,4.562916991955045,0.0,False,2
684.0,charge,20.618110668825395,31.8,20.61811066882541,20.76785829131279,443.8355966079632,0.0,1571.5849999992365,0.0,31.8,39.54699240746379,21.858257789356003,21.761086074433592,20.795935155483505,2,4.135127970079685,charge,4.135127970079685,0.0,False,2
685.0,charge,20.69615291397248,30.0,20.69615291397247,20.87802166963155,552.1935060559169,0.0,1553.8769999991634,0.0,30.0,42.49825138293818,22.164371570550657,21.75944942100284,20.798078117204227,2,3.6893117671242406,charge,3.6893117671242406,0.0,False,2
686.0,charge,20.765504159558567,31.6,20.76550415955859,20.971132416909654,638.0982161389326,0.0,1668.9790000013434,0.0,31.6,45.63040299797825,22.437606064329486,21.761910264705705,20.800217309495906,2,3.13527391479082,charge,3.13527391479082,0.0,False,2
687.0,charge,20.814555196982777,29.9,20.81455519698278,21.02131997225814,692.344562355048,0.0,1297.110999999621,0.0,29.9,45.36374462112997,22.506803923113353,21.766922536666243,20.802360653821722,2,2.495856610102871,charge,2.495856610102871,0.0,False,2
688.0,charge,20.81804768465508,30.3,20.818047684655085,21.005875319358438,673.9209175090962,0.0,812.3545000002819,0.0,30.3,43.101106698245474,22.379732848902847,21.77114009510791,20.804509995024773,2,1.8033897472073024,charge,1.8033897472073024,0.0,False,2
689.0,charge,20.7877339215014,30.4,20.7877339215014,20.951572827766142,612.6528132276773,0.0,626.4204999995853,0.0,30.4,40.3683880322273,22.170301772926848,21.772595291242112,20.806661046905106,2,1.130203264442705,charge,1.130203264442705,0.0,False,2
690.0,charge,20.73372500620161,28.4,20.73372500620161,20.863273519038955,524.6335702212848,0.0,276.6874999998227,0.0,28.4,36.01716529942178,21.84417754255776,21.77006053856769,20.808806422768612,2,0.5246335702212848,charge,0.5246335702212848,0.0,False,2
691.0,idle,20.385362508451692,27.3,,,0.0,0.0,0.0,0.0,27.3,36.01716529942178,21.84417754255776,21.77006053856769,20.808806422768612,1,0.0,idle,0.0,0.0,False,1
692.0,idle,20.350363165515567,27.3,,,0.0,0.0,0.0,0.0,27.3,36.01716529942178,21.84417754255776,21.77006053856769,20.808806422768612,1,0.0,idle,0.0,0.0,False,1
693.0,idle,20.32877576754183,27.3,,,0.0,0.0,0.0,0.0,27.3,36.01716529942178,21.84417754255776,21.77006053856769,20.808806422768612,1,0.4332208899588764,idle,0.4332208899588764,0.0,False,1
694.0,idle,20.31314911074099,26.7,,,0.0,0.0,0.0,0.0,26.7,36.01716529942178,21.84417754255776,21.77006053856769,20.808806422768612,1,0.8819646747966734,idle,0.8819646747966734,0.0,False,1
695.0,idle,20.301773975359794,26.1,,,0.0,0.0,0.0,0.0,26.1,36.01716529942178,21.84417754255776,21.77006053856769,20.808806422768612,1,1.3607493104701132,idle,1.3607493104701132,0.0,False,1
696.0,idle,20.292240173433214,25.6,,,0.0,0.0,0.0,0.0,25.6,36.01716529942178,21.84417754255776,21.77006053856769,20.808806422768612,1,1.919749520055445,idle,1.919749520055445,0.0,False,1
697.0,idle,20.28465108834382,25.3,,,0.0,0.0,0.0,0.0,25.3,36.01716529942178,21.84417754255776,21.77006053856769,20.808806422768612,1,2.5504397092007745,idle,2.5504397092007745,0.0,False,1
698.0,idle,20.278224945085785,25.9,,,0.0,0.0,0.0,0.0,25.9,36.01716529942178,21.84417754255776,21.77006053856769,20.808806422768612,1,3.2399020222927266,idle,3.2399020222927266,0.0,False,1
699.0,idle,20.272742381291486,25.7,,,0.0,0.0,0.0,0.0,25.7,36.01716529942178,21.84417754255776,21.77006053856769,20.808806422768612,1,3.966103261012435,idle,3.966103261012435,0.0,False,1
700.0,idle,20.26801241301441,25.5,,,0.0,0.0,0.0,0.0,25.5,36.01716529942178,21.84417754255776,21.77006053856769,20.808806422768612,1,4.688499792714159,idle,4.688499792714159,0.0,False,1
701.0,idle,20.263884822341723,25.3,,,0.0,0.0,0.0,0.0,25.3,36.01716529942178,21.84417754255776,21.77006053856769,20.808806422768612,1,5.3584588707984135,idle,5.3584588707984135,0.0,False,1
702.0,idle,20.26024110436451,25.2,,,0.0,0.0,0.0,0.0,25.2,36.01716529942178,21.84417754255776,21.77006053856769,20.808806422768612,1,5.952993988537354,idle,5.952993988537354,0.0,False,1
703.0,idle,20.255613213726367,26.1,,,0.0,0.0,0.0,0.0,26.1,36.01716529942178,21.84417754255776,21.77006053856769,20.808806422768612,1,6.442098779860272,idle,6.442098779860272,0.0,False,1
704.0,charge,20.55583176451292,27.1,20.555831764512902,20.663472663193545,456.551145375811,0.0,624.2069999996781,0.0,27.1,35.06613965425896,21.56492735850759,21.762400092638302,20.810935413742925,2,6.446295115229442,charge,6.446295115229442,0.0,False,2
705.0,charge,20.565028483553935,28.7,20.56502848355393,20.69533704037684,428.51352600488804,0.0,991.6479999994341,0.0,28.7,36.378963950117566,21.645332722987405,21.75436108223522,20.813041358927023,2,5.989520333082132,charge,5.989520333082132,0.0,False,2
706.0,charge,20.611870023111354,29.6,20.61187002311135,20.76700531901065,475.56199569035516,0.0,1398.9319999990792,0.0,29.6,39.44965157051905,21.876711335665732,21.74894145999417,20.815127273055907,2,5.55984244741494,charge,5.55984244741494,0.0,False,2
707.0,charge,20.678250912752034,29.8,20.67825091275205,20.85827725435246,553.7636236366218,0.0,1587.079499999813,0.0,29.8,42.3585263896702,22.13843237303348,21.747437337227552,20.81720081458036,2,5.082602526579334,charge,5.082602526579334,0.0,False,2
708.0,charge,20.744151990328653,29.4,20.744151990328646,20.944090316744735,628.6216677726698,0.0,1715.4624999992138,0.0,29.4,44.799224579406086,22.37055699362986,21.74960038576222,20.819270578890553,2,4.527142742360507,charge,4.527142742360507,0.0,False,2
709.0,charge,20.800592970514373,29.2,20.800592970514344,21.013760866372422,688.4977398866629,0.0,1746.451500001518,0.0,29.2,46.43244914061046,22.542884365552936,21.754664681363693,20.821343951859262,2,3.897040342328597,charge,3.897040342328597,0.0,False,2
710.0,charge,20.842374019332922,29.4,20.842374019332908,21.06145273267822,726.4550521026018,0.0,1682.2599999987083,0.0,29.4,47.187082950998104,22.642688413198243,21.761565546734403,20.823426217316012,2,3.2073972289254886,charge,3.2073972289254886,0.0,False,2
711.0,charge,20.85636733825583,28.4,20.856367338255836,21.06204568645154,724.9034684253324,0.0,1279.402999999254,0.0,28.4,45.330095546691155,22.560779502648302,21.768418623572416,20.825519648203283,2,2.4805555487944733,charge,2.4805555487944733,0.0,False,2
712.0,charge,20.834825491736648,27.9,20.834825491736638,21.018755827913083,674.3221378440242,0.0,1062.4800000004047,0.0,27.9,42.87580547815958,22.379888716797836,21.772958684634148,20.82762131529921,2,1.7564161892172607,charge,1.7564161892172607,0.0,False,2
713.0,charge,20.791000356932564,27.2,20.791000356932557,20.945853383884526,598.2620751411089,0.0,697.2524999998589,0.0,27.2,39.24598306988685,22.106805607691626,21.77402468291524,20.82972477646581,2,1.0831612068919134,charge,1.0831612068919134,0.0,False,2
714.0,charge,20.722782418405192,26.7,20.72278241840519,20.84084855487191,493.84660838620977,0.0,303.24950000016014,0.0,26.7,34.711338228155455,21.7465182075357,21.77032007747772,20.83182083423486,2,0.49384660838620975,charge,0.49384660838620975,0.0,False,2
715.0,idle,20.3914214109604,26.1,,,0.0,0.0,0.0,0.0,26.1,34.711338228155455,21.7465182075357,21.77032007747772,20.83182083423486,1,0.0,idle,0.0,0.0,False,1
716.0,idle,20.356124698439597,25.6,,,0.0,0.0,0.0,0.0,25.6,34.711338228155455,21.7465182075357,21.77032007747772,20.83182083423486,1,0.0,idle,0.0,0.0,False,1
717.0,idle,20.33405125407385,24.7,,,0.0,0.0,0.0,0.0,24.7,34.711338228155455,21.7465182075357,21.77032007747772,20.83182083423486,1,0.39430226334074436,idle,0.39430226334074436,0.0,False,1
718.0,idle,20.317988378094604,24.4,,,0.0,0.0,0.0,0.0,24.4,34.711338228155455,21.7465182075357,21.77032007747772,20.83182083423486,1,0.8032433496427593,idle,0.8032433496427593,0.0,False,1
719.0,idle,20.30589263325853,23.8,,,0.0,0.0,0.0,0.0,23.8,34.711338228155455,21.7465182075357,21.77032007747772,20.83182083423486,1,1.2386713851799684,idle,1.2386713851799684,0.0,False,1
720.0,idle,20.295755913330744,23.1,,,0.0,0.0,0.0,0.0,23.1,34.711338228155455,21.7465182075357,21.77032007747772,20.83182083423486,1,1.7439466053668586,idle,1.7439466053668586,0.0,False,1
721.0,idle,20.287817684990188,22.7,,,0.0,0.0,0.0,0.0,22.7,34.711338228155455,21.7465182075357,21.77032007747772,20.83182083423486,1,2.33108206976544,idle,2.33108206976544,0.0,False,1
722.0,idle,20.28110027335372,22.8,,,0.0,0.0,0.0,0.0,22.8,34.711338228155455,21.7465182075357,21.77032007747772,20.83182083423486,1,3.0007143772133773,idle,3.0007143772133773,0.0,False,1
723.0,idle,20.275368315453832,22.7,,,0.0,0.0,0.0,0.0,22.7,34.711338228155455,21.7465182075357,21.77032007747772,20.83182083423486,1,3.723144776651714,idle,3.723144776651714,0.0,False,1
724.0,idle,20.270424658643694,22.6,,,0.0,0.0,0.0,0.0,22.6,34.711338228155455,21.7465182075357,21.77032007747772,20.83182083423486,1,4.4595932442151085,idle,4.4595932442151085,0.0,False,1
725.0,idle,20.26610874904091,22.7,,,0.0,0.0,0.0,0.0,22.7,34.711338228155455,21.7465182075357,21.77032007747772,20.83182083423486,1,5.165604864306258,idle,5.165604864306258,0.0,False,1
726.0,idle,20.262293430328334,23.0,,,0.0,0.0,0.0,0.0,23.0,34.711338228155455,21.7465182075357,21.77032007747772,20.83182083423486,1,5.79893530000646,idle,5.79893530000646,0.0,False,1
727.0,idle,20.25807751090939,25.1,,,0.0,0.0,0.0,0.0,25.1,34.711338228155455,21.7465182075357,21.77032007747772,20.83182083423486,1,6.322785220809282,idle,6.322785220809282,0.0,False,1
728.0,charge,20.533429733917142,26.5,20.53342973391716,20.627864463525384,419.13905308796654,0.0,597.6450000003495,0.0,26.5,33.48591877150858,21.43966509129831,21.761116442057357,20.833897589635512,2,6.327261751383913,charge,6.327261751383913,0.0,False,2
729.0,charge,20.537908447770697,27.9,20.53790844777069,20.65671207160335,388.1144551515318,0.0,989.4345000003254,0.0,27.9,35.02906238577975,21.52552943310218,21.75140453290578,20.835947746255215,2,5.908014720865059,charge,5.908014720865059,0.0,False,2
730.0,charge,20.580768908603886,28.9,20.580768908603886,20.720603053082357,432.356322541195,0.0,1232.9195000001127,0.0,28.9,37.44746925863552,21.720174987201005,21.744183565812705,20.837974264534978,2,5.518847428303026,charge,5.518847428303026,0.0,False,2
731.0,charge,20.63912991041759,29.1,20.63912991041758,20.802649001301575,500.6287950336109,0.0,1483.0449999996727,0.0,29.1,40.37153715763435,21.966767985823083,21.740439633348444,20.839983971345077,2,5.085035083818369,charge,5.085035083818369,0.0,False,2
732.0,charge,20.708419729607932,29.1,20.708419729607954,20.8994511404307,583.7715940344848,0.0,1766.3729999988743,0.0,29.1,43.83211041692903,22.259089769474713,21.740780550022578,20.841985323582264,2,4.582645574556511,charge,4.582645574556511,0.0,False,2
733.0,charge,20.779747220121916,28.7,20.77974722012192,20.99161661503797,667.1244101122558,0.0,1823.92400000021,0.0,28.7,46.25454571510602,22.502327274081722,21.745132147751974,20.8439876122668,2,3.997026100122382,charge,3.997026100122382,0.0,False,2
734.0,charge,20.83419356082693,28.7,20.834193560826918,21.05491823927167,722.5072884437901,0.0,1719.8895000008415,0.0,28.7,47.31268984492368,22.640435850840277,21.75213132943469,20.84599836364862,2,3.3284269931369788,charge,3.3284269931369788,0.0,False,2
735.0,charge,20.861156637813902,28.0,20.861156637813906,21.076677142006304,738.4662998678084,0.0,1474.1909999995396,0.0,28.0,46.646233347067096,22.64021937766688,21.759898077812977,20.84802143372798,2,2.605182552191655,charge,2.605182552191655,0.0,False,2
736.0,charge,20.856860828072858,27.2,20.856860828072854,21.05409999346898,709.4748156376917,0.0,1146.5929999996333,0.0,27.2,44.39964950368187,22.502100184054882,21.766354150242307,20.850056174549024,2,1.8668677874203352,charge,1.8668677874203352,0.0,False,2
737.0,charge,20.819159756004904,26.5,20.81915975600492,20.985818830270546,638.0676582306819,0.0,737.0954999997698,0.0,26.5,40.63481930303465,22.229385772950593,21.769527164214196,20.85209743565605,2,1.1583079510425374,charge,1.1583079510425374,0.0,False,2
738.0,charge,20.750493493642843,25.8,20.750493493642864,20.877581825744812,529.2455597241542,0.0,314.31699999987774,0.0,25.8,35.78716408264029,21.84944191278828,21.76770891316329,20.85413591964749,2,0.5292455597241542,charge,0.5292455597241542,0.0,False,2
739.0,idle,20.396968424347293,25.1,,,0.0,0.0,0.0,0.0,25.1,35.78716408264029,21.84944191278828,21.76770891316329,20.85413591964749,1,0.0,idle,0.0,0.0,False,1
740.0,idle,20.360433668517583,24.8,,,0.0,0.0,0.0,0.0,24.8,35.78716408264029,21.84944191278828,21.76770891316329,20.85413591964749,1,0.3997785488847439,idle,0.3997785488847439,0.0,False,1
741.0,idle,20.337708372744526,24.3,,,0.0,0.0,0.0,0.0,24.3,35.78716408264029,21.84944191278828,21.76770891316329,20.85413591964749,1,0.7586916263827207,idle,0.7586916263827207,0.0,False,1
742.0,idle,20.321232496197812,23.7,,,0.0,0.0,0.0,0.0,23.7,35.78716408264029,21.84944191278828,21.76770891316329,20.85413591964749,1,1.119447880280884,idle,1.119447880280884,0.0,False,1
743.0,idle,20.309163854712512,23.3,,,0.0,0.0,0.0,0.0,23.3,35.78716408264029,21.84944191278828,21.76770891316329,20.85413591964749,1,1.5579822813018809,idle,1.5579822813018809,0.0,False,1
744.0,idle,20.2991493095007,22.8,,,0.0,0.0,0.0,0.0,22.8,35.78716408264029,21.84944191278828,21.76770891316329,20.85413591964749,1,2.0974283491627754,idle,2.0974283491627754,0.0,False,1
745.0,idle,20.29111942203772,22.5,,,0.0,0.0,0.0,0.0,22.5,35.78716408264029,21.84944191278828,21.76770891316329,20.85413591964749,1,2.739611290892652,idle,2.739611290892652,0.0,False,1
746.0,idle,20.284334256408368,22.1,,,0.0,0.0,0.0,0.0,22.1,35.78716408264029,21.84944191278828,21.76770891316329,20.85413591964749,1,3.4668534838718825,idle,3.4668534838718825,0.0,False,1
747.0,idle,20.2785521725949,21.8,,,0.0,0.0,0.0,0.0,21.8,35.78716408264029,21.84944191278828,21.76770891316329,20.85413591964749,1,4.24683844918522,idle,4.24683844918522,0.0,False,1
748.0,idle,20.27357421132872,21.7,,,0.0,0.0,0.0,0.0,21.7,35.78716408264029,21.84944191278828,21.76770891316329,20.85413591964749,1,5.037696482416096,idle,5.037696482416096,0.0,False,1
749.0,idle,20.269236450939054,21.3,,,0.0,0.0,0.0,0.0,21.3,35.78716408264029,21.84944191278828,21.76770891316329,20.85413591964749,1,5.795383681949774,idle,5.795383681949774,0.0,False,1
750.0,idle,20.265408170166943,21.4,,,0.0,0.0,0.0,0.0,21.4,35.78716408264029,21.84944191278828,21.76770891316329,20.85413591964749,1,6.477309456149522,idle,6.477309456149522,0.0,False,1
751.0,charge,20.546705722936725,24.0,20.546705722936736,20.63243689223117,426.50647250481836,0.0,230.20400000008254,0.0,24.0,32.0745889964532,21.38765062441462,21.759104099545084,20.856158373349444,2,7.052093018929069,charge,7.052093018929069,0.0,False,2
752.0,charge,20.515615844156166,25.7,20.515615844156173,20.610403364721833,341.19155284028403,0.0,641.9149999998942,0.0,25.7,32.111967437183466,21.324219714619915,21.747493173582882,20.858152835624253,2,6.626302824556811,charge,6.626302824556811,0.0,False,2
753.0,charge,20.535929998649316,27.0,20.535929998649294,20.65119149642561,356.9646572952902,0.0,1066.9070000005056,0.0,27.0,34.628383532853206,21.48448500924536,21.737105987151836,20.860117831325397,2,6.284631865075706,charge,6.284631865075706,0.0,False,2
754.0,charge,20.59422468041597,28.2,20.594224680415948,20.74111340484376,431.7241261242947,0.0,1434.3479999994804,0.0,28.2,38.4623736074243,21.783596662365426,21.730538445441084,20.862059275234458,2,5.926261642608539,charge,5.926261642608539,0.0,False,2
755.0,charge,20.673689597140278,28.8,20.673689597140253,20.853974045577047,534.6696434608525,0.0,1702.1815000006925,0.0,28.8,42.48284654248647,22.128520252809437,21.72898397600028,20.86398729125432,2,5.492585868477004,charge,5.492585868477004,0.0,False,2
756.0,charge,20.75819221254093,29.3,20.758192212540905,20.967532116730865,638.8081564577838,0.0,1852.6994999991273,0.0,29.3,46.00610414540819,22.45197307674806,21.732419239307262,20.865913201602098,2,4.955796283218831,charge,4.955796283218831,0.0,False,2
757.0,charge,20.833995923027153,29.8,20.833995923027146,21.063512831227854,725.7487614293541,0.0,1865.9805000008812,0.0,29.8,48.45220152422792,22.700913225049703,21.73997263537086,20.867847269847857,2,4.315040900042533,charge,4.315040900042533,0.0,False,2
758.0,charge,20.88957141733213,29.6,20.88957141733215,21.12669615415166,780.4160561414261,0.0,1744.2379999998982,0.0,29.6,49.354154142344726,22.83171873735415,21.75009083558689,20.869797013390723,2,3.587793855245445,charge,3.587793855245445,0.0,False,2
759.0,charge,20.91614263447164,29.6,20.916142634471612,21.14716504904635,793.1728195090028,0.0,1491.8989999998928,0.0,29.6,48.604497318514234,22.824606853808348,21.760789431763612,20.87176593159029,2,2.8066530604528315,charge,2.8066530604528315,0.0,False,2
760.0,charge,20.91019911207624,29.5,20.910199112076214,21.12180669444183,761.4060342259954,0.0,1144.3795000007094,0.0,29.5,46.21762916706513,22.676148621265497,21.76999147434958,20.87375296107541,2,2.013689701815137,charge,2.013689701815137,0.0,False,2
761.0,charge,20.870863318803167,28.9,20.870863318803174,21.05113700046894,686.7676247350896,0.0,730.4550000000689,0.0,28.9,42.36785632388859,22.395539686119946,21.775714915772653,20.87575249529658,2,1.2532376955177016,charge,1.2532376955177016,0.0,False,2
762.0,charge,20.800972788508822,28.1,20.80097278850883,20.94111594166793,575.6352181871677,0.0,309.8899999997751,0.0,28.1,37.44824771643732,22.009461216432214,21.776295109789316,20.877754841042588,2,0.5756352181871677,charge,0.5756352181871677,0.0,False,2
763.0,idle,20.416783725890678,27.1,,,0.0,0.0,0.0,0.0,27.1,37.44824771643732,22.009461216432214,21.776295109789316,20.877754841042588,1,0.0,idle,0.0,0.0,False,1
764.0,idle,20.377292887049943,26.6,,,0.0,0.0,0.0,0.0,26.6,37.44824771643732,22.009461216432214,21.776295109789316,20.877754841042588,1,0.0,idle,0.0,0.0,False,1
765.0,idle,20.352725698879908,26.1,,,0.0,0.0,0.0,0.0,26.1,37.44824771643732,22.009461216432214,21.776295109789316,20.877754841042588,1,0.4621429272239165,idle,0.4621429272239165,0.0,False,1
766.0,idle,20.334919842697087,25.9,,,0.0,0.0,0.0,0.0,25.9,37.44824771643732,22.009461216432214,21.776295109789316,20.877754841042588,1,0.9168488292615186,idle,0.9168488292615186,0.0,False,1
767.0,idle,20.322258873323666,25.8,,,0.0,0.0,0.0,0.0,25.8,37.44824771643732,22.009461216432214,21.776295109789316,20.877754841042588,1,1.383011633177071,idle,1.383011633177071,0.0,False,1
768.0,idle,20.31108002431333,25.8,,,0.0,0.0,0.0,0.0,25.8,37.44824771643732,22.009461216432214,21.776295109789316,20.877754841042588,1,1.9289229335919789,idle,1.9289229335919789,0.0,False,1
769.0,idle,20.30241056011756,25.8,,,0.0,0.0,0.0,0.0,25.8,37.44824771643732,22.009461216432214,21.776295109789316,20.877754841042588,1,2.5465077356273222,idle,2.5465077356273222,0.0,False,1
770.0,idle,20.295120781426583,26.2,,,0.0,0.0,0.0,0.0,26.2,37.44824771643732,22.009461216432214,21.776295109789316,20.877754841042588,1,3.228784637822852,idle,3.228784637822852,0.0,False,1
771.0,idle,20.288907082606663,25.7,,,0.0,0.0,0.0,0.0,25.7,37.44824771643732,22.009461216432214,21.776295109789316,20.877754841042588,1,3.9151256449349847,idle,3.9151256449349847,0.0,False,1
772.0,idle,20.283565097271133,25.7,,,0.0,0.0,0.0,0.0,25.7,37.44824771643732,22.009461216432214,21.776295109789316,20.877754841042588,1,4.562954731577198,idle,4.562954731577198,0.0,False,1
773.0,idle,20.27892542338776,26.1,,,0.0,0.0,0.0,0.0,26.1,37.44824771643732,22.009461216432214,21.776295109789316,20.877754841042588,1,5.186575671247659,idle,5.186575671247659,0.0,False,1
774.0,idle,20.27483581232359,25.9,,,0.0,0.0,0.0,0.0,25.9,37.44824771643732,22.009461216432214,21.776295109789316,20.877754841042588,1,5.761506141361905,idle,5.761506141361905,0.0,False,1
775.0,idle,20.26994490339395,27.3,,,0.0,0.0,0.0,0.0,27.3,37.44824771643732,22.009461216432214,21.776295109789316,20.877754841042588,1,6.241027865391291,idle,6.241027865391291,0.0,False,1
776.0,charge,20.59224095896861,28.0,20.592240958968603,20.702271379589604,489.51840307289575,0.0,546.734499999476,0.0,28.0,35.53203195619437,21.640285346591725,21.770567722226303,20.879746808091284,2,6.245872261868842,charge,6.245872261868842,0.0,False,2
777.0,charge,20.584891513069714,28.5,20.584891513069692,20.710657507998917,433.3640865650912,0.0,847.7705000002214,0.0,28.5,35.80507673560726,21.63710582571082,21.76319874945159,20.881718911914163,2,5.756525134854576,charge,5.756525134854576,0.0,False,2
778.0,charge,20.619567673057645,29.4,20.619567673057645,20.770094939775277,463.11212060420587,0.0,1297.110999999621,0.0,29.4,39.06711358480487,21.853703994307637,21.757656471012524,20.88367168656214,2,5.322331576956076,charge,5.322331576956076,0.0,False,2
779.0,charge,20.683277224429247,30.8,20.683277224429276,20.85790546007246,539.645064914129,0.0,1412.2130000001412,0.0,30.8,41.67199454691007,22.0997773516292,21.755947527984915,20.885612044582786,2,4.857649343657657,charge,4.857649343657657,0.0,False,2
780.0,charge,20.74834113878251,30.3,20.748341138782507,20.946319909525357,615.3217074619027,0.0,1693.3275000004458,0.0,30.3,44.68398168242476,22.359165959283246,21.757933999862757,20.887548365181658,2,4.316367214110529,charge,4.316367214110529,0.0,False,2
781.0,charge,20.80762319849854,28.5,20.80762319849856,21.01785834749495,680.7372427270664,0.0,1587.079499999813,0.0,28.5,45.987134816807554,22.52330150848951,21.76306504038962,20.889488587785763,2,3.6995172687480906,charge,3.6995172687480906,0.0,False,2
782.0,charge,20.82970325364685,30.3,20.82970325364687,21.02557980567019,689.438129946665,0.0,1051.4124999996686,0.0,30.3,43.973947818089925,22.447005815012687,21.768644323225942,20.89143706672121,2,3.018180387238082,charge,3.018180387238082,0.0,False,2
783.0,charge,20.816982119542985,29.0,20.816982119543013,21.000853150687533,651.6733663912294,0.0,1193.0764999994396,0.0,29.0,43.05422217262657,22.35688043039113,21.772532965002597,20.893391707185685,2,2.329091698033949,charge,2.329091698033949,0.0,False,2
784.0,charge,20.806984181639166,29.5,20.806984181639166,20.98325053262448,623.8462804199575,0.0,1080.1880000007518,0.0,29.5,42.06710890470458,22.2816470318636,21.7752244636182,20.895349283291978,2,1.677772103635366,charge,1.677772103635366,0.0,False,2
785.0,charge,20.78160341148469,27.8,20.781603411484696,20.934901229648574,577.6051115879528,0.0,686.185000000165,0.0,27.8,38.95375902736362,22.073021312821652,21.77581549094748,20.897306529183254,2,1.05454293064503,charge,1.05454293064503,0.0,False,2
786.0,charge,20.721902655329234,26.8,20.721902655329245,20.838514761881186,484.767916489416,0.0,223.5635000000917,0.0,26.8,34.4409391397549,21.728063554792982,21.7721589348576,20.899256350458472,2,0.484767916489416,charge,0.484767916489416,0.0,False,2
787.0,idle,20.397667495041752,26.4,,,0.0,0.0,0.0,0.0,26.4,34.4409391397549,21.728063554792982,21.7721589348576,20.899256350458472,1,0.0,idle,0.0,0.0,False,1
788.0,idle,20.363660349993214,26.0,,,0.0,0.0,0.0,0.0,26.0,34.4409391397549,21.728063554792982,21.7721589348576,20.899256350458472,1,0.0,idle,0.0,0.0,False,1
789.0,idle,20.342372305979623,25.6,,,0.0,0.0,0.0,0.0,25.6,34.4409391397549,21.728063554792982,21.7721589348576,20.899256350458472,1,0.38381582403062475,idle,0.38381582403062475,0.0,False,1
790.0,idle,20.326846837731384,25.4,,,0.0,0.0,0.0,0.0,25.4,34.4409391397549,21.728063554792982,21.7721589348576,20.899256350458472,1,0.7735418518411648,idle,0.7735418518411648,0.0,False,1
791.0,idle,20.315436747813667,25.0,,,0.0,0.0,0.0,0.0,25.0,34.4409391397549,21.728063554792982,21.7721589348576,20.899256350458472,1,1.1894620361387913,idle,1.1894620361387913,0.0,False,1
792.0,idle,20.305897907181045,24.4,,,0.0,0.0,0.0,0.0,24.4,34.4409391397549,21.728063554792982,21.7721589348576,20.899256350458472,1,1.6866875192639537,idle,1.6866875192639537,0.0,False,1
793.0,idle,20.29826126263305,23.5,,,0.0,0.0,0.0,0.0,23.5,34.4409391397549,21.728063554792982,21.7721589348576,20.899256350458472,1,2.2673578778513384,idle,2.2673578778513384,0.0,False,1
794.0,idle,20.291787603611276,23.3,,,0.0,0.0,0.0,0.0,23.3,34.4409391397549,21.728063554792982,21.7721589348576,20.899256350458472,1,2.912569927122271,idle,2.912569927122271,0.0,False,1
795.0,idle,20.286256498356114,23.5,,,0.0,0.0,0.0,0.0,23.5,34.4409391397549,21.728063554792982,21.7721589348576,20.899256350458472,1,3.5901953965430735,idle,3.5901953965430735,0.0,False,1
796.0,idle,20.281482917358204,23.2,,,0.0,0.0,0.0,0.0,23.2,34.4409391397549,21.728063554792982,21.7721589348576,20.899256350458472,1,4.251179709535927,idle,4.251179709535927,0.0,False,1
797.0,idle,20.277310408022743,23.0,,,0.0,0.0,0.0,0.0,23.0,34.4409391397549,21.728063554792982,21.7721589348576,20.899256350458472,1,4.849925224649294,idle,4.849925224649294,0.0,False,1
798.0,idle,20.27361791511457,22.9,,,0.0,0.0,0.0,0.0,22.9,34.4409391397549,21.728063554792982,21.7721589348576,20.899256350458472,1,5.364618349753308,idle,5.364618349753308,0.0,False,1
799.0,idle,20.269144942778237,24.9,,,0.0,0.0,0.0,0.0,24.9,34.4409391397549,21.728063554792982,21.7721589348576,20.899256350458472,1,5.786196427232774,idle,5.786196427232774,0.0,False,1
800.0,charge,20.537065242644488,25.9,20.537065242644474,20.6276573134939,408.0609255805387,0.0,542.3075000004271,0.0,25.9,32.90980801335917,21.40813124167812,21.762985472200626,20.9011873574525,2,5.79053283602502,charge,5.79053283602502,0.0,False,2
801.0,charge,20.536300081836078,26.5,20.53630008183609,20.648074552278388,370.0705260693398,0.0,934.0970000005503,0.0,26.5,34.15800993482287,21.46840264451623,21.752962110154158,20.903091801213407,2,5.382490139727981,charge,5.382490139727981,0.0,False,2
802.0,charge,20.577139326318857,27.2,20.577139326318843,20.712338202496596,412.50281371765004,0.0,1277.1895000000507,0.0,27.2,36.9749263631615,21.67940443256157,21.745351833434484,20.904972030516433,2,5.011429303066534,charge,5.011429303066534,0.0,False,2
803.0,charge,20.64151941401867,27.7,20.64151941401866,20.805308083653642,491.6641113872018,0.0,1573.798500000771,0.0,27.7,40.459610446982765,21.967946116416954,21.741717341008325,20.906835403273874,2,4.597338227693317,charge,4.597338227693317,0.0,False,2
804.0,charge,20.712810001729892,27.6,20.712810001729906,20.899725643096872,577.6670153546265,0.0,1666.7654999997587,0.0,27.6,43.164404887415685,22.22737451037034,21.742279561634234,20.90869133485512,2,4.103881356155693,charge,4.103881356155693,0.0,False,2
805.0,charge,20.772953597658944,27.3,20.772953597658955,20.974344002537862,644.3072179544048,0.0,1671.1925000013016,0.0,27.3,44.94898920432615,22.414761113551492,21.74606453988804,20.910548181421575,2,3.524668691919472,charge,3.524668691919472,0.0,False,2
806.0,charge,20.812031202683972,27.5,20.812031202683954,21.01421530346869,678.550824423976,0.0,1447.629000000648,0.0,27.5,44.95876092324073,22.472623839440814,21.751521730501395,20.91241153672007,2,2.8793071471742544,charge,2.8793071471742544,0.0,False,2
807.0,charge,20.8170546665629,26.8,20.81705466656291,21.00340119964102,664.3854393454354,0.0,1106.7499999992908,0.0,26.8,42.971573221669075,22.36574940453164,21.756371255304032,20.914282644256048,2,2.200619114785928,charge,2.200619114785928,0.0,False,2
808.0,charge,20.78720428623326,26.2,20.787204286233248,20.946689886502213,603.3128803428847,0.0,768.0844999993844,0.0,26.2,39.74467873190906,22.13303914736224,21.758450940838316,20.916157605458977,2,1.5372870843322666,charge,1.5372870843322666,0.0,False,2
809.0,charge,20.73580682586906,25.6,20.735806825869076,20.86798890955788,518.6247060956609,0.0,586.5775000001054,0.0,25.6,36.55359894090594,21.867485037167967,21.75669651308675,20.918028810723058,2,0.9352227854185948,charge,0.9352227854185948,0.0,False,2
810.0,charge,20.672694388460716,25.0,20.67269438846074,20.773507061700343,424.8763501117342,0.0,258.979500000112,0.0,25.0,32.58745267891089,21.54955266270025,21.750707525286202,20.919887377817474,2,0.4248763501117342,charge,0.4248763501117342,0.0,False,2
811.0,idle,20.38643989016893,24.6,,,0.0,0.0,0.0,0.0,24.6,32.58745267891089,21.54955266270025,21.750707525286202,20.919887377817474,1,0.0,idle,0.0,0.0,False,1
812.0,idle,20.355117544788648,24.2,,,0.0,0.0,0.0,0.0,24.2,32.58745267891089,21.54955266270025,21.750707525286202,20.919887377817474,1,0.0,idle,0.0,0.0,False,1
813.0,idle,20.33548306873474,23.8,,,0.0,0.0,0.0,0.0,23.8,32.58745267891089,21.54955266270025,21.750707525286202,20.919887377817474,1,0.34336499963938266,idle,0.34336499963938266,0.0,False,1
814.0,idle,20.32115894472574,23.4,,,0.0,0.0,0.0,0.0,23.4,32.58745267891089,21.54955266270025,21.750707525286202,20.919887377817474,1,0.7156672379164231,idle,0.7156672379164231,0.0,False,1
815.0,idle,20.311723837642344,23.3,,,0.0,0.0,0.0,0.0,23.3,32.58745267891089,21.54955266270025,21.750707525286202,20.919887377817474,1,1.1336653933357594,idle,1.1336653933357594,0.0,False,1
816.0,idle,20.302532191929004,23.3,,,0.0,0.0,0.0,0.0,23.3,32.58745267891089,21.54955266270025,21.750707525286202,20.919887377817474,1,1.6494853126669802,idle,1.6494853126669802,0.0,False,1
817.0,idle,20.295381721638737,23.3,,,0.0,0.0,0.0,0.0,23.3,32.58745267891089,21.54955266270025,21.750707525286202,20.919887377817474,1,2.2673595257260266,idle,2.2673595257260266,0.0,False,1
818.0,idle,20.28932208116976,23.1,,,0.0,0.0,0.0,0.0,23.1,32.58745267891089,21.54955266270025,21.750707525286202,20.919887377817474,1,2.9693159110948284,idle,2.9693159110948284,0.0,False,1
819.0,idle,20.284143886983752,22.4,,,0.0,0.0,0.0,0.0,22.4,32.58745267891089,21.54955266270025,21.750707525286202,20.919887377817474,1,3.7238392412310883,idle,3.7238392412310883,0.0,False,1
820.0,idle,20.279669640234765,22.2,,,0.0,0.0,0.0,0.0,22.2,32.58745267891089,21.54955266270025,21.750707525286202,20.919887377817474,1,4.490411337118762,idle,4.490411337118762,0.0,False,1
821.0,idle,20.275755816898116,21.9,,,0.0,0.0,0.0,0.0,21.9,32.58745267891089,21.54955266270025,21.750707525286202,20.919887377817474,1,5.225697821024651,idle,5.225697821024651,0.0,False,1
822.0,idle,20.27228958877507,22.1,,,0.0,0.0,0.0,0.0,22.1,32.58745267891089,21.54955266270025,21.750707525286202,20.919887377817474,1,5.886330731972383,idle,5.886330731972383,0.0,False,1
823.0,idle,20.268403544601465,23.9,,,0.0,0.0,0.0,0.0,23.9,32.58745267891089,21.54955266270025,21.750707525286202,20.919887377817474,1,6.433543913634974,idle,6.433543913634974,0.0,False,1
824.0,charge,20.508012722174776,25.1,20.508012722174783,20.59248012031975,364.9655621874534,0.0,604.2855000001838,0.0,25.1,32.1312718511428,21.31578961717372,21.740184303367812,20.92172309566473,2,6.437281158127945,charge,6.437281158127945,0.0,False,2
825.0,charge,20.521665245659708,26.2,20.521665245659733,20.63303006356341,352.89472575641423,0.0,1000.5019999996509,0.0,26.2,34.09393750499635,21.441649615895983,21.729961833005405,20.92353080646558,2,6.0719979798063495,charge,6.0719979798063495,0.0,False,2
826.0,charge,20.5750294876023,26.9,20.575029487602308,20.714544042460034,414.2377599205569,0.0,1370.1565000003227,0.0,26.9,37.50124946365872,21.705735004894393,21.723006808110767,20.925315060603282,2,5.717835127849103,charge,5.717835127849103,0.0,False,2
827.0,charge,20.651700208747187,27.3,20.651700208747172,20.824673476616738,509.9728071759794,0.0,1697.7544999991173,0.0,27.3,41.60837117646116,22.047355945060758,21.72078207651913,20.92708496863554,2,5.301739261326258,charge,5.301739261326258,0.0,False,2
828.0,charge,20.737071867780777,27.5,20.7370718677808,20.93929122914767,614.315129182855,0.0,1837.2049999989047,0.0,27.5,45.092944811157565,22.37086627387464,21.723586556020507,20.928851675283,2,4.789651459015989,charge,4.789651459015989,0.0,False,2
829.0,charge,20.812930899163227,27.5,20.812930899163234,21.034979821474565,700.4928756414581,0.0,1861.5534999990216,0.0,27.5,47.50507156656414,22.617484527191664,21.730493342131524,20.93062547847171,2,4.173412747678442,charge,4.173412747678442,0.0,False,2
830.0,charge,20.86873867294546,27.6,20.868738672945483,21.098613898858332,754.9195841206097,0.0,1746.451500001518,0.0,27.6,48.446314539872844,22.750276118245836,21.73997304243278,20.93241387220189,2,3.471433825907641,charge,3.471433825907641,0.0,False,2
831.0,charge,20.896101417303143,27.3,20.896101417303157,21.120353801294243,768.8220712404236,0.0,1496.3260000005982,0.0,27.3,47.75261638581782,22.747598498961565,21.75009885423725,20.93422044703948,2,2.7157760706482224,charge,2.7157760706482224,0.0,False,2
832.0,charge,20.892234939853385,26.9,20.89223493985338,21.097850565741396,738.8347818982741,0.0,1142.1659999995063,0.0,26.9,45.45333099776457,22.606873404127214,21.758834639687336,20.936044330710956,2,1.9470894828223568,charge,1.9470894828223568,0.0,False,2
833.0,charge,20.854239587435764,26.4,20.854239587435757,21.028371098012883,665.5398653634855,0.0,717.1739999997402,0.0,26.4,41.56597963792177,22.32670180407382,21.764165424473845,20.937880148234626,2,1.2091731493565177,charge,1.2091731493565177,0.0,False,2
834.0,charge,20.783724830269193,25.6,20.783724830269193,20.916643736293167,552.8799776745253,0.0,289.9684999999625,0.0,25.6,36.508896705496,21.932112980241754,21.764291911464227,20.93971822324079,2,0.5528799776745253,charge,0.5528799776745253,0.0,False,2
835.0,idle,20.414657478623415,24.9,,,0.0,0.0,0.0,0.0,24.9,36.508896705496,21.932112980241754,21.764291911464227,20.93971822324079,1,0.0,idle,0.0,0.0,False,1
836.0,idle,20.376777470330165,24.4,,,0.0,0.0,0.0,0.0,24.4,36.508896705496,21.932112980241754,21.764291911464227,20.93971822324079,1,0.0,idle,0.0,0.0,False,1
837.0,idle,20.353229456483106,23.8,,,0.0,0.0,0.0,0.0,23.8,36.508896705496,21.932112980241754,21.764291911464227,20.93971822324079,1,0.44126794317004836,idle,0.44126794317004836,0.0,False,1
838.0,idle,20.3361774459333,23.3,,,0.0,0.0,0.0,0.0,23.3,36.508896705496,21.932112980241754,21.764291911464227,20.93971822324079,1,0.8935355869547528,idle,0.8935355869547528,0.0,False,1
839.0,idle,20.323678862821787,22.8,,,0.0,0.0,0.0,0.0,22.8,36.508896705496,21.932112980241754,21.764291911464227,20.93971822324079,1,1.3767659014911282,idle,1.3767659014911282,0.0,False,1
840.0,idle,20.313365666764625,22.4,,,0.0,0.0,0.0,0.0,22.4,36.508896705496,21.932112980241754,21.764291911464227,20.93971822324079,1,1.9465924534744272,idle,1.9465924534744272,0.0,False,1
841.0,idle,20.30507883263799,22.1,,,0.0,0.0,0.0,0.0,22.1,36.508896705496,21.932112980241754,21.764291911464227,20.93971822324079,1,2.605252049069936,idle,2.605252049069936,0.0,False,1
842.0,idle,20.298085503671,22.2,,,0.0,0.0,0.0,0.0,22.2,36.508896705496,21.932112980241754,21.764291911464227,20.93971822324079,1,3.339207164461433,idle,3.339207164461433,0.0,False,1
843.0,idle,20.292129905131336,22.1,,,0.0,0.0,0.0,0.0,22.1,36.508896705496,21.932112980241754,21.764291911464227,20.93971822324079,1,4.117367290606505,idle,4.117367290606505,0.0,False,1
844.0,idle,20.287008164074468,21.5,,,0.0,0.0,0.0,0.0,21.5,36.508896705496,21.932112980241754,21.764291911464227,20.93971822324079,1,4.900857804716217,idle,4.900857804716217,0.0,False,1
845.0,idle,20.28254990254463,21.2,,,0.0,0.0,0.0,0.0,21.2,36.508896705496,21.932112980241754,21.764291911464227,20.93971822324079,1,5.647425469483904,idle,5.647425469483904,0.0,False,1
846.0,idle,20.278617786703776,21.4,,,0.0,0.0,0.0,0.0,21.4,36.508896705496,21.932112980241754,21.764291911464227,20.93971822324079,1,6.314459780154785,idle,6.314459780154785,0.0,False,1
847.0,idle,20.275162476732316,23.3,,,0.0,0.0,0.0,0.0,23.3,36.508896705496,21.932112980241754,21.764291911464227,20.93971822324079,1,6.866396917808605,idle,6.866396917808605,0.0,False,1
848.0,charge,20.582663743745048,25.1,20.58266374374506,20.688808886884885,467.63568532680983,0.0,624.2069999996781,0.0,25.1,35.05058483124043,21.593509711189597,21.758278676326256,20.941545353987237,2,6.870890036891241,charge,6.870890036891241,0.0,False,2
849.0,charge,20.586482399949837,26.5,20.58648239994983,20.717281285354602,430.25174065669773,0.0,1055.839499999159,0.0,26.5,36.56291186347022,21.674205306176873,21.751473094851633,20.943353152313136,2,6.4031663990807965,charge,6.4031663990807965,0.0,False,2
850.0,charge,20.63463277394924,27.6,20.63463277394925,20.79123458935527,479.4811587442668,0.0,1429.921000000213,0.0,27.6,39.65646969417298,21.91067692707759,21.747367583658956,20.94514441350708,2,5.971774791167773,charge,5.971774791167773,0.0,False,2
851.0,charge,20.70529178723241,27.9,20.705291787232397,20.891077458846212,564.0076405774092,0.0,1702.1815000006925,0.0,27.9,43.185037324517054,22.210995844226147,21.747444891493387,20.94692707787425,2,5.490583097568534,charge,5.490583097568534,0.0,False,2
852.0,charge,20.78256631983823,28.0,20.782566319838224,20.994456533789048,655.4696120767339,0.0,1850.4860000009203,0.0,28.0,46.34563314181702,22.501727927109073,21.751925939636408,20.948710902099606,2,4.924660791667235,charge,4.924660791667235,0.0,False,2
853.0,charge,20.851932127831702,27.8,20.851932127831674,21.08129255277288,732.4395851525343,0.0,1861.5534999990216,0.0,27.8,48.446118899696444,22.721200859497287,21.76005650857934,20.950504994283108,2,4.267430620025713,charge,4.267430620025713,0.0,False,2
854.0,charge,20.90157293251402,28.1,20.901572932514,21.136550047520473,778.6673610507256,0.0,1730.9570000010415,0.0,28.1,49.11241481707748,22.829241657153375,21.77035448546559,20.952315893204684,2,3.533667135791224,charge,3.533667135791224,0.0,False,2
855.0,charge,20.92379727177884,27.7,20.923797271778824,21.151595571180565,785.7227093382442,0.0,1478.6180000005395,0.0,27.7,48.227453612807494,22.807875712922907,21.78096599942478,20.954146354471504,2,2.7543989435801213,charge,2.7543989435801213,0.0,False,2
856.0,charge,20.9147191629544,27.2,20.914719162954384,21.122224396914305,750.2280022313021,0.0,1124.4579999996129,0.0,27.2,45.716440640794076,22.648197262679673,21.789906038710456,20.9559948388424,2,1.9689946913339096,charge,1.9689946913339096,0.0,False,2
857.0,charge,20.872321899018274,26.4,20.87232189901829,21.047293394314977,671.9281187109218,0.0,701.6794999999419,0.0,26.4,41.70438394689836,22.354438626111573,21.79519695447209,20.957855368710682,2,1.2197919303514482,charge,1.2197919303514482,0.0,False,2
858.0,charge,20.79951989502474,25.7,20.79951989502473,20.933692191115938,557.4104076656511,0.0,278.90099999984847,0.0,25.7,36.71016938684022,21.959804740433185,21.795190399398393,20.959717871066232,2,0.5574104076656511,charge,0.5574104076656511,0.0,False,2
859.0,idle,20.42659121214621,25.0,,,0.0,0.0,0.0,0.0,25.0,36.71016938684022,21.959804740433185,21.795190399398393,20.959717871066232,1,0.0,idle,0.0,0.0,False,1
860.0,idle,20.387877028133893,24.6,,,0.0,0.0,0.0,0.0,24.6,36.71016938684022,21.959804740433185,21.795190399398393,20.959717871066232,1,0.0,idle,0.0,0.0,False,1
861.0,idle,20.363680580082637,24.1,,,0.0,0.0,0.0,0.0,24.1,36.71016938684022,21.959804740433185,21.795190399398393,20.959717871066232,1,0.44401042492488796,idle,0.44401042492488796,0.0,False,1
862.0,idle,20.346126888053256,23.5,,,0.0,0.0,0.0,0.0,23.5,36.71016938684022,21.959804740433185,21.795190399398393,20.959717871066232,1,0.8954212658079659,idle,0.8954212658079659,0.0,False,1
863.0,idle,20.333589127021412,23.1,,,0.0,0.0,0.0,0.0,23.1,36.71016938684022,21.959804740433185,21.795190399398393,20.959717871066232,1,1.377159938012552,idle,1.377159938012552,0.0,False,1
864.0,idle,20.3225949454278,23.0,,,0.0,0.0,0.0,0.0,23.0,36.71016938684022,21.959804740433185,21.795190399398393,20.959717871066232,1,1.9472001010819446,idle,1.9472001010819446,0.0,False,1
865.0,idle,20.314084784309742,23.1,,,0.0,0.0,0.0,0.0,23.1,36.71016938684022,21.959804740433185,21.795190399398393,20.959717871066232,1,2.607762766915786,idle,2.607762766915786,0.0,False,1
866.0,idle,20.306906703372565,22.3,,,0.0,0.0,0.0,0.0,22.3,36.71016938684022,21.959804740433185,21.795190399398393,20.959717871066232,1,3.344818902548556,idle,3.344818902548556,0.0,False,1
867.0,idle,20.300803296122655,22.2,,,0.0,0.0,0.0,0.0,22.2,36.71016938684022,21.959804740433185,21.795190399398393,20.959717871066232,1,4.127235025369662,idle,4.127235025369662,0.0,False,1
868.0,idle,20.2955610393755,21.9,,,0.0,0.0,0.0,0.0,21.9,36.71016938684022,21.959804740433185,21.795190399398393,20.959717871066232,1,4.914983737090244,idle,4.914983737090244,0.0,False,1
869.0,idle,20.29100383788251,21.7,,,0.0,0.0,0.0,0.0,21.7,36.71016938684022,21.959804740433185,21.795190399398393,20.959717871066232,1,5.666140637266227,idle,5.666140637266227,0.0,False,1
870.0,idle,20.286992330221434,21.6,,,0.0,0.0,0.0,0.0,21.6,36.71016938684022,21.959804740433185,21.795190399398393,20.959717871066232,1,6.334490427314418,idle,6.334490427314418,0.0,False,1
871.0,idle,20.28282236688491,23.7,,,0.0,0.0,0.0,0.0,23.7,36.71016938684022,21.959804740433185,21.795190399398393,20.959717871066232,1,6.882811619477339,idle,6.882811619477339,0.0,False,1
872.0,charge,20.592689549858846,25.3,20.592689549858846,20.698321779792934,471.1362408750646,0.0,621.9934999994729,0.0,25.3,35.00523108308715,21.602791170309786,21.788919388638362,20.961568993442825,2,6.887497243273674,charge,6.887497243273674,0.0,False,2
873.0,charge,20.593472692603477,26.7,20.593472692603484,20.72340557834093,429.18629213182606,0.0,1049.199000000647,0.0,26.7,36.47959044927535,21.675892459416787,21.78165994763725,20.963399905087783,2,6.416342863505672,charge,6.416342863505672,0.0,False,2
874.0,charge,20.64088428069473,27.9,20.640884280694706,20.797121760390837,477.83728068594513,0.0,1423.2804999997113,0.0,27.9,39.63029720582176,21.91441109623861,21.777083772685955,20.9652131759035,2,5.986030804138302,charge,5.986030804138302,0.0,False,2
875.0,charge,20.71227894110098,28.6,20.712278941100976,20.898521430816345,564.0415273833016,0.0,1697.7544999991173,0.0,28.6,43.253028468065054,22.221397870461374,21.776773542547573,20.967016835981894,2,5.50646017231529,charge,5.50646017231529,0.0,False,2
876.0,charge,20.790616633404905,28.5,20.79061663340491,21.003256133936077,657.2990642420418,0.0,1848.2725000007217,0.0,28.5,46.43206026930545,22.51537214801681,21.78095457412303,20.96882085612816,2,4.940473384201511,charge,4.940473384201511,0.0,False,2
877.0,charge,20.86072996704906,28.4,20.860729967049053,21.09140375959953,735.5371002507411,0.0,1859.3400000008385,0.0,28.4,48.62109043431542,22.74053216628721,21.788847115769613,20.970634493257876,2,4.281388045826736,charge,4.281388045826736,0.0,False,2
878.0,charge,20.911090705331016,28.5,20.91109070533099,21.147266397212604,782.8974651548735,0.0,1733.1704999996073,0.0,28.5,49.248528154157896,22.848273473067593,21.79896204492502,20.97246444440458,2,3.5445024303540023,charge,3.5445024303540023,0.0,False,2
879.0,charge,20.931666519245457,28.4,20.931666519245482,21.160800916494622,790.26762871162,0.0,1478.6180000005395,0.0,28.4,48.422739712760574,22.82798193056567,21.809378230168022,20.97431348739292,2,2.76104654580819,charge,2.76104654580819,0.0,False,2
880.0,charge,20.923075668112048,27.9,20.923075668112062,21.131598312881067,754.5700054033133,0.0,1122.2445000006742,0.0,27.9,45.82304169663581,22.66468116221631,21.818129415381293,20.976180102268756,2,1.9710810823105744,charge,1.9710810823105744,0.0,False,2
881.0,charge,20.87871863238501,27.2,20.878718632385016,21.053359589486206,673.5709212535219,0.0,697.2524999998589,0.0,27.2,41.65771054148155,22.35925252386778,21.823106179425224,20.978058182958534,2,1.2175859754308616,charge,1.2175859754308616,0.0,False,2
882.0,charge,20.802216866633437,26.2,20.802216866633444,20.934056068594828,554.0473998974837,0.0,272.26050000024657,0.0,26.2,36.41741276057127,21.94530055996097,21.822556589730596,20.97993726444787,2,0.5540473998974837,charge,0.5540473998974837,0.0,False,2
883.0,idle,20.431230549085868,25.1,,,0.0,0.0,0.0,0.0,25.1,36.41741276057127,21.94530055996097,21.822556589730596,20.97993726444787,1,0.0,idle,0.0,0.0,False,1
884.0,idle,20.39234916778599,24.7,,,0.0,0.0,0.0,0.0,24.7,36.41741276057127,21.94530055996097,21.822556589730596,20.97993726444787,1,0.0,idle,0.0,0.0,False,1
885.0,idle,20.368092980403464,24.2,,,0.0,0.0,0.0,0.0,24.2,36.41741276057127,21.94530055996097,21.822556589730596,20.97993726444787,1,0.43473421370304366,idle,0.43473421370304366,0.0,False,1
886.0,idle,20.350486571915184,23.8,,,0.0,0.0,0.0,0.0,23.8,36.41741276057127,21.94530055996097,21.822556589730596,20.97993726444787,1,0.8700678576941403,idle,0.8700678576941403,0.0,False,1
887.0,idle,20.337574968048866,23.4,,,0.0,0.0,0.0,0.0,23.4,36.41741276057127,21.94530055996097,21.822556589730596,20.97993726444787,1,1.326235276514711,idle,1.326235276514711,0.0,False,1
888.0,idle,20.32685503236143,23.5,,,0.0,0.0,0.0,0.0,23.5,36.41741276057127,21.94530055996097,21.822556589730596,20.97993726444787,1,1.868461792300372,idle,1.868461792300372,0.0,False,1
889.0,idle,20.31827983609719,23.6,,,0.0,0.0,0.0,0.0,23.6,36.41741276057127,21.94530055996097,21.822556589730596,20.97993726444787,1,2.504266696982423,idle,2.504266696982423,0.0,False,1
890.0,idle,20.311039128699825,23.5,,,0.0,0.0,0.0,0.0,23.5,36.41741276057127,21.94530055996097,21.822556589730596,20.97993726444787,1,3.222743837312766,idle,3.222743837312766,0.0,False,1
891.0,idle,20.304875694205755,23.2,,,0.0,0.0,0.0,0.0,23.2,36.41741276057127,21.94530055996097,21.822556589730596,20.97993726444787,1,3.9873845746845924,idle,3.9873845746845924,0.0,False,1
892.0,idle,20.299575216679283,22.5,,,0.0,0.0,0.0,0.0,22.5,36.41741276057127,21.94530055996097,21.822556589730596,20.97993726444787,1,4.7566412206783655,idle,4.7566412206783655,0.0,False,1
893.0,idle,20.294960971539854,22.2,,,0.0,0.0,0.0,0.0,22.2,36.41741276057127,21.94530055996097,21.822556589730596,20.97993726444787,1,5.489874941727836,idle,5.489874941727836,0.0,False,1
894.0,idle,20.290893337649443,22.2,,,0.0,0.0,0.0,0.0,22.2,36.41741276057127,21.94530055996097,21.822556589730596,20.97993726444787,1,6.147197493561407,idle,6.147197493561407,0.0,False,1
895.0,idle,20.286593360914637,24.0,,,0.0,0.0,0.0,0.0,24.0,36.41741276057127,21.94530055996097,21.822556589730596,20.97993726444787,1,6.689576617698737,idle,6.689576617698737,0.0,False,1
896.0,charge,20.59054197437405,25.5,20.590541974374048,20.692529521197343,462.496062186311,0.0,575.509999999811,0.0,25.5,34.570223499107215,21.573276642327926,21.81549444837566,20.98180343002514,2,6.694454841363667,charge,6.694454841363667,0.0,False,2
897.0,charge,20.58580343851566,26.8,20.585803438515654,20.708639605212113,413.32182812637484,0.0,958.4455000003094,0.0,26.8,35.547717358212424,21.61225614022078,21.80711900878333,20.983647286859366,2,6.2320700705498275,charge,6.2320700705498275,0.0,False,2
898.0,charge,20.62601968290249,28.1,20.626019682902495,20.77353873985902,452.6873397146185,0.0,1363.5160000002063,0.0,28.1,38.582714801642624,21.83136074715435,21.801013706088042,20.985470483075005,2,5.817785305391504,charge,5.817785305391504,0.0,False,2
899.0,charge,20.69410459639693,29.1,20.694104596396926,20.871742175022234,535.9275794163685,0.0,1633.5630000008155,0.0,29.1,42.19955154222697,22.133592137720314,21.799060420535568,20.987280484320877,2,5.363435775025295,charge,5.363435775025295,0.0,False,2
900.0,charge,20.773180618807686,29.5,20.773180618807714,20.979924977183714,632.1320837919421,0.0,1839.4185000004725,0.0,29.5,45.745030723838624,22.448586685385635,21.801757595859897,20.98908728472486,2,4.825536971893695,charge,4.825536971893695,0.0,False,2
901.0,charge,20.846718421519345,29.3,20.84671842151937,21.07251596390347,716.5605951028084,0.0,1834.9914999987257,0.0,29.3,47.97071731106246,22.68376992431797,21.808470261590458,20.990900775216062,2,4.191533891572843,charge,4.191533891572843,0.0,False,2
902.0,charge,20.89785147363128,29.6,20.897851473631306,21.12908212463344,765.3377894730468,0.0,1675.6195000000296,0.0,29.6,48.6161730186069,22.79336064226868,21.817485843497252,20.992728065333836,2,3.473608307147596,charge,3.473608307147596,0.0,False,2
903.0,charge,20.919334522919513,29.6,20.919334522919485,21.142693499751545,771.6919710739166,0.0,1421.0669999999516,0.0,29.6,47.657817714540215,22.766839966177315,21.826801059761294,20.99457203160273,2,2.707689227113404,charge,2.707689227113404,0.0,False,2
904.0,charge,20.910395846117655,29.2,20.910395846117638,21.114721479458126,736.7974639132514,0.0,1108.963500000461,0.0,29.2,45.347332329500716,22.617416759072,21.834498116747113,20.99643112332768,2,1.9363110185934962,charge,1.9363110185934962,0.0,False,2
905.0,charge,20.870077375812404,28.1,20.8700773758124,21.042629604810998,661.9706793701017,0.0,683.9715000004501,0.0,28.1,41.38197717195749,22.330749305654535,21.838728389893788,20.998299691315196,2,1.200489060817803,charge,1.200489060817803,0.0,False,2
906.0,charge,20.797642427362177,26.8,20.797642427362177,20.928917975290176,548.017100789904,0.0,261.1930000001374,0.0,26.8,36.32653314042744,21.93351705256947,21.837704520656814,21.000167929976556,2,0.5480171007899041,charge,0.5480171007899041,0.0,False,2
907.0,idle,20.431287865848496,25.8,,,0.0,0.0,0.0,0.0,25.8,36.32653314042744,21.93351705256947,21.837704520656814,21.000167929976556,1,0.0,idle,0.0,0.0,False,1
908.0,idle,20.393241483180017,25.2,,,0.0,0.0,0.0,0.0,25.2,36.32653314042744,21.93351705256947,21.837704520656814,21.000167929976556,1,0.0,idle,0.0,0.0,False,1
909.0,idle,20.369583541358892,24.8,,,0.0,0.0,0.0,0.0,24.8,36.32653314042744,21.93351705256947,21.837704520656814,21.000167929976556,1,0.4337143461334153,idle,0.4337143461334153,0.0,False,1
910.0,idle,20.352444436809684,24.4,,,0.0,0.0,0.0,0.0,24.4,36.32653314042744,21.93351705256947,21.837704520656814,21.000167929976556,1,0.8747558420808047,idle,0.8747558420808047,0.0,False,1
911.0,idle,20.339529697214804,24.2,,,0.0,0.0,0.0,0.0,24.2,36.32653314042744,21.93351705256947,21.837704520656814,21.000167929976556,1,1.346347822879454,idle,1.346347822879454,0.0,False,1
912.0,idle,20.328878338751483,23.9,,,0.0,0.0,0.0,0.0,23.9,36.32653314042744,21.93351705256947,21.837704520656814,21.000167929976556,1,1.905171534465194,idle,1.905171534465194,0.0,False,1
913.0,idle,20.320507159322435,23.6,,,0.0,0.0,0.0,0.0,23.6,36.32653314042744,21.93351705256947,21.837704520656814,21.000167929976556,1,2.554451797138964,idle,2.554451797138964,0.0,False,1
914.0,idle,20.313439585034,23.2,,,0.0,0.0,0.0,0.0,23.2,36.32653314042744,21.93351705256947,21.837704520656814,21.000167929976556,1,3.2820437223132863,idle,3.2820437223132863,0.0,False,1
915.0,idle,20.307424434528365,23.4,,,0.0,0.0,0.0,0.0,23.4,36.32653314042744,21.93351705256947,21.837704520656814,21.000167929976556,1,4.057849692868356,idle,4.057849692868356,0.0,False,1
916.0,idle,20.302252823738556,23.0,,,0.0,0.0,0.0,0.0,23.0,36.32653314042744,21.93351705256947,21.837704520656814,21.000167929976556,1,4.840457219029471,idle,4.840457219029471,0.0,False,1
917.0,idle,20.297752244738877,23.3,,,0.0,0.0,0.0,0.0,23.3,36.32653314042744,21.93351705256947,21.837704520656814,21.000167929976556,1,5.582927153251015,idle,5.582927153251015,0.0,False,1
918.0,idle,20.293786003364247,23.4,,,0.0,0.0,0.0,0.0,23.4,36.32653314042744,21.93351705256947,21.837704520656814,21.000167929976556,1,6.2367665892020225,idle,6.2367665892020225,0.0,False,1
919.0,idle,20.28948990375941,24.5,,,0.0,0.0,0.0,0.0,24.5,36.32653314042744,21.93351705256947,21.837704520656814,21.000167929976556,1,6.2367665892020225,idle,6.2367665892020225,0.0,False,1
920.0,charge,20.592375359480688,27.1,20.592375359480684,20.695120259228815,460.63576119348994,0.0,610.9260000003881,0.0,27.1,34.623511667777905,21.577409625100756,21.830422609684774,21.002022510983352,2,6.241487165561448,charge,6.241487165561448,0.0,False,2
921.0,charge,20.592658846592606,29.0,20.5926588465926,20.71965276061445,419.0497736498388,0.0,1040.3450000004223,0.0,29.0,36.11574905922396,21.650899953683506,21.822175969845944,21.003854653049643,2,5.7808447106069005,charge,5.7808447106069005,0.0,False,2
922.0,charge,20.63959340953023,30.1,20.63959340953022,20.79267386758943,467.6846445073943,0.0,1409.999500000654,0.0,30.1,39.224125215908714,21.887078177404362,21.81662513886323,21.00566697910358,2,5.360658172336628,charge,5.360658172336628,0.0,False,2
923.0,charge,20.710030616441532,30.1,20.710030616441543,20.8927790551366,552.9229544530434,0.0,1680.0464999987344,0.0,30.1,42.81099814415694,22.190614289423024,21.815311268822086,21.00746749952367,2,4.891229032599817,charge,4.891229032599817,0.0,False,2
924.0,charge,20.78787849333017,30.2,20.78787849333014,20.99737514209204,645.98423874558,0.0,1821.710500000044,0.0,30.2,46.049476630038214,22.486790004425075,21.81849668552144,21.009266148781137,2,4.336333204130529,charge,4.336333204130529,0.0,False,2
925.0,charge,20.85885027270329,30.5,20.858850272703307,21.087195295965387,725.9197041943484,0.0,1828.3509999986593,0.0,30.5,48.33367568336945,22.718754491094785,21.825489608827127,21.011072309529084,2,3.688455738130821,charge,3.688455738130821,0.0,False,2
926.0,charge,20.91100635136743,30.5,20.911006351367405,21.145950805857467,776.1468875950986,0.0,1693.3275000004458,0.0,30.5,49.09623472771108,22.836852774568797,21.834853276958427,21.012892957187205,2,2.96112414917922,charge,2.96112414917922,0.0,False,2
927.0,charge,20.93385565768767,30.0,20.933855657687673,21.161462666889406,785.0151854791321,0.0,1436.5615000009323,0.0,30.0,48.1876114851197,22.815896128604265,21.84461901745925,21.014731193178648,2,2.184175085517082,charge,2.184175085517082,0.0,False,2
928.0,charge,20.923311283801183,29.0,20.923311283801183,21.1283582446398,746.3781052587284,0.0,1035.918000000448,0.0,29.0,45.35820859214243,22.63695348239264,21.852591334801673,21.016585473945213,2,1.399414941569506,charge,1.399414941569506,0.0,False,2
929.0,charge,20.874842763620816,28.1,20.87484276362079,21.04388987280123,659.3916177640534,0.0,577.7234999998748,0.0,28.1,40.94072373591416,22.311051880701257,21.85652769414446,21.0184492352696,2,0.6593916177640534,charge,0.6593916177640534,0.0,False,2
930.0,idle,20.438252861458874,27.3,,,0.0,0.0,0.0,0.0,27.3,40.94072373591416,22.311051880701257,21.85652769414446,21.0184492352696,1,0.0,idle,0.0,0.0,False,1
931.0,idle,20.398257798404725,26.9,,,0.0,0.0,0.0,0.0,26.9,40.94072373591416,22.311051880701257,21.85652769414446,21.0184492352696,1,0.0,idle,0.0,0.0,False,1
932.0,idle,20.37273570162209,26.5,,,0.0,0.0,0.0,0.0,26.5,40.94072373591416,22.311051880701257,21.85652769414446,21.0184492352696,1,0.0,idle,0.0,0.0,False,1
933.0,idle,20.3547885508133,26.2,,,0.0,0.0,0.0,0.0,26.2,40.94072373591416,22.311051880701257,21.85652769414446,21.0184492352696,1,0.5492805398081619,idle,0.5492805398081619,0.0,False,1
934.0,idle,20.341547077755568,25.8,,,0.0,0.0,0.0,0.0,25.8,40.94072373591416,22.311051880701257,21.85652769414446,21.0184492352696,1,1.0763957406350642,idle,1.0763957406350642,0.0,False,1
935.0,idle,20.331431643271305,25.3,,,0.0,0.0,0.0,0.0,25.3,40.94072373591416,22.311051880701257,21.85652769414446,21.0184492352696,1,1.6047606368455904,idle,1.6047606368455904,0.0,False,1
936.0,idle,20.322667315038725,24.7,,,0.0,0.0,0.0,0.0,24.7,40.94072373591416,22.311051880701257,21.85652769414446,21.0184492352696,1,2.1933204363838255,idle,2.1933204363838255,0.0,False,1
937.0,idle,20.315509229582073,24.4,,,0.0,0.0,0.0,0.0,24.4,40.94072373591416,22.311051880701257,21.85652769414446,21.0184492352696,1,2.8308084506436972,idle,2.8308084506436972,0.0,False,1
938.0,idle,20.309403935735993,24.9,,,0.0,0.0,0.0,0.0,24.9,40.94072373591416,22.311051880701257,21.85652769414446,21.0184492352696,1,3.497560448706203,idle,3.497560448706203,0.0,False,1
939.0,idle,20.30418229815253,24.8,,,0.0,0.0,0.0,0.0,24.8,40.94072373591416,22.311051880701257,21.85652769414446,21.0184492352696,1,4.182692391311617,idle,4.182692391311617,0.0,False,1
940.0,idle,20.299656358351136,24.6,,,0.0,0.0,0.0,0.0,24.6,40.94072373591416,22.311051880701257,21.85652769414446,21.0184492352696,1,4.855803747059554,idle,4.855803747059554,0.0,False,1
941.0,idle,20.295674307892195,24.9,,,0.0,0.0,0.0,0.0,24.9,40.94072373591416,22.311051880701257,21.85652769414446,21.0184492352696,1,5.5092653313185656,idle,5.5092653313185656,0.0,False,1
942.0,idle,20.29209130756443,25.4,,,0.0,0.0,0.0,0.0,25.4,40.94072373591416,22.311051880701257,21.85652769414446,21.0184492352696,1,6.12198627406846,idle,6.12198627406846,0.0,False,1
943.0,idle,20.289750259950292,27.0,,,0.0,0.0,0.0,0.0,27.0,40.94072373591416,22.311051880701257,21.85652769414446,21.0184492352696,1,6.653353234016733,idle,6.653353234016733,0.0,False,1
944.0,charge,20.669599743446,29.8,20.669599743445985,20.802141594765146,576.1915710183305,0.0,548.9479999995372,0.0,29.8,38.14647418913444,21.902396825065466,21.854199743352012,21.02031070933981,2,6.657920916849076,charge,6.657920916849076,0.0,False,2
945.0,charge,20.65952899456746,30.9,20.659528994567438,20.806035867797846,506.4760687042089,0.0,954.0185000002174,0.0,30.9,38.45166375122568,21.886183529277275,21.84962728984209,21.022159397305984,2,6.081958863012859,charge,6.081958863012859,0.0,False,2
946.0,charge,20.690390389237432,31.4,20.69039038923745,20.854621378278978,525.4550462432005,0.0,1283.8299999997885,0.0,31.4,40.62381876936246,22.040302605486147,21.84637735969585,21.02399484044207,2,5.574771595221144,charge,5.574771595221144,0.0,False,2
947.0,charge,20.743555721696982,31.2,20.743555721696964,20.9289770665452,583.3139416987128,0.0,1438.7750000003857,0.0,31.2,43.139317945776156,22.256470938815085,21.846088185305348,21.02582213614272,2,5.048071931264437,charge,5.048071931264437,0.0,False,2
948.0,charge,20.793757286010003,31.6,20.79375728601002,20.98833840171659,636.0569827031677,0.0,1305.9649999998635,0.0,31.6,44.03214792739942,22.38400647191031,21.848412206513217,21.02764790534519,2,4.463561685727802,charge,4.463561685727802,0.0,False,2
949.0,charge,20.82897851250012,32.5,20.8289785125001,21.031611093843537,666.8666122961326,0.0,1336.9540000000375,0.0,32.5,45.29205043397769,22.4961238235432,21.852284625515324,21.02947652487535,2,3.8266414457573488,charge,3.8266414457573488,0.0,False,2
950.0,charge,20.854690387531186,32.0,20.854690387531207,21.055617443552308,685.2667888377862,0.0,1184.2224999992166,0.0,32.0,44.875825736980744,22.512552236579836,21.857091969027977,21.031311011257685,2,3.159111629310266,charge,3.159111629310266,0.0,False,2
951.0,charge,20.85969057349412,32.2,20.859690573494106,21.053862761882044,675.1770179905036,0.0,1000.5019999996509,0.0,32.2,44.20848098384016,22.47405177234708,21.861484667048842,21.03315177045056,2,2.4737130911550325,charge,2.4737130911550325,0.0,False,2
952.0,charge,20.855265641774007,32.4,20.855265641773997,21.04111491944917,654.6303455460031,0.0,900.8944999997394,0.0,32.4,43.20754817134116,22.405836092615175,21.86498234243146,21.034997282082827,2,1.7986898706338292,charge,1.7986898706338292,0.0,False,2
953.0,charge,20.83560292271456,31.7,20.835602922714543,21.002819732019475,615.0750376575314,0.0,615.3530000005076,0.0,31.7,40.755884526648856,22.23937201987013,21.86668710296391,21.036844740596507,2,1.1445334756317327,charge,1.1445334756317327,0.0,False,2
954.0,charge,20.787058498589726,30.2,20.787058498589715,20.92116382651932,535.8240800724822,0.0,225.7770000001463,0.0,30.2,36.57575185189114,21.93174385584325,21.864774811646896,21.038688223946508,2,0.5358240800724822,charge,0.5358240800724822,0.0,False,2
955.0,idle,20.43068260259807,29.0,,,0.0,0.0,0.0,0.0,29.0,36.57575185189114,21.93174385584325,21.864774811646896,21.038688223946508,1,0.0,idle,0.0,0.0,False,1
956.0,idle,20.39444651242019,28.3,,,0.0,0.0,0.0,0.0,28.3,36.57575185189114,21.93174385584325,21.864774811646896,21.038688223946508,1,0.0,idle,0.0,0.0,False,1
957.0,idle,20.37188049730522,27.9,,,0.0,0.0,0.0,0.0,27.9,36.57575185189114,21.93174385584325,21.864774811646896,21.038688223946508,1,0.4405157413865913,idle,0.4405157413865913,0.0,False,1
958.0,idle,20.355460216316278,27.5,,,0.0,0.0,0.0,0.0,27.5,36.57575185189114,21.93174385584325,21.864774811646896,21.038688223946508,1,0.8716752934292205,idle,0.8716752934292205,0.0,False,1
959.0,idle,20.343848699361104,27.1,,,0.0,0.0,0.0,0.0,27.1,36.57575185189114,21.93174385584325,21.864774811646896,21.038688223946508,1,1.3154582369709429,idle,1.3154582369709429,0.0,False,1
960.0,idle,20.333406144504316,27.0,,,0.0,0.0,0.0,0.0,27.0,36.57575185189114,21.93174385584325,21.864774811646896,21.038688223946508,1,1.8532241612625415,idle,1.8532241612625415,0.0,False,1
961.0,idle,20.325396459048775,26.9,,,0.0,0.0,0.0,0.0,26.9,36.57575185189114,21.93174385584325,21.864774811646896,21.038688223946508,1,2.4271368344321083,idle,2.4271368344321083,0.0,False,1
962.0,idle,20.31861494000566,27.4,,,0.0,0.0,0.0,0.0,27.4,36.57575185189114,21.93174385584325,21.864774811646896,21.038688223946508,1,2.998339629112407,idle,2.998339629112407,0.0,False,1
963.0,idle,20.31283071438957,26.7,,,0.0,0.0,0.0,0.0,26.7,36.57575185189114,21.93174385584325,21.864774811646896,21.038688223946508,1,3.6326431447721865,idle,3.6326431447721865,0.0,False,1
964.0,idle,20.30784555749836,26.3,,,0.0,0.0,0.0,0.0,26.3,36.57575185189114,21.93174385584325,21.864774811646896,21.038688223946508,1,4.293860189656306,idle,4.293860189656306,0.0,False,1
965.0,idle,20.303496779652576,25.8,,,0.0,0.0,0.0,0.0,25.8,36.57575185189114,21.93174385584325,21.864774811646896,21.038688223946508,1,4.91890540627371,idle,4.91890540627371,0.0,False,1
966.0,idle,20.29965696875476,25.6,,,0.0,0.0,0.0,0.0,25.6,36.57575185189114,21.93174385584325,21.864774811646896,21.038688223946508,1,5.455708315379804,idle,5.455708315379804,0.0,False,1
967.0,idle,20.295483608784654,27.5,,,0.0,0.0,0.0,0.0,27.5,36.57575185189114,21.93174385584325,21.864774811646896,21.038688223946508,1,5.455708315379804,idle,5.455708315379804,0.0,False,1
968.0,charge,20.601150869657,28.9,20.601150869656976,20.707643161227907,464.8979250662142,0.0,504.67799999987153,0.0,28.9,34.88958475981309,21.605022086244162,21.85747580904615,21.040517269740064,2,5.4599136910995,charge,5.4599136910995,0.0,False,2
969.0,charge,20.59425066659221,29.8,20.59425066659219,20.71269404538816,412.1877578910854,0.0,701.6794999999419,0.0,29.8,34.818625766449486,21.58465560484143,21.848656419183555,21.042323608601123,2,4.995172998112362,charge,4.995172998112362,0.0,False,2
970.0,charge,20.62719887281511,32.6,20.627198872815086,20.772429004449066,440.7437484414043,0.0,1301.538000000214,0.0,32.6,38.4988601586781,21.81837939332428,21.841626410235676,21.044107611898028,2,4.58222304998192,charge,4.58222304998192,0.0,False,2
971.0,charge,20.69885226459267,33.8,20.698852264592688,20.874897125761038,530.4457934820339,0.0,1436.5615000009323,0.0,33.8,41.935605175896626,22.122552730941607,21.839065386425034,21.045876871996484,2,4.139772202963263,charge,4.139772202963263,0.0,False,2
972.0,charge,20.743682495849516,32.7,20.743682495849498,20.909684072263076,575.1803154028933,0.0,652.9824999999317,0.0,32.7,39.93348794431256,22.09705109110746,21.838731265334786,21.047639938845236,2,3.608208854637557,charge,3.608208854637557,0.0,False,2
973.0,charge,20.756360222112292,34.0,20.756360222112278,20.93318477856451,573.5508341157283,0.0,1379.0105000005847,0.0,34.0,42.5280625320695,22.223424365934363,21.838508052569125,21.049397930285807,2,3.0326916788233302,charge,3.0326916788233302,0.0,False,2
974.0,charge,20.803892709860193,32.8,20.80389270986018,21.000383208549408,629.396903502441,0.0,1412.2130000001412,0.0,32.8,44.534558705243455,22.4125996204304,21.841048413522856,21.05115449765225,2,2.4578540803194864,charge,2.4578540803194864,0.0,False,2
975.0,charge,20.837289759402157,31.0,20.837289759402154,21.032317865375376,662.1144376846751,0.0,1164.3009999999779,0.0,31.0,44.04168102020867,22.441156226013334,21.845156268671985,21.052915012313292,2,1.8272850084407817,charge,1.8272850084407817,0.0,False,2
976.0,charge,20.82806160859345,29.8,20.82806160859343,20.99808988611693,629.4749243204651,0.0,624.2069999996781,0.0,29.8,40.85328916648734,22.248575640275646,21.847797600795218,21.054679700527345,2,1.1653935789041903,charge,1.1653935789041903,0.0,False,2
977.0,charge,20.77804913533213,29.3,20.77804913533214,20.91472538095053,542.4767654713114,0.0,303.24950000016014,0.0,29.3,36.96231255273074,21.94559465011463,21.846489360939188,21.056442194471742,2,0.5424767654713114,charge,0.5424767654713114,0.0,False,2
978.0,idle,20.417882044094465,28.2,,,0.0,0.0,0.0,0.0,28.2,36.96231255273074,21.94559465011463,21.846489360939188,21.056442194471742,1,0.0,idle,0.0,0.0,False,1
979.0,idle,20.38398378137304,26.9,,,0.0,0.0,0.0,0.0,26.9,36.96231255273074,21.94559465011463,21.846489360939188,21.056442194471742,1,0.0,idle,0.0,0.0,False,1
980.0,idle,20.36246333532154,23.5,,,0.0,0.0,0.0,0.0,23.5,36.96231255273074,21.94559465011463,21.846489360939188,21.056442194471742,1,0.0,idle,0.0,0.0,False,1
981.0,idle,20.347137928741375,23.9,,,0.0,0.0,0.0,0.0,23.9,36.96231255273074,21.94559465011463,21.846489360939188,21.056442194471742,1,0.450453825003922,idle,0.450453825003922,0.0,False,1
982.0,idle,20.335769503869965,24.3,,,0.0,0.0,0.0,0.0,24.3,36.96231255273074,21.94559465011463,21.846489360939188,21.056442194471742,1,0.9004021313895334,idle,0.9004021313895334,0.0,False,1
983.0,idle,20.326958814874303,24.2,,,0.0,0.0,0.0,0.0,24.2,36.96231255273074,21.94559465011463,21.846489360939188,21.056442194471742,1,1.3721769935785861,idle,1.3721769935785861,0.0,False,1
984.0,idle,20.319450791121927,23.9,,,0.0,0.0,0.0,0.0,23.9,36.96231255273074,21.94559465011463,21.846489360939188,21.056442194471742,1,1.9194715825817146,idle,1.9194715825817146,0.0,False,1
985.0,idle,20.313265854491274,23.3,,,0.0,0.0,0.0,0.0,23.3,36.96231255273074,21.94559465011463,21.846489360939188,21.056442194471742,1,2.53948705577819,idle,2.53948705577819,0.0,False,1
986.0,idle,20.307973710458285,23.9,,,0.0,0.0,0.0,0.0,23.9,36.96231255273074,21.94559465011463,21.846489360939188,21.056442194471742,1,3.204066342430086,idle,3.204066342430086,0.0,False,1
987.0,idle,20.303431558652335,22.4,,,0.0,0.0,0.0,0.0,22.4,36.96231255273074,21.94559465011463,21.846489360939188,21.056442194471742,1,3.884364908486686,idle,3.884364908486686,0.0,False,1
988.0,idle,20.299478210522608,22.2,,,0.0,0.0,0.0,0.0,22.2,36.96231255273074,21.94559465011463,21.846489360939188,21.056442194471742,1,4.567313848883432,idle,4.567313848883432,0.0,False,1
989.0,idle,20.29598379247197,22.4,,,0.0,0.0,0.0,0.0,22.4,36.96231255273074,21.94559465011463,21.846489360939188,21.056442194471742,1,5.225119185128173,idle,5.225119185128173,0.0,False,1
990.0,idle,20.2928294167219,22.1,,,0.0,0.0,0.0,0.0,22.1,36.96231255273074,21.94559465011463,21.846489360939188,21.056442194471742,1,5.815458558409226,idle,5.815458558409226,0.0,False,1
991.0,idle,20.289123972936437,23.2,,,0.0,0.0,0.0,0.0,23.2,36.96231255273074,21.94559465011463,21.846489360939188,21.056442194471742,1,5.815458558409226,idle,5.815458558409226,0.0,False,1
992.0,charge,20.601249403518167,25.2,20.60124940351818,20.711167244889452,473.63990005593615,0.0,566.6559999996359,0.0,25.2,35.20645336354272,21.628000503728174,21.840004487612987,21.058192015306645,2,5.819502819018211,charge,5.819502819018211,0.0,False,2
993.0,charge,20.60208152154475,25.8,20.602081521544733,20.730884427168178,430.9250690332686,0.0,973.9399999996134,0.0,25.8,36.25058460940488,21.674801864429185,21.83245486354275,21.05992144598997,2,5.345843319706825,charge,5.345843319706825,0.0,False,2
994.0,charge,20.64251041437372,26.5,20.642510414373703,20.793395170113797,468.46848446519294,0.0,1334.7404999998475,0.0,26.5,38.9395057683023,21.875533303071506,21.827083914657294,21.061632278836555,2,4.91393967847542,charge,4.91393967847542,0.0,False,2
995.0,charge,20.705176053713743,27.1,20.70517605371373,20.882077474336313,541.9394055155132,0.0,1582.6525000010174,0.0,27.1,42.07588425300116,22.141592319068025,21.82541084448036,21.063331335949897,2,4.443911399849053,charge,4.443911399849053,0.0,False,2
996.0,charge,20.77079397318786,27.0,20.770793973187835,20.96672004955525,617.5785301564958,0.0,1642.4170000006736,0.0,27.0,44.27728479774191,22.36355379765837,21.827433678252987,21.06502715722587,2,3.9002968207044835,charge,3.9002968207044835,0.0,False,2
997.0,charge,20.81864590699745,26.4,20.81864590699746,21.02009318412553,664.6988392521214,0.0,1511.8204999995046,0.0,26.4,44.87972644880034,22.46773372992658,21.831758385819967,21.066726597223067,2,3.2814366303113687,charge,3.2814366303113687,0.0,False,2
998.0,charge,20.845545745223927,27.0,20.845545745223944,21.047877072475785,681.5606691723854,0.0,1440.9885000000634,0.0,27.0,45.173426484346805,22.515061034459166,21.83695646550285,21.068432981665183,2,2.616008055983066,charge,2.616008055983066,0.0,False,2
999.0,charge,20.860336486391702,26.9,20.860336486391702,21.059327094153275,683.866507929689,0.0,1319.2459999997157,0.0,26.9,44.7646990552613,22.509146255012467,21.8423297374066,21.07014746893691,2,1.9339273667457424,charge,1.9339273667457424,0.0,False,2
1000.0,charge,20.855584582696363,26.6,20.855584582696338,21.039608260870693,660.1687998353435,0.0,1011.5695000007579,0.0,26.6,42.81087052271903,22.390849504716186,21.84664423718823,21.0718692177781,2,1.2501759698080526,charge,1.2501759698080526,0.0,False,2
1001.0,charge,20.819879609946113,25.9,20.8198796099461,20.974559968742483,594.6890886173462,0.0,595.4315000002479,0.0,25.9,39.1323632363256,22.12877830025633,21.8479608320838,21.073593768849605,2,0.5946890886173463,charge,0.5946890886173463,0.0,False,2
1002.0,idle,20.42707368445817,25.2,,,0.0,0.0,0.0,0.0,25.2,39.1323632363256,22.12877830025633,21.8479608320838,21.073593768849605,1,0.0,idle,0.0,0.0,False,1
1003.0,idle,20.39104376673763,24.5,,,0.0,0.0,0.0,0.0,24.5,39.1323632363256,22.12877830025633,21.8479608320838,21.073593768849605,1,0.0,idle,0.0,0.0,False,1
1004.0,idle,20.36797163862664,24.1,,,0.0,0.0,0.0,0.0,24.1,39.1323632363256,22.12877830025633,21.8479608320838,21.073593768849605,1,0.0,idle,0.0,0.0,False,1
1005.0,idle,20.351719319731995,23.8,,,0.0,0.0,0.0,0.0,23.8,39.1323632363256,22.12877830025633,21.8479608320838,21.073593768849605,1,0.4966824485363086,idle,0.4966824485363086,0.0,False,1
1006.0,idle,20.33970992383651,23.7,,,0.0,0.0,0.0,0.0,23.7,39.1323632363256,22.12877830025633,21.8479608320838,21.073593768849605,1,0.9656078590845942,idle,0.9656078590845942,0.0,False,1
1007.0,idle,20.33146593844476,23.5,,,0.0,0.0,0.0,0.0,23.5,39.1323632363256,22.12877830025633,21.8479608320838,21.073593768849605,1,1.4409765579677336,idle,1.4409765579677336,0.0,False,1
1008.0,idle,20.323129963197513,23.5,,,0.0,0.0,0.0,0.0,23.5,39.1323632363256,22.12877830025633,21.8479608320838,21.073593768849605,1,1.9856317735658562,idle,1.9856317735658562,0.0,False,1
1009.0,idle,20.31658128774299,23.5,,,0.0,0.0,0.0,0.0,23.5,39.1323632363256,22.12877830025633,21.8479608320838,21.073593768849605,1,2.6096458905025433,idle,2.6096458905025433,0.0,False,1
1010.0,idle,20.310984054045505,23.9,,,0.0,0.0,0.0,0.0,23.9,39.1323632363256,22.12877830025633,21.8479608320838,21.073593768849605,1,3.3041047681493394,idle,3.3041047681493394,0.0,False,1
1011.0,idle,20.306189498537453,23.6,,,0.0,0.0,0.0,0.0,23.6,39.1323632363256,22.12877830025633,21.8479608320838,21.073593768849605,1,4.041585362548057,idle,4.041585362548057,0.0,False,1
1012.0,idle,20.302026467809164,23.1,,,0.0,0.0,0.0,0.0,23.1,39.1323632363256,22.12877830025633,21.8479608320838,21.073593768849605,1,4.784505374162346,idle,4.784505374162346,0.0,False,1
1013.0,idle,20.298356815533737,22.7,,,0.0,0.0,0.0,0.0,22.7,39.1323632363256,22.12877830025633,21.8479608320838,21.073593768849605,1,5.488041978653144,idle,5.488041978653144,0.0,False,1
1014.0,idle,20.29504959430886,22.5,,,0.0,0.0,0.0,0.0,22.5,39.1323632363256,22.12877830025633,21.8479608320838,21.073593768849605,1,6.110859834387139,idle,6.110859834387139,0.0,False,1
1015.0,idle,20.291373432603304,23.5,,,0.0,0.0,0.0,0.0,23.5,39.1323632363256,22.12877830025633,21.8479608320838,21.073593768849605,1,6.110859834387139,idle,6.110859834387139,0.0,False,1
1016.0,charge,20.634910819622217,24.7,20.634910819622235,20.753009519238162,520.9400495868815,0.0,540.0940000003759,0.0,24.7,36.08560775378504,21.734404923537056,21.84370288873646,21.0753114399962,2,6.1152058736684225,charge,6.1152058736684225,0.0,False,2
1017.0,charge,20.620955928475702,25.7,20.620955928475723,20.750908022592455,450.9831183053934,0.0,951.8049999992473,0.0,25.7,36.423105369035795,21.712264239268052,21.83713727925192,21.077012310994007,2,5.59459999518177,charge,5.59459999518177,0.0,False,2
1018.0,charge,20.650724357170255,26.5,20.650724357170247,20.80007487699885,471.99218339447066,0.0,1336.9540000000375,0.0,26.5,38.80532651894845,21.877575905370975,21.831997193482437,21.07869590523086,2,5.1428904819173855,charge,5.1428904819173855,0.0,False,2
1019.0,charge,20.708317997801636,27.0,20.708317997801657,20.88364598366786,538.9429286678367,0.0,1613.6414999988465,0.0,27.0,41.93386223138839,22.13487469930925,21.83025635109709,21.080367894312133,2,4.6694627152950385,charge,4.6694627152950385,0.0,False,2
1020.0,charge,20.777134695198537,27.4,20.777134695198527,20.97710128866447,620.6253747568416,0.0,1768.586499998967,0.0,27.4,44.89961051234678,22.402110521811153,21.832494174808062,21.08203672272532,2,4.128763944965684,charge,4.128763944965684,0.0,False,2
1021.0,charge,20.841482834003326,27.4,20.84148283400333,21.05834946667295,692.7215822396756,0.0,1777.4404999992112,0.0,27.4,46.91162801541924,22.60968460366422,21.838187130628057,21.08371084188849,2,3.506413742347673,charge,3.506413742347673,0.0,False,2
1022.0,charge,20.888836791383593,27.8,20.888836791383596,21.11189989869996,737.7270742928536,0.0,1642.4170000006736,0.0,27.8,47.651374896815526,22.718636741416276,21.846025910861158,21.085396556976832,2,2.8124050954696784,charge,2.8124050954696784,0.0,False,2
1023.0,charge,20.909553176050416,27.6,20.909553176050395,21.125090298568466,745.0654542622071,0.0,1387.8644999993903,0.0,27.6,46.68410993014561,22.692281405237793,21.85421679362105,21.087096708699505,2,2.0739490179659947,charge,2.0739490179659947,0.0,False,2
1024.0,charge,20.89842042429698,27.0,20.898420424297,21.092766883191302,707.2554793519897,0.0,1029.2774999992441,0.0,27.0,44.06087622966277,22.523391037131148,21.860671425397186,21.088809730111564,2,1.3291532267110069,charge,1.3291532267110069,0.0,False,2
1025.0,charge,20.8545505222127,26.6,20.85455052221272,21.01670856669199,627.6500010950451,0.0,610.9260000003881,0.0,26.6,40.11962133004738,22.230785930407308,21.863461736106558,21.090529525447323,2,0.6276500010950451,charge,0.6276500010950451,0.0,False,2
1026.0,idle,20.440085315291853,25.8,,,0.0,0.0,0.0,0.0,25.8,40.11962133004738,22.230785930407308,21.863461736106558,21.090529525447323,1,0.0,idle,0.0,0.0,False,1
1027.0,idle,20.40149009365704,25.3,,,0.0,0.0,0.0,0.0,25.3,40.11962133004738,22.230785930407308,21.863461736106558,21.090529525447323,1,0.0,idle,0.0,0.0,False,1
1028.0,idle,20.377251072085468,25.0,,,0.0,0.0,0.0,0.0,25.0,40.11962133004738,22.230785930407308,21.863461736106558,21.090529525447323,1,0.0,idle,0.0,0.0,False,1
1029.0,idle,20.359964281382208,24.9,,,0.0,0.0,0.0,0.0,24.9,40.11962133004738,22.230785930407308,21.863461736106558,21.090529525447323,1,0.5214529241412265,idle,0.5214529241412265,0.0,False,1
1030.0,idle,20.3471772029198,24.6,,,0.0,0.0,0.0,0.0,24.6,40.11962133004738,22.230785930407308,21.863461736106558,21.090529525447323,1,1.008445956286048,idle,1.008445956286048,0.0,False,1
1031.0,idle,20.337247346505816,24.4,,,0.0,0.0,0.0,0.0,24.4,40.11962133004738,22.230785930407308,21.863461736106558,21.090529525447323,1,1.4886267958065749,idle,1.4886267958065749,0.0,False,1
1032.0,idle,20.328890401359583,24.2,,,0.0,0.0,0.0,0.0,24.2,40.11962133004738,22.230785930407308,21.863461736106558,21.090529525447323,1,2.0194727103150534,idle,2.0194727103150534,0.0,False,1
1033.0,idle,20.321986781087023,23.8,,,0.0,0.0,0.0,0.0,23.8,40.11962133004738,22.230785930407308,21.863461736106558,21.090529525447323,1,2.6155390731237675,idle,2.6155390731237675,0.0,False,1
1034.0,idle,20.316089748609752,23.6,,,0.0,0.0,0.0,0.0,23.6,40.11962133004738,22.230785930407308,21.863461736106558,21.090529525447323,1,3.2895621265735135,idle,3.2895621265735135,0.0,False,1
1035.0,idle,20.31104261767977,23.3,,,0.0,0.0,0.0,0.0,23.3,40.11962133004738,22.230785930407308,21.863461736106558,21.090529525447323,1,4.016420536740318,idle,4.016420536740318,0.0,False,1
1036.0,idle,20.30666328490462,22.9,,,0.0,0.0,0.0,0.0,22.9,40.11962133004738,22.230785930407308,21.863461736106558,21.090529525447323,1,4.760705009899506,idle,4.760705009899506,0.0,False,1
1037.0,idle,20.302806308227044,22.8,,,0.0,0.0,0.0,0.0,22.8,40.11962133004738,22.230785930407308,21.863461736106558,21.090529525447323,1,5.475130658167121,idle,5.475130658167121,0.0,False,1
1038.0,idle,20.299334219764525,22.4,,,0.0,0.0,0.0,0.0,22.4,40.11962133004738,22.230785930407308,21.863461736106558,21.090529525447323,1,6.108073907396307,idle,6.108073907396307,0.0,False,1
1039.0,idle,20.296184200678013,23.5,,,0.0,0.0,0.0,0.0,23.5,40.11962133004738,22.230785930407308,21.863461736106558,21.090529525447323,1,6.108073907396307,idle,6.108073907396307,0.0,False,1
1040.0,charge,20.65696960131231,24.5,20.656969601312312,20.780367877829917,547.3618316108078,0.0,489.18349999987237,0.0,24.5,36.83450771920775,21.808429251555367,21.860224527705952,21.092245214809452,2,6.112578259316815,charge,6.112578259316815,0.0,False,2
1041.0,charge,20.638658702880726,25.5,20.63865870288072,20.771597164304467,468.2599241111287,0.0,883.1864999994372,0.0,25.5,36.769250329331214,21.757219643657493,21.854279716686108,21.093945942391997,2,5.565644601771695,charge,5.565644601771695,0.0,False,2
1042.0,charge,20.661048032929333,26.5,20.66104803292933,20.80908036703744,477.41934041107777,0.0,1217.425000000572,0.0,26.5,38.62265480492829,21.881063460344706,21.84921153449386,21.095630193682098,2,5.096847570718271,charge,5.096847570718271,0.0,False,2
1043.0,charge,20.7059758195741,27.0,20.70597581957412,20.872237387517487,525.9261606015791,0.0,1390.0779999988474,0.0,27.0,40.74236454690009,22.06410718041917,21.846687492043884,21.097302135696225,2,4.61832215214839,charge,4.61832215214839,0.0,False,2
1044.0,charge,20.76346515662657,27.3,20.76346515662658,20.954745411565796,592.8303948471963,0.0,1715.4624999992138,0.0,27.3,43.9815187052817,22.323196404241287,21.847477723967074,21.098968234746337,2,4.090944526016978,charge,4.090944526016978,0.0,False,2
1045.0,charge,20.829659959092652,27.3,20.829659959092623,21.04196149849946,670.8822539598832,0.0,1755.3055000002482,0.0,27.3,46.393657219744966,22.558766067193858,21.85201842395952,21.100636660281054,2,3.496355654825605,charge,3.496355654825605,0.0,False,2
1046.0,charge,20.882960537339432,27.4,20.882960537339443,21.105087117906862,726.5241036775539,0.0,1653.4845000008538,0.0,27.4,47.54649939484108,22.701366574453402,21.859201424966955,21.10231467426621,2,2.82403588154483,charge,2.82403588154483,0.0,False,2
1047.0,charge,20.911988804542418,27.5,20.911988804542432,21.130660201813498,745.8442136825603,0.0,1401.1455000005058,0.0,27.5,47.0808623289314,22.715824855641472,21.867302249706654,21.10400629589367,2,2.0964933467887326,charge,2.0964933467887326,0.0,False,2
1048.0,charge,20.90771945386498,27.0,20.907719453864956,21.10653477319596,718.0605235147891,0.0,1035.918000000448,0.0,27.0,44.56575591717444,22.56559759758869,21.874120488786332,21.10571117724811,2,1.350752485817255,charge,1.350752485817255,0.0,False,2
1049.0,charge,20.86482241780009,26.0,20.8648224178001,21.029093480990525,638.3166249603213,0.0,610.9260000003881,0.0,26.0,40.31752634104123,22.257810838114892,21.877262454739423,21.10742373682797,2,0.6383166249603213,charge,0.6383166249603213,0.0,False,2
1050.0,idle,20.44398245960826,25.3,,,0.0,0.0,0.0,0.0,25.3,40.31752634104123,22.257810838114892,21.877262454739423,21.10742373682797,1,0.0,idle,0.0,0.0,False,1
1051.0,idle,20.405250060231765,24.7,,,0.0,0.0,0.0,0.0,24.7,40.31752634104123,22.257810838114892,21.877262454739423,21.10742373682797,1,0.0,idle,0.0,0.0,False,1
1052.0,idle,20.380960792459174,24.4,,,0.0,0.0,0.0,0.0,24.4,40.31752634104123,22.257810838114892,21.877262454739423,21.10742373682797,1,0.0,idle,0.0,0.0,False,1
1053.0,idle,20.363687494261367,24.0,,,0.0,0.0,0.0,0.0,24.0,40.31752634104123,22.257810838114892,21.877262454739423,21.10742373682797,1,0.5258731857435823,idle,0.5258731857435823,0.0,False,1
1054.0,idle,20.350942494756072,23.5,,,0.0,0.0,0.0,0.0,23.5,40.31752634104123,22.257810838114892,21.877262454739423,21.10742373682797,1,1.0193317764206606,idle,1.0193317764206606,0.0,False,1
1055.0,idle,20.341531815824226,22.9,,,0.0,0.0,0.0,0.0,22.9,40.31752634104123,22.257810838114892,21.877262454739423,21.10742373682797,1,1.5173289615783174,idle,1.5173289615783174,0.0,False,1
1056.0,idle,20.33276338416786,22.3,,,0.0,0.0,0.0,0.0,22.3,40.31752634104123,22.257810838114892,21.877262454739423,21.10742373682797,1,2.0832381061292478,idle,2.0832381061292478,0.0,False,1
1057.0,idle,20.325950429975574,21.9,,,0.0,0.0,0.0,0.0,21.9,40.31752634104123,22.257810838114892,21.877262454739423,21.10742373682797,1,2.726291216638523,idle,2.726291216638523,0.0,False,1
1058.0,idle,20.320142498187636,22.0,,,0.0,0.0,0.0,0.0,22.0,40.31752634104123,22.257810838114892,21.877262454739423,21.10742373682797,1,3.4353293797511286,idle,3.4353293797511286,0.0,False,1
1059.0,idle,20.315185463211726,22.4,,,0.0,0.0,0.0,0.0,22.4,40.31752634104123,22.257810838114892,21.877262454739423,21.10742373682797,1,4.185511821633008,idle,4.185511821633008,0.0,False,1
1060.0,idle,20.310896645119335,21.8,,,0.0,0.0,0.0,0.0,21.8,40.31752634104123,22.257810838114892,21.877262454739423,21.10742373682797,1,4.941681139650182,idle,4.941681139650182,0.0,False,1
1061.0,idle,20.307129955447248,21.8,,,0.0,0.0,0.0,0.0,21.8,40.31752634104123,22.257810838114892,21.877262454739423,21.10742373682797,1,5.6611935773632,idle,5.6611935773632,0.0,False,1
1062.0,idle,20.30374871497583,22.0,,,0.0,0.0,0.0,0.0,22.0,40.31752634104123,22.257810838114892,21.877262454739423,21.10742373682797,1,6.300409862312905,idle,6.300409862312905,0.0,False,1
1063.0,idle,20.29993341963298,23.7,,,0.0,0.0,0.0,0.0,23.7,40.31752634104123,22.257810838114892,21.877262454739423,21.10742373682797,1,6.300409862312905,idle,6.300409862312905,0.0,False,1
1064.0,charge,20.664135513558374,25.2,20.664135513558392,20.787980503939934,552.1887864844922,0.0,478.11599999966637,0.0,25.2,36.89599038335285,21.821134752033345,21.874110294092475,21.10913268034375,2,6.305014758709667,charge,6.305014758709667,0.0,False,2
1065.0,charge,20.64685153559749,26.8,20.646851535597477,20.783230869626948,474.25872540025733,0.0,989.4345000003254,0.0,26.8,37.27657585163513,21.793719906348997,21.86831700825462,21.11082683299975,2,5.753233236628588,charge,5.753233236628588,0.0,False,2
1066.0,charge,20.676786015096837,27.7,20.67678601509681,20.83241481121462,494.39477812247134,0.0,1350.23500000051,0.0,27.7,39.58380603809536,21.955676853928423,21.86391077392227,21.112505399755264,2,5.278252962789695,charge,5.278252962789695,0.0,False,2
1067.0,charge,20.734166467100405,28.7,20.73416646710041,20.915603029536385,560.1327214130191,0.0,1613.6414999988465,0.0,28.7,42.71023487697397,22.21164791222151,21.862842158809826,21.114173927529578,2,4.782438752552763,charge,4.782438752552763,0.0,False,2
1068.0,charge,20.80197398219373,28.7,20.801973982193715,21.006583072233013,639.7239385071641,0.0,1755.3055000002482,0.0,28.7,45.45743118124017,22.46603403696946,21.865646891382653,21.11584071331447,2,4.220587394436859,charge,4.220587394436859,0.0,False,2
1069.0,charge,20.863470455852124,28.5,20.86347045585211,21.08392895755071,707.5386336722888,0.0,1757.5189999987144,0.0,28.5,47.3820115939958,22.663264979811117,21.87169881778692,21.117513811144022,2,3.579226756084492,charge,3.579226756084492,0.0,False,2
1070.0,charge,20.909023879763016,28.9,20.909023879763026,21.135379292783057,750.351169001624,0.0,1629.1359999993763,0.0,28.9,48.08112409384802,22.767291648362686,21.879787520525326,21.119199169858575,2,2.870458887844097,charge,2.870458887844097,0.0,False,2
1071.0,charge,20.932814591050224,28.7,20.932814591050203,21.152879278614137,757.7345430184871,0.0,1372.37000000033,0.0,28.7,47.25289902109904,22.751306244647992,21.88827877082872,21.120899537026673,2,2.1192737660596186,charge,2.1192737660596186,0.0,False,2
1072.0,charge,20.923802591801437,28.2,20.92380259180146,21.12342708718711,723.2795911129855,0.0,1013.7829999998372,0.0,28.2,44.723326020817126,22.591368347096022,21.895176676082485,21.122613605428057,2,1.3617570998549562,charge,1.3617570998549562,0.0,False,2
1073.0,charge,20.880364183012617,27.3,20.880364183012603,21.046872309028174,644.1729173595695,0.0,595.4315000002479,0.0,27.3,40.63918593142779,22.292377093456025,21.898420440880898,21.124335485711867,2,0.6441729173595695,charge,0.6441729173595695,0.0,False,2
1074.0,idle,20.455036129347317,26.1,,,0.0,0.0,0.0,0.0,26.1,40.63918593142779,22.292377093456025,21.898420440880898,21.124335485711867,1,0.0,idle,0.0,0.0,False,1
1075.0,idle,20.41550270798311,25.3,,,0.0,0.0,0.0,0.0,25.3,40.63918593142779,22.292377093456025,21.898420440880898,21.124335485711867,1,0.0,idle,0.0,0.0,False,1
1076.0,idle,20.39061433791445,24.9,,,0.0,0.0,0.0,0.0,24.9,40.63918593142779,22.292377093456025,21.898420440880898,21.124335485711867,1,0.0,idle,0.0,0.0,False,1
1077.0,idle,20.372876448716006,24.4,,,0.0,0.0,0.0,0.0,24.4,40.63918593142779,22.292377093456025,21.898420440880898,21.124335485711867,1,0.535195519621411,idle,0.535195519621411,0.0,False,1
1078.0,idle,20.359751033630378,24.0,,,0.0,0.0,0.0,0.0,24.0,40.63918593142779,22.292377093456025,21.898420440880898,21.124335485711867,1,1.0392102305736262,idle,1.0392102305736262,0.0,False,1
1079.0,idle,20.349571292122853,23.8,,,0.0,0.0,0.0,0.0,23.8,40.63918593142779,22.292377093456025,21.898420440880898,21.124335485711867,1,1.5454133763458997,idle,1.5454133763458997,0.0,False,1
1080.0,idle,20.34097296040695,23.5,,,0.0,0.0,0.0,0.0,23.5,40.63918593142779,22.292377093456025,21.898420440880898,21.124335485711867,1,2.118810839337023,idle,2.118810839337023,0.0,False,1
1081.0,idle,20.33388435443194,23.4,,,0.0,0.0,0.0,0.0,23.4,40.63918593142779,22.292377093456025,21.898420440880898,21.124335485711867,1,2.7675813462781766,idle,2.7675813462781766,0.0,False,1
1082.0,idle,20.327826744696406,23.2,,,0.0,0.0,0.0,0.0,23.2,40.63918593142779,22.292377093456025,21.898420440880898,21.124335485711867,1,3.4823086408372563,idle,3.4823086408372563,0.0,False,1
1083.0,idle,20.32264111981122,23.1,,,0.0,0.0,0.0,0.0,23.1,40.63918593142779,22.292377093456025,21.898420440880898,21.124335485711867,1,4.234845822780879,idle,4.234845822780879,0.0,False,1
1084.0,idle,20.318140320595294,23.0,,,0.0,0.0,0.0,0.0,23.0,40.63918593142779,22.292377093456025,21.898420440880898,21.124335485711867,1,4.987009046343066,idle,4.987009046343066,0.0,False,1
1085.0,idle,20.314175089585316,22.7,,,0.0,0.0,0.0,0.0,22.7,40.63918593142779,22.292377093456025,21.898420440880898,21.124335485711867,1,5.696357143631737,idle,5.696357143631737,0.0,False,1
1086.0,idle,20.310604676409998,22.5,,,0.0,0.0,0.0,0.0,22.5,40.63918593142779,22.292377093456025,21.898420440880898,21.124335485711867,1,6.320771320431781,idle,6.320771320431781,0.0,False,1
1087.0,idle,20.306577277984136,23.7,,,0.0,0.0,0.0,0.0,23.7,40.63918593142779,22.292377093456025,21.898420440880898,21.124335485711867,1,6.320771320431781,idle,6.320771320431781,0.0,False,1
1088.0,charge,20.677026518703208,25.9,20.6770265187032,20.803839401630682,561.8601564895383,0.0,555.5884999996352,0.0,25.9,37.32836192412742,21.860572518446247,21.895462091745685,21.126054070566283,2,6.325475633128855,charge,6.325475633128855,0.0,False,2
1089.0,charge,20.660636178128392,27.3,20.660636178128414,20.799630110652743,484.42382685847963,0.0,978.3669999997447,0.0,27.3,37.57304560040035,21.828672387691824,21.889893548902137,21.127758338825913,2,5.764001929664611,charge,5.764001929664611,0.0,False,2
1090.0,charge,20.689787720640677,28.5,20.689787720640652,20.847806048694224,502.8366156256174,0.0,1345.8080000002485,0.0,28.5,39.89980074835586,21.989116754781605,21.88563225042219,21.129447395685816,2,5.278875071062332,charge,5.278875071062332,0.0,False,2
1091.0,charge,20.7466977775611,28.7,20.74669777756111,20.929815803459462,567.573804992368,0.0,1611.427999998976,0.0,28.7,42.90695967195103,22.238415961706153,21.884662979657605,21.13112667888305,2,4.7746303663322,charge,4.7746303663322,0.0,False,2
1092.0,charge,20.813455927777103,28.7,20.813455927777113,21.019724934575606,645.5477845114796,0.0,1750.878499998552,0.0,28.7,45.6882728263306,22.49202507871638,21.887491829312182,21.132804313681504,2,4.205360596113907,charge,4.205360596113907,0.0,False,2
1093.0,charge,20.874759611755408,28.8,20.874759611755394,21.096620299062693,713.1403891149739,0.0,1753.0920000001695,0.0,28.8,47.55248853860678,22.68629958619573,21.893557702800763,21.134488287631996,2,3.5581718322404865,charge,3.5581718322404865,0.0,False,2
1094.0,charge,20.918311254657727,28.8,20.918311254657738,21.14432531351531,752.9564574866806,0.0,1618.0685000002798,0.0,28.8,48.01862672601305,22.77482876080819,21.90151985274025,21.136184406967004,2,2.843848770116055,charge,2.843848770116055,0.0,False,2
1095.0,charge,20.934942762211726,28.4,20.934942762211733,21.152202921198466,754.4411991977296,0.0,1359.0890000007514,0.0,28.4,46.92799133372239,22.734433128436592,21.90956428485714,21.13789489239923,2,2.0903073331746644,charge,2.0903073331746644,0.0,False,2
1096.0,charge,20.920275312743215,27.8,20.92027531274323,21.1154486442245,713.1015231264508,0.0,1000.5019999996509,0.0,27.8,44.185957514806205,22.554205001803325,21.91569997254436,21.139617700627355,2,1.3362214252059021,charge,1.3362214252059021,0.0,False,2
1097.0,charge,20.87301102119713,27.0,20.873011021197158,21.03446433057246,629.3172859771695,0.0,584.3640000000574,0.0,27.0,40.03433050083129,22.245303433473225,21.917979467035423,21.141346352852906,2,0.6293172859771695,charge,0.6293172859771695,0.0,False,2
1098.0,idle,20.45679632462784,25.9,,,0.0,0.0,0.0,0.0,25.9,40.03433050083129,22.245303433473225,21.917979467035423,21.141346352852906,1,0.0,idle,0.0,0.0,False,1
1099.0,idle,20.417773651198495,25.1,,,0.0,0.0,0.0,0.0,25.1,40.03433050083129,22.245303433473225,21.917979467035423,21.141346352852906,1,0.0,idle,0.0,0.0,False,1
1100.0,idle,20.393177875711025,24.6,,,0.0,0.0,0.0,0.0,24.6,40.03433050083129,22.245303433473225,21.917979467035423,21.141346352852906,1,0.0,idle,0.0,0.0,False,1
1101.0,idle,20.375668101564976,24.1,,,0.0,0.0,0.0,0.0,24.1,40.03433050083129,22.245303433473225,21.917979467035423,21.141346352852906,1,0.5209826939577934,idle,0.5209826939577934,0.0,False,1
1102.0,idle,20.36272289126771,23.8,,,0.0,0.0,0.0,0.0,23.8,40.03433050083129,22.245303433473225,21.917979467035423,21.141346352852906,1,1.0159889392768078,idle,1.0159889392768078,0.0,False,1
1103.0,idle,20.352410574480317,23.5,,,0.0,0.0,0.0,0.0,23.5,40.03433050083129,22.245303433473225,21.917979467035423,21.141346352852906,1,1.5162492340725504,idle,1.5162492340725504,0.0,False,1
1104.0,idle,20.343651512362637,23.2,,,0.0,0.0,0.0,0.0,23.2,40.03433050083129,22.245303433473225,21.917979467035423,21.141346352852906,1,2.085030026487656,idle,2.085030026487656,0.0,False,1
1105.0,idle,20.336628152273878,23.1,,,0.0,0.0,0.0,0.0,23.1,40.03433050083129,22.245303433473225,21.917979467035423,21.141346352852906,1,2.730305258580377,idle,2.730305258580377,0.0,False,1
1106.0,idle,20.330630963242356,23.5,,,0.0,0.0,0.0,0.0,23.5,40.03433050083129,22.245303433473225,21.917979467035423,21.141346352852906,1,3.4420587534308473,idle,3.4420587534308473,0.0,False,1
1107.0,idle,20.325501618876352,23.0,,,0.0,0.0,0.0,0.0,23.0,40.03433050083129,22.245303433473225,21.917979467035423,21.141346352852906,1,4.195202631694364,idle,4.195202631694364,0.0,False,1
1108.0,idle,20.3210535976329,23.0,,,0.0,0.0,0.0,0.0,23.0,40.03433050083129,22.245303433473225,21.917979467035423,21.141346352852906,1,4.954295472808238,idle,4.954295472808238,0.0,False,1
1109.0,idle,20.317138436984237,22.6,,,0.0,0.0,0.0,0.0,22.6,40.03433050083129,22.245303433473225,21.917979467035423,21.141346352852906,1,5.673014933505814,idle,5.673014933505814,0.0,False,1
1110.0,idle,20.31361751758953,22.4,,,0.0,0.0,0.0,0.0,22.4,40.03433050083129,22.245303433473225,21.917979467035423,21.141346352852906,1,6.307653331511282,idle,6.307653331511282,0.0,False,1
1111.0,idle,20.30962127059953,24.0,,,0.0,0.0,0.0,0.0,24.0,40.03433050083129,22.245303433473225,21.917979467035423,21.141346352852906,1,6.307653331511282,idle,6.307653331511282,0.0,False,1
1112.0,charge,20.67056725037402,25.8,20.670567250374006,20.79414126044429,547.5302017710088,0.0,555.5884999996352,0.0,25.8,36.95252017719497,21.826695548750138,21.914118761118118,21.14306955672589,2,6.312304475801079,charge,6.312304475801079,0.0,False,2
1113.0,charge,20.656586061368575,27.1,20.656586061368557,20.79381617635721,475.1908622979897,0.0,978.3669999997447,0.0,27.1,37.353650209973296,21.80849376039356,21.907885498705184,21.144776695613245,2,5.765102388944451,charge,5.765102388944451,0.0,False,2
1114.0,charge,20.687634148954842,28.2,20.687634148954828,20.844327346059004,496.88703271723614,0.0,1339.1674999993593,0.0,28.2,39.718135198369566,21.97473739026924,21.903115621396125,21.146467335451007,2,5.289166035937435,charge,5.289166035937435,0.0,False,2
1115.0,charge,20.745380634108173,28.9,20.745380634108187,20.92747027785083,563.0264343151396,0.0,1598.1469999998842,0.0,28.9,42.77652015435086,22.228025599663226,21.901708335550666,21.14814714942014,2,4.7908573907761705,charge,4.7908573907761705,0.0,False,2
1116.0,charge,20.81286211262437,29.1,20.812862112624373,21.018262841831017,642.0427363279028,0.0,1735.383999999652,0.0,29.1,45.57188396515738,22.483738243239657,21.904155382224246,21.149824408498375,2,4.2261273257841925,charge,4.2261273257841925,0.0,False,2
1117.0,charge,20.87459479672906,28.9,20.87459479672907,21.095741295207006,710.1938827353115,0.0,1737.5975000012677,0.0,28.9,47.46064907999852,22.679918446011868,21.909872925215268,21.151507196034288,2,3.582445847850381,charge,3.582445847850381,0.0,False,2
1118.0,charge,20.9204087367346,29.0,20.9204087367346,21.147964065616577,753.3176360844963,0.0,1609.214500000022,0.0,29.0,48.24692995003721,22.788523586895792,21.917649604061126,21.15320148683952,2,2.871015878788059,charge,2.871015878788059,0.0,False,2
1119.0,charge,20.941064004739623,28.8,20.941064004739644,21.16122935181761,761.0995022479137,0.0,1348.021499999119,0.0,28.8,47.267520843161776,22.762255893729503,21.92579697776972,21.154910079529998,2,2.1169735557372316,charge,2.1169735557372316,0.0,False,2
1120.0,charge,20.929358760995623,28.2,20.929358760995626,21.12778222343121,722.5079665812732,0.0,987.22099999931,0.0,28.2,44.56677791435368,22.58847498520464,21.932171320147063,21.156631398765683,2,1.3561572009453715,charge,1.3561572009453715,0.0,False,2
1121.0,charge,20.883308228595705,27.4,20.883308228595695,21.04789841763801,639.687219414992,0.0,568.8694999996852,0.0,27.4,40.41015459522475,22.2809112257151,21.934733077460066,21.15835915725347,2,0.639687219414992,charge,0.639687219414992,0.0,False,2
1122.0,idle,20.460639869250954,26.5,,,0.0,0.0,0.0,0.0,26.5,40.41015459522475,22.2809112257151,21.934733077460066,21.15835915725347,1,0.0,idle,0.0,0.0,False,1
1123.0,idle,20.421235389540747,25.9,,,0.0,0.0,0.0,0.0,25.9,40.41015459522475,22.2809112257151,21.934733077460066,21.15835915725347,1,0.0,idle,0.0,0.0,False,1
1124.0,idle,20.396420216817766,25.4,,,0.0,0.0,0.0,0.0,25.4,40.41015459522475,22.2809112257151,21.934733077460066,21.15835915725347,1,0.0,idle,0.0,0.0,False,1
1125.0,idle,20.378756431028645,24.8,,,0.0,0.0,0.0,0.0,24.8,40.41015459522475,22.2809112257151,21.934733077460066,21.15835915725347,1,0.5326297612714006,idle,0.5326297612714006,0.0,False,1
1126.0,idle,20.365698019174527,24.2,,,0.0,0.0,0.0,0.0,24.2,40.41015459522475,22.2809112257151,21.934733077460066,21.15835915725347,1,1.04098880695129,idle,1.04098880695129,0.0,False,1
1127.0,idle,20.35558613306315,24.0,,,0.0,0.0,0.0,0.0,24.0,40.41015459522475,22.2809112257151,21.934733077460066,21.15835915725347,1,1.554802895638384,idle,1.554802895638384,0.0,False,1
1128.0,idle,20.347047874557703,23.8,,,0.0,0.0,0.0,0.0,23.8,40.41015459522475,22.2809112257151,21.934733077460066,21.15835915725347,1,2.137139223040043,idle,2.137139223040043,0.0,False,1
1129.0,idle,20.33994548949169,23.5,,,0.0,0.0,0.0,0.0,23.5,40.41015459522475,22.2809112257151,21.934733077460066,21.15835915725347,1,2.792703603227047,idle,2.792703603227047,0.0,False,1
1130.0,idle,20.333875155318843,23.4,,,0.0,0.0,0.0,0.0,23.4,40.41015459522475,22.2809112257151,21.934733077460066,21.15835915725347,1,3.509302592267962,idle,3.509302592267962,0.0,False,1
1131.0,idle,20.32867692036014,23.0,,,0.0,0.0,0.0,0.0,23.0,40.41015459522475,22.2809112257151,21.934733077460066,21.15835915725347,1,4.259063706538561,idle,4.259063706538561,0.0,False,1
1132.0,idle,20.324163460823918,22.6,,,0.0,0.0,0.0,0.0,22.6,40.41015459522475,22.2809112257151,21.934733077460066,21.15835915725347,1,5.006363237580665,idle,5.006363237580665,0.0,False,1
1133.0,idle,20.320185643761093,22.6,,,0.0,0.0,0.0,0.0,22.6,40.41015459522475,22.2809112257151,21.934733077460066,21.15835915725347,1,5.711084542300312,idle,5.711084542300312,0.0,False,1
1134.0,idle,20.316603181125643,22.9,,,0.0,0.0,0.0,0.0,22.9,40.41015459522475,22.2809112257151,21.934733077460066,21.15835915725347,1,6.331846344366089,idle,6.331846344366089,0.0,False,1
1135.0,idle,20.31327609537234,23.8,,,0.0,0.0,0.0,0.0,23.8,40.41015459522475,22.2809112257151,21.934733077460066,21.15835915725347,1,6.331846344366089,idle,6.331846344366089,0.0,False,1
1136.0,charge,20.68169157928305,26.5,20.68169157928304,20.809139147447752,559.0672789446681,0.0,544.5210000004931,0.0,26.5,37.44794995160373,21.869578219071514,21.931202413673248,21.160082131731144,2,6.336431676286029,charge,6.336431676286029,0.0,False,2
1137.0,charge,20.669622815826443,27.9,20.669622815826415,20.81090190352228,488.3738305482092,0.0,965.0859999994058,0.0,27.9,37.839855011403586,21.85398541443203,21.92537969353168,21.161789881711343,2,5.777646360849588,charge,5.777646360849588,0.0,False,2
1138.0,charge,20.701612671621405,29.1,20.701612671621433,20.86253609039852,510.5002879719508,0.0,1321.4594999989956,0.0,29.1,40.2506796731102,22.023332860240828,21.921039401321423,21.16348206178884,2,5.288502473900214,charge,5.288502473900214,0.0,False,2
1139.0,charge,20.75985183612939,29.7,20.75985183612937,20.94562695207486,576.5910984165264,0.0,1580.4389999994783,0.0,29.7,43.21843327303549,22.27277723852785,21.92005685555489,21.16516438299311,2,4.776556676910914,charge,4.776556676910914,0.0,False,2
1140.0,charge,20.825725711457743,29.6,20.82572571145772,21.033289306832444,652.5917398708774,0.0,1719.8895000008415,0.0,29.6,45.82558213914314,22.515472680434527,21.922784938614654,21.166844951262703,2,4.1982858885970105,charge,4.1982858885970105,0.0,False,2
1141.0,charge,20.88397249910344,28.8,20.883972499103436,21.10524764908041,715.3208395406045,0.0,1728.7435000010912,0.0,28.8,47.46810377985605,22.692380807984193,21.92853061773883,21.16853139908062,2,3.5441339285246887,charge,3.5441339285246887,0.0,False,2
1142.0,charge,20.924137817859187,28.9,20.92413781785916,21.148575343835546,750.3170309615633,0.0,1591.506500001185,0.0,28.9,47.83806599960451,22.769560118388597,21.935958846206063,21.170229018049326,2,2.8277243114868984,charge,2.8277243114868984,0.0,False,2
1143.0,charge,20.938907431170108,28.1,20.938907431170094,21.154370348633506,749.4878115960937,0.0,1334.7404999998475,0.0,28.1,46.71512488340528,22.724532853809194,21.943374254658863,21.171939689586964,2,2.0768887449329307,charge,2.0768887449329307,0.0,False,2
1144.0,charge,20.923951344165133,27.7,20.92395134416512,21.11803711417207,708.3300284829548,0.0,969.5129999995257,0.0,27.7,44.06679619322074,22.548998195645368,21.948899698458376,21.17366128027686,2,1.3277627519444364,charge,1.3277627519444364,0.0,False,2
1145.0,charge,20.877058454106137,27.0,20.877058454106134,21.037316759741316,625.5813126880263,0.0,542.3075000004271,0.0,27.0,39.866637032410324,22.23904695696683,21.950623912602964,21.175387441148757,2,0.6255813126880263,charge,0.6255813126880263,0.0,False,2
1146.0,idle,20.463147872281876,26.1,,,0.0,0.0,0.0,0.0,26.1,39.866637032410324,22.23904695696683,21.950623912602964,21.175387441148757,1,0.0,idle,0.0,0.0,False,1
1147.0,idle,20.424209961358848,25.4,,,0.0,0.0,0.0,0.0,25.4,39.866637032410324,22.23904695696683,21.950623912602964,21.175387441148757,1,0.0,idle,0.0,0.0,False,1
1148.0,idle,20.3996369113066,25.0,,,0.0,0.0,0.0,0.0,25.0,39.866637032410324,22.23904695696683,21.950623912602964,21.175387441148757,1,0.0,idle,0.0,0.0,False,1
1149.0,idle,20.382119392153793,24.5,,,0.0,0.0,0.0,0.0,24.5,39.866637032410324,22.23904695696683,21.950623912602964,21.175387441148757,1,0.517054226101231,idle,0.517054226101231,0.0,False,1
1150.0,idle,20.369150277299752,24.2,,,0.0,0.0,0.0,0.0,24.2,39.866637032410324,22.23904695696683,21.950623912602964,21.175387441148757,1,1.00664605557444,idle,1.00664605557444,0.0,False,1
1151.0,idle,20.35958989410067,23.7,,,0.0,0.0,0.0,0.0,23.7,39.866637032410324,22.23904695696683,21.950623912602964,21.175387441148757,1,1.4940197202295429,idle,1.4940197202295429,0.0,False,1
1152.0,idle,20.35060820437749,23.6,,,0.0,0.0,0.0,0.0,23.6,39.866637032410324,22.23904695696683,21.950623912602964,21.175387441148757,1,2.0392177124615065,idle,2.0392177124615065,0.0,False,1
1153.0,idle,20.3436218007852,23.4,,,0.0,0.0,0.0,0.0,23.4,39.866637032410324,22.23904695696683,21.950623912602964,21.175387441148757,1,2.6530381762467274,idle,2.6530381762467274,0.0,False,1
1154.0,idle,20.33766013850132,23.5,,,0.0,0.0,0.0,0.0,23.5,39.866637032410324,22.23904695696683,21.950623912602964,21.175387441148757,1,3.33254039877522,idle,3.33254039877522,0.0,False,1
1155.0,idle,20.33256465302224,23.1,,,0.0,0.0,0.0,0.0,23.1,39.866637032410324,22.23904695696683,21.950623912602964,21.175387441148757,1,4.050473964562523,idle,4.050473964562523,0.0,False,1
1156.0,idle,20.32814935187737,23.1,,,0.0,0.0,0.0,0.0,23.1,39.866637032410324,22.23904695696683,21.950623912602964,21.175387441148757,1,4.768443861983682,idle,4.768443861983682,0.0,False,1
1157.0,idle,20.324265969549185,22.7,,,0.0,0.0,0.0,0.0,22.7,39.866637032410324,22.23904695696683,21.950623912602964,21.175387441148757,1,5.4444672091501864,idle,5.4444672091501864,0.0,False,1
1158.0,idle,20.32077620508632,22.4,,,0.0,0.0,0.0,0.0,22.4,39.866637032410324,22.23904695696683,21.950623912602964,21.175387441148757,1,6.034813016386633,idle,6.034813016386633,0.0,False,1
1159.0,idle,20.316817610180173,23.6,,,0.0,0.0,0.0,0.0,23.6,39.866637032410324,22.23904695696683,21.950623912602964,21.175387441148757,1,6.034813016386633,idle,6.034813016386633,0.0,False,1
1160.0,charge,20.675136503787982,25.4,20.675136503787996,20.79779238312102,543.5334486603012,0.0,533.4535000002528,0.0,25.4,36.84171955861876,21.823252937187647,21.946218155893064,21.177106923450083,2,6.039508870700863,charge,6.039508870700863,0.0,False,2
1161.0,charge,20.660012030085387,26.6,20.660012030085397,20.794762728823798,469.9847901347221,0.0,927.4564999996637,0.0,26.6,37.00952516211038,21.79178558786657,21.93938726362768,21.178809126222575,2,5.496334895611655,charge,5.496334895611655,0.0,False,2
1162.0,charge,20.68597645531076,27.2,20.685976455310765,20.83699719480211,484.54792964805506,0.0,1261.694999999296,0.0,27.2,38.98332534252444,21.928725035547473,21.933696070417113,21.18049319209962,2,5.025720363900485,charge,5.025720363900485,0.0,False,2
1163.0,charge,20.735819127161257,27.7,20.735819127161278,20.908569921230537,539.9633592245383,0.0,1494.1124999991089,0.0,27.7,41.6017261733532,22.145289060589278,21.930884320606765,21.1821638775142,2,4.539934975427087,charge,4.539934975427087,0.0,False,2
1164.0,charge,20.796486406047247,28.0,20.796486406047222,20.991699636827434,610.6907702598337,0.0,1668.9790000013434,0.0,28.0,44.35345152965692,22.386679327363936,21.931566083828955,21.18382843777283,2,3.9984258669726955,charge,3.9984258669726955,0.0,False,2
1165.0,charge,20.855865872517292,28.3,20.855865872517313,21.06740095477818,677.5731968377567,0.0,1680.0464999987344,0.0,28.3,46.281839560377875,22.582549762225028,21.93548432316726,21.185494559152573,2,3.3861415628048848,charge,3.3861415628048848,0.0,False,2
1166.0,charge,20.898833361894464,27.8,20.898833361894447,21.1146808296798,718.2351445237448,0.0,1558.3040000004473,0.0,27.8,46.73958156381502,22.670938944192585,21.94136665357337,21.187168174135138,2,2.707400005164073,charge,2.707400005164073,0.0,False,2
1167.0,charge,20.914550456470188,27.4,20.91455045647018,21.121981648073415,720.2705665136677,0.0,1297.110999999621,0.0,27.4,45.706412695294034,22.632701935430987,21.94738015753154,21.188851628321004,2,1.988611681068238,charge,1.988611681068238,0.0,False,2
1168.0,charge,20.90016158624303,27.2,20.90016158624303,21.085612097351202,679.6194980979492,0.0,925.2430000004601,0.0,27.2,42.95271106289346,22.452835307769533,21.9515567563339,21.19054303785032,2,1.2686899345110638,charge,1.2686899345110638,0.0,False,2
1169.0,charge,20.851983265876097,26.5,20.851983265876072,21.00331712452288,595.388118353617,0.0,517.959000000224,0.0,26.5,38.75983361618091,22.140463155728582,21.951885908874488,21.192236025478906,2,0.5953881183536169,charge,0.5953881183536169,0.0,False,2
1170.0,idle,20.457738490650403,25.8,,,0.0,0.0,0.0,0.0,25.8,38.75983361618091,22.140463155728582,21.951885908874488,21.192236025478906,1,0.0,idle,0.0,0.0,False,1
1171.0,idle,20.420511897801315,25.2,,,0.0,0.0,0.0,0.0,25.2,38.75983361618091,22.140463155728582,21.951885908874488,21.192236025478906,1,0.0,idle,0.0,0.0,False,1
1172.0,idle,20.396958089837888,24.8,,,0.0,0.0,0.0,0.0,24.8,38.75983361618091,22.140463155728582,21.951885908874488,21.192236025478906,1,0.0,idle,0.0,0.0,False,1
1173.0,idle,20.38015979568005,24.5,,,0.0,0.0,0.0,0.0,24.5,38.75983361618091,22.140463155728582,21.951885908874488,21.192236025478906,1,0.49237495856592023,idle,0.49237495856592023,0.0,False,1
1174.0,idle,20.367701805889286,24.2,,,0.0,0.0,0.0,0.0,24.2,38.75983361618091,22.140463155728582,21.951885908874488,21.192236025478906,1,0.9700692362277146,idle,0.9700692362277146,0.0,False,1
1175.0,idle,20.35803305862199,23.9,,,0.0,0.0,0.0,0.0,23.9,38.75983361618091,22.140463155728582,21.951885908874488,21.192236025478906,1,1.4584449271617923,idle,1.4584449271617923,0.0,False,1
1176.0,idle,20.34983921980039,23.5,,,0.0,0.0,0.0,0.0,23.5,38.75983361618091,22.140463155728582,21.951885908874488,21.192236025478906,1,2.0166427638458,idle,2.0166427638458,0.0,False,1
1177.0,idle,20.34308733689156,23.0,,,0.0,0.0,0.0,0.0,23.0,38.75983361618091,22.140463155728582,21.951885908874488,21.192236025478906,1,2.650147983796928,idle,2.650147983796928,0.0,False,1
1178.0,idle,20.33731243482561,22.8,,,0.0,0.0,0.0,0.0,22.8,38.75983361618091,22.140463155728582,21.951885908874488,21.192236025478906,1,3.3455672845886704,idle,3.3455672845886704,0.0,False,1
1179.0,idle,20.3323639476288,22.8,,,0.0,0.0,0.0,0.0,22.8,38.75983361618091,22.140463155728582,21.951885908874488,21.192236025478906,1,4.074166683070813,idle,4.074166683070813,0.0,False,1
1180.0,idle,20.328064030416616,22.7,,,0.0,0.0,0.0,0.0,22.7,38.75983361618091,22.140463155728582,21.951885908874488,21.192236025478906,1,4.797860742525117,idle,4.797860742525117,0.0,False,1
1181.0,idle,20.324271287475813,22.6,,,0.0,0.0,0.0,0.0,22.6,38.75983361618091,22.140463155728582,21.951885908874488,21.192236025478906,1,5.473062536888021,idle,5.473062536888021,0.0,False,1
1182.0,idle,20.320854684833527,22.5,,,0.0,0.0,0.0,0.0,22.5,38.75983361618091,22.140463155728582,21.951885908874488,21.192236025478906,1,6.0613772885281305,idle,6.0613772885281305,0.0,False,1
1183.0,idle,20.31694322332782,24.1,,,0.0,0.0,0.0,0.0,24.1,38.75983361618091,22.140463155728582,21.951885908874488,21.192236025478906,1,6.0613772885281305,idle,6.0613772885281305,0.0,False,1
1184.0,charge,20.65816831374969,26.2,20.658168313749684,20.77628045002251,517.7904940328457,0.0,542.3075000004271,0.0,26.2,36.284667986617706,21.76360630317339,21.946409557383788,21.19391955521303,2,6.065803484360595,charge,6.065803484360595,0.0,False,2
1185.0,charge,20.650461488561263,27.3,20.65046148856129,20.784459354058924,457.9676345525612,0.0,962.8725000004348,0.0,27.3,36.925099616419345,21.77156487630549,21.939126155546205,21.195584198419738,2,5.548194881727937,charge,5.548194881727937,0.0,False,2
1186.0,charge,20.684665615091653,28.2,20.68466561509166,20.83857650975301,485.1517867136479,0.0,1325.8864999996865,0.0,28.2,39.34313770004434,21.94658033940209,21.933561327368352,21.197230432495417,2,5.089395710485779,charge,5.089395710485779,0.0,False,2
1187.0,charge,20.74324420085137,28.8,20.743244200851393,20.92240785735521,552.6636800589297,0.0,1593.7200000010048,0.0,28.8,42.39581743830388,22.20094918887554,21.931431595853667,21.198864271850823,2,4.602778203199675,charge,4.602778203199675,0.0,False,2
1188.0,charge,20.809896440305458,28.7,20.809896440305465,21.01131662928509,630.4839464142698,0.0,1733.1704999996073,0.0,28.7,45.049519870764414,22.448021046378358,21.933112566667717,21.200494030428786,2,4.048403431907962,charge,4.048403431907962,0.0,False,2
1189.0,charge,20.868523688638202,28.3,20.86852368863822,21.083754942710925,694.20173386842,0.0,1728.7435000010912,0.0,28.3,46.70286099081636,22.62636033762118,21.93787200310487,21.202127529683708,2,3.4163392184515096,charge,3.4163392184515096,0.0,False,2
1190.0,charge,20.90847963147967,28.1,20.90847963147968,21.126672295797334,729.2280975903936,0.0,1580.4389999994783,0.0,28.1,47.04722018498279,22.701998358356946,21.944330567401437,21.20377015186466,2,2.721047174290546,charge,2.721047174290546,0.0,False,2
1191.0,charge,20.92149313481985,28.0,20.921493134819855,21.12919779084939,726.0974182186973,0.0,1317.0324999994307,0.0,28.0,45.71835791792512,22.643472071855797,21.95068454083804,21.20542372478576,2,1.9913604548444717,charge,1.9913604548444717,0.0,False,2
1192.0,charge,20.902291538673396,27.3,20.90229153867341,21.08642261958471,679.182776377818,0.0,954.0185000002174,0.0,27.3,42.813080660303854,22.446940489377937,21.954898640464535,21.207085723789987,2,1.2657284307989616,charge,1.2657284307989616,0.0,False,2
1193.0,charge,20.852556021801202,26.6,20.852556021801206,21.00343376857927,593.0674043662315,0.0,540.0940000003759,0.0,26.6,38.7405068231277,22.138287133191227,21.95518210826674,21.20874930053094,2,0.5930674043662315,charge,0.5930674043662315,0.0,False,2
1194.0,idle,20.45957074113985,25.8,,,0.0,0.0,0.0,0.0,25.8,38.7405068231277,22.138287133191227,21.95518210826674,21.20874930053094,1,0.0,idle,0.0,0.0,False,1
1195.0,idle,20.422337841330222,25.2,,,0.0,0.0,0.0,0.0,25.2,38.7405068231277,22.138287133191227,21.95518210826674,21.20874930053094,1,0.0,idle,0.0,0.0,False,1
1196.0,idle,20.398809899260772,24.7,,,0.0,0.0,0.0,0.0,24.7,38.7405068231277,22.138287133191227,21.95518210826674,21.20874930053094,1,0.0,idle,0.0,0.0,False,1
1197.0,idle,20.382054273002925,24.2,,,0.0,0.0,0.0,0.0,24.2,38.7405068231277,22.138287133191227,21.95518210826674,21.20874930053094,1,0.48893283026736184,idle,0.48893283026736184,0.0,False,1
1198.0,idle,20.369651739531378,23.8,,,0.0,0.0,0.0,0.0,23.8,38.7405068231277,22.138287133191227,21.95518210826674,21.20874930053094,1,0.956810924878404,idle,0.956810924878404,0.0,False,1
1199.0,idle,20.35956360518315,23.2,,,0.0,0.0,0.0,0.0,23.2,38.7405068231277,22.138287133191227,21.95518210826674,21.20874930053094,1,1.4308772932185787,idle,1.4308772932185787,0.0,False,1
1200.0,idle,20.351068146131457,22.7,,,0.0,0.0,0.0,0.0,22.7,38.7405068231277,22.138287133191227,21.95518210826674,21.20874930053094,1,1.97134128237915,idle,1.97134128237915,0.0,False,1
1201.0,idle,20.34431936218378,22.5,,,0.0,0.0,0.0,0.0,22.5,38.7405068231277,22.138287133191227,21.95518210826674,21.20874930053094,1,2.5844321149857445,idle,2.5844321149857445,0.0,False,1
1202.0,idle,20.338555649109562,22.7,,,0.0,0.0,0.0,0.0,22.7,38.7405068231277,22.138287133191227,21.95518210826674,21.20874930053094,1,3.2594572302720963,idle,3.2594572302720963,0.0,False,1
1203.0,idle,20.33362282753712,22.4,,,0.0,0.0,0.0,0.0,22.4,38.7405068231277,22.138287133191227,21.95518210826674,21.20874930053094,1,3.9724876981043695,idle,3.9724876981043695,0.0,False,1
1204.0,idle,20.329342415500744,22.2,,,0.0,0.0,0.0,0.0,22.2,38.7405068231277,22.138287133191227,21.95518210826674,21.20874930053094,1,4.691942739593815,idle,4.691942739593815,0.0,False,1
1205.0,idle,20.325572461804246,22.1,,,0.0,0.0,0.0,0.0,22.1,38.7405068231277,22.138287133191227,21.95518210826674,21.20874930053094,1,5.375340475634188,idle,5.375340475634188,0.0,False,1
1206.0,idle,20.32218062008307,21.7,,,0.0,0.0,0.0,0.0,21.7,38.7405068231277,22.138287133191227,21.95518210826674,21.20874930053094,1,5.978736679933541,idle,5.978736679933541,0.0,False,1
1207.0,idle,20.318310501368746,23.4,,,0.0,0.0,0.0,0.0,23.4,38.7405068231277,22.138287133191227,21.95518210826674,21.20874930053094,1,5.978736679933541,idle,5.978736679933541,0.0,False,1
1208.0,charge,20.657431930049256,25.7,20.657431930049256,20.773470336174967,514.520829332249,0.0,520.1725000002111,0.0,25.7,35.98800825159799,21.746238011540697,21.949605934582678,21.21040338203295,2,5.983269078023199,charge,5.983269078023199,0.0,False,2
1209.0,charge,20.645530798802557,26.9,20.645530798802554,20.775467528788624,448.56924636846105,0.0,940.7374999998317,0.0,26.9,36.42030420372146,21.73531755381589,21.941940358953843,21.212038109615094,2,5.469032562447292,charge,5.469032562447292,0.0,False,2
1210.0,charge,20.676028177080727,27.6,20.676028177080752,20.824896541092244,470.9107581769676,0.0,1308.1785000012162,0.0,27.6,38.725815207861274,21.8982122334686,21.93577678541692,21.213653384324004,2,5.019718410285032,charge,5.019718410285032,0.0,False,2
1211.0,charge,20.73169603752784,27.8,20.731696037527854,20.90485694898865,534.9676123857382,0.0,1571.5849999992365,0.0,27.8,41.64517158706741,22.14115183690825,21.932896700927472,21.215254832510595,2,4.547419709002447,charge,4.547419709002447,0.0,False,2
1212.0,charge,20.795877808855366,27.6,20.79587780885538,20.99095669794241,610.1014891308275,0.0,1711.035500000964,0.0,27.6,44.27396177902614,22.38271334984637,21.933712367551436,21.216850458407066,2,4.0108193779067225,charge,4.0108193779067225,0.0,False,2
1213.0,charge,20.853737182939494,27.7,20.853737182939483,21.063125061372205,673.6519567825709,0.0,1699.9679999991167,0.0,27.7,45.98774090840806,22.563398600656967,21.93761047507877,21.218447961232584,2,3.3991766192148143,charge,3.3991766192148143,0.0,False,2
1214.0,charge,20.8962559717549,27.5,20.896255971754897,21.111593721500697,713.2461036253924,0.0,1580.4389999994783,0.0,27.5,46.73614288065471,22.66461283647328,21.943433065587783,21.22005293854471,2,2.724378565743103,charge,2.724378565743103,0.0,False,2
1215.0,charge,20.916136994862153,27.4,20.916136994862143,21.125099816544378,721.2257168877372,0.0,1301.538000000214,0.0,27.4,45.88931120209679,22.644533822276742,21.949667571756947,21.22166808172301,2,2.0104363098358347,charge,2.0104363098358347,0.0,False,2
1216.0,charge,20.9064645524382,27.3,20.906464552438194,21.095647500275675,686.8403740723422,0.0,947.3779999991292,0.0,27.3,43.42162057100313,22.48740274722013,21.954352704717053,21.223292129396782,2,1.289444258996209,charge,1.289444258996209,0.0,False,2
1217.0,charge,20.862925505883023,26.7,20.862925505883027,21.018836866580386,608.3126782304314,0.0,509.1049999999819,0.0,26.7,39.28840203969969,22.186560922335104,21.955447964838186,21.22491935643177,2,0.6083126782304314,charge,0.6083126782304314,0.0,False,2
1218.0,idle,20.461047916331534,25.8,,,0.0,0.0,0.0,0.0,25.8,39.28840203969969,22.186560922335104,21.955447964838186,21.22491935643177,1,0.0,idle,0.0,0.0,False,1
1219.0,idle,20.423587646068512,25.1,,,0.0,0.0,0.0,0.0,25.1,39.28840203969969,22.186560922335104,21.955447964838186,21.22491935643177,1,0.0,idle,0.0,0.0,False,1
1220.0,idle,20.399999192346403,24.4,,,0.0,0.0,0.0,0.0,24.4,39.28840203969969,22.186560922335104,21.955447964838186,21.22491935643177,1,0.0,idle,0.0,0.0,False,1
1221.0,idle,20.383194322435244,24.0,,,0.0,0.0,0.0,0.0,24.0,39.28840203969969,22.186560922335104,21.955447964838186,21.22491935643177,1,0.503370611652225,idle,0.503370611652225,0.0,False,1
1222.0,idle,20.37076262905648,23.5,,,0.0,0.0,0.0,0.0,23.5,39.28840203969969,22.186560922335104,21.955447964838186,21.22491935643177,1,0.9824083199275064,idle,0.9824083199275064,0.0,False,1
1223.0,idle,20.36112481563811,23.1,,,0.0,0.0,0.0,0.0,23.1,39.28840203969969,22.186560922335104,21.955447964838186,21.22491935643177,1,1.4636168828700262,idle,1.4636168828700262,0.0,False,1
1224.0,idle,20.352987766745336,22.7,,,0.0,0.0,0.0,0.0,22.7,39.28840203969969,22.186560922335104,21.955447964838186,21.22491935643177,1,2.0086355587372595,idle,2.0086355587372595,0.0,False,1
1225.0,idle,20.346234164736217,22.3,,,0.0,0.0,0.0,0.0,22.3,39.28840203969969,22.186560922335104,21.955447964838186,21.22491935643177,1,2.614728599392352,idle,2.614728599392352,0.0,False,1
1226.0,idle,20.340460125386983,21.9,,,0.0,0.0,0.0,0.0,21.9,39.28840203969969,22.186560922335104,21.955447964838186,21.22491935643177,1,3.256992794535326,idle,3.256992794535326,0.0,False,1
1227.0,idle,20.33551361930258,21.8,,,0.0,0.0,0.0,0.0,21.8,39.28840203969969,22.186560922335104,21.955447964838186,21.22491935643177,1,3.9267073037788665,idle,3.9267073037788665,0.0,False,1
1228.0,idle,20.331217083866996,22.0,,,0.0,0.0,0.0,0.0,22.0,39.28840203969969,22.186560922335104,21.955447964838186,21.22491935643177,1,4.5966921618140955,idle,4.5966921618140955,0.0,False,1
1229.0,idle,20.327428749790705,22.1,,,0.0,0.0,0.0,0.0,22.1,39.28840203969969,22.186560922335104,21.955447964838186,21.22491935643177,1,5.214002128907829,idle,5.214002128907829,0.0,False,1
1230.0,idle,20.32401540609728,21.9,,,0.0,0.0,0.0,0.0,21.9,39.28840203969969,22.186560922335104,21.955447964838186,21.22491935643177,1,5.742425495020179,idle,5.742425495020179,0.0,False,1
1231.0,idle,20.320922338805246,23.1,,,0.0,0.0,0.0,0.0,23.1,39.28840203969969,22.186560922335104,21.955447964838186,21.22491935643177,1,5.742425495020179,idle,5.742425495020179,0.0,False,1
1232.0,charge,20.669339201128334,25.1,20.66933920112831,20.78935330852471,528.7559209478229,0.0,515.7455000001607,0.0,25.1,36.45532464268098,21.790168722048406,21.950643707590814,21.22653895620556,2,5.746863741499846,charge,5.746863741499846,0.0,False,2
1233.0,charge,20.656630153415986,26.2,20.65663015341596,20.7891955176118,459.9947275199124,0.0,927.4564999996637,0.0,26.2,36.73240210752061,21.768656885907205,21.94361796560804,21.228140864251372,2,5.218407976032159,charge,5.218407976032159,0.0,False,2
1234.0,charge,20.6849289566769,26.9,20.684928956676913,20.835058646356174,478.2292420942966,0.0,1290.4705000008307,0.0,26.9,38.88301050922831,21.91883619458713,21.937900238342763,21.229724602955514,2,4.757728737392637,charge,4.757728737392637,0.0,False,2
1235.0,charge,20.738861314274533,27.4,20.738861314274516,20.913147818889115,539.526135964411,0.0,1551.6634999993953,0.0,27.4,41.81357086232629,22.158723068147594,21.93533510918786,21.231295402399894,2,4.278161695819291,charge,4.278161695819291,0.0,False,2
1236.0,charge,20.795827160562624,27.0,20.795827160562624,20.983987800160662,603.8743883972468,0.0,1511.8204999995046,0.0,27.0,43.26407192199878,22.32867981373016,21.93595283221117,21.232860775923314,2,3.7371901013712683,charge,3.7371901013712683,0.0,False,2
1237.0,charge,20.836277262794187,26.9,20.83627726279417,21.031737110930806,642.401447899002,0.0,1491.8989999998928,0.0,26.9,44.29776981569273,22.440261700310657,21.938496186400755,21.23442633370655,2,3.1322371309347217,charge,3.1322371309347217,0.0,False,2
1238.0,charge,20.868263559620292,27.6,20.86826355962029,21.069792215537802,669.5148059090205,0.0,1474.1909999995396,0.0,27.6,45.129174056856016,22.52809098428014,21.942412424284782,21.235995656449745,2,2.4889687843540442,charge,2.4889687843540442,0.0,False,2
1239.0,charge,20.88228303592337,26.9,20.882283035923365,21.073859954554166,671.5264755112779,0.0,1144.3795000007094,0.0,26.9,43.64795625760161,22.46894718429064,21.946486769006867,21.237570791512155,2,1.8189612176295031,charge,1.8189612176295031,0.0,False,2
1240.0,charge,20.859738752545056,25.8,20.85973875254507,21.026186485504525,621.7758016631856,0.0,768.0844999993844,0.0,25.8,40.58958853946132,22.2588498139267,21.948309179302782,21.239149361124817,2,1.1479807644036206,charge,1.1479807644036206,0.0,False,2
1241.0,charge,20.806763962403718,25.1,20.806763962403693,20.93990802080441,533.1521117237448,0.0,424.9919999997792,0.0,25.1,36.54587502902342,21.946623389955107,21.946114916379145,21.24072425187876,2,0.5331521117237449,charge,0.5331521117237449,0.0,False,2
1242.0,idle,20.45222888493647,24.9,,,0.0,0.0,0.0,0.0,24.9,36.54587502902342,21.946623389955107,21.946114916379145,21.24072425187876,1,0.0,idle,0.0,0.0,False,1
1243.0,idle,20.417910131132484,24.5,,,0.0,0.0,0.0,0.0,24.5,36.54587502902342,21.946623389955107,21.946114916379145,21.24072425187876,1,0.0,idle,0.0,0.0,False,1
1244.0,idle,20.39608205944059,24.0,,,0.0,0.0,0.0,0.0,24.0,36.54587502902342,21.946623389955107,21.946114916379145,21.24072425187876,1,0.0,idle,0.0,0.0,False,1
1245.0,idle,20.38048341371719,23.6,,,0.0,0.0,0.0,0.0,23.6,36.54587502902342,21.946623389955107,21.946114916379145,21.24072425187876,1,0.4371557928932083,idle,0.4371557928932083,0.0,False,1
1246.0,idle,20.368886722407602,23.1,,,0.0,0.0,0.0,0.0,23.1,36.54587502902342,21.946623389955107,21.946114916379145,21.24072425187876,1,0.8718480373764264,idle,0.8718480373764264,0.0,False,1
1247.0,idle,20.36035275239315,22.7,,,0.0,0.0,0.0,0.0,22.7,36.54587502902342,21.946623389955107,21.946114916379145,21.24072425187876,1,1.3289958278931644,idle,1.3289958278931644,0.0,False,1
1248.0,idle,20.352235975280998,22.2,,,0.0,0.0,0.0,0.0,22.2,36.54587502902342,21.946623389955107,21.946114916379145,21.24072425187876,1,1.8634210603189905,idle,1.8634210603189905,0.0,False,1
1249.0,idle,20.34595409905895,21.7,,,0.0,0.0,0.0,0.0,21.7,36.54587502902342,21.946623389955107,21.946114916379145,21.24072425187876,1,2.477278870540169,idle,2.477278870540169,0.0,False,1
1250.0,idle,20.340584929373826,21.9,,,0.0,0.0,0.0,0.0,21.9,36.54587502902342,21.946623389955107,21.946114916379145,21.24072425187876,1,3.1554670779669913,idle,3.1554670779669913,0.0,False,1
1251.0,idle,20.335988103162865,21.7,,,0.0,0.0,0.0,0.0,21.7,36.54587502902342,21.946623389955107,21.946114916379145,21.24072425187876,1,3.86519498964751,idle,3.86519498964751,0.0,False,1
1252.0,idle,20.331995531054268,21.5,,,0.0,0.0,0.0,0.0,21.5,36.54587502902342,21.946623389955107,21.946114916379145,21.24072425187876,1,4.565865702531222,idle,4.565865702531222,0.0,False,1
1253.0,idle,20.328476060598227,21.3,,,0.0,0.0,0.0,0.0,21.3,36.54587502902342,21.946623389955107,21.946114916379145,21.24072425187876,1,5.220126940491644,idle,5.220126940491644,0.0,False,1
1254.0,idle,20.32530946750636,21.1,,,0.0,0.0,0.0,0.0,21.1,36.54587502902342,21.946623389955107,21.946114916379145,21.24072425187876,1,5.789173857614556,idle,5.789173857614556,0.0,False,1
1255.0,idle,20.321683736009316,22.7,,,0.0,0.0,0.0,0.0,22.7,36.54587502902342,21.946623389955107,21.946114916379145,21.24072425187876,1,5.789173857614556,idle,5.789173857614556,0.0,False,1
1256.0,charge,20.625300431171862,25.6,20.625300431171866,20.730397558460197,460.9538336244637,0.0,520.1725000002111,0.0,25.6,34.63371663597758,21.614671295002324,21.938570464467546,21.24228473289952,2,5.793334681759952,charge,5.793334681759952,0.0,False,2
1257.0,charge,20.623447833334925,26.7,20.62344783333492,20.747499898955994,415.5202448289154,0.0,942.9510000007798,0.0,26.7,35.69930606113678,21.658212894134692,21.92985004186778,21.24382273353467,2,5.332424721471994,charge,5.332424721471994,0.0,False,2
1258.0,charge,20.6635293627142,27.6,20.6635293627142,20.81030572134688,453.6486263779245,0.0,1310.392000000509,0.0,27.6,38.45055604588265,21.86250275113349,21.923351619262633,21.245339991159142,2,4.915927844545086,charge,4.915927844545086,0.0,False,2
1259.0,charge,20.72690735342661,28.0,20.72690735342661,20.900428498067697,528.9304004736725,0.0,1576.0120000005613,0.0,28.0,41.669524333625816,22.134699079148106,21.920650132028356,21.24684350092383,2,4.460693209018397,charge,4.460693209018397,0.0,False,2
1260.0,charge,20.79653170629804,28.2,20.796531706298026,20.993007849406695,610.9513399080917,0.0,1706.6084999993475,0.0,28.2,44.41827353671897,22.39167284829483,21.921959109205204,21.248342191666666,2,3.9299772017962953,charge,3.9299772017962953,0.0,False,2
1261.0,charge,20.857101004514185,28.4,20.857101004514163,21.06780419387229,677.0500974660847,0.0,1688.9004999989631,0.0,28.4,46.128292305450145,22.576033683689673,21.926464087087595,21.2498442286701,2,3.317393146780937,charge,3.317393146780937,0.0,False,2
1262.0,charge,20.89649621997708,28.2,20.896496219977053,21.10822620100646,710.6639693849663,0.0,1516.2475000007141,0.0,28.2,46.1929447545682,22.636330850977004,21.932607318091527,21.251355108083942,2,2.6392674441940356,charge,2.6392674441940356,0.0,False,2
1263.0,charge,20.9052291134985,27.9,20.90522911349848,21.105892902242203,703.5990300997169,0.0,1272.762500000852,0.0,27.9,44.88529100192284,22.571254480067523,21.938444435179292,21.25287627236611,2,1.9282955278728109,charge,1.9282955278728109,0.0,False,2
1264.0,charge,20.887141832798253,27.6,20.88714183279825,21.065751249235348,657.6799726067104,0.0,914.1754999993296,0.0,27.6,42.141184365384106,22.385172789855176,21.942213629885202,21.25440504614278,2,1.2251352098807098,charge,1.2251352098807098,0.0,False,2
1265.0,charge,20.838701138355265,27.2,20.838701138355248,20.984030152561274,573.8074971280647,0.0,473.6889999995646,0.0,27.2,38.02666459376951,22.077359542071406,21.942158618138194,21.255934853600536,2,0.5738074971280647,charge,0.5738074971280647,0.0,False,2
1266.0,idle,20.4584219448307,26.6,,,0.0,0.0,0.0,0.0,26.6,38.02666459376951,22.077359542071406,21.942158618138194,21.255934853600536,1,0.0,idle,0.0,0.0,False,1
1267.0,idle,20.422353965302985,26.0,,,0.0,0.0,0.0,0.0,26.0,38.02666459376951,22.077359542071406,21.942158618138194,21.255934853600536,1,0.0,idle,0.0,0.0,False,1
1268.0,idle,20.399537182521982,25.5,,,0.0,0.0,0.0,0.0,25.5,38.02666459376951,22.077359542071406,21.942158618138194,21.255934853600536,1,0.0,idle,0.0,0.0,False,1
1269.0,idle,20.38327053992775,24.7,,,0.0,0.0,0.0,0.0,24.7,38.02666459376951,22.077359542071406,21.942158618138194,21.255934853600536,1,0.4683199826610588,idle,0.4683199826610588,0.0,False,1
1270.0,idle,20.371208844421464,24.3,,,0.0,0.0,0.0,0.0,24.3,38.02666459376951,22.077359542071406,21.942158618138194,21.255934853600536,1,0.9098028427422851,idle,0.9098028427422851,0.0,False,1
1271.0,idle,20.361847907239827,23.9,,,0.0,0.0,0.0,0.0,23.9,38.02666459376951,22.077359542071406,21.942158618138194,21.255934853600536,1,1.3494028550587447,idle,1.3494028550587447,0.0,False,1
1272.0,idle,20.35392509242714,23.7,,,0.0,0.0,0.0,0.0,23.7,38.02666459376951,22.077359542071406,21.942158618138194,21.255934853600536,1,1.8472591842926958,idle,1.8472591842926958,0.0,False,1
1273.0,idle,20.347393796448255,23.4,,,0.0,0.0,0.0,0.0,23.4,38.02666459376951,22.077359542071406,21.942158618138194,21.255934853600536,1,2.4059562627205,idle,2.4059562627205,0.0,False,1
1274.0,idle,20.341814797255402,23.6,,,0.0,0.0,0.0,0.0,23.6,38.02666459376951,22.077359542071406,21.942158618138194,21.255934853600536,1,3.014664132217474,idle,3.014664132217474,0.0,False,1
1275.0,idle,20.33703654847179,23.6,,,0.0,0.0,0.0,0.0,23.6,38.02666459376951,22.077359542071406,21.942158618138194,21.255934853600536,1,3.651526632819684,idle,3.651526632819684,0.0,False,1
1276.0,idle,20.332888021751433,23.9,,,0.0,0.0,0.0,0.0,23.9,38.02666459376951,22.077359542071406,21.942158618138194,21.255934853600536,1,4.283863233309026,idle,4.283863233309026,0.0,False,1
1277.0,idle,20.329231945439098,23.8,,,0.0,0.0,0.0,0.0,23.8,38.02666459376951,22.077359542071406,21.942158618138194,21.255934853600536,1,4.882369669442774,idle,4.882369669442774,0.0,False,1
1278.0,idle,20.32593981610753,23.4,,,0.0,0.0,0.0,0.0,23.4,38.02666459376951,22.077359542071406,21.942158618138194,21.255934853600536,1,5.40001443045536,idle,5.40001443045536,0.0,False,1
1279.0,idle,20.322187728539593,24.1,,,0.0,0.0,0.0,0.0,24.1,38.02666459376951,22.077359542071406,21.942158618138194,21.255934853600536,1,5.40001443045536,idle,5.40001443045536,0.0,False,1
1280.0,charge,20.64739310839665,25.9,20.64739310839667,20.75730357680311,493.40771535257863,0.0,420.56499999967707,0.0,25.9,35.16200288770369,21.68258779876834,21.936242561403276,21.257454719334703,2,5.4042459322009115,charge,5.4042459322009115,0.0,False,2
1281.0,charge,20.631261184348322,27.2,20.63126118434832,20.752053989668468,423.1269836513454,0.0,783.5790000001501,0.0,27.2,35.25950945942242,21.64721662276719,21.92801258257805,21.25895457993937,2,4.911204209337581,charge,4.911204209337581,0.0,False,2
1282.0,charge,20.654821340044453,28.3,20.654821340044464,20.791759151830718,436.83278543471494,0.0,1093.468999998952,0.0,28.3,37.252262004656245,21.781598085942733,21.92088105449392,21.26043359095695,2,4.4875263902860425,charge,4.4875263902860425,0.0,False,2
1283.0,charge,20.70346480645438,28.8,20.703464806454406,20.862385986826155,492.5804324890806,0.0,1343.5945000001054,0.0,28.8,39.88517680993829,21.998297618992297,21.916653396388426,21.261896496944587,2,4.049523777825499,charge,4.049523777825499,0.0,False,2
1284.0,charge,20.7583058795677,28.7,20.75830587956773,20.934051943327916,556.1966114919958,0.0,1361.302500000154,0.0,28.7,41.81932808104892,22.18922042149518,21.91559531281996,21.263350376430708,2,3.5555871980121547,charge,3.5555871980121547,0.0,False,2
1285.0,charge,20.806117766293877,28.8,20.80611776629388,20.9947986570873,607.6626213630572,0.0,1436.5615000009323,0.0,28.8,43.48491142794791,22.349270972724298,21.917083263615893,21.264801589765,2,2.998145086931191,charge,2.998145086931191,0.0,False,2
1286.0,charge,20.839624356091164,27.8,20.83962435609118,21.02863595578134,637.2257906726651,0.0,1115.6039999993939,0.0,27.8,43.35366784757775,22.39336686761294,21.920053419672684,21.266254867242083,2,2.389588139464549,charge,2.389588139464549,0.0,False,2
1287.0,charge,20.850381879846587,28.0,20.850381879846566,21.03417365747157,634.3758794472462,0.0,1111.1769999992705,0.0,28.0,42.889844914210926,22.374715759175444,21.92298137390867,21.26771161694711,2,1.7519856934655165,charge,1.7519856934655165,0.0,False,2
1288.0,charge,20.838423396901984,27.1,20.838423396901987,21.00134199903465,601.2843889507368,0.0,706.1065000000706,0.0,27.1,40.073211516988465,22.20146067034375,21.924450264090353,21.269170445310465,2,1.1178991259859077,charge,1.1178991259859077,0.0,False,2
1289.0,charge,20.79289728025713,26.2,20.792897280257137,20.925537423580295,522.585027577834,0.0,424.9919999997792,0.0,26.2,36.48437159734664,21.924068429257545,21.92236549322172,21.27062558574454,2,0.522585027577834,charge,0.522585027577834,0.0,False,2
1290.0,idle,20.44653572934641,24.4,,,0.0,0.0,0.0,0.0,24.4,36.48437159734664,21.924068429257545,21.92236549322172,21.27062558574454,1,0.0,idle,0.0,0.0,False,1
1291.0,idle,20.413641113141516,24.0,,,0.0,0.0,0.0,0.0,24.0,36.48437159734664,21.924068429257545,21.92236549322172,21.27062558574454,1,0.0,idle,0.0,0.0,False,1
1292.0,idle,20.392841005806723,23.6,,,0.0,0.0,0.0,0.0,23.6,36.48437159734664,21.924068429257545,21.92236549322172,21.27062558574454,1,0.0,idle,0.0,0.0,False,1
1293.0,idle,20.378004204552365,23.3,,,0.0,0.0,0.0,0.0,23.3,36.48437159734664,21.924068429257545,21.92236549322172,21.27062558574454,1,0.41926529893463566,idle,0.41926529893463566,0.0,False,1
1294.0,idle,20.367009549424747,23.1,,,0.0,0.0,0.0,0.0,23.1,36.48437159734664,21.924068429257545,21.92236549322172,21.27062558574454,1,0.7872560056099793,idle,0.7872560056099793,0.0,False,1
1295.0,idle,20.358227757161494,22.0,,,0.0,0.0,0.0,0.0,22.0,36.48437159734664,21.924068429257545,21.92236549322172,21.27062558574454,1,1.110307791309713,idle,1.110307791309713,0.0,False,1
1296.0,idle,20.35072340269664,20.9,,,0.0,0.0,0.0,0.0,20.9,36.48437159734664,21.924068429257545,21.92236549322172,21.27062558574454,1,1.4306805952625943,idle,1.4306805952625943,0.0,False,1
1297.0,idle,20.344721312104053,21.4,,,0.0,0.0,0.0,0.0,21.4,36.48437159734664,21.924068429257545,21.92236549322172,21.27062558574454,1,1.7991274418469367,idle,1.7991274418469367,0.0,False,1
1298.0,idle,20.339587048490436,22.9,,,0.0,0.0,0.0,0.0,22.9,36.48437159734664,21.924068429257545,21.92236549322172,21.27062558574454,1,2.268032311688091,idle,2.268032311688091,0.0,False,1
1299.0,idle,20.335187445568447,22.5,,,0.0,0.0,0.0,0.0,22.5,36.48437159734664,21.924068429257545,21.92236549322172,21.27062558574454,1,2.8032668946668995,idle,2.8032668946668995,0.0,False,1
1300.0,idle,20.331364558323187,22.2,,,0.0,0.0,0.0,0.0,22.2,36.48437159734664,21.924068429257545,21.92236549322172,21.27062558574454,1,3.3499859993025405,idle,3.3499859993025405,0.0,False,1
1301.0,idle,20.327991761163744,22.2,,,0.0,0.0,0.0,0.0,22.2,36.48437159734664,21.924068429257545,21.92236549322172,21.27062558574454,1,3.862757444082222,idle,3.862757444082222,0.0,False,1
1302.0,idle,20.324953855779544,22.1,,,0.0,0.0,0.0,0.0,22.1,36.48437159734664,21.924068429257545,21.92236549322172,21.27062558574454,1,4.2979343275566215,idle,4.2979343275566215,0.0,False,1
1303.0,idle,20.32152333300589,23.2,,,0.0,0.0,0.0,0.0,23.2,36.48437159734664,21.924068429257545,21.92236549322172,21.27062558574454,1,4.2979343275566215,idle,4.2979343275566215,0.0,False,1
1304.0,charge,20.61322795055251,23.5,20.613227950552528,20.707521442692496,442.83068673203536,0.0,332.02499999998093,0.0,23.5,32.96290487283051,21.510304815000154,21.914661320454798,21.27206686956174,2,4.302039233948835,charge,4.302039233948835,0.0,False,2
1305.0,charge,20.580812840562995,23.8,20.580812840563,20.674484547021677,353.03120144349776,0.0,526.8130000003873,0.0,23.8,31.783390349797685,21.380084820093316,21.903697378638697,21.273483479779088,2,3.8599612333963673,charge,3.8599612333963673,0.0,False,2
1306.0,charge,20.571628041716775,24.6,20.571628041716792,20.662239708749382,322.7411181301183,0.0,579.936999999925,0.0,24.6,31.30496511515321,21.331203516182995,21.891807682186993,21.274871330953374,2,3.5071468071616736,charge,3.5071468071616736,0.0,False,2
1307.0,charge,20.57434897167321,25.4,20.574348971673203,20.66914092876135,317.91702144750394,0.0,686.185000000165,0.0,25.4,31.92602874497163,21.362070177927308,21.88007228956195,21.276229618395405,2,3.1843392982665417,charge,3.1843392982665417,0.0,False,2
1308.0,charge,20.60931079365174,26.9,20.60931079365173,20.734343719938295,363.8811173829937,0.0,1317.0324999994307,0.0,26.9,36.06668611414,21.631300877670355,21.87081710777136,21.277560898700244,2,2.8655302511778293,charge,2.8655302511778293,0.0,False,2
1309.0,charge,20.681545104966762,27.1,20.681545104966744,20.838149064417678,462.77574851050593,0.0,1498.539500000275,0.0,27.1,39.50724605612976,21.942978039495245,21.86640283100894,21.278873989085184,2,2.499695302140855,charge,2.499695302140855,0.0,False,2
1310.0,charge,20.740995625661995,26.8,20.74099562566198,20.90756588982623,534.6109914881833,0.0,1270.548999999523,0.0,26.8,40.43955401079876,22.092131827081346,21.865471848125594,21.28017869455391,2,2.0352885859563385,charge,2.0352885859563385,0.0,False,2
1311.0,charge,20.7636663294338,26.8,20.763666329433818,20.923216722240966,549.442255736196,0.0,1022.6370000001,0.0,26.8,39.63889138278586,22.078446157919302,21.865347689921805,21.281479754514976,2,1.4998744986994355,charge,1.4998744986994355,0.0,False,2
1312.0,charge,20.753304960264515,25.1,20.75330496026453,20.893024445540448,516.3919589101399,0.0,772.511499999503,0.0,25.1,37.209525253256515,21.922516952008493,21.863836145129937,21.28277647471691,2,0.9506845822480985,charge,0.9506845822480985,0.0,False,2
1313.0,charge,20.709585698639664,23.2,20.70958569863967,20.817279101585996,440.0272526064039,0.0,367.44100000009627,0.0,23.2,33.261010647149135,21.631729404100042,21.858938089157277,21.284063528584625,2,0.4400272526064039,charge,0.4400272526064039,0.0,False,2
1314.0,idle,20.418204782398416,22.5,,,0.0,0.0,0.0,0.0,22.5,33.261010647149135,21.631729404100042,21.858938089157277,21.284063528584625,1,0.0,idle,0.0,0.0,False,1
1315.0,idle,20.390891637680287,22.3,,,0.0,0.0,0.0,0.0,22.3,33.261010647149135,21.631729404100042,21.858938089157277,21.284063528584625,1,0.0,idle,0.0,0.0,False,1
1316.0,idle,20.37359665140302,22.2,,,0.0,0.0,0.0,0.0,22.2,33.261010647149135,21.631729404100042,21.858938089157277,21.284063528584625,1,0.0,idle,0.0,0.0,False,1
1317.0,idle,20.361330071862234,22.1,,,0.0,0.0,0.0,0.0,22.1,33.261010647149135,21.631729404100042,21.858938089157277,21.284063528584625,1,0.3496246912366159,idle,0.3496246912366159,0.0,False,1
1318.0,idle,20.352249066979443,22.1,,,0.0,0.0,0.0,0.0,22.1,33.261010647149135,21.631729404100042,21.858938089157277,21.284063528584625,1,0.699028045522718,idle,0.699028045522718,0.0,False,1
1319.0,idle,20.345223970153672,22.1,,,0.0,0.0,0.0,0.0,22.1,33.261010647149135,21.631729404100042,21.858938089157277,21.284063528584625,1,1.0810453482983142,idle,1.0810453482983142,0.0,False,1
1320.0,idle,20.339220053547614,22.0,,,0.0,0.0,0.0,0.0,22.0,33.261010647149135,21.631729404100042,21.858938089157277,21.284063528584625,1,1.5466600615480177,idle,1.5466600615480177,0.0,False,1
1321.0,idle,20.334218456827454,21.9,,,0.0,0.0,0.0,0.0,21.9,33.261010647149135,21.631729404100042,21.858938089157277,21.284063528584625,1,2.101374630205664,idle,2.101374630205664,0.0,False,1
1322.0,idle,20.329921837834753,21.9,,,0.0,0.0,0.0,0.0,21.9,33.261010647149135,21.631729404100042,21.858938089157277,21.284063528584625,1,2.727723722023236,idle,2.727723722023236,0.0,False,1
1323.0,idle,20.326225152037534,21.8,,,0.0,0.0,0.0,0.0,21.8,33.261010647149135,21.631729404100042,21.858938089157277,21.284063528584625,1,3.389425825395123,idle,3.389425825395123,0.0,False,1
1324.0,idle,20.322998154449596,21.5,,,0.0,0.0,0.0,0.0,21.5,33.261010647149135,21.631729404100042,21.858938089157277,21.284063528584625,1,4.044956121802519,idle,4.044956121802519,0.0,False,1
1325.0,idle,20.32013871015489,21.3,,,0.0,0.0,0.0,0.0,21.3,33.261010647149135,21.631729404100042,21.858938089157277,21.284063528584625,1,4.64728139879021,idle,4.64728139879021,0.0,False,1
1326.0,idle,20.31755418480962,20.9,,,0.0,0.0,0.0,0.0,20.9,33.261010647149135,21.631729404100042,21.858938089157277,21.284063528584625,1,5.146745903318415,idle,5.146745903318415,0.0,False,1
1327.0,idle,20.317343607930127,22.0,,,0.0,0.0,0.0,0.0,22.0,33.261010647149135,21.631729404100042,21.858938089157277,21.284063528584625,1,5.146745903318415,idle,5.146745903318415,0.0,False,1
1328.0,charge,20.56016283048543,23.2,20.56016283048541,20.64306175043373,369.2240556128465,0.0,471.4755000003899,0.0,23.2,31.567510879008807,21.344391497814172,21.84929562639263,21.285331422380636,2,5.150118374887232,charge,5.150118374887232,0.0,False,2
1329.0,charge,20.559116172965037,23.8,20.559116172965048,20.66046362012787,333.55644506892355,0.0,909.748499999941,0.0,23.8,32.90669929419954,21.404482634219107,21.838831515220136,21.286573273476563,2,4.780918464512655,charge,4.780918464512655,0.0,False,2
1330.0,charge,20.60058653157798,24.3,20.60058653157796,20.72635994211521,378.07649436049326,0.0,1257.267999999511,0.0,24.3,35.84984312413076,21.623879694556933,21.830871097329464,21.28779148536944,2,4.446380052167433,charge,4.446380052167433,0.0,False,2
1331.0,charge,20.66689691404115,24.7,20.66689691404116,20.82215143532943,460.1325297422321,0.0,1538.3825000002566,0.0,24.7,39.4281254051578,21.92090100050393,21.827022114891065,21.2889936870788,2,4.066682954723743,charge,4.066682954723743,0.0,False,2
1332.0,charge,20.741931199541902,24.9,20.74193119954191,20.923094024135764,551.4184050954484,0.0,1668.9790000013434,0.0,24.9,42.51497002003288,22.206282273518298,21.82761745523146,21.29018966608561,2,3.604656907278283,charge,3.604656907278283,0.0,False,2
1333.0,charge,20.80751715933753,25.3,20.80751715933752,21.004378086451936,625.1629212384394,0.0,1633.5630000008155,0.0,25.3,44.37465011195235,22.408020592742787,21.831764173643762,21.2913885060064,2,3.0514874149227187,charge,3.0514874149227187,0.0,False,2
1334.0,charge,20.849845675851963,25.3,20.849845675851952,21.048356526897464,662.7886529145151,0.0,1494.1124999991089,0.0,25.3,44.52535304664116,22.477715874954697,21.83773552289017,21.29259629327214,2,2.4251779154453494,charge,2.4251779154453494,0.0,False,2
1335.0,charge,20.862437898658758,25.1,20.862437898658754,21.05079104927728,658.2898800073356,0.0,1210.7844999993633,0.0,25.1,43.32623448064629,22.423458657934532,21.84355120800973,21.293814820611942,2,1.76194692298437,charge,1.76194692298437,0.0,False,2
1336.0,charge,20.84026615024052,24.9,20.840266150240495,21.000445478760696,606.7385845552474,0.0,710.5334999999758,0.0,24.9,39.709857226445365,22.186621019551694,21.847017204755275,21.29504144383702,2,1.1041942003637875,charge,1.1041942003637875,0.0,False,2
1337.0,charge,20.779853169965033,24.2,20.77985316996501,20.902165336286032,505.3786383229334,0.0,354.15999999986366,0.0,24.2,35.19314953353296,21.833875832645788,21.84585388847097,21.296268165719255,2,0.5053786383229334,charge,0.5053786383229334,0.0,False,2
1338.0,idle,20.44354678988129,22.6,,,0.0,0.0,0.0,0.0,22.6,35.19314953353296,21.833875832645788,21.84585388847097,21.296268165719255,1,0.0,idle,0.0,0.0,False,1
1339.0,idle,20.410988180263757,21.8,,,0.0,0.0,0.0,0.0,21.8,35.19314953353296,21.833875832645788,21.84585388847097,21.296268165719255,1,0.0,idle,0.0,0.0,False,1
1340.0,idle,20.390370527885533,21.6,,,0.0,0.0,0.0,0.0,21.6,35.19314953353296,21.833875832645788,21.84585388847097,21.296268165719255,1,0.0,idle,0.0,0.0,False,1
1341.0,idle,20.37568106958842,21.2,,,0.0,0.0,0.0,0.0,21.2,35.19314953353296,21.833875832645788,21.84585388847097,21.296268165719255,1,0.3927922108619429,idle,0.3927922108619429,0.0,False,1
1342.0,idle,20.364784581331897,21.1,,,0.0,0.0,0.0,0.0,21.1,35.19314953353296,21.833875832645788,21.84585388847097,21.296268165719255,1,0.7654003866986696,idle,0.7654003866986696,0.0,False,1
1343.0,idle,20.356741279688872,20.9,,,0.0,0.0,0.0,0.0,20.9,35.19314953353296,21.833875832645788,21.84585388847097,21.296268165719255,1,1.149940394104619,idle,1.149940394104619,0.0,False,1
1344.0,idle,20.34916191079083,20.7,,,0.0,0.0,0.0,0.0,20.7,35.19314953353296,21.833875832645788,21.84585388847097,21.296268165719255,1,1.59597078351063,idle,1.59597078351063,0.0,False,1
1345.0,idle,20.343258668142468,20.4,,,0.0,0.0,0.0,0.0,20.4,35.19314953353296,21.833875832645788,21.84585388847097,21.296268165719255,1,2.090943337656662,idle,2.090943337656662,0.0,False,1
1346.0,idle,20.338220171008935,20.7,,,0.0,0.0,0.0,0.0,20.7,35.19314953353296,21.833875832645788,21.84585388847097,21.296268165719255,1,2.607208519733082,idle,2.607208519733082,0.0,False,1
1347.0,idle,20.333905946499595,20.3,,,0.0,0.0,0.0,31.67354755384387,20.3,35.19314953353296,21.833875832645788,21.84585388847097,21.296268165719255,1,3.122475265056471,idle,3.122475265056471,0.0,False,1
1348.0,idle,20.33016093154919,19.9,,,0.0,0.0,0.0,264.31276487287545,19.9,35.19314953353296,21.833875832645788,21.84585388847097,21.296268165719255,1,3.6239671398227844,idle,3.6239671398227844,0.0,False,1
1349.0,idle,20.326860357710693,19.7,,,0.0,0.0,0.0,366.1352400104271,19.7,35.19314953353296,21.833875832645788,21.84585388847097,21.296268165719255,1,3.6239671398227844,idle,3.6239671398227844,0.0,False,1
1350.0,idle,20.323890130756908,19.8,,,0.0,0.0,0.0,313.13907056121906,19.8,35.19314953353296,21.833875832645788,21.84585388847097,21.296268165719255,1,4.039550031450118,idle,4.039550031450118,0.0,False,1
1351.0,idle,20.320548552782505,21.2,,,0.0,0.0,0.0,0.0,21.2,35.19314953353296,21.833875832645788,21.84585388847097,21.296268165719255,1,4.039550031450118,idle,4.039550031450118,0.0,False,1
1352.0,charge,20.595274160565264,22.6,20.595274160565282,20.684433738633118,417.00127848744125,0.0,405.07049999978085,0.0,22.6,32.55348200836346,21.453278930785814,21.838700690953203,21.297482859046397,2,4.0438669209067415,charge,4.0438669209067415,0.0,False,2
1353.0,charge,20.579781547746702,23.6,20.579781547746677,20.682431241353015,354.899692671475,0.0,832.2759999999153,0.0,23.6,33.07477098193516,21.44443368680743,21.829553954894152,21.29867579705291,2,3.6272377996329284,charge,3.6272377996329284,0.0,False,2
1354.0,charge,20.60912954348031,24.4,20.60912954348032,20.732719552295862,381.03670875265294,0.0,1219.6384999994884,0.0,24.4,35.63565407551431,21.62149977032402,21.822060676775436,21.299847107564744,2,3.271613387506936,charge,3.271613387506936,0.0,False,2
1355.0,charge,20.659935740296227,24.3,20.65993574029625,20.802100831577206,441.16897674468095,0.0,1294.8975000003736,0.0,24.3,37.65658163881312,21.81347279660099,21.817650618659513,21.30100259090716,2,2.889286836019225,charge,2.889286836019225,0.0,False,2
1356.0,charge,20.706921696892472,24.2,20.706921696892493,20.86240723054891,493.7027030583309,0.0,1356.8754999993535,0.0,24.2,39.32062722948365,21.973875699718235,21.815885764577615,21.30214873639045,2,2.4468613028293382,charge,2.4468613028293382,0.0,False,2
1357.0,charge,20.734748897235715,23.6,20.734748897235704,20.885633801916015,517.0487470174851,0.0,1009.3559999997431,0.0,23.6,38.492441379932586,21.973883104947618,21.815351988548514,21.303290239536864,2,1.95240238048372,charge,1.95240238048372,0.0,False,2
1358.0,charge,20.745362012320644,24.0,20.74536201232064,20.900168063388378,516.6087112763701,0.0,1314.81900000013,0.0,24.0,39.53301911188561,22.029334166054866,21.81495468341683,21.30442796491525,2,1.4349802175642252,charge,1.4349802175642252,0.0,False,2
1359.0,charge,20.74433553252675,23.4,20.744335532526748,20.87898552325362,502.7831361787759,0.0,584.3640000000574,0.0,23.4,36.334401359336255,21.864755926891803,21.814021084208207,21.305562343297197,2,0.9183963632068809,charge,0.9183963632068809,0.0,False,2
1360.0,idle,20.41603816042475,22.2,,,0.0,0.0,0.0,0.0,22.2,36.334401359336255,21.864755926891803,21.814021084208207,21.305562343297197,1,0.415613227028105,idle,0.415613227028105,0.0,False,1
1361.0,charge,20.670285422677345,22.1,20.670285422677352,20.77157977328943,425.3253713983785,0.0,323.1709999999879,0.0,22.1,32.82558495690358,21.558569296605015,21.809144520059704,21.30668803542727,2,0.4253253713983785,charge,0.4253253713983785,0.0,False,2
1362.0,idle,20.399421049508277,21.8,,,0.0,0.0,0.0,0.0,21.8,32.82558495690358,21.558569296605015,21.809144520059704,21.30668803542727,1,0.0,idle,0.0,0.0,False,1
1363.0,idle,20.377600065312862,21.8,,,0.0,0.0,0.0,0.0,21.8,32.82558495690358,21.558569296605015,21.809144520059704,21.30668803542727,1,0.0,idle,0.0,0.0,False,1
1364.0,idle,20.363989467197825,21.5,,,0.0,0.0,0.0,0.0,21.5,32.82558495690358,21.558569296605015,21.809144520059704,21.30668803542727,1,0.0,idle,0.0,0.0,False,1
1365.0,idle,20.35390980255114,21.1,,,0.0,0.0,0.0,0.0,21.1,32.82558495690358,21.558569296605015,21.809144520059704,21.30668803542727,1,0.33812452530466713,idle,0.33812452530466713,0.0,False,1
1366.0,idle,20.34626909145896,20.8,,,0.0,0.0,0.0,0.0,20.8,32.82558495690358,21.558569296605015,21.809144520059704,21.30668803542727,1,0.6697268566308188,idle,0.6697268566308188,0.0,False,1
1367.0,idle,20.340249204470858,20.4,,,0.0,0.0,0.0,0.0,20.4,32.82558495690358,21.558569296605015,21.809144520059704,21.30668803542727,1,1.0276790870861032,idle,1.0276790870861032,0.0,False,1
1368.0,idle,20.33508677925667,20.2,,,0.0,0.0,0.0,98.57543074516721,20.2,32.82558495690358,21.558569296605015,21.809144520059704,21.30668803542727,1,1.4473180762927205,idle,1.4473180762927205,0.0,False,1
1369.0,idle,20.330816540562935,20.3,,,0.0,0.0,0.0,29.393708371562408,20.3,32.82558495690358,21.558569296605015,21.809144520059704,21.30668803542727,1,1.929715420404389,idle,1.929715420404389,0.0,False,1
1370.0,idle,20.327123279903095,21.0,,,0.0,0.0,0.0,0.0,21.0,32.82558495690358,21.558569296605015,21.809144520059704,21.30668803542727,1,2.4687166727507197,idle,2.4687166727507197,0.0,False,1
1371.0,idle,20.32391922444114,19.0,,,0.0,0.0,0.0,701.6474777515305,19.0,32.82558495690358,21.558569296605015,21.809144520059704,21.30668803542727,1,3.01202122762274,idle,3.01202122762274,0.0,False,1
1372.0,idle,20.32106672179596,19.7,,,0.0,0.0,0.0,362.96618085808615,19.7,32.82558495690358,21.558569296605015,21.809144520059704,21.30668803542727,1,3.5506950720759907,idle,3.5506950720759907,0.0,False,1
1373.0,idle,20.318568626958797,19.7,,,0.0,0.0,0.0,361.51656379123074,19.7,32.82558495690358,21.558569296605015,21.809144520059704,21.30668803542727,1,4.058367905160904,idle,4.058367905160904,0.0,False,1
1374.0,idle,20.316266707829662,20.0,,,0.0,0.0,0.0,201.80305736489774,20.0,32.82558495690358,21.558569296605015,21.809144520059704,21.30668803542727,1,4.4975046585171325,idle,4.4975046585171325,0.0,False,1
1375.0,idle,20.313617329004735,20.5,,,0.0,0.0,0.0,0.0,20.5,32.82558495690358,21.558569296605015,21.809144520059704,21.30668803542727,1,4.4975046585171325,idle,4.4975046585171325,0.0,False,1
1376.0,charge,20.54703641123127,22.1,20.54703641123126,20.628842586920598,354.29073769004805,0.0,453.7675000003556,0.0,22.1,31.162108900602732,21.30534611309099,21.799982712031465,21.307795404094747,2,4.500304232546876,charge,4.500304232546876,0.0,False,2
1377.0,charge,20.54520607461564,22.9,20.545206074615635,20.64063773248057,318.6581552422671,0.0,836.7030000000315,0.0,22.9,32.10210673896216,21.34140505520122,21.78993335255393,21.308878224150646,2,4.146056021983058,charge,4.146056021983058,0.0,False,2
1378.0,charge,20.580375092681336,23.5,20.580375092681322,20.697456385219198,354.4754588631851,0.0,1190.8630000004957,0.0,23.5,34.77844233654014,21.534973512956867,21.781968346440408,21.30993820983963,2,3.8265637204063263,charge,3.8265637204063263,0.0,False,2
1379.0,charge,20.631593572908876,23.8,20.631593572908855,20.76574588928355,415.69063126828064,0.0,1193.0764999994396,0.0,23.8,36.60933281399065,21.718005847498205,21.777127686561812,21.31098168097236,2,3.470842409550429,charge,3.470842409550429,0.0,False,2
1380.0,charge,20.686555533474326,24.2,20.686555533474348,20.844920047043786,480.1991959733254,0.0,1564.9445000009307,0.0,24.2,39.9049014314852,21.973614326013376,21.775507345607025,21.31201544227781,2,3.053779959802368,charge,3.053779959802368,0.0,False,2
1381.0,charge,20.737866330115914,23.9,20.737866330115935,20.901314747280765,537.6949729620532,0.0,1146.5929999996333,0.0,23.9,39.99373044172506,22.06757868740806,21.776697300098988,21.313046931027543,2,2.5722259397118443,charge,2.5722259397118443,0.0,False,2
1382.0,charge,20.7571415905886,23.1,20.757141590588617,20.918044660112457,546.0095787741465,0.0,1170.941499999029,0.0,23.1,40.016316103877784,22.08582779129091,21.778384186485766,21.31407948815655,2,2.034010962694639,charge,2.034010962694639,0.0,False,2
1383.0,charge,20.763873612140028,22.9,20.763873612140003,20.918636164928955,539.7447480444316,0.0,1069.1204999995152,0.0,22.9,39.24047134063352,22.048734516644572,21.779891358103043,21.315113453480365,2,1.487765212090335,charge,1.487765212090335,0.0,False,2
1384.0,charge,20.75337749743019,22.8,20.753377497430165,20.893202300773964,510.0517561278538,0.0,779.1520000002237,0.0,22.8,37.34198424770955,21.923737027321067,21.78012501193416,21.316147287288175,2,0.9482745095108787,charge,0.9482745095108787,0.0,False,2
1385.0,charge,20.71470012433615,22.3,20.71470012433616,20.8244558933971,443.2955034582022,0.0,343.0925000000825,0.0,22.3,33.498619355382345,21.650742352017346,21.777356163406864,21.317176394769717,2,0.4432955034582022,charge,0.4432955034582022,0.0,False,2
1386.0,idle,20.42080546342341,21.6,,,0.0,0.0,0.0,0.0,21.6,33.498619355382345,21.650742352017346,21.777356163406864,21.317176394769717,1,0.0,idle,0.0,0.0,False,1
1387.0,idle,20.39291329540702,21.1,,,0.0,0.0,0.0,0.0,21.1,33.498619355382345,21.650742352017346,21.777356163406864,21.317176394769717,1,0.0,idle,0.0,0.0,False,1
1388.0,idle,20.375237686829816,21.1,,,0.0,0.0,0.0,0.0,21.1,33.498619355382345,21.650742352017346,21.777356163406864,21.317176394769717,1,0.0,idle,0.0,0.0,False,1
1389.0,idle,20.36264725775228,20.9,,,0.0,0.0,0.0,0.0,20.9,33.498619355382345,21.650742352017346,21.777356163406864,21.317176394769717,1,0.35081353261507126,idle,0.35081353261507126,0.0,False,1
1390.0,idle,20.353313032360976,20.9,,,0.0,0.0,0.0,0.0,20.9,33.498619355382345,21.650742352017346,21.777356163406864,21.317176394769717,1,0.6872084595770271,idle,0.6872084595770271,0.0,False,1
1391.0,idle,20.346762233628105,21.3,,,0.0,0.0,0.0,0.0,21.3,33.498619355382345,21.650742352017346,21.777356163406864,21.317176394769717,1,1.037762944858564,idle,1.037762944858564,0.0,False,1
1392.0,idle,20.34026530471706,20.8,,,0.0,0.0,0.0,0.0,20.8,33.498619355382345,21.650742352017346,21.777356163406864,21.317176394769717,1,1.456156364892855,idle,1.456156364892855,0.0,False,1
1393.0,idle,20.335139519555117,19.8,,,0.0,0.0,0.0,320.08573529602353,19.8,33.498619355382345,21.650742352017346,21.777356163406864,21.317176394769717,1,1.9499380357886733,idle,1.9499380357886733,0.0,False,1
1394.0,idle,20.330750788709842,20.3,,,0.0,0.0,0.0,29.432289558623797,20.3,33.498619355382345,21.650742352017346,21.777356163406864,21.317176394769717,1,2.5030896448215136,idle,2.5030896448215136,0.0,False,1
1395.0,idle,20.326983989113497,20.3,,,0.0,0.0,0.0,26.19542383867847,20.3,33.498619355382345,21.650742352017346,21.777356163406864,21.317176394769717,1,3.0843253950152016,idle,3.0843253950152016,0.0,False,1
1396.0,idle,20.32370577697967,19.4,,,0.0,0.0,0.0,512.8906000145204,19.4,33.498619355382345,21.650742352017346,21.777356163406864,21.317176394769717,1,3.6583025123516784,idle,3.6583025123516784,0.0,False,1
1397.0,idle,20.320808720124177,18.9,,,0.0,0.0,0.0,746.0405961162729,18.9,33.498619355382345,21.650742352017346,21.777356163406864,21.317176394769717,1,4.18365893907945,idle,4.18365893907945,0.0,False,1
1398.0,idle,20.318194658029206,18.6,,,0.0,0.0,0.0,880.3306778401,18.6,33.498619355382345,21.650742352017346,21.777356163406864,21.317176394769717,1,4.61974383233792,idle,4.61974383233792,0.0,False,1
1399.0,idle,20.31520538330373,20.0,,,0.0,0.0,0.0,201.59615949021534,20.0,33.498619355382345,21.650742352017346,21.777356163406864,21.317176394769717,1,4.61974383233792,idle,4.61974383233792,0.0,False,1
1400.0,charge,20.559696175278148,22.4,20.559696175278134,20.640824265312745,371.1461581883515,0.0,453.7675000003556,0.0,22.4,31.338193334472294,21.33235189339598,21.76964572785539,21.318191560695254,2,4.623445766977523,charge,4.623445766977523,0.0,False,2
1401.0,charge,20.549347094332777,23.4,20.549347094332802,20.643205065717098,321.1855313008497,0.0,830.0625000005467,0.0,23.4,31.941785777566736,21.337670123812302,21.760419273544528,21.319184827628987,2,4.252551594583777,charge,4.252551594583777,0.0,False,2
1402.0,charge,20.577729223473458,24.0,20.577729223473455,20.69053028460428,347.425976535832,0.0,1168.728000000115,0.0,24.0,34.24877934547192,21.50075789795204,21.75282290764892,21.32015678225332,2,3.930662513495556,charge,3.930662513495556,0.0,False,2
1403.0,charge,20.631280903364786,24.1,20.631280903364768,20.76939713306126,413.27217093081106,0.0,1454.2695000013332,0.0,24.1,37.32198727424344,21.75018963313022,21.748568581773952,21.321113200286106,2,3.5818798570239148,charge,3.5818798570239148,0.0,False,2
1404.0,charge,20.694601327650147,24.2,20.69460132765016,20.854888390052224,490.74277334317105,0.0,1567.1580000003003,0.0,24.2,39.93459190465131,21.992077137413276,21.748105743368228,21.32206230289995,2,3.1669646064039862,charge,3.1669646064039862,0.0,False,2
1405.0,charge,20.74934339280042,24.1,20.749343392800426,20.92217968213123,552.1616749003811,0.0,1531.7419999997549,0.0,24.1,41.4066908245847,22.156244787010394,21.750620304065365,21.323011806389786,2,2.674729451158664,charge,2.674729451158664,0.0,False,2
1406.0,charge,20.783909292269346,24.4,20.783909292269357,20.957879060130836,582.1765641784132,0.0,1396.718499999603,0.0,24.4,41.527959926269205,22.212172780182073,21.754615722593712,21.323966733040322,2,2.1216148480848624,charge,2.1216148480848624,0.0,False,2
1407.0,charge,20.793590460469414,24.2,20.79359046046943,20.95780629989912,576.2638753797429,0.0,1177.5820000003441,0.0,24.2,40.337580392839584,22.155371052061867,21.75841139899933,21.324928495308654,2,1.5390949697432221,charge,1.5390949697432221,0.0,False,2
1408.0,charge,20.77277244161767,23.5,20.77277244161769,20.912480337412205,529.2152756551241,0.0,783.5790000001501,0.0,23.5,37.2376388385394,21.948149715920295,21.760088877450983,21.325894601192033,2,0.9633382827520491,charge,0.9633382827520491,0.0,False,2
1409.0,charge,20.719739843962365,22.6,20.719739843962373,20.82641483623155,441.079416782662,0.0,440.4865000001042,0.0,22.6,33.27186910816937,21.639347556686744,21.75776275862853,21.32685807567475,2,0.441079416782662,charge,0.441079416782662,0.0,False,2
1410.0,idle,20.42592868253248,21.8,,,0.0,0.0,0.0,0.0,21.8,33.27186910816937,21.639347556686744,21.75776275862853,21.32685807567475,1,0.0,idle,0.0,0.0,False,1
1411.0,idle,20.39724027417303,21.5,,,0.0,0.0,0.0,0.0,21.5,33.27186910816937,21.639347556686744,21.75776275862853,21.32685807567475,1,0.0,idle,0.0,0.0,False,1
1412.0,idle,20.379048303626714,21.5,,,0.0,0.0,0.0,0.0,21.5,33.27186910816937,21.639347556686744,21.75776275862853,21.32685807567475,1,0.0,idle,0.0,0.0,False,1
1413.0,idle,20.366044719002964,21.3,,,0.0,0.0,0.0,0.0,21.3,33.27186910816937,21.639347556686744,21.75776275862853,21.32685807567475,1,0.34023658921825306,idle,0.34023658921825306,0.0,False,1
1414.0,idle,20.356375528860838,21.2,,,0.0,0.0,0.0,0.0,21.2,33.27186910816937,21.639347556686744,21.75776275862853,21.32685807567475,1,0.6571503966495604,idle,0.6571503966495604,0.0,False,1
1415.0,idle,20.348839585245976,21.2,,,0.0,0.0,0.0,0.0,21.2,33.27186910816937,21.639347556686744,21.75776275862853,21.32685807567475,1,0.9822228980713635,idle,0.9822228980713635,0.0,False,1
1416.0,idle,20.34247476247151,21.1,,,0.0,0.0,0.0,0.0,21.1,33.27186910816937,21.639347556686744,21.75776275862853,21.32685807567475,1,1.375910402690269,idle,1.375910402690269,0.0,False,1
1417.0,idle,20.337209259233358,20.9,,,0.0,0.0,0.0,0.0,20.9,33.27186910816937,21.639347556686744,21.75776275862853,21.32685807567475,1,1.8489057173747776,idle,1.8489057173747776,0.0,False,1
1418.0,idle,20.332704991375675,20.9,,,0.0,0.0,0.0,0.0,20.9,33.27186910816937,21.639347556686744,21.75776275862853,21.32685807567475,1,2.3944903654389096,idle,2.3944903654389096,0.0,False,1
1419.0,idle,20.32884125145767,20.6,,,0.0,0.0,0.0,0.0,20.6,33.27186910816937,21.639347556686744,21.75776275862853,21.32685807567475,1,2.9828986381867715,idle,2.9828986381867715,0.0,False,1
1420.0,idle,20.32547998349677,20.2,,,0.0,0.0,0.0,91.53591619860492,20.2,33.27186910816937,21.639347556686744,21.75776275862853,21.32685807567475,1,3.574171417580046,idle,3.574171417580046,0.0,False,1
1421.0,idle,20.322511256304253,19.9,,,0.0,0.0,0.0,259.82486240249557,19.9,33.27186910816937,21.639347556686744,21.75776275862853,21.32685807567475,1,4.123881012864343,idle,4.123881012864343,0.0,False,1
1422.0,idle,20.31983536869696,19.9,,,0.0,0.0,0.0,258.2409624339957,19.9,33.27186910816937,21.639347556686744,21.75776275862853,21.32685807567475,1,4.589194821691575,idle,4.589194821691575,0.0,False,1
1423.0,idle,20.317389564906556,20.7,,,0.0,0.0,0.0,0.0,20.7,33.27186910816937,21.639347556686744,21.75776275862853,21.32685807567475,1,4.589194821691575,idle,4.589194821691575,0.0,False,1
1424.0,charge,20.555472364369702,22.3,20.555472364369678,20.631424930392313,361.7849436112841,0.0,391.78950000007507,0.0,22.3,30.724684358425804,21.29075891331007,21.75010575831527,21.327808303315464,2,4.593110106019963,charge,4.593110106019963,0.0,False,2
1425.0,charge,20.537772463677666,23.2,20.53777246367764,20.62365758027522,301.6805000007362,0.0,750.3764999998449,0.0,23.2,30.956554031184794,21.264106925175554,21.74046393373942,21.328736374971186,2,4.231753708739993,charge,4.231753708739993,0.0,False,2
1426.0,charge,20.5610951282511,23.8,20.56109512825111,20.666092082075124,321.92596382554115,0.0,1135.5255000004724,0.0,23.8,33.344301651736544,21.422349618525743,21.7321796813805,21.329641973350533,2,3.929499731191176,charge,3.929499731191176,0.0,False,2
1427.0,charge,20.613720479771104,24.3,20.613720479771132,20.74442399647063,388.1539537816325,0.0,1390.0779999988474,0.0,24.3,36.404944949769344,21.671421341879352,21.727258275239762,21.33053067192128,2,3.606251848047493,charge,3.606251848047493,0.0,False,2
1428.0,charge,20.678869141169148,24.6,20.678869141169173,20.83485658272673,469.61105522533046,0.0,1571.5849999992365,0.0,24.6,39.464600979561,21.939648050909398,21.72631760611108,21.33141085581775,2,3.2164204652079316,charge,3.2164204652079316,0.0,False,2
1429.0,charge,20.741589986606098,24.6,20.741589986606073,20.915227665871555,543.7000073882601,0.0,1595.9335000000422,0.0,24.6,41.54018211587032,22.150549617325566,21.728943475070537,21.332291138508538,2,2.745112661692761,charge,2.745112661692761,0.0,False,2
1430.0,charge,20.78662279081668,24.8,20.786622790816693,20.96569951468723,588.7880298553652,0.0,1467.5504999989132,0.0,24.8,42.15523830755109,22.25120254883501,21.733740146407115,21.333178024916037,2,2.200180286708083,charge,2.200180286708083,0.0,False,2
1431.0,charge,20.804154553899426,24.7,20.804154553899423,20.975016078828446,593.5663248586968,0.0,1199.7170000006938,0.0,24.7,41.12182061610565,22.216504423451852,21.738807809680907,21.33407426802205,2,1.610773119328626,charge,1.610773119328626,0.0,False,2
1432.0,charge,20.789221563572685,24.3,20.78922156357271,20.93808466389828,553.5836538774556,0.0,832.2759999999153,0.0,24.3,38.39657293139396,22.037454408138387,21.74206499714512,21.334978147833283,2,1.01756962284148,charge,1.01756962284148,0.0,False,2
1433.0,charge,20.741046978714984,23.3,20.741046978714962,20.856249205245263,470.304524218556,0.0,416.13799999995763,0.0,23.3,34.25968806185284,21.728535511801567,21.74152380201531,21.335883360501896,2,0.470304524218556,charge,0.470304524218556,0.0,False,2
1434.0,idle,20.42930068643836,22.0,,,0.0,0.0,0.0,0.0,22.0,34.25968806185284,21.728535511801567,21.74152380201531,21.335883360501896,1,0.0,idle,0.0,0.0,False,1
1435.0,idle,20.399765595362265,21.3,,,0.0,0.0,0.0,0.0,21.3,34.25968806185284,21.728535511801567,21.74152380201531,21.335883360501896,1,0.0,idle,0.0,0.0,False,1
1436.0,idle,20.381177763697774,20.9,,,0.0,0.0,0.0,0.0,20.9,34.25968806185284,21.728535511801567,21.74152380201531,21.335883360501896,1,0.0,idle,0.0,0.0,False,1
1437.0,idle,20.36795326301637,20.1,,,0.0,0.0,0.0,180.95710587727356,20.1,34.25968806185284,21.728535511801567,21.74152380201531,21.335883360501896,1,0.36807228335707526,idle,0.36807228335707526,0.0,False,1
1438.0,idle,20.35817339235389,19.4,,,0.0,0.0,0.0,532.631927427617,19.4,34.25968806185284,21.728535511801567,21.74152380201531,21.335883360501896,1,0.7165169890318405,idle,0.7165169890318405,0.0,False,1
1439.0,idle,20.35094222892121,18.8,,,0.0,0.0,0.0,807.2200167779794,18.8,34.25968806185284,21.728535511801567,21.74152380201531,21.335883360501896,1,1.073150745073895,idle,1.073150745073895,0.0,False,1
1440.0,idle,20.344189556540403,18.5,,,0.0,0.0,0.0,938.1985264875462,18.5,34.25968806185284,21.728535511801567,21.74152380201531,21.335883360501896,1,1.4842299166228474,idle,1.4842299166228474,0.0,False,1
1441.0,idle,20.338938113187908,18.2,,,0.0,0.0,0.0,1066.7746586959581,18.2,34.25968806185284,21.728535511801567,21.74152380201531,21.335883360501896,1,1.9445012389080436,idle,1.9445012389080436,0.0,False,1
1442.0,idle,20.334461028861732,18.4,,,0.0,0.0,0.0,977.0350726292867,18.4,34.25968806185284,21.728535511801567,21.74152380201531,21.335883360501896,1,2.4299848296953965,idle,2.4299848296953965,0.0,False,1
1443.0,idle,20.330635716474177,18.4,,,0.0,0.0,0.0,975.0646085648812,18.4,34.25968806185284,21.728535511801567,21.74152380201531,21.335883360501896,1,2.923072246730275,idle,2.923072246730275,0.0,False,1
1444.0,idle,20.327322329995813,18.3,,,0.0,0.0,0.0,1017.268512770635,18.3,34.25968806185284,21.728535511801567,21.74152380201531,21.335883360501896,1,3.3948918367207983,idle,3.3948918367207983,0.0,False,1
1445.0,idle,20.324408675244026,18.3,,,0.0,0.0,0.0,1015.818793023422,18.3,34.25968806185284,21.728535511801567,21.74152380201531,21.335883360501896,1,3.811124357911524,idle,3.811124357911524,0.0,False,1
1446.0,idle,20.321791253250208,18.3,,,0.0,0.0,0.0,1014.5437214919563,18.3,34.25968806185284,21.728535511801567,21.74152380201531,21.335883360501896,1,4.159245290420061,idle,4.159245290420061,0.0,False,1
1447.0,idle,20.318882111944777,19.2,,,0.0,0.0,0.0,605.8550765481582,19.2,34.25968806185284,21.728535511801567,21.74152380201531,21.335883360501896,1,4.159245290420061,idle,4.159245290420061,0.0,False,1
1448.0,charge,20.575780961363535,22.0,20.575780961363535,20.659870031702155,389.7490228822147,0.0,407.28399999984407,0.0,22.0,31.767077034254555,21.3795087259806,21.735545288091373,21.33677929493058,2,4.1629328789236455,charge,4.1629328789236455,0.0,False,2
1449.0,charge,20.561964799829497,23.1,20.561964799829525,20.65842672960372,332.57394893304206,0.0,776.9384999995817,0.0,23.1,32.31129717067978,21.374117424553617,21.727717311493393,21.337657019774724,2,3.773500235094669,charge,3.773500235094669,0.0,False,2
1450.0,charge,20.587297622126503,23.8,20.587297622126528,20.70016725285774,353.6045111895939,0.0,1046.9854999995464,0.0,23.8,34.23972701370627,21.51247343588676,21.721257723898248,21.338516551479927,2,3.4403280768370106,charge,3.4403280768370106,0.0,False,2
1451.0,charge,20.632297931562828,24.4,20.632297931562846,20.76478262933449,406.6639629761593,0.0,1237.3464999999853,0.0,24.4,36.58983382425123,21.7090367236446,21.717523165232535,21.339362710691262,2,3.0856258604531166,charge,3.0856258604531166,0.0,False,2
1452.0,charge,20.677770887422923,24.6,20.677770887422923,20.821139219152997,458.62649837480757,0.0,1173.1550000002107,0.0,24.6,37.738604626675624,21.844316258825074,21.716378776772103,21.340201762247943,2,2.677818322752098,charge,2.677818322752098,0.0,False,2
1453.0,charge,20.707320013260617,24.4,20.70732001326064,20.853840327638864,485.9261935519157,0.0,1128.8849999991455,0.0,24.4,38.18541152198105,21.909841498118283,21.71663261881389,21.341038144209904,2,2.218407666519019,charge,2.218407666519019,0.0,False,2
1454.0,charge,20.723072695687886,24.4,20.723072695687904,20.867860515370694,493.9161679702941,0.0,1042.5584999994546,0.0,24.4,38.00966368834082,21.919483973747788,21.7173722076721,21.341873919949364,2,1.7320567549845685,charge,1.7320567549845685,0.0,False,2
1455.0,charge,20.71749615808237,24.0,20.717496158082383,20.84734299700949,474.2280702463371,0.0,701.6794999999419,0.0,24.0,36.02450337631342,21.80157726044075,21.71727001690266,21.34270889617244,2,1.2383360893538402,charge,1.2383360893538402,0.0,False,2
1456.0,charge,20.687496446629417,23.6,20.68749644662944,20.796400391766724,419.6651284385374,0.0,495.82399999971705,0.0,23.6,33.56769233371034,21.61196559243018,21.714746634003063,21.343539259974932,2,0.7648341611799507,charge,0.7648341611799507,0.0,False,2
1457.0,charge,20.64364985651817,23.2,20.643649856518152,20.729610929969738,350.9204500215301,0.0,289.9684999999625,0.0,23.2,30.766791250090364,21.385212980987433,21.709167371828755,21.344358852489222,2,0.3509204500215301,charge,0.3509204500215301,0.0,False,2
1458.0,idle,20.408321713154784,21.8,,,0.0,0.0,0.0,0.0,21.8,30.766791250090364,21.385212980987433,21.709167371828755,21.344358852489222,1,0.0,idle,0.0,0.0,False,1
1459.0,idle,20.384412344622366,21.3,,,0.0,0.0,0.0,0.0,21.3,30.766791250090364,21.385212980987433,21.709167371828755,21.344358852489222,1,0.0,idle,0.0,0.0,False,1
1460.0,idle,20.369009950517,20.9,,,0.0,0.0,0.0,0.0,20.9,30.766791250090364,21.385212980987433,21.709167371828755,21.344358852489222,1,0.0,idle,0.0,0.0,False,1
1461.0,idle,20.357933984022452,20.3,,,0.0,0.0,0.0,53.0642658464872,20.3,30.766791250090364,21.385212980987433,21.709167371828755,21.344358852489222,1,0.0,idle,0.0,0.0,False,1
1462.0,idle,20.349628412139918,19.7,,,0.0,0.0,0.0,380.18867676451896,19.7,30.766791250090364,21.385212980987433,21.709167371828755,21.344358852489222,1,0.28212616075153446,idle,0.28212616075153446,0.0,False,1
1463.0,idle,20.343133501889625,19.3,,,0.0,0.0,0.0,571.6772750430817,19.3,30.766791250090364,21.385212980987433,21.709167371828755,21.344358852489222,1,0.5655555179325792,idle,0.5655555179325792,0.0,False,1
1464.0,idle,20.337594143913478,19.0,,,0.0,0.0,0.0,709.0339653949657,19.0,30.766791250090364,21.385212980987433,21.709167371828755,21.344358852489222,1,0.8785179731318485,idle,0.8785179731318485,0.0,False,1
1465.0,idle,20.33301313845734,19.7,,,0.0,0.0,0.0,369.90407249974487,19.7,30.766791250090364,21.385212980987433,21.709167371828755,21.344358852489222,1,1.250436024467207,idle,1.250436024467207,0.0,False,1
1466.0,idle,20.329078070748853,19.3,,,0.0,0.0,0.0,563.7664056356016,19.3,30.766791250090364,21.385212980987433,21.709167371828755,21.344358852489222,1,1.6808840093402786,idle,1.6808840093402786,0.0,False,1
1467.0,idle,20.325689830398087,19.7,,,0.0,0.0,0.0,365.5857327252478,19.7,30.766791250090364,21.385212980987433,21.709167371828755,21.344358852489222,1,2.1870723914553793,idle,2.1870723914553793,0.0,False,1
1468.0,idle,20.322728411079154,19.2,,,0.0,0.0,0.0,607.6934375310875,19.2,30.766791250090364,21.385212980987433,21.709167371828755,21.344358852489222,1,2.7147500013131682,idle,2.7147500013131682,0.0,False,1
1469.0,idle,20.320101974798042,19.0,,,0.0,0.0,0.0,699.6178878568466,19.0,30.766791250090364,21.385212980987433,21.709167371828755,21.344358852489222,1,3.203396817538801,idle,3.203396817538801,0.0,False,1
1470.0,idle,20.317727435474765,18.8,,,0.0,0.0,0.0,789.9689247763343,18.8,30.766791250090364,21.385212980987433,21.709167371828755,21.344358852489222,1,3.5965380844491053,idle,3.5965380844491053,0.0,False,1
1471.0,idle,20.315039002627504,18.5,,,0.0,0.0,0.0,923.4790053555108,18.5,30.766791250090364,21.385212980987433,21.709167371828755,21.344358852489222,1,3.5965380844491053,idle,3.5965380844491053,0.0,False,1
1472.0,idle,20.31246625716928,18.6,,,0.0,0.0,0.0,877.7524362998915,18.6,30.766791250090364,21.385212980987433,21.709167371828755,21.344358852489222,1,3.5965380844491053,idle,3.5965380844491053,0.0,False,1
1473.0,charge,20.5093852566734,20.8,20.509385256673397,20.5751357826594,299.73896729217444,0.0,427.2054999998398,0.0,20.8,29.3360210731974,21.141083528580054,21.69979585550584,21.345159959958437,2,3.5996876226043812,charge,3.5996876226043812,0.0,False,2
1474.0,charge,20.507489957966097,21.9,20.507489957966072,20.589300754803503,269.31705343139095,0.0,801.2869999993754,0.0,21.9,30.446472747100984,21.190352659761345,21.689738441999168,21.345936952605598,2,3.2999944383726874,charge,3.2999944383726874,0.0,False,2
1475.0,charge,20.54327138742939,22.3,20.5432713874294,20.647817704153965,309.52304750805985,0.0,1186.4360000004674,0.0,22.3,33.23389265329632,21.3931442104506,21.681929290693915,21.346691966321828,2,3.029791275321286,charge,3.029791275321286,0.0,False,2
1476.0,charge,20.59198486731614,23.4,20.591984867316114,20.7102994785771,368.28152181086233,0.0,1044.7720000005495,0.0,23.4,34.570444465661126,21.547705497250718,21.67710567521044,21.34743144342991,2,2.719027413433478,charge,2.719027413433478,0.0,False,2
1477.0,charge,20.642710519199465,23.9,20.642710519199454,20.786757475381876,428.5289245501268,0.0,1540.596000000012,0.0,23.9,38.23543159793036,21.813420036370076,21.675288550265634,21.348161563469603,2,2.349381337157724,charge,2.349381337157724,0.0,False,2
1478.0,charge,20.704315068210985,24.2,20.704315068210974,20.863917514379807,503.09361513606206,0.0,1365.7294999994958,0.0,24.2,39.670972109298475,21.99650061558708,21.677075133921562,21.348890321653528,2,1.9191706199308245,charge,1.9191706199308245,0.0,False,2
1479.0,charge,20.73606701904847,24.0,20.73606701904845,20.89259857357797,529.8512712144559,0.0,1148.8065000007025,0.0,24.0,39.2733348840743,22.020350132170563,21.68017667018478,21.349623320060687,2,1.4149570141086187,charge,1.4149570141086187,0.0,False,2
1480.0,charge,20.724405936589328,21.9,20.724405936589335,20.852858685884485,493.29073251053376,0.0,566.6559999996359,0.0,21.9,35.60327920224876,21.79976974469713,21.6816471658027,21.350360432720095,2,0.8853888403107216,charge,0.8853888403107216,0.0,False,2
1481.0,charge,20.669796382156782,22.2,20.66979638215679,20.764493073187566,399.26126623093097,0.0,298.8225000001747,0.0,22.2,31.796970419013917,21.4905811879579,21.67886767156216,21.351094625377755,2,0.39926126623093094,charge,0.39926126623093094,0.0,False,2
1482.0,idle,20.404866583032852,21.4,,,0.0,0.0,0.0,0.0,21.4,31.796970419013917,21.4905811879579,21.67886767156216,21.351094625377755,1,0.0,idle,0.0,0.0,False,1
1483.0,idle,20.379883830488904,21.6,,,0.0,0.0,0.0,0.0,21.6,31.796970419013917,21.4905811879579,21.67886767156216,21.351094625377755,1,0.0,idle,0.0,0.0,False,1
1484.0,idle,20.364148913640758,21.7,,,0.0,0.0,0.0,0.0,21.7,31.796970419013917,21.4905811879579,21.67886767156216,21.351094625377755,1,0.0,idle,0.0,0.0,False,1
1485.0,idle,20.353081572035105,21.1,,,0.0,0.0,0.0,0.0,21.1,31.796970419013917,21.4905811879579,21.67886767156216,21.351094625377755,1,0.29188542866246353,idle,0.29188542866246353,0.0,False,1
1486.0,idle,20.344921370911532,20.5,,,0.0,0.0,0.0,0.0,20.5,31.796970419013917,21.4905811879579,21.67886767156216,21.351094625377755,1,0.5390101388505033,idle,0.5390101388505033,0.0,False,1
1487.0,idle,20.338395904860207,20.1,,,0.0,0.0,0.0,160.40487368070154,20.1,31.796970419013917,21.4905811879579,21.67886767156216,21.351094625377755,1,0.7730548950333462,idle,0.7730548950333462,0.0,False,1
1488.0,idle,20.332840845498858,18.9,,,0.0,0.0,0.0,752.7587256106834,18.9,31.796970419013917,21.4905811879579,21.67886767156216,21.351094625377755,1,1.0544212575534642,idle,1.0544212575534642,0.0,False,1
1489.0,idle,20.328398322430267,18.8,,,0.0,0.0,0.0,795.7472472228549,18.8,31.796970419013917,21.4905811879579,21.67886767156216,21.351094625377755,1,1.396446247304985,idle,1.396446247304985,0.0,False,1
1490.0,idle,20.324636476638883,18.5,,,0.0,0.0,0.0,928.2116190650294,18.5,31.796970419013917,21.4905811879579,21.67886767156216,21.351094625377755,1,1.7583927504795995,idle,1.7583927504795995,0.0,False,1
1491.0,idle,20.32140011238461,18.5,,,0.0,0.0,0.0,926.5436143227646,18.5,31.796970419013917,21.4905811879579,21.67886767156216,21.351094625377755,1,2.1272542425948826,idle,2.1272542425948826,0.0,False,1
1492.0,idle,20.318599507844834,18.6,,,0.0,0.0,0.0,880.5948839647415,18.6,31.796970419013917,21.4905811879579,21.67886767156216,21.351094625377755,1,2.5014440919883016,idle,2.5014440919883016,0.0,False,1
1493.0,idle,20.316132748490283,18.5,,,0.0,0.0,0.0,923.8659074262888,18.5,31.796970419013917,21.4905811879579,21.67886767156216,21.351094625377755,1,2.8431242244095394,idle,2.8431242244095394,0.0,False,1
1494.0,idle,20.313908523823173,16.6,,,0.0,0.0,0.0,1724.4127310835293,16.6,31.796970419013917,21.4905811879579,21.67886767156216,21.351094625377755,1,3.1165745128919644,idle,3.1165745128919644,0.0,False,1
1495.0,idle,20.311321113126617,17.3,,,0.0,0.0,0.0,1436.1666773194854,17.3,31.796970419013917,21.4905811879579,21.67886767156216,21.351094625377755,1,3.1165745128919644,idle,3.1165745128919644,0.0,False,1
1496.0,charge,20.517163482085994,18.0,20.517163482086005,20.577001313701544,311.909174073588,0.0,285.5414999998766,1139.0420222455718,18.0,28.435722127944075,21.11005063240532,21.670663316007904,21.35181508224281,2,3.120215868846109,charge,3.120215868846109,0.0,False,2
1497.0,charge,20.485045430760483,18.3,20.485045430760465,20.547310567276497,235.02808613291182,0.0,652.9824999999317,1098.413102215321,18.3,28.03394888807452,21.023109880241293,21.65963522264167,21.3525117918785,2,2.8090832110893658,charge,2.8090832110893658,0.0,False,2
1498.0,charge,20.48947812897832,20.2,20.489478128978305,20.56119494809178,231.71043109388702,0.0,821.2085000003368,183.12895947824282,20.2,29.128063022441154,21.084283864063877,21.648866376089188,21.35318234409266,2,2.57394643688222,charge,2.57394643688222,0.0,False,2
1499.0,charge,20.52394591850918,18.6,20.523945918509185,20.61993059162762,276.44903973727907,0.0,1325.8864999996865,955.2343097699589,18.6,32.24928045595476,21.303624119138647,21.640489951417976,21.3538297066616,2,2.3413750584050352,charge,2.3413750584050352,0.0,False,2
1500.0,charge,20.572223180678073,19.3,20.572223180678066,20.681465935679455,339.0112544470576,0.0,1148.8065000007025,653.7674779777584,19.3,33.41434876254482,21.45260099856216,21.63523733276685,21.354460735833356,2,2.063696334724827,charge,2.063696334724827,0.0,False,2
1501.0,charge,20.597310503266367,17.5,20.597310503266385,20.705784465903093,363.2548072166139,0.0,1029.2774999992441,1460.4041394528576,17.5,33.34468667017484,21.485211538589795,21.631274498887137,21.355080427526104,2,1.7240154436957222,charge,1.7240154436957222,0.0,False,2
1502.0,charge,20.609591609662925,19.0,20.609591609662914,20.72029442651848,369.54312510920863,0.0,1007.1425000006578,824.8984272534027,19.0,33.887886874412004,21.524575721859094,21.627780750330032,21.35569041202905,2,1.3604263404111319,charge,1.3604263404111319,0.0,False,2
1503.0,charge,20.619040108908408,19.9,20.619040108908393,20.72748490683847,374.29985057382993,0.0,938.5240000006482,406.1311087827783,19.9,33.459975938869945,21.51634577092443,21.62466005375603,21.35629183616004,2,0.9905496556875015,charge,0.9905496556875015,0.0,False,2
1504.0,charge,20.605260994384214,19.3,20.605260994384196,20.694073260058644,344.5637121819744,0.0,520.1725000002111,697.9139373845256,19.3,30.83260677440552,21.35204075590798,21.6202912689738,21.356884025564057,2,0.6165847081697065,charge,0.6165847081697065,0.0,False,2
1505.0,charge,20.56374058433221,19.0,20.56374058433221,20.6290577773799,277.4682533589409,0.0,349.7329999997698,828.4829540983174,19.0,28.17040146174446,21.13201800559341,21.61297065902488,21.357462011025973,2,2.711218004665349,charge,2.711218004665349,0.0,False,2
1506.0,idle,20.377918231898256,18.6,,,0.0,0.0,0.0,987.9407896115445,18.6,28.17040146174446,21.13201800559341,21.61297065902488,21.357462011025973,1,2.4337497513064084,idle,2.4337497513064084,0.0,False,1
1507.0,idle,20.359269745806564,18.6,,,0.0,0.0,0.0,905.7920799893424,18.6,28.17040146174446,21.13201800559341,21.61297065902488,21.357462011025973,1,4.761413611790614,idle,4.761413611790614,0.0,False,1
1508.0,idle,20.34729315928116,18.3,,,0.0,0.0,0.0,1029.7844512525696,18.3,28.17040146174446,21.13201800559341,21.61297065902488,21.357462011025973,1,4.761413611790614,idle,4.761413611790614,0.0,False,1
1509.0,idle,20.338705589817884,18.2,,,0.0,0.0,0.0,1068.1229983208714,18.2,28.17040146174446,21.13201800559341,21.61297065902488,21.357462011025973,1,5.2577109930922115,idle,5.2577109930922115,0.0,False,1
1510.0,idle,20.332279326665816,18.6,,,0.0,0.0,0.0,888.3210803025531,18.6,28.17040146174446,21.13201800559341,21.61297065902488,21.357462011025973,1,5.2577109930922115,idle,5.2577109930922115,0.0,False,1
1511.0,idle,20.32725961523189,18.5,,,0.0,0.0,0.0,929.9320031129046,18.5,28.17040146174446,21.13201800559341,21.61297065902488,21.357462011025973,1,5.478832205436199,idle,5.478832205436199,0.0,False,1
1512.0,idle,20.322971264595257,17.1,,,0.0,0.0,0.0,1524.5624059173513,17.1,28.17040146174446,21.13201800559341,21.61297065902488,21.357462011025973,1,5.730741697055436,idle,5.730741697055436,0.0,False,1
1513.0,idle,20.31937682325087,16.6,,,0.0,0.0,0.0,1727.1836558724845,16.6,28.17040146174446,21.13201800559341,21.61297065902488,21.357462011025973,1,6.070354804010567,idle,6.070354804010567,0.0,False,1
1514.0,idle,20.316276692741415,15.3,,,0.0,0.0,0.0,2242.1157513506078,15.3,28.17040146174446,21.13201800559341,21.61297065902488,21.357462011025973,1,6.460741099769049,idle,6.460741099769049,0.0,False,1
1515.0,idle,20.313599313877877,15.2,,,0.0,0.0,0.0,2279.8701222638065,15.2,28.17040146174446,21.13201800559341,21.61297065902488,21.357462011025973,1,6.8759190979320755,idle,6.8759190979320755,0.0,False,1
1516.0,discharge,18.690233579424994,14.8,,,0.0,2433.749751306408,0.0,2433.749751306408,18.172788073429963,28.17040146174446,21.13201800559341,21.61297065902488,21.357462011025973,1,7.279059971694755,discharge,7.279059971694755,0.0,False,2
1517.0,idle,20.139277365194907,15.0,,,0.0,0.0,0.0,1713.9126779040594,15.0,28.17040146174446,21.13201800559341,21.61297065902488,21.357462011025973,1,5.208656886094845,idle,5.208656886094845,0.0,False,1
1518.0,discharge,18.644059888374066,14.9,,,0.0,2327.6638604842055,0.0,2327.6638604842055,18.14363475285381,28.17040146174446,21.13201800559341,21.61297065902488,21.357462011025973,1,5.498196309170553,discharge,5.498196309170553,0.0,False,2
1519.0,idle,20.05761623823125,16.0,,,0.0,0.0,0.0,1281.002785449912,16.0,28.17040146174446,21.13201800559341,21.61297065902488,21.357462011025973,1,3.1705324486863486,idle,3.1705324486863486,0.0,False,1
1520.0,charge,20.287754427752848,17.9,20.287754427752873,20.326878130236935,239.48475007012166,0.0,336.4520000000621,1072.6060173934936,17.9,26.051582155061283,20.720595937432336,21.60020056109147,21.358016732326007,3,3.091576256300733,charge,3.091576256300733,0.0,False,2
1521.0,charge,20.29710014355206,19.0,20.297100143552086,20.350230619144213,176.2594476616476,0.0,672.9040000001243,683.435860100046,19.0,26.420406385696992,20.733252520236306,21.585898786210407,21.358539115483836,2,2.8518576521876096,charge,2.8518576521876096,0.0,False,2
1522.0,charge,20.341212755981754,19.5,20.341212755981758,20.411467674893572,197.19652780311677,0.0,1027.0640000002263,449.5435418881706,19.5,28.57907664980638,20.899453736429052,21.573364630578908,21.359030108102843,2,2.6744788638157546,charge,2.6744788638157546,0.0,False,2
1523.0,charge,20.406101269921653,19.9,20.406101269921635,20.501843564532464,261.65776179982004,0.0,1359.0890000007514,268.19563744946214,19.9,31.79058535843251,21.164668130018356,21.56438462280755,21.359495852523537,2,2.475609683004691,charge,2.475609683004691,0.0,False,2
1524.0,charge,20.477046953433852,19.6,20.47704695343384,20.592291551583457,337.50511533508086,0.0,1405.5724999997265,453.97360295758904,19.6,34.02600505572184,21.39397062199339,21.559336344038286,21.35994510791818,2,2.212091496248093,charge,2.212091496248093,0.0,False,2
1525.0,charge,20.533978875586058,20.1,20.533978875586058,20.66022240012984,392.37589159634035,0.0,1374.5834999997323,233.80117678315537,20.1,35.430840833954676,21.551061181515706,21.55714882662579,21.360385525440734,2,1.8730282486370076,charge,1.8730282486370076,0.0,False,2
1526.0,charge,20.569971703455206,19.1,20.569971703455224,20.694907964814888,417.30327164177714,0.0,1168.728000000115,750.7396356327051,19.1,35.2121164454029,21.588358979925943,21.556374060062296,21.360822006553917,2,1.479658342291732,charge,1.479658342291732,0.0,False,2
1527.0,charge,20.579375398335223,19.3,20.57937539833523,20.694450959252606,406.5950539710729,0.0,989.4345000003254,675.1867289776724,19.3,34.111231555707775,21.531736183877968,21.5553200585922,21.361255722669057,2,1.0620210060825932,charge,1.0620210060825932,0.0,False,2
1528.0,charge,20.565540564037956,18.9,20.565540564037974,20.661583995107094,366.9195539129002,0.0,719.3875000001929,861.791330210655,18.9,31.747866010652217,21.372990814197635,21.552627087689075,21.361684577715778,2,0.6557637247099806,charge,0.6557637247099806,0.0,False,2
1529.0,charge,20.52543289713455,18.5,20.52543289713458,20.59253037727086,294.10642755893804,0.0,351.9464999998053,1032.5224741194745,18.5,28.174990885989075,21.107216728889796,21.546760538212652,21.362103234359836,2,0.294106427558938,charge,0.294106427558938,0.0,False,2
1530.0,idle,20.33221082481862,18.1,,,0.0,0.0,0.0,1188.0015917835303,18.1,28.174990885989075,21.107216728889796,21.546760538212652,21.362103234359836,1,0.0,idle,0.0,0.0,False,1
1531.0,idle,20.31594659003489,17.8,,,0.0,0.0,0.0,1233.5506517816502,17.8,28.174990885989075,21.107216728889796,21.546760538212652,21.362103234359836,1,0.0,idle,0.0,0.0,False,1
1532.0,idle,20.306250539954362,18.4,,,0.0,0.0,0.0,966.9098405431054,18.4,28.174990885989075,21.107216728889796,21.546760538212652,21.362103234359836,1,0.0,idle,0.0,0.0,False,1
1533.0,idle,20.299630522704238,18.9,,,0.0,0.0,0.0,738.0464851819488,18.9,28.174990885989075,21.107216728889796,21.546760538212652,21.362103234359836,1,0.21016693084550409,idle,0.21016693084550409,0.0,False,1
1534.0,idle,20.295291236856567,19.2,,,0.0,0.0,0.0,595.3897816727942,19.2,28.174990885989075,21.107216728889796,21.546760538212652,21.362103234359836,1,0.4088436611386398,idle,0.4088436611386398,0.0,False,1
1535.0,idle,20.292229689315594,19.3,,,0.0,0.0,0.0,545.7458613557028,19.3,28.174990885989075,21.107216728889796,21.546760538212652,21.362103234359836,1,0.6372365387024671,idle,0.6372365387024671,0.0,False,1
1536.0,idle,20.28937215394802,19.5,,,0.0,0.0,0.0,447.1438235802637,19.5,28.174990885989075,21.107216728889796,21.546760538212652,21.362103234359836,1,0.9360466359605802,idle,0.9360466359605802,0.0,False,1
1537.0,idle,20.287325306350635,18.7,,,0.0,0.0,0.0,821.3171185284524,18.7,28.174990885989075,21.107216728889796,21.546760538212652,21.362103234359836,1,1.2994396246432531,idle,1.2994396246432531,0.0,False,1
1538.0,idle,20.285677073259286,18.0,,,0.0,0.0,0.0,1128.7081060985013,18.0,28.174990885989075,21.107216728889796,21.546760538212652,21.362103234359836,1,1.717246154298156,idle,1.717246154298156,0.0,False,1
1539.0,idle,20.284377770847815,17.9,,,0.0,0.0,0.0,1170.9782230943179,17.9,28.174990885989075,21.107216728889796,21.546760538212652,21.362103234359836,1,2.181367691708971,idle,2.181367691708971,0.0,False,1
1540.0,idle,20.28651014654205,18.3,,,0.0,0.0,0.0,997.0017171435603,18.3,28.174990885989075,21.107216728889796,21.546760538212652,21.362103234359836,1,2.653072075347113,idle,2.653072075347113,0.0,False,1
1541.0,idle,20.285059499771144,18.8,,,0.0,0.0,0.0,774.7021589845526,18.8,28.174990885989075,21.107216728889796,21.546760538212652,21.362103234359836,1,3.089434285433941,idle,3.089434285433941,0.0,False,1
1542.0,idle,20.28684932647489,18.6,,,0.0,0.0,0.0,864.3380818909934,18.6,28.174990885989075,21.107216728889796,21.546760538212652,21.362103234359836,1,3.450489372807785,idle,3.450489372807785,0.0,False,1
1543.0,idle,20.284696499231142,18.8,,,0.0,0.0,0.0,774.8565258982463,18.8,28.174990885989075,21.107216728889796,21.546760538212652,21.362103234359836,1,3.450489372807785,idle,3.450489372807785,0.0,False,1
1544.0,charge,20.431008187315587,19.9,20.43100818731557,20.47757082045814,222.556401886673,0.0,367.44100000009627,237.93827702627104,19.9,26.462636356249504,20.87733830997712,21.537018835219214,21.36250342948739,2,3.4527697127657486,charge,3.4527697127657486,0.0,False,2
1545.0,charge,20.422595267101958,20.5,20.42259526710194,20.47961545782823,189.6924911938993,0.0,732.668499999661,0.0,20.5,27.367742705616706,20.90301278921919,21.526346944161844,21.36287937996474,2,3.230419103695438,charge,3.230419103695438,0.0,False,2
1546.0,charge,20.451973952064247,21.0,20.451973952064236,20.530557561707553,224.68127016231756,0.0,1093.468999998952,0.0,21.0,30.01451179638036,21.08954932170826,21.51765510794462,21.363232559244295,2,3.0399980626659024,charge,3.0399980626659024,0.0,False,2
1547.0,charge,20.505053471215483,21.3,20.50505347121549,20.607748873023525,294.32530393917773,0.0,1283.8299999997885,0.0,21.3,32.83749825348275,21.328984439047645,21.512444893090446,21.363569396386538,2,2.813977234722501,charge,2.813977234722501,0.0,False,2
1548.0,charge,20.55938668423171,21.4,20.559386684231697,20.678209265986084,361.51135139227443,0.0,1279.402999999254,0.0,21.4,34.68194054412419,21.516498266388226,21.510524858116412,21.363897729124858,2,2.518253377930404,charge,2.518253377930404,0.0,False,2
1549.0,charge,20.607553451731743,21.6,20.607553451731746,20.742737413146813,416.814392300441,0.0,1423.2804999997113,0.0,21.6,36.88681505055371,21.70531501845386,21.51130795743967,21.364224059799994,2,2.1554406379531463,charge,2.1554406379531463,0.0,False,2
1550.0,charge,20.65068397775459,21.6,20.650683977754568,20.79389774736154,463.377255035137,0.0,1314.81900000013,0.0,21.6,37.70361293926976,21.817701698230508,21.514346044954777,21.36455414868169,2,1.7374458112527267,charge,1.7374458112527267,0.0,False,2
1551.0,charge,20.669750425236813,21.5,20.669750425236828,20.806885744625163,473.71901168907453,0.0,1080.1880000007518,0.0,21.5,36.90581854540898,21.80020789066151,21.517914290567433,21.364891198684802,2,1.273394832805958,charge,1.273394832805958,0.0,False,2
1552.0,charge,20.657793722449156,21.5,20.657793722449128,20.774863825863633,439.94634660390324,0.0,717.1739999997402,0.0,21.5,34.40501900812217,21.63933944943733,21.519966309038182,21.36523412204815,2,0.7999665527913391,charge,0.7999665527913391,0.0,False,2
1553.0,charge,20.614713085699787,20.9,20.614713085699805,20.702112209465326,365.6714935066031,0.0,356.3734999998108,0.0,20.9,30.80435881825639,21.367651598616476,21.518641845627997,21.365577361979263,2,0.3656714935066031,charge,0.3656714935066031,0.0,False,2
1554.0,idle,20.372179247337183,19.9,,,0.0,0.0,0.0,408.68980253995954,19.9,30.80435881825639,21.367651598616476,21.518641845627997,21.365577361979263,1,0.0,idle,0.0,0.0,False,1
1555.0,idle,20.34910768345095,19.4,,,0.0,0.0,0.0,534.6621526178063,19.4,30.80435881825639,21.367651598616476,21.518641845627997,21.365577361979263,1,0.0,idle,0.0,0.0,False,1
1556.0,idle,20.33463826487287,18.5,,,0.0,0.0,0.0,937.386404813107,18.5,30.80435881825639,21.367651598616476,21.518641845627997,21.365577361979263,1,0.0,idle,0.0,0.0,False,1
1557.0,idle,20.324332381701037,17.6,,,0.0,0.0,0.0,1319.2443088047605,17.6,30.80435881825639,21.367651598616476,21.518641845627997,21.365577361979263,1,0.277131502710231,idle,0.277131502710231,0.0,False,1
1558.0,idle,20.316709041453766,17.0,,,0.0,0.0,0.0,1564.5341454973527,17.0,30.80435881825639,21.367651598616476,21.518641845627997,21.365577361979263,1,0.5389914042106501,idle,0.5389914042106501,0.0,False,1
1559.0,idle,20.31077230449267,16.8,,,0.0,0.0,0.0,1643.3176121270396,16.8,30.80435881825639,21.367651598616476,21.518641845627997,21.365577361979263,1,0.8208713436312527,idle,0.8208713436312527,0.0,False,1
1560.0,idle,20.305788546237274,16.9,,,0.0,0.0,0.0,1600.0031796324267,16.9,30.80435881825639,21.367651598616476,21.518641845627997,21.365577361979263,1,1.1704914273264542,idle,1.1704914273264542,0.0,False,1
1561.0,idle,20.301655687012584,16.8,,,0.0,0.0,0.0,1638.8602656741614,16.8,30.80435881825639,21.367651598616476,21.518641845627997,21.365577361979263,1,1.5955174973187247,idle,1.5955174973187247,0.0,False,1
1562.0,idle,20.29812648721463,17.3,,,0.0,0.0,0.0,1431.0664809745874,17.3,30.80435881825639,21.367651598616476,21.518641845627997,21.365577361979263,1,2.08793725210992,idle,2.08793725210992,0.0,False,1
1563.0,idle,20.298299259015796,17.6,,,0.0,0.0,0.0,1303.8489145211474,17.6,30.80435881825639,21.367651598616476,21.518641845627997,21.365577361979263,1,2.6200462523769144,idle,2.6200462523769144,0.0,False,1
1564.0,idle,20.29673642889321,18.0,,,0.0,0.0,0.0,1133.4357904365563,18.0,30.80435881825639,21.367651598616476,21.518641845627997,21.365577361979263,1,3.154997017185166,idle,3.154997017185166,0.0,False,1
1565.0,idle,20.29645573153001,18.4,,,0.0,0.0,0.0,958.4380763368611,18.4,30.80435881825639,21.367651598616476,21.518641845627997,21.365577361979263,1,3.655583156894358,idle,3.655583156894358,0.0,False,1
1566.0,idle,20.29640351935378,18.8,,,0.0,0.0,0.0,779.2267260413191,18.8,30.80435881825639,21.367651598616476,21.518641845627997,21.365577361979263,1,4.074479640406523,idle,4.074479640406523,0.0,False,1
1567.0,idle,20.293642224249716,19.4,,,0.0,0.0,0.0,498.08322034588707,19.4,30.80435881825639,21.367651598616476,21.518641845627997,21.365577361979263,1,4.074479640406523,idle,4.074479640406523,0.0,False,1
1568.0,charge,20.487770319754528,21.4,20.48777031975453,20.550035250147516,293.785719079801,0.0,374.08150000014956,0.0,21.4,28.735734116580772,21.085585175328163,21.512812653071364,21.365911816625953,2,4.077560486964756,charge,4.077560486964756,0.0,False,2
1569.0,charge,20.47680106180303,22.7,20.47680106180303,20.550148865736617,249.73571702912645,0.0,721.6009999998151,0.0,22.7,29.43039710923523,21.09483616318795,21.505581589958013,21.366230262402667,2,3.784045699082301,charge,3.784045699082301,0.0,False,2
1570.0,charge,20.504463708332718,23.9,20.504463708332707,20.59750155502104,278.4793413711275,0.0,1053.6260000007746,0.0,23.9,31.825850444674074,21.26347255243121,21.500013371330226,21.366533364838574,2,3.5336162338290533,charge,3.5336162338290533,0.0,False,2
1571.0,charge,20.55674875846952,25.0,20.556748758469496,20.674402156617873,344.8275819175323,0.0,1272.762500000852,0.0,25.0,34.77411753282445,21.50598764358665,21.497737628665334,21.366826907307313,2,3.2538013444579015,charge,3.2538013444579015,0.0,False,2
1572.0,charge,20.61876327608502,25.5,20.61876327608502,20.759504503234382,422.0409537025737,0.0,1425.4939999992432,0.0,25.5,37.554741025746864,21.754421155396187,21.499181406943705,21.367118883812395,2,2.9073580330339013,charge,2.9073580330339013,0.0,False,2
1573.0,charge,20.677398323679423,25.5,20.677398323679427,20.83487885399086,490.824694748515,0.0,1454.2695000013332,0.0,25.5,39.5675439375288,21.954379451258603,21.503889959269202,21.36741720216014,2,2.4837189698325095,charge,2.4837189698325095,0.0,False,2
1574.0,charge,20.719362965968312,25.9,20.719362965968287,20.881003799771577,532.513824026947,0.0,1277.1895000000507,0.0,25.9,39.986367871687605,22.040560064109854,21.510558202979325,21.367727826363364,2,1.9917391307749135,charge,1.9917391307749135,0.0,False,2
1575.0,charge,20.73589669388126,25.7,20.735896693881273,20.89141280560716,537.0881052058306,0.0,1111.1769999992705,0.0,25.7,39.29322381202854,22.021337868724288,21.517440308765515,21.368053096740766,2,1.4586393016237547,charge,1.4586393016237547,0.0,False,2
1576.0,charge,20.72479431292868,24.8,20.72479431292868,20.860474128587953,503.8598349288884,0.0,761.4440000006257,0.0,24.8,36.76274695300748,21.861015550747254,21.522775600827458,21.36839160145439,2,0.9218216477238994,charge,0.9218216477238994,0.0,False,2
1577.0,charge,20.678942084447748,23.4,20.678942084447726,20.780900328008613,423.9764438061359,0.0,332.02499999998093,0.0,23.4,32.59360060456669,21.554730315274128,21.52441641597028,21.368737476498325,2,0.42397644380613586,charge,0.42397644380613586,0.0,False,2
1578.0,idle,20.39819000882129,20.8,,,0.0,0.0,0.0,0.0,20.8,32.59360060456669,21.554730315274128,21.52441641597028,21.368737476498325,1,0.0,idle,0.0,0.0,False,1
1579.0,idle,20.3717621093497,20.5,,,0.0,0.0,0.0,0.0,20.5,32.59360060456669,21.554730315274128,21.52441641597028,21.368737476498325,1,0.0,idle,0.0,0.0,False,1
1580.0,idle,20.35530102070184,20.9,,,0.0,0.0,0.0,0.0,20.9,32.59360060456669,21.554730315274128,21.52441641597028,21.368737476498325,1,0.0,idle,0.0,0.0,False,1
1581.0,idle,20.343635138296072,19.9,,,0.0,0.0,0.0,275.65936205576685,19.9,32.59360060456669,21.554730315274128,21.52441641597028,21.368737476498325,1,0.3142428155823106,idle,0.3142428155823106,0.0,False,1
1582.0,idle,20.335073592386586,20.3,,,0.0,0.0,0.0,35.55900898282459,20.3,32.59360060456669,21.554730315274128,21.52441641597028,21.368737476498325,1,0.5809511442320525,idle,0.5809511442320525,0.0,False,1
1583.0,idle,20.340524547000275,21.1,,,0.0,0.0,0.0,0.0,21.1,32.59360060456669,21.554730315274128,21.52441641597028,21.368737476498325,1,0.8326017343407127,idle,0.8326017343407127,0.0,False,1
1584.0,idle,20.334476151507047,20.4,,,0.0,0.0,0.0,0.0,20.4,32.59360060456669,21.554730315274128,21.52441641597028,21.368737476498325,1,1.138049470817511,idle,1.138049470817511,0.0,False,1
1585.0,idle,20.329701408860057,19.8,,,0.0,0.0,0.0,317.08841161281623,19.8,32.59360060456669,21.554730315274128,21.52441641597028,21.368737476498325,1,1.5188379018547304,idle,1.5188379018547304,0.0,False,1
1586.0,idle,20.32562453863581,19.7,,,0.0,0.0,0.0,365.9020657842562,19.7,32.59360060456669,21.554730315274128,21.52441641597028,21.368737476498325,1,1.9556926057805954,idle,1.9556926057805954,0.0,False,1
1587.0,idle,20.322133232938235,19.4,,,0.0,0.0,0.0,512.2336690592826,19.4,32.59360060456669,21.554730315274128,21.52441641597028,21.368737476498325,1,2.4087704088307493,idle,2.4087704088307493,0.0,False,1
1588.0,idle,20.319102440944814,19.4,,,0.0,0.0,0.0,510.5459952648449,19.4,32.59360060456669,21.554730315274128,21.52441641597028,21.368737476498325,1,2.853739235291344,idle,2.853739235291344,0.0,False,1
1589.0,idle,20.31643065735138,19.8,,,0.0,0.0,0.0,309.1085838286087,19.8,32.59360060456669,21.554730315274128,21.52441641597028,21.368737476498325,1,3.257221624715209,idle,3.257221624715209,0.0,False,1
1590.0,idle,20.31402475638957,19.5,,,0.0,0.0,0.0,459.04967783732235,19.5,32.59360060456669,21.554730315274128,21.52441641597028,21.368737476498325,1,3.5809764692342076,idle,3.5809764692342076,0.0,False,1
1591.0,idle,20.311526549305654,20.4,,,0.0,0.0,0.0,0.0,20.4,32.59360060456669,21.554730315274128,21.52441641597028,21.368737476498325,1,3.5809764692342076,idle,3.5809764692342076,0.0,False,1
1592.0,charge,20.531318461636378,20.6,20.531318461636374,20.598471141844016,333.6105084642549,0.0,387.3625000000473,0.0,20.6,29.38222483089021,21.182349586000555,21.520497727611257,21.369080119740374,2,3.584594880597587,charge,3.584594880597587,0.0,False,2
1593.0,charge,20.499841351394323,20.9,20.49984135139431,20.566434597607042,255.07397585785216,0.0,599.8585000003469,0.0,20.9,28.53277084721526,21.073502461016574,21.51360572143733,21.36940930647188,2,3.25176310038494,charge,3.25176310038494,0.0,False,2
1594.0,charge,20.503751203663676,21.5,20.503751203663683,20.582150790292133,249.41498812216705,0.0,965.0859999994058,0.0,21.5,30.10529000087672,21.155113525293416,21.50679739129697,21.369722017924005,2,2.99659124258956,charge,2.99659124258956,0.0,False,2
1595.0,charge,20.54264286811285,22.0,20.542642868112864,20.645696431670785,299.9456824529784,0.0,1312.6054999987675,0.0,22.0,33.11076657033442,21.37855917523825,21.50257433927368,21.37002141757921,2,2.746184658747164,charge,2.746184658747164,0.0,False,2
1596.0,charge,20.601427993321337,21.9,20.60142799332135,20.7289624820898,376.8957751350199,0.0,1494.1124999991089,0.0,21.9,35.957326039156385,21.628966692051222,21.50207385752043,21.370314868232185,2,2.4447085271088884,charge,2.4447085271088884,0.0,False,2
1597.0,charge,20.65133741666154,21.3,20.651337416661534,20.787597064332772,435.99122415847296,0.0,1323.6730000003652,0.0,21.3,36.78549216260825,21.75603527849057,21.504388150384443,21.37061005021269,2,2.066452523100909,charge,2.066452523100909,0.0,False,2
1598.0,charge,20.67558833742816,21.2,20.675588337428167,20.810579903909854,454.7624069889152,0.0,1210.7844999993633,0.0,21.2,36.750993755893944,21.785397581479344,21.507624814165126,21.370910996082614,2,1.6297933144883308,charge,1.6297933144883308,0.0,False,2
1599.0,charge,20.679898611011993,21.0,20.679898611011993,20.806485108630056,446.8361318022103,0.0,1044.7720000005495,0.0,21.0,35.734182121352205,21.731557180646234,21.510535120783004,21.371218325630025,2,1.1748780597878068,charge,1.1748780597878068,0.0,False,2
1600.0,charge,20.660883884217974,20.8,20.66088388421798,20.76697616554776,406.57045661465065,0.0,697.2524999998589,0.0,20.8,33.11607012656788,21.5552632939702,21.511623823701427,21.37152974284504,2,0.7285054189390355,charge,0.7285054189390355,0.0,False,2
1601.0,charge,20.612605031007263,20.1,20.612605031007263,20.687896208641348,328.26885029781715,0.0,329.8114999999289,330.72826754980713,20.1,29.34317696506872,21.267768207425775,21.50913977670848,21.371839189987895,2,0.32826885029781716,charge,0.32826885029781716,0.0,False,2
1602.0,idle,20.392950370694525,19.5,,,0.0,0.0,0.0,601.5201370103208,19.5,29.34317696506872,21.267768207425775,21.50913977670848,21.371839189987895,1,0.0,idle,0.0,0.0,False,1
1603.0,idle,20.371012664489584,19.6,,,0.0,0.0,0.0,447.49902759300454,19.6,29.34317696506872,21.267768207425775,21.50913977670848,21.371839189987895,1,0.0,idle,0.0,0.0,False,1
1604.0,idle,20.357007800805675,19.4,,,0.0,0.0,0.0,534.1018209458666,19.4,29.34317696506872,21.267768207425775,21.50913977670848,21.371839189987895,1,0.0,idle,0.0,0.0,False,1
1605.0,idle,20.346982716916603,19.4,,,0.0,0.0,0.0,527.3683296112832,19.4,29.34317696506872,21.267768207425775,21.50913977670848,21.371839189987895,1,0.23747803880463847,idle,0.23747803880463847,0.0,False,1
1606.0,idle,20.33950053945907,19.5,,,0.0,0.0,0.0,474.0164371068055,19.5,29.34317696506872,21.267768207425775,21.50913977670848,21.371839189987895,1,0.46722008891427436,idle,0.46722008891427436,0.0,False,1
1607.0,idle,20.333659144290856,19.4,,,0.0,0.0,0.0,518.9332973718151,19.4,29.34317696506872,21.267768207425775,21.50913977670848,21.371839189987895,1,0.7273873772646925,idle,0.7273873772646925,0.0,False,1
1608.0,idle,20.328697072935487,19.3,,,0.0,0.0,0.0,564.0742817850204,19.3,29.34317696506872,21.267768207425775,21.50913977670848,21.371839189987895,1,1.0515354329217397,idle,1.0515354329217397,0.0,False,1
1609.0,idle,20.324596278486695,19.2,,,0.0,0.0,0.0,609.110941515635,19.2,29.34317696506872,21.267768207425775,21.50913977670848,21.371839189987895,1,1.4326439877922001,idle,1.4326439877922001,0.0,False,1
1610.0,idle,20.32107672245777,19.2,,,0.0,0.0,0.0,607.1778583124733,19.2,29.34317696506872,21.267768207425775,21.50913977670848,21.371839189987895,1,1.8788729057456643,idle,1.8788729057456643,0.0,False,1
1611.0,idle,20.31805090644711,19.0,,,0.0,0.0,0.0,698.8549024530914,19.0,29.34317696506872,21.267768207425775,21.50913977670848,21.371839189987895,1,2.355787971214274,idle,2.355787971214274,0.0,False,1
1612.0,idle,20.31541105844991,19.2,,,0.0,0.0,0.0,604.0905675675812,19.2,29.34317696506872,21.267768207425775,21.50913977670848,21.371839189987895,1,2.810945755408454,idle,2.810945755408454,0.0,False,1
1613.0,idle,20.313072207902596,19.7,,,0.0,0.0,0.0,358.63990548293526,19.7,29.34317696506872,21.267768207425775,21.50913977670848,21.371839189987895,1,3.221591655208662,idle,3.221591655208662,0.0,False,1
1614.0,idle,20.31096030981572,19.2,,,0.0,0.0,0.0,601.7407049654929,19.2,29.34317696506872,21.267768207425775,21.50913977670848,21.371839189987895,1,3.561999755379843,idle,3.561999755379843,0.0,False,1
1615.0,idle,20.309035174420888,19.6,,,0.0,0.0,0.0,406.815140954941,19.6,29.34317696506872,21.267768207425775,21.50913977670848,21.371839189987895,1,3.561999755379843,idle,3.561999755379843,0.0,False,1
1616.0,charge,20.476729235642054,20.1,20.47672923564204,20.527209563952454,255.30599919584517,0.0,429.4189999998085,139.6780409765601,20.1,27.398189934879326,20.982075474157398,21.50200270304458,21.372137143510713,2,3.5652900009725537,charge,3.5652900009725537,0.0,False,2
1617.0,charge,20.466446478598435,20.7,20.466446478598414,20.531903926593372,216.57605424354475,0.0,849.9839999995584,0.0,20.7,28.53326196306142,21.01857307734639,21.493708197093724,21.372416454363645,2,3.3102360630864007,charge,3.3102360630864007,0.0,False,2
1618.0,charge,20.49983042025889,21.3,20.49983042025889,20.588649341721407,256.18885473132724,0.0,1208.5710000003676,0.0,21.3,31.328257336004356,21.22033211361918,21.487576973532327,21.37267869300308,2,3.0928296780236937,charge,3.0928296780236937,0.0,False,2
1619.0,charge,20.550076498658182,21.7,20.5500764986582,20.656587037397628,320.1544569449507,0.0,1217.425000000572,0.0,21.7,33.215019019972715,21.407003903071484,21.484611156688345,21.37293032584381,2,2.835367305392585,charge,2.835367305392585,0.0,False,2
1620.0,charge,20.59953761910002,22.1,20.599537619100033,20.72545330113536,379.491195199622,0.0,1447.629000000648,0.0,22.1,35.807663342718456,21.619370474768118,21.484544297145476,21.373177952917445,2,2.5139304982402964,charge,2.5139304982402964,0.0,False,2
1621.0,charge,20.653443878759006,22.3,20.653443878758992,20.7970289291128,443.9725490107491,0.0,1507.3935000005367,0.0,22.3,37.9021373395276,21.817568761622397,21.48756814371069,21.373428383041016,2,2.1329710685310466,charge,2.1329710685310466,0.0,False,2
1622.0,charge,20.68853855557159,22.1,20.688538555571597,20.830055940349496,477.8395281282929,0.0,1197.5034999996908,0.0,22.1,37.364411665973535,21.845618489319918,21.492197114519456,21.373687252599325,2,1.6880327362151073,charge,1.6880327362151073,0.0,False,2
1623.0,charge,20.687413924040285,21.7,20.6874139240403,20.814479118218344,458.8345094130432,0.0,969.5129999995257,0.0,21.7,35.74211086344462,21.746128499612325,21.49596468204163,21.373955195239148,2,1.2102330287065184,charge,1.2102330287065184,0.0,False,2
1624.0,charge,20.665187880343296,21.6,20.665187880343296,20.774910736321488,413.52814146668726,0.0,770.298000000006,0.0,21.6,33.719096766128246,21.592267670149965,21.49767864357517,21.374228759324694,2,0.7519397969448567,charge,0.7519397969448567,0.0,False,2
1625.0,charge,20.622874845747404,21.0,20.62287484574739,20.703813170163016,343.9626845274415,0.0,354.15999999986366,0.0,21.0,30.002937075293687,21.321395683220317,21.496218892688887,21.374502310953858,2,0.3439626845274415,charge,0.3439626845274415,0.0,False,2
1626.0,idle,20.393450743744374,20.4,,,0.0,0.0,0.0,147.72101339888687,20.4,30.002937075293687,21.321395683220317,21.496218892688887,21.374502310953858,1,0.0,idle,0.0,0.0,False,1
1627.0,idle,20.370997287145606,20.8,,,0.0,0.0,0.0,0.0,20.8,30.002937075293687,21.321395683220317,21.496218892688887,21.374502310953858,1,0.0,idle,0.0,0.0,False,1
1628.0,idle,20.356699827913392,20.7,,,0.0,0.0,0.0,0.0,20.7,30.002937075293687,21.321395683220317,21.496218892688887,21.374502310953858,1,0.0,idle,0.0,0.0,False,1
1629.0,idle,20.346516319287645,20.5,,,0.0,0.0,0.0,0.0,20.5,30.002937075293687,21.321395683220317,21.496218892688887,21.374502310953858,1,0.25451616060128335,idle,0.25451616060128335,0.0,False,1
1630.0,idle,20.338946090949396,20.5,,,0.0,0.0,0.0,0.0,20.5,30.002937075293687,21.321395683220317,21.496218892688887,21.374502310953858,1,0.4973829849220125,idle,0.4973829849220125,0.0,False,1
1631.0,idle,20.333387090185646,20.5,,,0.0,0.0,0.0,0.0,20.5,30.002937075293687,21.321395683220317,21.496218892688887,21.374502310953858,1,0.7675807770972818,idle,0.7675807770972818,0.0,False,1
1632.0,idle,20.32806353488397,20.5,,,0.0,0.0,0.0,0.0,20.5,30.002937075293687,21.321395683220317,21.496218892688887,21.374502310953858,1,1.1177357971659483,idle,1.1177357971659483,0.0,False,1
1633.0,idle,20.323966944352982,20.6,,,0.0,0.0,0.0,0.0,20.6,30.002937075293687,21.321395683220317,21.496218892688887,21.374502310953858,1,1.556130270156138,idle,1.556130270156138,0.0,False,1
1634.0,idle,20.320469110650148,20.6,,,0.0,0.0,0.0,0.0,20.6,30.002937075293687,21.321395683220317,21.496218892688887,21.374502310953858,1,2.071879700980725,idle,2.071879700980725,0.0,False,1
1635.0,idle,20.317472453088943,20.7,,,0.0,0.0,0.0,0.0,20.7,30.002937075293687,21.321395683220317,21.496218892688887,21.374502310953858,1,2.633467650088334,idle,2.633467650088334,0.0,False,1
1636.0,idle,20.314870088653315,20.6,,,0.0,0.0,0.0,0.0,20.6,30.002937075293687,21.321395683220317,21.496218892688887,21.374502310953858,1,3.1939462750806484,idle,3.1939462750806484,0.0,False,1
1637.0,idle,20.312575479114145,20.3,,,0.0,0.0,0.0,13.888712514601618,20.3,30.002937075293687,21.321395683220317,21.496218892688887,21.374502310953858,1,3.7042649784194115,idle,3.7042649784194115,0.0,False,1
1638.0,idle,20.31051053030251,20.1,,,0.0,0.0,0.0,141.74175536331418,20.1,30.002937075293687,21.321395683220317,21.496218892688887,21.374502310953858,1,4.119794286912887,idle,4.119794286912887,0.0,False,1
1639.0,idle,20.30814648336935,20.5,,,0.0,0.0,0.0,0.0,20.5,30.002937075293687,21.321395683220317,21.496218892688887,21.374502310953858,1,4.119794286912887,idle,4.119794286912887,0.0,False,1
1640.0,charge,20.48740033910586,21.8,20.487400339105875,20.542478970737704,272.29002669063846,0.0,349.7329999997698,0.0,21.8,27.950332121761676,21.0307507050224,21.490124683811757,21.374766799229235,2,4.122983110924224,charge,4.122983110924224,0.0,False,2
1641.0,charge,20.475868673037304,22.6,20.475868673037326,20.544283219426177,229.90048194758387,0.0,759.2305000000275,0.0,22.6,28.88457665128493,21.053284750607418,21.482698446431243,21.375014866731817,2,3.850967856122378,charge,3.850967856122378,0.0,False,2
1642.0,charge,20.507575392609,22.8,20.507575392609,20.599187028728124,266.29028862151023,0.0,1153.2335000008345,0.0,22.8,31.709144949342317,21.25241561145424,21.47727890240185,21.37524765243853,2,3.6203025867374654,charge,3.6203025867374654,0.0,False,2
1643.0,charge,20.567658322048192,22.9,20.567658322048203,20.688247331784112,344.69775316526227,0.0,1425.4939999992432,0.0,22.9,35.18646014233542,21.53679405565026,21.475698384367547,21.37547194657708,2,3.3525360065363214,charge,3.3525360065363214,0.0,False,2
1644.0,charge,20.638912654796815,23.1,20.638912654796798,20.78617513239834,434.97251566191125,0.0,1553.8769999991634,0.0,23.1,38.38365609212957,21.82337185266988,21.478423686751,21.37569704190099,2,3.0060420353762116,charge,3.0060420353762116,0.0,False,2
1645.0,charge,20.705579593592567,23.4,20.705579593592574,20.871861964783193,514.0320744640403,0.0,1540.596000000012,0.0,23.4,40.667433765474016,22.05101621298968,21.48486591493537,21.3759320098103,2,2.569289705236942,charge,2.569289705236942,0.0,False,2
1646.0,charge,20.75327423535665,23.6,20.753274235356628,20.924623536883928,562.0796321907017,0.0,1392.291500000268,0.0,23.6,41.18710483675193,22.151803953741137,21.493535711017785,21.376183611958652,2,2.053959824469662,charge,2.053959824469662,0.0,False,2
1647.0,charge,20.768036875128065,23.5,20.768036875128075,20.928779009045456,563.4793002500751,0.0,1106.7499999992908,0.0,23.5,39.871595485772275,22.097687441210212,21.50222063095515,21.376454357297177,2,1.4913592248309686,charge,1.4913592248309686,0.0,False,2
1648.0,charge,20.747801478507412,23.1,20.747801478507427,20.88303377667637,514.6446305482812,0.0,726.0279999999348,0.0,23.1,36.70230436835379,21.88553953152001,21.508618067358555,21.376741675508015,2,0.928372019451412,charge,0.928372019451412,0.0,False,2
1649.0,charge,20.69223961064378,22.4,20.69223961064381,20.79109121203919,421.0156203164404,0.0,329.8114999999289,0.0,22.4,32.27798282129015,21.547997050925176,21.510669939685613,21.377038051248746,2,0.4210156203164404,charge,0.4210156203164404,0.0,False,2
1650.0,idle,20.412154447275913,21.5,,,0.0,0.0,0.0,0.0,21.5,32.27798282129015,21.547997050925176,21.510669939685613,21.377038051248746,1,0.0,idle,0.0,0.0,False,1
1651.0,idle,20.38507818362323,20.8,,,0.0,0.0,0.0,0.0,20.8,32.27798282129015,21.547997050925176,21.510669939685613,21.377038051248746,1,0.0,idle,0.0,0.0,False,1
1652.0,idle,20.368065871047857,20.4,,,0.0,0.0,0.0,0.0,20.4,32.27798282129015,21.547997050925176,21.510669939685613,21.377038051248746,1,0.0,idle,0.0,0.0,False,1
1653.0,idle,20.35595341905907,20.0,,,0.0,0.0,0.0,228.93033336765887,20.0,32.27798282129015,21.547997050925176,21.510669939685613,21.377038051248746,1,0.3144077117429761,idle,0.3144077117429761,0.0,False,1
1654.0,idle,20.346993193718543,19.5,,,0.0,0.0,0.0,478.3978926589617,19.5,32.27798282129015,21.547997050925176,21.510669939685613,21.377038051248746,1,0.6167214066813304,idle,0.6167214066813304,0.0,False,1
1655.0,idle,20.34002110648037,19.0,,,0.0,0.0,0.0,710.813002333073,19.0,32.27798282129015,21.547997050925176,21.510669939685613,21.377038051248746,1,0.9451583119259357,idle,0.9451583119259357,0.0,False,1
1656.0,idle,20.334176610838572,18.4,,,0.0,0.0,0.0,977.5116353528913,18.4,32.27798282129015,21.547997050925176,21.510669939685613,21.377038051248746,1,1.3497024281345618,idle,1.3497024281345618,0.0,False,1
1657.0,idle,20.32934695228066,17.8,,,0.0,0.0,0.0,1234.3869005204726,17.8,32.27798282129015,21.547997050925176,21.510669939685613,21.377038051248746,1,1.8327875147275863,idle,1.8327875147275863,0.0,False,1
1658.0,idle,20.325232185718868,17.4,,,0.0,0.0,0.0,1400.9141088162924,17.4,32.27798282129015,21.547997050925176,21.510669939685613,21.377038051248746,1,2.3781970836958775,idle,2.3781970836958775,0.0,False,1
1659.0,idle,20.3217149976939,17.2,,,0.0,0.0,0.0,1482.385850214356,17.2,32.27798282129015,21.547997050925176,21.510669939685613,21.377038051248746,1,2.939992863611532,idle,2.939992863611532,0.0,False,1
1660.0,idle,20.318667344553813,17.2,,,0.0,0.0,0.0,1480.9288185378402,17.2,32.27798282129015,21.547997050925176,21.510669939685613,21.377038051248746,1,3.4634449598049377,idle,3.4634449598049377,0.0,False,1
1661.0,idle,20.315986211181983,17.2,,,0.0,0.0,0.0,1479.6661283661235,17.2,32.27798282129015,21.547997050925176,21.510669939685613,21.377038051248746,1,3.9297809273553925,idle,3.9297809273553925,0.0,False,1
1662.0,idle,20.313577246646133,17.1,,,0.0,0.0,0.0,1519.9105521088266,17.1,32.27798282129015,21.547997050925176,21.510669939685613,21.377038051248746,1,4.3163672432275035,idle,4.3163672432275035,0.0,False,1
1663.0,idle,20.311037813063187,17.7,,,0.0,0.0,0.0,1268.0961424382037,17.7,32.27798282129015,21.547997050925176,21.510669939685613,21.377038051248746,1,4.3163672432275035,idle,4.3163672432275035,0.0,False,1
1664.0,charge,20.532052959180508,20.9,20.532052959180533,20.60150414282805,335.42072215811584,0.0,396.2165000001856,0.0,20.9,29.964849162461917,21.210717921649916,21.507146054819998,21.377332005225128,2,4.319965906658334,charge,4.319965906658334,0.0,False,2
1665.0,charge,20.520529861417923,22.2,20.520529861417913,20.60600893619562,286.6874522831047,0.0,799.0734999999421,0.0,22.2,31.065001281920786,21.24018109374697,21.50205345055906,21.377614791329222,2,3.9848110477271548,charge,3.9848110477271548,0.0,False,2
1666.0,charge,20.555419526621016,23.3,20.555419526620994,20.664047858872436,324.3441378326221,0.0,1148.8065000007025,0.0,23.3,33.80982549555671,21.43991460763766,21.499015184614677,21.37788748499821,2,3.69729043941716,charge,3.69729043941716,0.0,False,2
1667.0,charge,20.614989662093524,24.1,20.614989662093535,20.750283823732047,399.25807042982,0.0,1401.1455000005058,0.0,24.1,36.991673820393146,21.70671467984147,21.49962723970856,21.378156729142518,2,3.3714784064870327,charge,3.3714784064870327,0.0,False,2
1668.0,charge,20.681191340260227,24.1,20.681191340260227,20.839053751753454,480.1985878579526,0.0,1525.1015000009759,0.0,24.1,39.67637929604513,21.956763853599057,21.5040852741721,21.37843108496469,2,2.9705457375459314,charge,2.9705457375459314,0.0,False,2
1669.0,charge,20.73825420082579,23.9,20.738254200825793,20.909629539997468,544.3861168063661,0.0,1485.2584999992978,0.0,23.9,41.285849493349644,22.131686917188233,21.51154689095688,21.37871830144121,2,2.4888299332028416,charge,2.4888299332028416,0.0,False,2
1670.0,charge,20.766256671261793,22.9,20.76625667126177,20.92896032136258,563.8592301155079,0.0,1062.4800000004047,0.0,22.9,39.968770420905855,22.103826577322764,21.519886130539703,21.379023011005756,2,1.9436885338279997,charge,1.9436885338279997,0.0,False,2
1671.0,charge,20.75494760032021,22.7,20.754947600320236,20.89914453369005,527.8114073417761,0.0,845.5569999994749,0.0,22.7,37.935918087176276,21.96248642600068,21.526529081269132,21.379343960683798,2,1.3802258567694414,charge,1.3802258567694414,0.0,False,2
1672.0,charge,20.723903458912243,22.6,20.72390345891222,20.84671774907588,469.42085604447755,0.0,615.3530000005076,0.0,22.6,35.36152892322815,21.765121245007492,21.530467032448314,21.379676089246857,2,0.8531660455808366,charge,0.8531660455808366,0.0,False,2
1673.0,charge,20.674570037892497,22.0,20.674570037892522,20.767921337414805,390.2160673936174,0.0,274.4739999997686,0.0,22.0,31.635949893264012,21.48075929302479,21.530746598178155,21.38001238876609,2,0.39021606739361736,charge,0.39021606739361736,0.0,False,2
1674.0,idle,20.413626093367252,21.3,,,0.0,0.0,0.0,0.0,21.3,31.635949893264012,21.48075929302479,21.530746598178155,21.38001238876609,1,0.0,idle,0.0,0.0,False,1
1675.0,idle,20.38754494535148,20.9,,,0.0,0.0,0.0,0.0,20.9,31.635949893264012,21.48075929302479,21.530746598178155,21.38001238876609,1,0.0,idle,0.0,0.0,False,1
1676.0,idle,20.370990589995408,20.6,,,0.0,0.0,0.0,0.0,20.6,31.635949893264012,21.48075929302479,21.530746598178155,21.38001238876609,1,0.0,idle,0.0,0.0,False,1
1677.0,idle,20.359139424266186,20.2,,,0.0,0.0,0.0,117.20204517928249,20.2,31.635949893264012,21.48075929302479,21.530746598178155,21.38001238876609,1,0.29724483415534986,idle,0.29724483415534986,0.0,False,1
1678.0,idle,20.350323722801253,19.5,,,0.0,0.0,0.0,479.95259335391745,19.5,31.635949893264012,21.48075929302479,21.530746598178155,21.38001238876609,1,0.5822313920788286,idle,0.5822313920788286,0.0,False,1
1679.0,idle,20.3432652915543,19.0,,,0.0,0.0,0.0,712.3476146650113,19.0,31.635949893264012,21.48075929302479,21.530746598178155,21.38001238876609,1,0.8904673004693409,idle,0.8904673004693409,0.0,False,1
1680.0,idle,20.33730905618786,18.8,,,0.0,0.0,0.0,800.4712251237902,18.8,31.635949893264012,21.48075929302479,21.530746598178155,21.38001238876609,1,1.2634843092172598,idle,1.2634843092172598,0.0,False,1
1681.0,idle,20.332502893247323,19.0,,,0.0,0.0,0.0,706.3480928204034,19.0,31.635949893264012,21.48075929302479,21.530746598178155,21.38001238876609,1,1.6991620531549454,idle,1.6991620531549454,0.0,False,1
1682.0,idle,20.328400965214172,18.7,,,0.0,0.0,0.0,840.7481520892013,18.7,31.635949893264012,21.48075929302479,21.530746598178155,21.38001238876609,1,2.1915176584523373,idle,2.1915176584523373,0.0,False,1
1683.0,idle,20.324890002993797,18.5,,,0.0,0.0,0.0,928.2127907241023,18.5,31.635949893264012,21.48075929302479,21.530746598178155,21.38001238876609,1,2.7039327905823094,idle,2.7039327905823094,0.0,False,1
1684.0,idle,20.321843582043673,18.6,,,0.0,0.0,0.0,882.153768204801,18.6,31.635949893264012,21.48075929302479,21.530746598178155,21.38001238876609,1,3.181792855923233,idle,3.181792855923233,0.0,False,1
1685.0,idle,20.319160418047204,18.5,,,0.0,0.0,0.0,925.3049613341608,18.5,31.635949893264012,21.48075929302479,21.530746598178155,21.38001238876609,1,3.6028764054998055,idle,3.6028764054998055,0.0,False,1
1686.0,idle,20.316748725475666,18.5,,,0.0,0.0,0.0,924.1147474228254,18.5,31.635949893264012,21.48075929302479,21.530746598178155,21.38001238876609,1,3.948393692516137,idle,3.948393692516137,0.0,False,1
1687.0,idle,20.314169852508826,19.8,,,0.0,0.0,0.0,307.8842485641406,19.8,31.635949893264012,21.48075929302479,21.530746598178155,21.38001238876609,1,3.948393692516137,idle,3.948393692516137,0.0,False,1
1688.0,charge,20.522922046985514,21.7,20.522922046985514,20.58847595333765,317.1371896566942,0.0,332.02499999998093,0.0,21.7,29.389682459906112,21.16353944384457,21.526056179892805,21.380343014628295,2,3.951835919741062,charge,3.951835919741062,0.0,False,2
1689.0,charge,20.511291462245534,23.2,20.511291462245538,20.591676506812234,270.2872881901832,0.0,774.7250000000946,0.0,23.2,30.404184902937743,21.188388825874767,21.519870684070554,21.380659939242605,2,3.6349701286110383,charge,3.6349701286110383,0.0,False,2
1690.0,charge,20.54306802058855,23.9,20.54306802058852,20.644604962730284,304.45707807415357,0.0,1082.401499999746,0.0,23.9,32.897171358107926,21.370189475472785,21.51558715771796,21.38096413163254,2,3.363921369785852,charge,3.363921369785852,0.0,False,2
1691.0,charge,20.594493818113243,24.3,20.59449381811322,20.717190840229023,368.5474567118382,0.0,1230.7060000010151,0.0,24.3,35.351452239794924,21.585813805780845,21.51446403807796,21.381261582167838,2,3.058199706548079,charge,3.058199706548079,0.0,False,2
1692.0,charge,20.648656458232136,24.1,20.648656458232153,20.7898720056437,433.5446685110806,0.0,1354.6619999999907,0.0,24.1,37.630513270796314,21.792721708758165,21.516474592555824,21.381559397649255,2,2.688287160146759,charge,2.688287160146759,0.0,False,2
1693.0,charge,20.699010351578202,23.7,20.69901035157818,20.85450008083899,491.0071796377279,0.0,1387.8644999993903,0.0,23.7,39.38004198979934,21.96427131286555,21.521215908311774,21.38186416693037,2,2.253407939894159,charge,2.253407939894159,0.0,False,2
1694.0,charge,20.727149344957954,23.5,20.72714934495798,20.876166074328864,513.8200447604193,0.0,949.5915000000923,0.0,23.5,38.27800209898254,21.950604720890283,21.527025282331522,21.38218051490759,2,1.7616428883920963,charge,1.7616428883920963,0.0,False,2
1695.0,charge,20.716897334047008,22.9,20.71689733404702,20.84820735451865,482.0756769899147,0.0,721.6009999998151,0.0,22.9,36.304338284796984,21.81631621491323,21.531359789915882,21.382507722519506,2,1.24818274035045,charge,1.24818274035045,0.0,False,2
1696.0,charge,20.68576623640111,22.6,20.685766236401093,20.79517565073388,424.2275563667312,0.0,513.5320000001132,0.0,22.6,33.65450969371193,21.6152053276478,21.533051716871853,21.382841062433272,2,0.7668621724263066,charge,0.7668621724263066,0.0,False,2
1697.0,charge,20.638241893189164,22.0,20.63824189318916,20.721778561059978,348.86883601239026,0.0,292.1820000000287,0.0,22.0,30.481816567020132,21.3618496779485,21.5313026904941,21.383173717761508,2,0.34886883601239027,charge,0.34886883601239027,0.0,False,2
1698.0,idle,20.40436011195374,21.0,,,0.0,0.0,0.0,0.0,21.0,30.481816567020132,21.3618496779485,21.5313026904941,21.383173717761508,1,0.0,idle,0.0,0.0,False,1
1699.0,idle,20.38075078754299,20.9,,,0.0,0.0,0.0,0.0,20.9,30.481816567020132,21.3618496779485,21.5313026904941,21.383173717761508,1,0.0,idle,0.0,0.0,False,1
1700.0,idle,20.365638361635877,20.6,,,0.0,0.0,0.0,0.0,20.6,30.481816567020132,21.3618496779485,21.5313026904941,21.383173717761508,1,0.0,idle,0.0,0.0,False,1
1701.0,idle,20.354830479141324,20.4,,,0.0,0.0,0.0,0.0,20.4,30.481816567020132,21.3618496779485,21.5313026904941,21.383173717761508,1,0.27240534538371286,idle,0.27240534538371286,0.0,False,1
1702.0,idle,20.3467687696542,20.2,,,0.0,0.0,0.0,107.46875137355501,20.2,30.481816567020132,21.3618496779485,21.5313026904941,21.383173717761508,1,0.5456586924853901,idle,0.5456586924853901,0.0,False,1
1703.0,idle,20.340490861501106,19.8,,,0.0,0.0,0.0,323.44804476742246,19.8,30.481816567020132,21.3618496779485,21.5313026904941,21.383173717761508,1,0.8518680336048436,idle,0.8518680336048436,0.0,False,1
1704.0,idle,20.335162301844267,19.5,,,0.0,0.0,0.0,470.842030274235,19.5,30.481816567020132,21.3618496779485,21.5313026904941,21.383173717761508,1,1.2372937927625105,idle,1.2372937927625105,0.0,False,1
1705.0,idle,20.330716921282967,19.6,,,0.0,0.0,0.0,418.8832864845764,19.6,30.481816567020132,21.3618496779485,21.5313026904941,21.383173717761508,1,1.705831541330247,idle,1.705831541330247,0.0,False,1
1706.0,idle,20.326910942131075,19.4,,,0.0,0.0,0.0,514.6938478776785,19.4,30.481816567020132,21.3618496779485,21.5313026904941,21.383173717761508,1,2.2391938669983045,idle,2.2391938669983045,0.0,False,1
1707.0,idle,20.323641723673504,19.1,,,0.0,0.0,0.0,655.150363111585,19.1,30.481816567020132,21.3618496779485,21.5313026904941,21.383173717761508,1,2.8049581025348447,idle,2.8049581025348447,0.0,False,1
1708.0,idle,20.32079383993465,18.9,,,0.0,0.0,0.0,746.0112839130983,18.9,30.481816567020132,21.3618496779485,21.5313026904941,21.383173717761508,1,3.3671160962288695,idle,3.3671160962288695,0.0,False,1
1709.0,idle,20.318275632294558,18.5,,,0.0,0.0,0.0,924.8393369256179,18.5,30.481816567020132,21.3618496779485,21.5313026904941,21.383173717761508,1,3.882813812781256,idle,3.882813812781256,0.0,False,1
1710.0,idle,20.316004856239942,18.6,,,0.0,0.0,0.0,879.1988836331223,18.6,30.481816567020132,21.3618496779485,21.5313026904941,21.383173717761508,1,4.312741238514482,idle,4.312741238514482,0.0,False,1
1711.0,idle,20.31457127014402,19.7,,,0.0,0.0,0.0,358.94208763865976,19.7,30.481816567020132,21.3618496779485,21.5313026904941,21.383173717761508,1,4.312741238514482,idle,4.312741238514482,0.0,False,1
1712.0,charge,20.50512695465993,21.4,20.505126954659943,20.567676322987268,289.86746709896005,0.0,385.149000000003,0.0,21.4,28.9546010794661,21.10944263870607,21.525427022150666,21.383497059861497,2,4.31573665898769,charge,4.31573665898769,0.0,False,2
1713.0,charge,20.502520515305886,22.6,20.50252051530589,20.58199335664841,259.3516461987664,0.0,781.365499999701,0.0,22.6,30.247792235246152,21.166557260306604,21.518776653096893,21.383804974907775,2,4.025929547822331,charge,4.025929547822331,0.0,False,2
1714.0,charge,20.5401399426106,23.5,20.540139942610608,20.643034649980052,302.42468389622354,0.0,1124.4579999996129,0.0,23.5,33.068552989765465,21.375171285483532,21.514433484043707,21.384099605503934,2,3.765681020447012,charge,3.765681020447012,0.0,False,2
1715.0,charge,20.601257144121895,24.2,20.601257144121917,20.731830359795424,380.35974858059717,0.0,1372.37000000033,0.0,24.2,36.40803837243567,21.65277089746047,21.513896159039916,21.384388002930166,2,3.461754835260973,charge,3.461754835260973,0.0,False,2
1716.0,charge,20.67010355523133,24.4,20.67010355523132,20.824686273168084,465.53187786292983,0.0,1498.539500000275,0.0,24.4,39.26477371223149,21.916789654084482,21.51741979605987,21.384679146865608,2,3.0796558135302687,charge,3.0796558135302687,0.0,False,2
1717.0,charge,20.729039636375074,23.8,20.72903963637509,20.897047407127047,532.4288215075422,0.0,1458.6964999986772,0.0,23.8,40.829967383752546,22.093191857221825,21.524087166733864,21.384981229709865,2,2.6125570017904978,charge,2.6125570017904978,0.0,False,2
1718.0,charge,20.767087986583068,23.6,20.76708798658308,20.937871778722013,566.7308136763138,0.0,1317.0324999994307,0.0,23.6,41.1898257457006,22.16681239968017,21.532348250884354,21.385299514072983,2,2.07910102883785,charge,2.07910102883785,0.0,False,2
1719.0,charge,20.77951522063907,23.2,20.77951522063904,20.940472635364358,564.5083526238571,0.0,1049.199000000647,0.0,23.2,39.93558621197178,22.112372368365413,21.54048549409646,21.38563566278583,2,1.511934181588164,charge,1.511934181588164,0.0,False,2
1720.0,charge,20.760593832452923,22.5,20.760593832452912,20.898691792862735,519.6578791243602,0.0,697.2524999998589,0.0,22.5,37.106662003116526,21.921494168038976,21.546516564034846,21.38598716448672,2,0.9478838370540494,charge,0.9478838370540494,0.0,False,2
1721.0,charge,20.710537798390114,21.8,20.710537798390135,20.81530024937058,434.79110673525093,0.0,301.03600000010084,0.0,21.8,33.00865097042305,21.6121356946407,21.548609225348685,21.38634720591392,2,0.43479110673525095,charge,0.43479110673525095,0.0,False,2
1722.0,idle,20.42163481389218,20.9,,,0.0,0.0,0.0,0.0,20.9,33.00865097042305,21.6121356946407,21.548609225348685,21.38634720591392,1,0.0,idle,0.0,0.0,False,1
1723.0,idle,20.39388635441019,20.7,,,0.0,0.0,0.0,0.0,20.7,33.00865097042305,21.6121356946407,21.548609225348685,21.38634720591392,1,0.0,idle,0.0,0.0,False,1
1724.0,idle,20.376410792913536,20.2,,,0.0,0.0,0.0,130.79633272077024,20.2,33.00865097042305,21.6121356946407,21.548609225348685,21.38634720591392,1,0.0,idle,0.0,0.0,False,1
1725.0,idle,20.363973884292424,19.6,,,0.0,0.0,0.0,439.3367380974988,19.6,33.00865097042305,21.6121356946407,21.548609225348685,21.38634720591392,1,0.3344304574359342,idle,0.3344304574359342,0.0,False,1
1726.0,idle,20.354774100492328,19.1,,,0.0,0.0,0.0,672.4011413270482,19.1,33.00865097042305,21.6121356946407,21.548609225348685,21.38634720591392,1,0.653541552883296,idle,0.653541552883296,0.0,False,1
1727.0,idle,20.347982998299088,18.9,,,0.0,0.0,0.0,760.2386089529867,18.9,33.00865097042305,21.6121356946407,21.548609225348685,21.38634720591392,1,0.9902902412472119,idle,0.9902902412472119,0.0,False,1
1728.0,idle,20.341629065653557,18.9,,,0.0,0.0,0.0,757.1384302656385,18.9,33.00865097042305,21.6121356946407,21.548609225348685,21.38634720591392,1,1.394691447218145,idle,1.394691447218145,0.0,False,1
1729.0,idle,20.33668154288167,18.8,,,0.0,0.0,0.0,799.7300155170084,18.8,33.00865097042305,21.6121356946407,21.548609225348685,21.38634720591392,1,1.8683628315315646,idle,1.8683628315315646,0.0,False,1
1730.0,idle,20.332469724592162,18.7,,,0.0,0.0,0.0,842.6272136985167,18.7,33.00865097042305,21.6121356946407,21.548609225348685,21.38634720591392,1,2.390790610491822,idle,2.390790610491822,0.0,False,1
1731.0,idle,20.328873271887986,18.3,,,0.0,0.0,0.0,1018.0708250784658,18.3,33.00865097042305,21.6121356946407,21.548609225348685,21.38634720591392,1,2.925651882073854,idle,2.925651882073854,0.0,False,1
1732.0,idle,20.325760569209773,18.4,,,0.0,0.0,0.0,972.604501955327,18.4,33.00865097042305,21.6121356946407,21.548609225348685,21.38634720591392,1,3.4342122286480303,idle,3.4342122286480303,0.0,False,1
1733.0,idle,20.323025775204442,18.3,,,0.0,0.0,0.0,1015.1353652663306,18.3,33.00865097042305,21.6121356946407,21.548609225348685,21.38634720591392,1,3.8844150830373714,idle,3.8844150830373714,0.0,False,1
1734.0,idle,20.320570781993617,18.0,,,0.0,0.0,0.0,1144.0777554975373,18.0,33.00865097042305,21.6121356946407,21.548609225348685,21.38634720591392,1,3.8844150830373714,idle,3.8844150830373714,0.0,False,1
1735.0,idle,20.31789065888894,18.5,,,0.0,0.0,0.0,924.7403927947324,18.5,33.00865097042305,21.6121356946407,21.548609225348685,21.38634720591392,1,3.8844150830373714,idle,3.8844150830373714,0.0,False,1
1736.0,charge,20.552033486819695,21.1,20.55203348681971,20.627495813474695,355.22063777889093,0.0,391.78950000007507,0.0,21.1,30.692606540655277,21.27959448653951,21.545355352279728,21.38670509663615,2,3.8880270836646798,charge,3.8880270836646798,0.0,False,2
1737.0,charge,20.539860737934276,23.0,20.539860737934305,20.629035962382602,303.7441404278583,0.0,792.4330000003712,0.0,23.0,31.47188647120055,21.29039990129496,21.540413165568623,21.387052208903356,2,3.5330943348391566,charge,3.5330943348391566,0.0,False,2
1738.0,charge,20.56982254988485,24.0,20.56982254988486,20.67910238001741,333.2145404329238,0.0,1137.7389999993704,0.0,24.0,33.87468797741815,21.462545902745603,21.537152051065334,21.387389023051583,2,3.228616058799874,charge,3.228616058799874,0.0,False,2
1739.0,charge,20.62339171328469,24.5,20.623391713284718,20.756898296940108,399.4000374830398,0.0,1367.9430000009002,0.0,24.5,36.77504883278618,21.70374635272526,21.53714726701122,21.387721303333137,2,2.8940493087161294,charge,2.8940493087161294,0.0,False,2
1740.0,charge,20.682730677816217,24.7,20.68273067781621,20.835492417594423,471.09597642761344,0.0,1418.8535000008937,0.0,24.7,39.02552696900875,21.919753308604356,21.54057037691325,21.388056742747153,2,2.493072079713886,charge,2.493072079713886,0.0,False,2
1741.0,charge,20.729860112066216,24.0,20.729860112066206,20.891173098407023,522.0051872899543,0.0,1325.8864999996865,0.0,24.0,40.00676631699923,22.04516706473919,21.546394497567462,21.388401975759393,2,2.020703455739215,charge,2.020703455739215,0.0,False,2
1742.0,charge,20.752903890601207,23.6,20.752903890601203,20.909330395785673,536.5435897935849,0.0,1097.8959999990743,0.0,23.6,39.3537877384947,22.04162119029104,21.552899567144948,21.388760496557154,2,1.4978897636482302,charge,1.4978897636482302,0.0,False,2
1743.0,charge,20.747339401798047,23.1,20.747339401798058,20.88846194284224,511.68574953185856,0.0,832.2759999999153,0.0,23.1,37.520777948722014,21.925678847903043,21.558246532806322,21.38913168082371,2,0.9614808169543754,charge,0.9614808169543754,0.0,False,2
1744.0,charge,20.71657378388803,22.7,20.71657378388801,20.833339902023226,453.8299726413974,0.0,493.610499999655,0.0,22.7,34.5069401643305,21.706820449073177,21.560923683383805,21.389511218939276,2,0.45382997264139735,charge,0.45382997264139735,0.0,False,2
1745.0,idle,20.41731480024986,22.2,,,0.0,0.0,0.0,0.0,22.2,34.5069401643305,21.706820449073177,21.560923683383805,21.389511218939276,1,0.0,idle,0.0,0.0,False,1
1746.0,idle,20.389756749531276,21.4,,,0.0,0.0,0.0,0.0,21.4,34.5069401643305,21.706820449073177,21.560923683383805,21.389511218939276,1,0.0,idle,0.0,0.0,False,1
1747.0,idle,20.373191719161067,20.9,,,0.0,0.0,0.0,0.0,20.9,34.5069401643305,21.706820449073177,21.560923683383805,21.389511218939276,1,0.0,idle,0.0,0.0,False,1
1748.0,idle,20.361103403763227,20.3,,,0.0,0.0,0.0,55.86183244555412,20.3,34.5069401643305,21.706820449073177,21.560923683383805,21.389511218939276,1,0.0,idle,0.0,0.0,False,1
1749.0,idle,20.352306219275807,19.4,,,0.0,0.0,0.0,529.3387654862428,19.4,34.5069401643305,21.706820449073177,21.560923683383805,21.389511218939276,1,0.36965320368918503,idle,0.36965320368918503,0.0,False,1
1750.0,idle,20.34541576190076,18.7,,,0.0,0.0,0.0,849.6479715708324,18.7,34.5069401643305,21.706820449073177,21.560923683383805,21.389511218939276,1,0.7093862911512653,idle,0.7093862911512653,0.0,False,1
1751.0,idle,20.339867033142024,18.7,,,0.0,0.0,0.0,846.5528700694255,18.7,34.5069401643305,21.706820449073177,21.560923683383805,21.389511218939276,1,1.054815348111212,idle,1.054815348111212,0.0,False,1
1752.0,idle,20.335064098846235,18.5,,,0.0,0.0,0.0,933.2941735384225,18.5,34.5069401643305,21.706820449073177,21.560923683383805,21.389511218939276,1,1.45642013116724,idle,1.45642013116724,0.0,False,1
1753.0,idle,20.331066905765425,18.1,,,0.0,0.0,0.0,1106.153761108677,18.1,34.5069401643305,21.706820449073177,21.560923683383805,21.389511218939276,1,1.9261785241769456,idle,1.9261785241769456,0.0,False,1
1754.0,idle,20.327630383690305,17.9,,,0.0,0.0,0.0,1190.41119131063,17.9,34.5069401643305,21.706820449073177,21.560923683383805,21.389511218939276,1,2.4571145937118266,idle,2.4571145937118266,0.0,False,1
1755.0,idle,20.324663000098624,17.7,,,0.0,0.0,0.0,1274.048731759907,17.7,34.5069401643305,21.706820449073177,21.560923683383805,21.389511218939276,1,3.022005366712217,idle,3.022005366712217,0.0,False,1
1756.0,idle,20.322055404973927,17.6,,,0.0,0.0,0.0,1315.040782979048,17.6,34.5069401643305,21.706820449073177,21.560923683383805,21.389511218939276,1,3.581684620592346,idle,3.581684620592346,0.0,False,1
1757.0,idle,20.31970432656992,17.5,,,0.0,0.0,0.0,1355.9992240695424,17.5,34.5069401643305,21.706820449073177,21.560923683383805,21.389511218939276,1,4.094537892642537,idle,4.094537892642537,0.0,False,1
1758.0,idle,20.317605279611865,17.5,,,0.0,0.0,0.0,1355.012609771414,17.5,34.5069401643305,21.706820449073177,21.560923683383805,21.389511218939276,1,4.52123882192572,idle,4.52123882192572,0.0,False,1
1759.0,idle,20.31524985163934,18.2,,,0.0,0.0,0.0,1055.2151227764355,18.2,34.5069401643305,21.706820449073177,21.560923683383805,21.389511218939276,1,4.52123882192572,idle,4.52123882192572,0.0,False,1
1760.0,charge,20.57179455029379,21.1,20.571794550293816,20.656885226776183,388.64233387035785,0.0,371.86800000019525,0.0,21.1,31.64698912247212,21.370652106871546,21.558933624205736,21.389890895132794,2,4.524482740215666,charge,4.524482740215666,0.0,False,2
1761.0,charge,20.555015658497588,22.0,20.55501565849761,20.648252430854427,326.44161560219,0.0,757.0170000005024,0.0,22.0,31.932178935784407,21.342054375655778,21.554746333533387,21.39026205849757,2,4.136227397129471,charge,4.136227397129471,0.0,False,2
1762.0,charge,20.576902178764158,22.7,20.576902178764158,20.685873754720433,342.31677973718394,0.0,1064.6934999994196,0.0,22.7,33.822149175500954,21.471827061466854,21.551617127673865,21.390623860753863,2,3.8092666184712622,charge,3.8092666184712622,0.0,False,2
1763.0,charge,20.62264053340783,23.3,20.622640533407832,20.75347921750972,396.9294987110112,0.0,1305.9649999998635,0.0,23.3,36.47544564932309,21.68549861560325,21.55121743543185,21.39098073558756,2,3.4658318242250816,charge,3.4658318242250816,0.0,False,2
1764.0,charge,20.67995786367258,23.9,20.6799578636726,20.832362752692575,466.667739745111,0.0,1467.5504999989132,0.0,23.9,39.062181655067604,21.915455118830835,21.55416916043538,21.39133963655729,2,3.067461805388515,charge,3.067461805388515,0.0,False,2
1765.0,charge,20.734378417627617,23.4,20.734378417627624,20.90157412383354,529.3783823691851,0.0,1469.764000000385,0.0,23.4,40.808740344744706,22.094606766724098,21.560078296879283,21.391707747910857,2,2.5993528385635543,charge,2.5993528385635543,0.0,False,2
1766.0,charge,20.772192935275427,23.4,20.772192935275427,20.942378149812214,565.3736485087522,0.0,1290.4705000008307,0.0,23.4,41.101044438327165,22.166918946229544,21.5676607753104,21.392090337575098,2,2.0689552858275126,charge,2.0689552858275126,0.0,False,2
1767.0,charge,20.78295619566397,23.2,20.782956195663985,20.94289497787861,562.1367182507537,0.0,1038.1314999993328,0.0,23.2,39.81481730767314,22.108265290632914,21.57507091045926,21.39248909029186,2,1.5032042213900114,charge,1.5032042213900114,0.0,False,2
1768.0,charge,20.76294543399321,22.5,20.762945433993195,20.900066948190613,516.6969483592692,0.0,683.9715000004501,0.0,22.5,36.9909338612224,21.916323605559,21.58035497679498,21.392901409763738,2,0.9415516750964179,charge,0.9415516750964179,0.0,False,2
1769.0,charge,20.712624010392172,21.7,20.712624010392176,20.816256019305968,431.4546756458771,0.0,287.7549999999055,0.0,21.7,32.85720476585777,21.604873012724227,21.581700429621094,21.393320477000657,2,0.4314546756458771,charge,0.4314546756458771,0.0,False,2
1770.0,idle,20.425466265823033,20.6,,,0.0,0.0,0.0,81.38978481252958,20.6,32.85720476585777,21.604873012724227,21.581700429621094,21.393320477000657,1,0.0,idle,0.0,0.0,False,1
1771.0,idle,20.39762202829812,20.2,,,0.0,0.0,0.0,149.21988309127389,20.2,32.85720476585777,21.604873012724227,21.581700429621094,21.393320477000657,1,0.0,idle,0.0,0.0,False,1
1772.0,idle,20.3800076141299,19.5,,,0.0,0.0,0.0,498.674445847899,19.5,32.85720476585777,21.604873012724227,21.581700429621094,21.393320477000657,1,0.0,idle,0.0,0.0,False,1
1773.0,idle,20.367461186999513,19.1,,,0.0,0.0,0.0,679.8440188743183,19.1,32.85720476585777,21.604873012724227,21.581700429621094,21.393320477000657,1,0.32868125756780214,idle,0.32868125756780214,0.0,False,1
1774.0,idle,20.35816790216172,18.8,,,0.0,0.0,0.0,811.4203964164367,18.8,32.85720476585777,21.604873012724227,21.581700429621094,21.393320477000657,1,0.6294052985973299,idle,0.6294052985973299,0.0,False,1
1775.0,idle,20.35159841321454,18.2,,,0.0,0.0,0.0,1072.8455127198354,18.2,32.85720476585777,21.604873012724227,21.581700429621094,21.393320477000657,1,0.9049618245044132,idle,0.9049618245044132,0.0,False,1
1776.0,idle,20.345210570551,17.6,,,0.0,0.0,0.0,1326.3867747800439,17.6,32.85720476585777,21.604873012724227,21.581700429621094,21.393320477000657,1,1.1881270787820988,idle,1.1881270787820988,0.0,False,1
1777.0,idle,20.340143982017377,17.8,,,0.0,0.0,0.0,1239.0792426249664,17.8,32.85720476585777,21.604873012724227,21.581700429621094,21.393320477000657,1,1.5275392408708002,idle,1.5275392408708002,0.0,False,1
1778.0,idle,20.33581753080545,17.6,,,0.0,0.0,0.0,1321.5635576307025,17.6,32.85720476585777,21.604873012724227,21.581700429621094,21.393320477000657,1,1.9463588623848285,idle,1.9463588623848285,0.0,False,1
1779.0,idle,20.332115655167907,17.5,,,0.0,0.0,0.0,1361.7723222776904,17.5,32.85720476585777,21.604873012724227,21.581700429621094,21.393320477000657,1,2.3589645067104166,idle,2.3589645067104166,0.0,False,1
1780.0,idle,20.328903184385666,17.4,,,0.0,0.0,0.0,1402.0703661889354,17.4,32.85720476585777,21.604873012724227,21.581700429621094,21.393320477000657,1,2.715662566656952,idle,2.715662566656952,0.0,False,1
1781.0,idle,20.326073220641458,17.3,,,0.0,0.0,0.0,1442.4045747952678,17.3,32.85720476585777,21.604873012724227,21.581700429621094,21.393320477000657,1,3.050560139057124,idle,3.050560139057124,0.0,False,1
1782.0,idle,20.323529101758737,17.3,,,0.0,0.0,0.0,1441.2275875814266,17.3,32.85720476585777,21.604873012724227,21.581700429621094,21.393320477000657,1,3.330702431629578,idle,3.330702431629578,0.0,False,1
1783.0,idle,20.320705789085675,18.5,,,0.0,0.0,0.0,926.0525206447794,18.5,32.85720476585777,21.604873012724227,21.581700429621094,21.393320477000657,1,3.330702431629578,idle,3.330702431629578,0.0,False,1
1784.0,charge,20.55106654124447,21.1,20.551066541244495,20.62398799237087,349.87287773681436,0.0,363.0139999999674,0.0,21.1,30.36976449228979,21.259243573931656,21.57759370197033,21.393735513322383,2,3.334314272980547,charge,3.334314272980547,0.0,False,2
1785.0,charge,20.53022938061379,22.3,20.530229380613775,20.60945895121324,286.1740992863334,0.0,604.2855000001838,0.0,22.3,30.108280171001127,21.202606160675714,21.571239694264534,21.394137279241647,2,2.9849167102032257,charge,2.9849167102032257,0.0,False,2
1786.0,charge,20.531824517951094,22.4,20.531824517951122,20.610960868807922,274.8552345572951,0.0,573.2964999998167,0.0,22.4,29.87857476516126,21.18928000003382,21.564684084288956,21.394523709667055,2,2.698705103017602,charge,2.698705103017602,0.0,False,2
1787.0,charge,20.54168547531423,23.3,20.54168547531424,20.628611370208716,280.92655695108544,0.0,816.7815000004077,0.0,23.3,31.04728760439707,21.259925882904668,21.558652338694685,21.394895049703052,2,2.423609999888998,charge,2.423609999888998,0.0,False,2
1788.0,charge,20.582464853752416,24.6,20.582464853752413,20.699239268977692,334.8261856872135,0.0,1356.8754999993535,0.0,24.6,35.00970304950545,21.532082080880684,21.5553381662192,21.395254632077865,2,2.14165929245439,charge,2.14165929245439,0.0,False,2
1789.0,charge,20.64304338700228,23.0,20.643043387002308,20.77748160150486,414.879673875872,0.0,1257.267999999511,0.0,23.0,36.573097911042396,21.72603648457033,21.555852372489483,21.395610597036637,2,1.805237608137558,charge,1.805237608137558,0.0,False,2
1790.0,charge,20.65530772465552,22.0,20.65530772465553,20.765741544894297,416.9547303049775,0.0,380.72200000031285,0.0,22.0,33.13166145663905,21.5653961299858,21.556489292366166,21.395968032211783,2,1.3900297058586057,charge,1.3900297058586057,0.0,False,2
1791.0,charge,20.626074689327876,23.0,20.62607468932788,20.725083207061346,361.41110221087723,0.0,692.8254999997308,0.0,23.0,32.72214868236216,21.46905864058624,21.554651939961957,21.396323048820193,2,0.9740993866787998,charge,0.9740993866787998,0.0,False,2
1792.0,charge,20.61095488767683,22.4,20.610954887676826,20.700623784448567,334.0725479462811,0.0,506.8914999999186,0.0,22.4,31.19210654565262,21.366323761418528,21.551684589778404,21.396671997858107,2,0.6130548380919622,charge,0.6130548380919622,0.0,False,2
1793.0,charge,20.57889692361509,21.1,20.578896923615105,20.64690014201767,283.1879467018229,0.0,230.20400000008254,0.0,21.1,28.414869811221934,21.163417726264413,21.546461877789113,21.39701132748195,2,0.2831879467018229,charge,0.2831879467018229,0.0,False,2
1794.0,idle,20.389544551961052,20.2,,,0.0,0.0,0.0,234.8026623224848,20.2,28.414869811221934,21.163417726264413,21.546461877789113,21.39701132748195,1,0.0,idle,0.0,0.0,False,1
1795.0,idle,20.370248515693003,20.4,,,0.0,0.0,0.0,0.0,20.4,28.414869811221934,21.163417726264413,21.546461877789113,21.39701132748195,1,0.0,idle,0.0,0.0,False,1
1796.0,idle,20.358079012424664,19.1,,,0.0,0.0,0.0,675.3152495358534,19.1,28.414869811221934,21.163417726264413,21.546461877789113,21.39701132748195,1,0.0,idle,0.0,0.0,False,1
1797.0,idle,20.349205982365387,18.8,,,0.0,0.0,0.0,807.1773174625176,18.8,28.414869811221934,21.163417726264413,21.546461877789113,21.39701132748195,1,0.0,idle,0.0,0.0,False,1
1798.0,idle,20.342542613720287,19.2,,,0.0,0.0,0.0,618.7654064467329,19.2,28.414869811221934,21.163417726264413,21.546461877789113,21.39701132748195,1,0.2237540022383628,idle,0.2237540022383628,0.0,False,1
1799.0,idle,20.337246194521377,19.1,,,0.0,0.0,0.0,662.4339922738195,19.1,28.414869811221934,21.163417726264413,21.546461877789113,21.39701132748195,1,0.4544997786261066,idle,0.4544997786261066,0.0,False,1
1800.0,idle,20.332869107276082,18.5,,,0.0,0.0,0.0,932.1330589893065,18.5,28.414869811221934,21.163417726264413,21.546461877789113,21.39701132748195,1,0.6968003674018872,idle,0.6968003674018872,0.0,False,1
1801.0,idle,20.329160168910615,19.3,,,0.0,0.0,0.0,563.6977593304107,19.3,28.414869811221934,21.163417726264413,21.546461877789113,21.39701132748195,1,0.9701794206207932,idle,0.9701794206207932,0.0,False,1
1802.0,idle,20.325961266338822,18.5,,,0.0,0.0,0.0,928.5493692922406,18.5,28.414869811221934,21.163417726264413,21.546461877789113,21.39701132748195,1,1.2557516198242142,idle,1.2557516198242142,0.0,False,1
1803.0,idle,20.32319738992825,18.3,,,0.0,0.0,0.0,1015.2231942260881,18.3,28.414869811221934,21.163417726264413,21.546461877789113,21.39701132748195,1,1.5082860278743473,idle,1.5082860278743473,0.0,False,1
1804.0,idle,20.320776810069308,17.8,,,0.0,0.0,0.0,1229.7152667983191,17.8,28.414869811221934,21.163417726264413,21.546461877789113,21.39701132748195,1,1.5082860278743473,idle,1.5082860278743473,0.0,False,1
1805.0,idle,20.318623343106392,17.7,,,0.0,0.0,0.0,1271.1462190377993,17.7,28.414869811221934,21.163417726264413,21.546461877789113,21.39701132748195,1,1.5082860278743473,idle,1.5082860278743473,0.0,False,1
1806.0,idle,20.31667240040955,17.8,,,0.0,0.0,0.0,1227.76826070828,17.8,28.414869811221934,21.163417726264413,21.546461877789113,21.39701132748195,1,1.5082860278743473,idle,1.5082860278743473,0.0,False,1
1807.0,idle,20.31487435375591,18.9,,,0.0,0.0,0.0,742.8209681402735,18.9,28.414869811221934,21.163417726264413,21.546461877789113,21.39701132748195,1,1.5082860278743473,idle,1.5082860278743473,0.0,False,1
1808.0,idle,20.312607632225003,21.1,,,0.0,0.0,0.0,0.0,21.1,28.414869811221934,21.163417726264413,21.546461877789113,21.39701132748195,1,1.5082860278743473,idle,1.5082860278743473,0.0,False,1
1809.0,charge,20.468905061295832,22.2,20.468905061295857,20.521967917869688,238.18309956158024,0.0,378.5085000002512,0.0,22.2,27.655725114579752,20.979901485349956,21.538032074717307,21.397334576809897,2,1.5109601713097056,charge,1.5109601713097056,0.0,False,2
1810.0,charge,20.47042956334509,23.5,20.47042956334508,20.537262947406873,218.770158100592,0.0,608.712500000286,0.0,23.5,28.527245920025734,21.026199356793313,21.52929892498622,21.39763747097686,2,1.2727370828972306,charge,1.2727370828972306,0.0,False,2
1811.0,charge,20.49244738128938,24.3,20.492447381289367,20.569052965415892,240.74735559809358,0.0,690.6120000002738,0.0,24.3,29.584160768372328,21.116951549094438,21.521891807060967,21.3979216550523,2,1.053371593920407,charge,1.053371593920407,0.0,False,2
1812.0,charge,20.519753646421382,25.2,20.519753646421407,20.60678266000741,271.21862352288696,0.0,790.2194999997391,0.0,25.2,30.89740702461353,21.22813861709386,21.51613534721338,21.39819052754882,2,0.8116606950297232,charge,0.8116606950297232,0.0,False,2
1813.0,charge,20.536379343344816,21.0,20.536379343344834,20.618384858420086,286.0127000598095,0.0,615.3530000005076,0.0,21.0,29.967330232555184,21.208259931110376,21.511237083907872,21.398447344920783,2,0.5400375283201013,charge,0.5400375283201013,0.0,False,2
1814.0,charge,20.522299795802727,19.6,20.522299795802724,20.587484378894032,255.87203634212668,0.0,374.08150000014956,517.4274168061903,19.6,27.98857074195456,21.0726446446227,21.505100278693533,21.398691612761297,2,0.2558720363421267,charge,0.2558720363421267,0.0,False,2
1815.0,idle,20.354309026597726,19.3,,,0.0,0.0,0.0,652.9995442018982,19.3,27.98857074195456,21.0726446446227,21.505100278693533,21.398691612761297,1,0.0,idle,0.0,0.0,False,1
1816.0,idle,20.33897686237248,18.7,,,0.0,0.0,0.0,850.5472988833537,18.7,27.98857074195456,21.0726446446227,21.505100278693533,21.398691612761297,1,0.0,idle,0.0,0.0,False,1
1817.0,idle,20.329807967356533,19.2,,,0.0,0.0,0.0,613.9528534636408,19.2,27.98857074195456,21.0726446446227,21.505100278693533,21.398691612761297,1,0.0,idle,0.0,0.0,False,1
1818.0,idle,20.32351720646925,18.6,,,0.0,0.0,0.0,884.3498745141004,18.6,27.98857074195456,21.0726446446227,21.505100278693533,21.398691612761297,1,0.0,idle,0.0,0.0,False,1
1819.0,idle,20.319399076494275,18.7,,,0.0,0.0,0.0,836.7053877977464,18.7,27.98857074195456,21.0726446446227,21.505100278693533,21.398691612761297,1,0.0,idle,0.0,0.0,False,1
1820.0,idle,20.315846039678068,18.1,,,0.0,0.0,0.0,1099.3802586618774,18.1,27.98857074195456,21.0726446446227,21.505100278693533,21.398691612761297,1,0.0,idle,0.0,0.0,False,1
1821.0,idle,20.31310624331102,17.8,,,0.0,0.0,0.0,1226.5858446527548,17.8,27.98857074195456,21.0726446446227,21.505100278693533,21.398691612761297,1,0.2063809799148239,idle,0.2063809799148239,0.0,False,1
1822.0,idle,20.31078286000489,18.0,,,0.0,0.0,0.0,1139.8102527897454,18.0,27.98857074195456,21.0726446446227,21.505100278693533,21.398691612761297,1,0.4130141094461208,idle,0.4130141094461208,0.0,False,1
1823.0,idle,20.309251594773126,17.7,,,0.0,0.0,0.0,1266.9120210539968,17.7,27.98857074195456,21.0726446446227,21.505100278693533,21.398691612761297,1,0.6649390358633104,idle,0.6649390358633104,0.0,False,1
1824.0,idle,20.307093754045155,17.4,,,0.0,0.0,0.0,1392.5177869815525,17.4,27.98857074195456,21.0726446446227,21.505100278693533,21.398691612761297,1,0.988016704980463,idle,0.988016704980463,0.0,False,1
1825.0,idle,20.305620368525204,17.0,,,0.0,0.0,0.0,1557.446700862712,17.0,27.98857074195456,21.0726446446227,21.505100278693533,21.398691612761297,1,1.360604953085347,idle,1.360604953085347,0.0,False,1
1826.0,idle,20.304328300684816,16.8,,,0.0,0.0,0.0,1638.791607946133,16.8,27.98857074195456,21.0726446446227,21.505100278693533,21.398691612761297,1,1.7670431375418798,idle,1.7670431375418798,0.0,False,1
1827.0,idle,20.30314498007037,17.2,,,0.0,0.0,0.0,1473.7231379334648,17.2,27.98857074195456,21.0726446446227,21.505100278693533,21.398691612761297,1,2.197719187668781,idle,2.197719187668781,0.0,False,1
1828.0,idle,20.30208519284123,17.3,,,0.0,0.0,0.0,1431.6865341169337,17.3,27.98857074195456,21.0726446446227,21.505100278693533,21.398691612761297,1,2.6299012200939935,idle,2.6299012200939935,0.0,False,1
1829.0,idle,20.301107978830125,17.4,,,0.0,0.0,0.0,1389.5217172154473,17.4,27.98857074195456,21.0726446446227,21.505100278693533,21.398691612761297,1,3.0268518817164063,idle,3.0268518817164063,0.0,False,1
1830.0,idle,20.30019445194151,17.1,,,0.0,0.0,0.0,1513.7680384007635,17.1,27.98857074195456,21.0726446446227,21.505100278693533,21.398691612761297,1,3.0268518817164063,idle,3.0268518817164063,0.0,False,1
1831.0,idle,20.298805823315448,17.5,,,0.0,0.0,0.0,1346.8213910591812,17.5,27.98857074195456,21.0726446446227,21.505100278693533,21.398691612761297,1,3.0268518817164063,idle,3.0268518817164063,0.0,False,1
1832.0,charge,20.44236065285787,19.2,20.44236065285787,20.490627386833523,216.86842604263524,0.0,314.31699999987774,594.9998088315159,19.2,26.61192852784592,20.893980356701434,21.49643535108521,21.398918935128222,2,3.028636354265202,charge,3.028636354265202,0.0,False,2
1833.0,charge,20.443260620482185,20.9,20.443260620482192,20.506293776313044,197.9591656328568,0.0,712.7469999996216,0.0,20.9,28.189052704612834,20.968375953780935,21.487438483562187,21.399125449454175,2,2.8117471779579706,charge,2.8117471779579706,0.0,False,2
1834.0,charge,20.483522675472706,21.9,20.483522675472727,20.571581849138624,247.5926267833144,0.0,1046.9854999995464,0.0,21.9,31.201514770010988,21.19346993341935,21.481066633125238,21.399314049086456,2,2.6128253241260824,charge,2.6128253241260824,0.0,False,2
1835.0,charge,20.5400105935248,21.8,20.540010593524812,20.64838786152859,319.298471927939,0.0,1097.8959999990743,0.0,21.8,33.447475313052166,21.40875681954941,21.478230200551934,21.399492065930076,2,2.3638376529889404,charge,2.3638376529889404,0.0,False,2
1836.0,charge,20.586389113841825,21.5,20.586389113841847,20.704743134716125,372.0654961778262,0.0,1029.2774999992441,0.0,21.5,34.618952916032356,21.544101183459418,21.477982409961044,21.399666488500316,2,2.0433233525622936,charge,2.0433233525622936,0.0,False,2
1837.0,charge,20.6209473441589,21.5,20.62094734415888,20.747712824134283,406.46109662378626,0.0,1120.030999999489,0.0,21.5,35.82066136272556,21.656332693114678,21.479447430034327,21.399841930369178,2,1.6703327952925235,charge,1.6703327952925235,0.0,False,2
1838.0,charge,20.648250320952634,22.1,20.648250320952627,20.777879430109635,430.71319809322114,0.0,993.8615000004237,0.0,22.1,36.094441643578136,21.711477059417007,21.482126227008052,21.400021757135733,2,1.2629178419951148,charge,1.2629178419951148,0.0,False,2
1839.0,charge,20.65888202975606,21.5,20.658882029756057,20.784559499545026,433.75892073502905,0.0,849.9839999995584,0.0,21.5,35.64553139676502,21.69916393925888,21.48497884167483,21.400207508755784,2,0.8319476784118311,charge,0.8319476784118311,0.0,False,2
1840.0,charge,20.645451544911314,21.2,20.64545154491134,20.74903027494895,399.95030734758626,0.0,416.13799999995763,0.0,21.2,32.646997095929066,21.51487452996969,21.486313576178134,21.40039797685114,2,0.39995030734758624,charge,0.39995030734758624,0.0,False,2
1841.0,idle,20.38431453260118,20.3,,,0.0,0.0,0.0,216.5978030149,20.3,32.646997095929066,21.51487452996969,21.486313576178134,21.40039797685114,1,0.0,idle,0.0,0.0,False,1
1842.0,idle,20.3613526430498,18.7,,,0.0,0.0,0.0,864.0043627115496,18.7,32.646997095929066,21.51487452996969,21.486313576178134,21.40039797685114,1,0.0,idle,0.0,0.0,False,1
1843.0,idle,20.347684332084935,19.8,,,0.0,0.0,0.0,330.96964032883454,19.8,32.646997095929066,21.51487452996969,21.486313576178134,21.40039797685114,1,0.0,idle,0.0,0.0,False,1
1844.0,idle,20.337742487814836,18.9,,,0.0,0.0,0.0,757.0020451236686,18.9,32.646997095929066,21.51487452996969,21.486313576178134,21.40039797685114,1,0.0,idle,0.0,0.0,False,1
1845.0,idle,20.330548405816216,18.2,,,0.0,0.0,0.0,1063.972981576421,18.2,32.646997095929066,21.51487452996969,21.486313576178134,21.40039797685114,1,0.31073131962046513,idle,0.31073131962046513,0.0,False,1
1846.0,idle,20.324932177933967,18.4,,,0.0,0.0,0.0,973.3421032820246,18.4,32.646997095929066,21.51487452996969,21.486313576178134,21.40039797685114,1,0.5637217013046797,idle,0.5637217013046797,0.0,False,1
1847.0,idle,20.32041435395176,18.4,,,0.0,0.0,0.0,970.8688242607315,18.4,32.646997095929066,21.51487452996969,21.486313576178134,21.40039797685114,1,0.7969026074301526,idle,0.7969026074301526,0.0,False,1
1848.0,idle,20.316503353428384,18.5,,,0.0,0.0,0.0,924.6710034649697,18.5,32.646997095929066,21.51487452996969,21.486313576178134,21.40039797685114,1,1.0682807772606728,idle,1.0682807772606728,0.0,False,1
1849.0,idle,20.31324060943958,18.5,,,0.0,0.0,0.0,922.9358916226254,18.5,32.646997095929066,21.51487452996969,21.486313576178134,21.40039797685114,1,1.4060233077195845,idle,1.4060233077195845,0.0,False,1
1850.0,idle,20.310438580847126,18.3,,,0.0,0.0,0.0,1009.6542032621801,18.3,32.646997095929066,21.51487452996969,21.486313576178134,21.40039797685114,1,1.8116299269342773,idle,1.8116299269342773,0.0,False,1
1851.0,idle,20.308018079890235,18.4,,,0.0,0.0,0.0,964.4818898089783,18.4,32.646997095929066,21.51487452996969,21.486313576178134,21.40039797685114,1,2.2559623884061972,idle,2.2559623884061972,0.0,False,1
1852.0,idle,20.305890410757787,18.5,,,0.0,0.0,0.0,919.1697784832679,18.5,32.646997095929066,21.51487452996969,21.486313576178134,21.40039797685114,1,2.697402490557827,idle,2.697402490557827,0.0,False,1
1853.0,idle,20.303968549551143,18.6,,,0.0,0.0,0.0,873.6620644824037,18.6,32.646997095929066,21.51487452996969,21.486313576178134,21.40039797685114,1,3.0984622267129094,idle,3.0984622267129094,0.0,False,1
1854.0,idle,20.302251895862618,17.9,,,0.0,0.0,0.0,1178.8150271786235,17.9,32.646997095929066,21.51487452996969,21.486313576178134,21.40039797685114,1,3.4210953957759385,idle,3.4210953957759385,0.0,False,1
1855.0,idle,20.300713085604293,17.8,,,0.0,0.0,0.0,1220.795850210063,17.8,32.646997095929066,21.51487452996969,21.486313576178134,21.40039797685114,1,3.4210953957759385,idle,3.4210953957759385,0.0,False,1
1856.0,charge,20.517119758703632,19.1,20.517119758703643,20.58324369861532,327.5671950626427,0.0,270.04700000018795,642.9169118797391,19.1,28.947148903979894,21.146942502899265,21.48297898652794,21.40058619842256,2,3.4241841001597333,charge,3.4241841001597333,0.0,False,2
1857.0,charge,20.48226503578328,19.4,20.482265035783257,20.54482342892868,243.85136193755696,0.0,537.8805000003099,603.6511823398332,19.4,28.047125366190187,21.02434823490188,21.4763870353367,21.40076230587033,2,3.0974693713183283,charge,3.0974693713183283,0.0,False,2
1858.0,charge,20.481145026638337,20.6,20.48114502663833,20.55146307462934,231.01636731148105,0.0,805.713999999488,0.0,20.6,29.03081015281333,21.067880715275237,21.46953753606448,21.40092264190224,2,2.8536458610123763,charge,2.8536458610123763,0.0,False,2
1859.0,charge,20.509910098146396,21.4,20.509910098146406,20.59997139679598,266.8445660419837,0.0,1117.817500000574,0.0,21.4,31.47886301920164,21.243485124871427,21.464592697872718,21.401069172899895,2,2.62189948370019,charge,2.62189948370019,0.0,False,2
1860.0,charge,20.560782145069165,22.0,20.56078214506914,20.67478066400804,333.83103038134533,0.0,1341.3810000007427,0.0,22.0,34.33908430374157,21.48042425409676,21.46292250766419,21.401207890867397,2,2.3537349979735467,charge,2.3537349979735467,0.0,False,2
1861.0,charge,20.61635328459454,22.2,20.61635328459454,20.74827751946526,403.24492894159647,0.0,1370.1565000003227,0.0,22.2,36.40668391485127,21.682119168406416,21.4645732408203,21.401346404934657,2,2.018392945789656,charge,2.018392945789656,0.0,False,2
1862.0,charge,20.655669825161766,22.2,20.655669825161795,20.790987092448347,444.6550352480325,0.0,1177.5820000003441,0.0,22.2,36.68556927293861,21.758898002494732,21.468196840208293,21.401490829734087,2,1.6140678804238733,charge,1.6140678804238733,0.0,False,2
1863.0,charge,20.66755091002663,21.9,20.667550910026648,20.79409480008178,443.79440691364016,0.0,958.4455000003094,0.0,21.9,35.64063514801762,21.714078237829426,21.471829699324644,21.401643317590924,2,1.1689923737254369,charge,1.1689923737254369,0.0,False,2
1864.0,charge,20.650513473586056,21.4,20.650513473586045,20.75644928561485,404.5626281842113,0.0,624.2069999996781,0.0,21.4,33.08437680952113,21.54240947360995,21.473681472375915,21.401801893468246,2,0.7256126048759781,charge,0.7256126048759781,0.0,False,2
1865.0,charge,20.60456856480582,20.5,20.604568564805845,20.679733454631958,327.0774353815068,0.0,247.91199999985852,104.84727236241946,20.5,29.296249489534546,21.257193982232934,21.472006980470894,21.40196059550061,2,0.3270774353815068,charge,0.3270774353815068,0.0,False,2
1866.0,idle,20.386669516373065,19.5,,,0.0,0.0,0.0,597.7240430308232,19.5,29.296249489534546,21.257193982232934,21.472006980470894,21.40196059550061,1,0.0,idle,0.0,0.0,False,1
1867.0,idle,20.36515052560097,19.2,,,0.0,0.0,0.0,636.3451827335824,19.2,29.296249489534546,21.257193982232934,21.472006980470894,21.40196059550061,1,0.0,idle,0.0,0.0,False,1
1868.0,idle,20.351771222323812,18.5,,,0.0,0.0,0.0,944.4848499194454,18.5,29.296249489534546,21.257193982232934,21.472006980470894,21.40196059550061,1,0.0,idle,0.0,0.0,False,1
1869.0,idle,20.342142238326552,17.9,,,0.0,0.0,0.0,1199.260122545388,17.9,29.296249489534546,21.257193982232934,21.472006980470894,21.40196059550061,1,0.23448273275827058,idle,0.23448273275827058,0.0,False,1
1870.0,idle,20.33500547404082,17.1,,,0.0,0.0,0.0,1530.7004156394323,17.1,29.296249489534546,21.257193982232934,21.472006980470894,21.40196059550061,1,0.45815484277386737,idle,0.45815484277386737,0.0,False,1
1871.0,idle,20.329342360505237,16.5,,,0.0,0.0,0.0,1772.488376883882,16.5,29.296249489534546,21.257193982232934,21.472006980470894,21.40196059550061,1,0.7138229989184337,idle,0.7138229989184337,0.0,False,1
1872.0,idle,20.324616887998403,16.2,,,0.0,0.0,0.0,1890.7292414680498,16.2,29.296249489534546,21.257193982232934,21.472006980470894,21.40196059550061,1,1.0454635180949816,idle,1.0454635180949816,0.0,False,1
1873.0,idle,20.320743849555605,15.8,,,0.0,0.0,0.0,2047.8594900769876,15.8,29.296249489534546,21.257193982232934,21.472006980470894,21.40196059550061,1,1.4550448861839649,idle,1.4550448861839649,0.0,False,1
1874.0,idle,20.317434425541148,15.9,,,0.0,0.0,0.0,2006.7425015021872,15.9,29.296249489534546,21.257193982232934,21.472006980470894,21.40196059550061,1,1.9180344708490038,idle,1.9180344708490038,0.0,False,1
1875.0,idle,20.314603491579263,16.2,,,0.0,0.0,0.0,1885.966820501641,16.2,29.296249489534546,21.257193982232934,21.472006980470894,21.40196059550061,1,2.3978019207915655,idle,2.3978019207915655,0.0,False,1
1876.0,idle,20.312146665773547,16.1,,,0.0,0.0,0.0,1924.7778149803437,16.1,29.296249489534546,21.257193982232934,21.472006980470894,21.40196059550061,1,2.850879131535226,idle,2.850879131535226,0.0,False,1
1877.0,idle,20.309981875606418,15.9,,,0.0,0.0,0.0,2003.3339527592518,15.9,29.296249489534546,21.257193982232934,21.472006980470894,21.40196059550061,1,3.2192568268874813,idle,3.2192568268874813,0.0,False,1
1878.0,idle,20.30803701031357,16.0,,,0.0,0.0,0.0,1962.7634569127442,16.0,29.296249489534546,21.257193982232934,21.472006980470894,21.40196059550061,1,3.2192568268874813,idle,3.2192568268874813,0.0,False,1
1879.0,idle,20.305962119874707,16.4,,,0.0,0.0,0.0,1801.930611539261,16.4,29.296249489534546,21.257193982232934,21.472006980470894,21.40196059550061,1,3.2192568268874813,idle,3.2192568268874813,0.0,False,1
1880.0,charge,20.47167921910329,18.8,20.471679219103294,20.520767280141968,251.9170537767306,0.0,316.53049999994215,783.5479281734549,18.8,27.152472072970795,20.96331661356146,21.465626111937127,21.402109909555634,2,3.222278331751978,charge,3.222278331751978,0.0,False,2
1881.0,charge,20.459899666038527,20.6,20.459899666038552,20.523885519548514,211.00038801286857,0.0,730.4550000000689,0.0,20.6,28.395199384006276,21.00069020233542,21.45796557210832,21.402242424203223,2,2.970636665326547,charge,2.970636665326547,0.0,False,2
1882.0,charge,20.493697190125054,21.3,20.493697190125033,20.581114405798132,251.3999715947857,0.0,1066.9070000005056,0.0,21.3,31.15727823202758,21.20213481527952,21.45249087957825,21.40235963748853,2,2.7588162022259217,charge,2.7588162022259217,0.0,False,2
1883.0,charge,20.55152487601465,21.7,20.55152487601464,20.665499944094165,326.6954544337376,0.0,1299.324500000973,0.0,21.7,34.32722904029549,21.466668292280133,21.450701977236292,21.402468380276275,2,2.5059619280540844,charge,2.5059619280540844,0.0,False,2
1884.0,charge,20.615686925988836,21.8,20.615686925988825,20.751733876757044,406.8029081703262,0.0,1394.5049999997177,0.0,21.8,36.940795523807765,21.710662033741244,21.45274675257042,21.40257725127759,2,2.1775555640704756,charge,2.1775555640704756,0.0,False,2
1885.0,charge,20.666009914490306,21.4,20.666009914490303,20.80995292373194,462.68635424207133,0.0,1259.4815000001379,0.0,21.4,37.75399257782749,21.834474502645662,21.457436485559697,21.40269371465621,2,1.7693851920470227,charge,1.7693851920470227,0.0,False,2
1886.0,charge,20.69193165259453,21.3,20.69193165259452,20.835067866541294,481.41433510754047,0.0,1197.5034999996908,0.0,21.3,37.77702946403741,21.86859064518461,21.463024319074634,21.40282157228529,2,1.305785398364311,charge,1.305785398364311,0.0,False,2
1887.0,charge,20.686425760266168,20.5,20.68642576026616,20.80751156573723,456.52290798366676,0.0,675.117500000255,129.64401925030808,20.5,34.78288093811955,21.69703550632164,21.46745559015494,21.402960852537603,2,0.824504719258425,charge,0.824504719258425,0.0,False,2
1888.0,charge,20.639337364306858,19.6,20.63933736430687,20.727826447330415,374.15859120405673,0.0,356.3734999998108,589.1412151630864,19.6,30.979510285772278,21.40374081262155,21.468094986321034,21.403105736503676,2,0.37415859120405676,charge,0.37415859120405676,0.0,False,2
1889.0,idle,20.391615357569137,18.6,,,0.0,0.0,0.0,1021.0743553570317,18.6,30.979510285772278,21.40374081262155,21.468094986321034,21.403105736503676,1,0.0,idle,0.0,0.0,False,1
1890.0,idle,20.368492122222076,17.9,,,0.0,0.0,0.0,1216.2627751862467,17.9,30.979510285772278,21.40374081262155,21.468094986321034,21.403105736503676,1,0.0,idle,0.0,0.0,False,1
1891.0,idle,20.354311547194786,17.5,,,0.0,0.0,0.0,1375.4648645970165,17.5,30.979510285772278,21.40374081262155,21.468094986321034,21.403105736503676,1,0.0,idle,0.0,0.0,False,1
1892.0,idle,20.344234794254746,17.7,,,0.0,0.0,0.0,1285.339190683217,17.7,30.979510285772278,21.40374081262155,21.468094986321034,21.403105736503676,1,0.0,idle,0.0,0.0,False,1
1893.0,idle,20.336832551027186,17.6,,,0.0,0.0,0.0,1323.2864042873612,17.6,30.979510285772278,21.40374081262155,21.468094986321034,21.403105736503676,1,0.2732021657221126,idle,0.2732021657221126,0.0,False,1
1894.0,idle,20.331051357645975,17.1,,,0.0,0.0,0.0,1528.5109626524534,17.1,30.979510285772278,21.40374081262155,21.468094986321034,21.403105736503676,1,0.5144907839746076,idle,0.5144907839746076,0.0,False,1
1895.0,idle,20.32634443959779,16.7,,,0.0,0.0,0.0,1689.8838134653379,16.7,30.979510285772278,21.40374081262155,21.468094986321034,21.403105736503676,1,0.759739551864911,idle,0.759739551864911,0.0,False,1
1896.0,idle,20.32240386722651,17.0,,,0.0,0.0,0.0,1565.3610738655539,17.0,30.979510285772278,21.40374081262155,21.468094986321034,21.403105736503676,1,1.0572019579185599,idle,1.0572019579185599,0.0,False,1
1897.0,idle,20.319009330380343,17.1,,,0.0,0.0,0.0,1522.5589844620702,17.1,30.979510285772278,21.40374081262155,21.468094986321034,21.403105736503676,1,1.419201829711654,idle,1.419201829711654,0.0,False,1
1898.0,idle,20.316095396250958,18.1,,,0.0,0.0,0.0,1099.2116567019887,18.1,30.979510285772278,21.40374081262155,21.468094986321034,21.403105736503676,1,1.837583039038519,idle,1.837583039038519,0.0,False,1
1899.0,idle,20.3135805325335,17.3,,,0.0,0.0,0.0,1437.0766780275444,17.3,30.979510285772278,21.40374081262155,21.468094986321034,21.403105736503676,1,2.2819066650078055,idle,2.2819066650078055,0.0,False,1
1900.0,idle,20.31137033126559,17.2,,,0.0,0.0,0.0,1477.5582345535697,17.2,30.979510285772278,21.40374081262155,21.468094986321034,21.403105736503676,1,2.7076708017031668,idle,2.7076708017031668,0.0,False,1
1901.0,idle,20.309381241083578,17.1,,,0.0,0.0,0.0,1518.0052610810012,17.1,30.979510285772278,21.40374081262155,21.468094986321034,21.403105736503676,1,3.0926590635349926,idle,3.0926590635349926,0.0,False,1
1902.0,idle,20.307605050738257,16.7,,,0.0,0.0,0.0,1681.0730469024224,16.7,30.979510285772278,21.40374081262155,21.468094986321034,21.403105736503676,1,3.0926590635349926,idle,3.0926590635349926,0.0,False,1
1903.0,idle,20.305442867903285,17.6,,,0.0,0.0,0.0,1307.848126402754,17.6,30.979510285772278,21.40374081262155,21.468094986321034,21.403105736503676,1,3.0926590635349926,idle,3.0926590635349926,0.0,False,1
1904.0,charge,20.497852054826563,18.7,20.49785205482658,20.554848737342127,291.7636167041094,0.0,292.1820000000287,828.5649265147059,18.7,28.099929719471334,21.060402508350478,21.46358138110179,21.40324603073475,2,3.095945338314024,charge,3.095945338314024,0.0,False,2
1905.0,charge,20.474579283337903,19.5,20.474579283337903,20.53862464749875,229.212280545046,0.0,641.9149999998942,546.9719213280869,19.5,28.332529891516515,21.022426711780668,21.456802704601557,21.40337266376025,2,2.804734099316685,charge,2.804734099316685,0.0,False,2
1906.0,charge,20.490485918389666,20.4,20.490485918389652,20.568893953887198,242.20546464634327,0.0,896.4674999996215,56.7855762849961,20.4,30.00866978474005,21.134331857825714,21.45094374438048,21.40348458951439,2,2.575132519780686,charge,2.575132519780686,0.0,False,2
1907.0,charge,20.530638140346845,20.9,20.530638140346866,20.6304430718007,292.9903001227984,0.0,1173.1550000002107,0.0,20.9,32.628227816856395,21.33835941481874,21.44765265093082,21.40358586857593,2,2.331914805667723,charge,2.331914805667723,0.0,False,2
1908.0,charge,20.58280076605653,21.0,20.58280076605655,20.70225163923419,359.0114528222889,0.0,1257.267999999511,0.0,21.0,34.92059700007354,21.546691251002017,21.44756263490592,21.403683184606848,2,2.0375352297448837,charge,2.0375352297448837,0.0,False,2
1909.0,charge,20.631772902548672,21.5,20.631772902548676,20.765622754571496,417.00679859180923,0.0,1310.392000000509,0.0,21.5,36.67387206601438,21.7175064300381,21.45024471501131,21.403783281343124,2,1.6771985444672666,charge,1.6771985444672666,0.0,False,2
1910.0,charge,20.662197521885393,21.2,20.66219752188539,20.79366744385004,445.1961480192484,0.0,1002.7155000005264,0.0,21.2,36.15686650517529,21.738346962283515,21.454271158105655,21.4038910407491,2,1.2591238590787437,charge,1.2591238590787437,0.0,False,2
1911.0,charge,20.66194456456634,20.7,20.66194456456634,20.78159262052378,428.8810816614433,0.0,805.713999999488,0.0,20.7,34.85868137571424,21.658334180158988,21.457568351963914,21.404006946229913,2,0.8139338346616865,charge,0.8139338346616865,0.0,False,2
1912.0,charge,20.64197791007764,20.4,20.641977910077628,20.744038266965333,387.67163058675413,0.0,555.5884999996352,170.09941490271993,20.4,32.69952754189421,21.50347975718273,21.458998924553157,21.404128038619262,2,0.38767163058675413,charge,0.38767163058675413,0.0,False,2
1913.0,idle,20.388062587638846,19.7,,,0.0,0.0,0.0,520.1281008132288,19.7,32.69952754189421,21.50347975718273,21.458998924553157,21.404128038619262,1,0.0,idle,0.0,0.0,False,1
1914.0,idle,20.365293383797148,18.8,,,0.0,0.0,0.0,820.7261029831121,18.8,32.69952754189421,21.50347975718273,21.458998924553157,21.404128038619262,1,0.0,idle,0.0,0.0,False,1
1915.0,idle,20.351761736650893,18.4,,,0.0,0.0,0.0,988.6229773114809,18.4,32.69952754189421,21.50347975718273,21.458998924553157,21.404128038619262,1,0.0,idle,0.0,0.0,False,1
1916.0,idle,20.341903592496426,18.6,,,0.0,0.0,0.0,894.1436720444342,18.6,32.69952754189421,21.50347975718273,21.458998924553157,21.404128038619262,1,0.0,idle,0.0,0.0,False,1
1917.0,idle,20.33478626872393,18.5,,,0.0,0.0,0.0,934.1962891667492,18.5,32.69952754189421,21.50347975718273,21.458998924553157,21.404128038619262,1,0.3184134794709184,idle,0.3184134794709184,0.0,False,1
1918.0,idle,20.329237184776233,18.2,,,0.0,0.0,0.0,1062.6879513225117,18.2,32.69952754189421,21.50347975718273,21.458998924553157,21.404128038619262,1,0.6025649676397689,idle,0.6025649676397689,0.0,False,1
1919.0,idle,20.325061349923583,17.9,,,0.0,0.0,0.0,1189.6287187219357,17.9,32.69952754189421,21.50347975718273,21.458998924553157,21.404128038619262,1,0.900933703141725,idle,0.900933703141725,0.0,False,1
1920.0,idle,20.320937794717146,17.3,,,0.0,0.0,0.0,1440.8067148159598,17.3,32.69952754189421,21.50347975718273,21.458998924553157,21.404128038619262,1,1.2619804607449365,idle,1.2619804607449365,0.0,False,1
1921.0,idle,20.317745162792356,16.4,,,0.0,0.0,0.0,1807.1242086233403,16.4,32.69952754189421,21.50347975718273,21.458998924553157,21.404128038619262,1,1.6834253179987455,idle,1.6834253179987455,0.0,False,1
1922.0,idle,20.31500835003803,16.2,,,0.0,0.0,0.0,1886.0911179061798,16.2,32.69952754189421,21.50347975718273,21.458998924553157,21.404128038619262,1,2.1454735391250606,idle,2.1454735391250606,0.0,False,1
1923.0,idle,20.312653810158064,16.2,,,0.0,0.0,0.0,1884.9963298782075,16.2,32.69952754189421,21.50347975718273,21.458998924553157,21.404128038619262,1,2.624150503255212,idle,2.624150503255212,0.0,False,1
1924.0,idle,20.3105925818713,16.3,,,0.0,0.0,0.0,1843.985305128344,16.3,32.69952754189421,21.50347975718273,21.458998924553157,21.404128038619262,1,3.093031409589467,idle,3.093031409589467,0.0,False,1
1925.0,idle,20.30873886316302,16.2,,,0.0,0.0,0.0,1883.229726539202,16.2,32.69952754189421,21.50347975718273,21.458998924553157,21.404128038619262,1,3.512663415965833,idle,3.512663415965833,0.0,False,1
1926.0,idle,20.30709128108779,16.4,,,0.0,0.0,0.0,1802.2132192337615,16.4,32.69952754189421,21.50347975718273,21.458998924553157,21.404128038619262,1,3.512663415965833,idle,3.512663415965833,0.0,False,1
1927.0,idle,20.305204931684283,17.1,,,0.0,0.0,0.0,1516.2386929080735,17.1,32.69952754189421,21.50347975718273,21.458998924553157,21.404128038619262,1,3.512663415965833,idle,3.512663415965833,0.0,False,1
1928.0,charge,20.52562669420496,19.0,20.52562669420496,20.59778955813664,333.6756223494515,0.0,318.7439999998818,691.5168589242369,19.0,29.71535951896982,21.19865829996337,21.45662062567527,21.404248145405802,2,3.5153068841467876,charge,3.5153068841467876,0.0,False,2
1929.0,charge,20.507264764853023,20.4,20.507264764853005,20.585224414600646,274.1117247451653,0.0,706.1065000000706,89.53829277629096,20.4,30.05384069809122,21.16812277508518,21.452074566448232,21.40435954712575,2,3.182060481331825,charge,3.182060481331825,0.0,False,2
1930.0,charge,20.530360162402,21.4,20.53036016240202,20.62728155618663,294.6235852692472,0.0,1058.053000000274,0.0,21.4,32.39497774743796,21.324492156320446,21.448782786714673,21.40446150810311,2,2.9073884240301426,charge,2.9073884240301426,0.0,False,2
1931.0,charge,20.579762593505173,22.1,20.579762593505166,20.699223289101553,356.27002024561654,0.0,1248.4139999993563,0.0,22.1,35.01075540472425,21.54553787217486,21.448527138231952,21.40455916333957,2,2.6115207763221076,charge,2.6115207763221076,0.0,False,2
1932.0,charge,20.63235420639047,22.0,20.63235420639046,20.76762920124054,419.35476074701876,0.0,1292.6839999999515,0.0,22.0,36.82298653795709,21.727602114076433,21.4512916948172,21.40465952257972,2,2.25385007022343,charge,2.25385007022343,0.0,False,2
1933.0,charge,20.672580498624313,21.1,20.672580498624313,20.815145468673506,461.856610889174,0.0,1248.4139999993563,0.0,21.1,37.71003193773902,21.83591577513039,21.456071213691757,21.404768251401265,2,1.833406400129625,charge,1.833406400129625,0.0,False,2
1934.0,charge,20.696254249236233,21.3,20.696254249236233,20.8384478364282,479.5951769904199,0.0,1124.4579999996129,0.0,21.3,37.67876445881012,21.866366776973848,21.461693506546737,21.404888510915782,2,1.3707174137682223,charge,1.3707174137682223,0.0,False,2
1935.0,charge,20.700485540640127,21.2,20.700485540640102,20.833628824321863,470.81614167331577,0.0,931.8834999996162,0.0,21.2,36.55104146249778,21.806662957908827,21.4669073771301,21.40502078721397,2,0.8910196338071517,charge,0.8910196338071517,0.0,False,2
1936.0,charge,20.67700944725717,20.1,20.67700944725715,20.785096542041686,423.28265347859883,0.0,500.25099999982547,351.0321056335541,20.1,33.30134135567653,21.590265693984975,21.469915949307847,21.405162328905135,2,0.42328265347859884,charge,0.42328265347859884,0.0,False,2
1937.0,idle,20.3996198985569,19.1,,,0.0,0.0,0.0,815.7352850260414,19.1,33.30134135567653,21.590265693984975,21.469915949307847,21.405162328905135,1,0.0,idle,0.0,0.0,False,1
1938.0,idle,20.37473433981481,18.5,,,0.0,0.0,0.0,959.7103897825243,18.5,33.30134135567653,21.590265693984975,21.469915949307847,21.405162328905135,1,0.0,idle,0.0,0.0,False,1
1939.0,idle,20.359526684831856,18.6,,,0.0,0.0,0.0,904.3753475617912,18.6,33.30134135567653,21.590265693984975,21.469915949307847,21.405162328905135,1,0.0,idle,0.0,0.0,False,1
1940.0,idle,20.34868913735338,18.4,,,0.0,0.0,0.0,986.089162562803,18.4,33.30134135567653,21.590265693984975,21.469915949307847,21.405162328905135,1,0.0,idle,0.0,0.0,False,1
1941.0,idle,20.340722363360086,17.6,,,0.0,0.0,0.0,1325.1619820608498,17.6,33.30134135567653,21.590265693984975,21.469915949307847,21.405162328905135,1,0.333317198899353,idle,0.333317198899353,0.0,False,1
1942.0,idle,20.334496654639157,16.9,,,0.0,0.0,0.0,1612.2659443688874,16.9,33.30134135567653,21.590265693984975,21.469915949307847,21.405162328905135,1,0.6287024565668942,idle,0.6287024565668942,0.0,False,1
1943.0,idle,20.329423243130396,16.6,,,0.0,0.0,0.0,1731.852214810925,16.6,33.30134135567653,21.590265693984975,21.469915949307847,21.405162328905135,1,0.9253266739935669,idle,0.9253266739935669,0.0,False,1
1944.0,idle,20.325164687680196,16.8,,,0.0,0.0,0.0,1648.504875313828,16.8,33.30134135567653,21.590265693984975,21.469915949307847,21.405162328905135,1,1.2715210721025434,idle,1.2715210721025434,0.0,False,1
1945.0,idle,20.32156559004475,17.0,,,0.0,0.0,0.0,1564.8762195973343,17.0,33.30134135567653,21.590265693984975,21.469915949307847,21.405162328905135,1,1.6851070379491588,idle,1.6851070379491588,0.0,False,1
1946.0,idle,20.31847490804089,17.6,,,0.0,0.0,0.0,1313.7351537021918,17.6,33.30134135567653,21.590265693984975,21.469915949307847,21.405162328905135,1,2.162744485073245,idle,2.162744485073245,0.0,False,1
1947.0,idle,20.31581133071111,17.6,,,0.0,0.0,0.0,1312.4321727841364,17.6,33.30134135567653,21.590265693984975,21.469915949307847,21.405162328905135,1,2.6719820159300154,idle,2.6719820159300154,0.0,False,1
1948.0,idle,20.313474276224973,17.3,,,0.0,0.0,0.0,1436.9584774845819,17.3,33.30134135567653,21.590265693984975,21.469915949307847,21.405162328905135,1,3.1642910250564795,idle,3.1642910250564795,0.0,False,1
1949.0,idle,20.311369054516213,17.7,,,0.0,0.0,0.0,1268.0525115680932,17.7,33.30134135567653,21.590265693984975,21.469915949307847,21.405162328905135,1,3.6050358548932606,idle,3.6050358548932606,0.0,False,1
1950.0,idle,20.309493439943587,17.9,,,0.0,0.0,0.0,1181.9835518258415,17.9,33.30134135567653,21.590265693984975,21.469915949307847,21.405162328905135,1,3.6050358548932606,idle,3.6050358548932606,0.0,False,1
1951.0,idle,20.30730343987885,18.8,,,0.0,0.0,0.0,785.1522356198919,18.8,33.30134135567653,21.590265693984975,21.469915949307847,21.405162328905135,1,3.6050358548932606,idle,3.6050358548932606,0.0,False,1
1952.0,charge,20.539291226141753,21.4,20.539291226141756,20.61308154252481,351.382962523961,0.0,296.60900000011685,0.0,21.4,30.115010261801103,21.23936905058588,21.468109109838963,21.40530515007606,2,3.6083045216579994,charge,3.6083045216579994,0.0,False,2
1953.0,charge,20.516513601588716,23.0,20.516513601588713,20.595980445027237,283.6499734615653,0.0,648.5554999998105,0.0,23.0,30.252092112483354,21.19262282995038,21.463797311388532,21.405440046258093,2,3.2574753096363054,charge,3.2574753096363054,0.0,False,2
1954.0,charge,20.53260794290989,24.0,20.532607942909863,20.625503443364323,293.5766679129499,0.0,889.8270000004203,0.0,24.0,31.81104212768207,21.29709928890213,21.46024800623246,21.40556552339035,2,2.9734215021168344,charge,2.9734215021168344,0.0,False,2
1955.0,charge,20.57251219223047,25.0,20.572512192230477,20.686207741311478,341.811349287672,0.0,1175.3684999991021,0.0,25.0,34.36970207633283,21.49621196653618,21.45912437230379,21.405685291193834,2,2.678814670281227,charge,2.678814670281227,0.0,False,2
1956.0,charge,20.62730982609725,25.9,20.627309826097246,20.763358184421747,410.2392187847454,0.0,1350.23500000051,0.0,25.9,37.057448980950596,21.728239996488583,21.461289729391808,21.405805889376154,2,2.3355165852844957,charge,2.3355165852844957,0.0,False,2
1957.0,charge,20.682373392483807,26.4,20.682373392483782,20.83466609813462,475.7592201609588,0.0,1374.5834999997323,0.0,26.4,38.96327511725883,21.918203733436883,21.466542760014022,21.405934603874357,2,1.9237658994379916,charge,1.9237658994379916,0.0,False,2
1958.0,charge,20.718266880137993,26.0,20.718266880138003,20.87042708847099,510.0113817736413,0.0,1124.4579999996129,0.0,26.0,38.772801118555265,21.96378392023763,21.473382486136188,21.40607688359978,2,1.4467367184714892,charge,1.4467367184714892,0.0,False,2
1959.0,charge,20.72087669092346,25.3,20.720876690923433,20.858916188537705,495.5771040704284,0.0,854.4109999996796,0.0,25.3,37.083680536900886,21.86867243791704,21.479535021833442,21.40623365200139,2,0.9366618395338719,charge,0.9366618395338719,0.0,False,2
1960.0,charge,20.695578950199,24.5,20.69557895019898,20.811693090556957,444.40294276762546,0.0,586.5775000001054,0.0,24.5,34.45649316009616,21.677475666853127,21.48331423419347,21.40640134732263,2,0.4444029427676255,charge,0.4444029427676255,0.0,False,2
1961.0,idle,20.404699685192995,23.2,,,0.0,0.0,0.0,0.0,23.2,34.45649316009616,21.677475666853127,21.48331423419347,21.40640134732263,1,0.0,idle,0.0,0.0,False,1
1962.0,idle,20.37885651445943,22.1,,,0.0,0.0,0.0,0.0,22.1,34.45649316009616,21.677475666853127,21.48331423419347,21.40640134732263,1,0.0,idle,0.0,0.0,False,1
1963.0,idle,20.36313609472343,21.1,,,0.0,0.0,0.0,0.0,21.1,34.45649316009616,21.677475666853127,21.48331423419347,21.40640134732263,1,0.0,idle,0.0,0.0,False,1
1964.0,idle,20.351978887067908,20.7,,,0.0,0.0,0.0,0.0,20.7,34.45649316009616,21.677475666853127,21.48331423419347,21.40640134732263,1,0.0,idle,0.0,0.0,False,1
1965.0,idle,20.343814787995097,20.2,,,0.0,0.0,0.0,105.73819178812823,20.2,34.45649316009616,21.677475666853127,21.48331423419347,21.40640134732263,1,0.3536877063029456,idle,0.3536877063029456,0.0,False,1
1966.0,idle,20.337459492750227,19.6,,,0.0,0.0,0.0,423.1854971274663,19.6,34.45649316009616,21.677475666853127,21.48331423419347,21.40640134732263,1,0.6489910626468094,idle,0.6489910626468094,0.0,False,1
1967.0,idle,20.331784478911445,19.3,,,0.0,0.0,0.0,565.8849747025251,19.3,34.45649316009616,21.677475666853127,21.48331423419347,21.40640134732263,1,0.9419102760159833,idle,0.9419102760159833,0.0,False,1
1968.0,idle,20.327225297300313,19.3,,,0.0,0.0,0.0,563.1807786187491,19.3,34.45649316009616,21.677475666853127,21.48331423419347,21.40640134732263,1,1.2811957377909065,idle,1.2811957377909065,0.0,False,1
1969.0,idle,20.323549375392197,19.6,,,0.0,0.0,0.0,414.9311854908315,19.6,34.45649316009616,21.677475666853127,21.48331423419347,21.40640134732263,1,1.6737730593055309,idle,1.6737730593055309,0.0,False,1
1970.0,idle,20.32039957842907,20.1,,,0.0,0.0,0.0,148.11137091328874,20.1,34.45649316009616,21.677475666853127,21.48331423419347,21.40640134732263,1,2.1096163890379045,idle,2.1096163890379045,0.0,False,1
1971.0,idle,20.31769135859173,19.8,,,0.0,0.0,0.0,309.78301677020926,19.8,34.45649316009616,21.677475666853127,21.48331423419347,21.40640134732263,1,2.539439503080225,idle,2.539439503080225,0.0,False,1
1972.0,idle,20.31532138580903,20.1,,,0.0,0.0,0.0,144.71623976505757,20.1,34.45649316009616,21.677475666853127,21.48331423419347,21.40640134732263,1,2.9516717008324753,idle,2.9516717008324753,0.0,False,1
1973.0,idle,20.313191533091107,20.1,,,0.0,0.0,0.0,143.3393995225191,20.1,34.45649316009616,21.677475666853127,21.48331423419347,21.40640134732263,1,3.3324980172619165,idle,3.3324980172619165,0.0,False,1
1974.0,idle,20.311300010060062,20.3,,,0.0,0.0,0.0,12.509340638941204,20.3,34.45649316009616,21.677475666853127,21.48331423419347,21.40640134732263,1,3.3324980172619165,idle,3.3324980172619165,0.0,False,1
1975.0,idle,20.309067536972208,20.0,,,0.0,0.0,0.0,197.77614014891404,20.0,34.45649316009616,21.677475666853127,21.48331423419347,21.40640134732263,1,3.3324980172619165,idle,3.3324980172619165,0.0,False,1
1976.0,charge,20.554818427718157,20.4,20.554818427718146,20.630687457112742,372.1529550984094,0.0,241.27149999985144,0.0,20.4,30.21667778766607,21.27361003563442,21.48219469593721,21.406572128213043,2,3.3358732582125405,charge,3.3358732582125405,0.0,False,2
1977.0,charge,20.520346508753505,22.3,20.520346508753505,20.59696823161289,284.7835694614229,0.0,610.9260000003881,0.0,22.3,29.941131889907297,21.17992131317544,21.47767180602449,21.40673540319051,2,2.9645617421762487,charge,2.9645617421762487,0.0,False,2
1978.0,charge,20.53231977334628,23.3,20.532319773346273,20.624579915758147,289.2059620745542,0.0,973.9399999996134,0.0,23.3,31.837025476473343,21.294384193467977,21.47367937033283,21.40688831252595,2,2.679478631301673,charge,2.679478631301673,0.0,False,2
1979.0,charge,20.569900298287514,23.3,20.569900298287507,20.678617219063312,334.88117838276156,0.0,1084.6150000008543,0.0,23.3,33.62327187421835,21.453063543867017,21.4719935947316,21.407034492787545,2,2.389310314033739,charge,2.389310314033739,0.0,False,2
1980.0,charge,20.6153477603725,24.0,20.615347760372515,20.743680640503726,390.1662688894851,0.0,1312.6054999987675,0.0,24.0,36.15673289714556,21.657745278911534,21.47299406601968,21.40717946543657,2,2.0532097100716333,charge,2.0532097100716333,0.0,False,2
1981.0,charge,20.65524842131928,22.8,20.6552484213193,20.78719738973132,434.94537147287144,0.0,1009.3559999997431,0.0,22.8,36.22022777309388,21.729756831431757,21.47612653242578,21.407329115350876,2,1.6619580840284003,charge,1.6619580840284003,0.0,False,2
1982.0,charge,20.664333872181846,23.7,20.664333872181828,20.78759684627937,432.56795689686413,0.0,814.5679999996881,0.0,23.7,35.27761055753075,21.685228021360047,21.479178669455337,21.407485598806375,2,1.2266924148853626,charge,1.2266924148853626,0.0,False,2
1983.0,charge,20.659438211706348,23.8,20.659438211706345,20.777129330906234,413.7097641754608,0.0,841.1299999993541,0.0,23.8,34.826982306572745,21.642991560748897,21.48140417655901,21.407647568669177,2,0.7942434258597628,charge,0.7942434258597628,0.0,False,2
1984.0,charge,20.644399860396245,22.7,20.64439986039622,20.744864337610863,382.50633058902946,0.0,502.46449999980877,0.0,22.7,32.40569253203057,21.489351143811064,21.48222497771394,21.407812886412444,2,0.38250633058902944,charge,0.38250633058902944,0.0,False,2
1985.0,idle,20.39354965701498,21.8,,,0.0,0.0,0.0,0.0,21.8,32.40569253203057,21.489351143811064,21.48222497771394,21.407812886412444,1,0.0,idle,0.0,0.0,False,1
1986.0,idle,20.370847463185452,20.9,,,0.0,0.0,0.0,0.0,20.9,32.40569253203057,21.489351143811064,21.48222497771394,21.407812886412444,1,0.0,idle,0.0,0.0,False,1
1987.0,idle,20.356925338824862,20.2,,,0.0,0.0,0.0,117.1163669529962,20.2,32.40569253203057,21.489351143811064,21.48222497771394,21.407812886412444,1,0.0,idle,0.0,0.0,False,1
1988.0,idle,20.346976812100607,20.2,,,0.0,0.0,0.0,108.73749425532195,20.2,32.40569253203057,21.489351143811064,21.48222497771394,21.407812886412444,1,0.0,idle,0.0,0.0,False,1
1989.0,idle,20.339637957315365,20.3,,,0.0,0.0,0.0,37.92594889269375,20.3,32.40569253203057,21.489351143811064,21.48222497771394,21.407812886412444,1,0.3114351384070356,idle,0.3114351384070356,0.0,False,1
1990.0,idle,20.333893048818428,20.2,,,0.0,0.0,0.0,98.20013929012094,20.2,32.40569253203057,21.489351143811064,21.48222497771394,21.407812886412444,1,0.5907088663341071,idle,0.5907088663341071,0.0,False,1
1991.0,idle,20.329208434447434,19.9,,,0.0,0.0,0.0,264.30590369860136,19.9,32.40569253203057,21.489351143811064,21.48222497771394,21.407812886412444,1,0.8811205321594471,idle,0.8811205321594471,0.0,False,1
1992.0,idle,20.3252739456534,19.7,,,0.0,0.0,0.0,365.6518932780157,19.7,32.40569253203057,21.489351143811064,21.48222497771394,21.407812886412444,1,1.2304376024762287,idle,1.2304376024762287,0.0,False,1
1993.0,idle,20.32189349586631,20.1,,,0.0,0.0,0.0,149.1087209531232,20.1,32.40569253203057,21.489351143811064,21.48222497771394,21.407812886412444,1,1.6407437473025681,idle,1.6407437473025681,0.0,False,1
1994.0,idle,20.318975601011548,19.9,,,0.0,0.0,0.0,257.9111928115328,19.9,32.40569253203057,21.489351143811064,21.48222497771394,21.407812886412444,1,2.08944097109836,idle,2.08944097109836,0.0,False,1
1995.0,idle,20.31645298239862,19.9,,,0.0,0.0,0.0,256.35274883592274,19.9,32.40569253203057,21.489351143811064,21.48222497771394,21.407812886412444,1,2.5445165173915405,idle,2.5445165173915405,0.0,False,1
1996.0,idle,20.314231994257966,20.3,,,0.0,0.0,0.0,15.171446731201412,20.3,32.40569253203057,21.489351143811064,21.48222497771394,21.407812886412444,1,2.967129300097286,idle,2.967129300097286,0.0,False,1
1997.0,idle,20.312224162935177,20.4,,,0.0,0.0,0.0,0.0,20.4,32.40569253203057,21.489351143811064,21.48222497771394,21.407812886412444,1,3.333047071702559,idle,3.333047071702559,0.0,False,1
1998.0,idle,20.31042930977485,20.2,,,0.0,0.0,0.0,81.13738181535243,20.2,32.40569253203057,21.489351143811064,21.48222497771394,21.407812886412444,1,3.333047071702559,idle,3.333047071702559,0.0,False,1
1999.0,idle,20.30875781805851,20.6,,,0.0,0.0,0.0,0.0,20.6,32.40569253203057,21.489351143811064,21.48222497771394,21.407812886412444,1,3.333047071702559,idle,3.333047071702559,0.0,False,1
2000.0,charge,20.524496417698973,21.8,20.52449641769897,20.594690497408635,327.16457459389414,0.0,278.90099999984847,0.0,21.8,29.532620003287207,21.183533450609048,21.479136514309175,21.40797563946495,2,3.3359113409372636,charge,3.3359113409372636,0.0,False,2
2001.0,charge,20.5063309651724,23.1,20.506330965172424,20.582787699246182,268.8386220386895,0.0,639.701499999627,0.0,23.1,29.85868930279338,21.154618473403048,21.473948655097786,21.408128089580828,2,3.0091917305612412,charge,3.0091917305612412,0.0,False,2
2002.0,charge,20.527498262251015,24.3,20.527498262251015,20.62093753440371,286.9998334505234,0.0,954.0185000002174,0.0,24.3,31.916611464058917,21.29371866766587,21.469911090180233,21.4082695166519,2,2.739818151546387,charge,2.739818151546387,0.0,False,2
2003.0,charge,20.57394337590881,25.0,20.57394337590881,20.689817290122846,344.7151243316883,0.0,1204.1440000004034,0.0,25.0,34.5932190704591,21.511816116665898,21.468742440229335,21.408404659045573,2,2.451610826799962,charge,2.451610826799962,0.0,False,2
2004.0,charge,20.62608399350226,24.9,20.626083993502277,20.7579723882385,407.99778544439425,0.0,1228.492499999754,0.0,24.9,36.394262272230776,21.693469709192186,21.470618092596,21.408540418098426,2,2.1054718276784015,charge,2.1054718276784015,0.0,False,2
2005.0,charge,20.664717850033508,24.4,20.664717850033526,20.802599407457933,448.68412947185277,0.0,1166.514499998882,0.0,24.4,37.100097734166184,21.7899933600375,21.474436092526446,21.408682443196483,2,1.6964076123848915,charge,1.6964076123848915,0.0,False,2
2006.0,charge,20.68151852435907,23.9,20.68151852435909,20.813527328698683,456.69576535800564,0.0,969.5129999995257,0.0,23.9,36.33277109527512,21.77068353672223,21.478657370963674,21.40883340375541,2,1.2471273740700168,charge,1.2471273740700168,0.0,False,2
2007.0,charge,20.67028673010331,24.1,20.670286730103328,20.784432170700143,425.8328906145168,0.0,644.1284999997431,0.0,24.1,34.126928360441184,21.62722443958296,21.481469790483573,21.40899217012071,2,0.79070547226671,charge,0.79070547226671,0.0,False,2
2008.0,charge,20.638095743410723,23.9,20.6380957434107,20.73300261794003,369.0956371315222,0.0,520.1725000002111,0.0,23.9,31.942085375859165,21.447792279123462,21.48169801414906,21.409154026689293,2,0.3690956371315222,charge,0.3690956371315222,0.0,False,2
2009.0,idle,20.3945849347338,22.4,,,0.0,0.0,0.0,0.0,22.4,31.942085375859165,21.447792279123462,21.48169801414906,21.409154026689293,1,0.0,idle,0.0,0.0,False,1
2010.0,idle,20.37182702079684,22.2,,,0.0,0.0,0.0,0.0,22.2,31.942085375859165,21.447792279123462,21.48169801414906,21.409154026689293,1,0.0,idle,0.0,0.0,False,1
2011.0,idle,20.35781195666881,22.4,,,0.0,0.0,0.0,0.0,22.4,31.942085375859165,21.447792279123462,21.48169801414906,21.409154026689293,1,0.0,idle,0.0,0.0,False,1
2012.0,idle,20.34780111095614,22.7,,,0.0,0.0,0.0,0.0,22.7,31.942085375859165,21.447792279123462,21.48169801414906,21.409154026689293,1,0.0,idle,0.0,0.0,False,1
2013.0,idle,20.34041004119316,22.8,,,0.0,0.0,0.0,0.0,22.8,31.942085375859165,21.447792279123462,21.48169801414906,21.409154026689293,1,0.29478769335860394,idle,0.29478769335860394,0.0,False,1
2014.0,idle,20.334618573553957,22.1,,,0.0,0.0,0.0,0.0,22.1,31.942085375859165,21.447792279123462,21.48169801414906,21.409154026689293,1,0.5511766064958283,idle,0.5511766064958283,0.0,False,1
2015.0,idle,20.330249848200925,22.1,,,0.0,0.0,0.0,0.0,22.1,31.942085375859165,21.447792279123462,21.48169801414906,21.409154026689293,1,0.8146705888009314,idle,0.8146705888009314,0.0,False,1
2016.0,idle,20.32592725966679,21.9,,,0.0,0.0,0.0,0.0,21.9,31.942085375859165,21.447792279123462,21.48169801414906,21.409154026689293,1,1.1331419121970474,idle,1.1331419121970474,0.0,False,1
2017.0,idle,20.322575100175982,21.7,,,0.0,0.0,0.0,0.0,21.7,31.942085375859165,21.447792279123462,21.48169801414906,21.409154026689293,1,1.5097729936095037,idle,1.5097729936095037,0.0,False,1
2018.0,idle,20.319695072986704,21.8,,,0.0,0.0,0.0,0.0,21.8,31.942085375859165,21.447792279123462,21.48169801414906,21.409154026689293,1,1.9291738312402273,idle,1.9291738312402273,0.0,False,1
2019.0,idle,20.31721161146455,21.3,,,0.0,0.0,0.0,0.0,21.3,31.942085375859165,21.447792279123462,21.48169801414906,21.409154026689293,1,2.3635032803222114,idle,2.3635032803222114,0.0,False,1
2020.0,idle,20.315032042879448,20.9,,,0.0,0.0,0.0,0.0,20.9,31.942085375859165,21.447792279123462,21.48169801414906,21.409154026689293,1,2.776421484347823,idle,2.776421484347823,0.0,False,1
2021.0,idle,20.313070445899317,20.6,,,0.0,0.0,0.0,0.0,20.6,31.942085375859165,21.447792279123462,21.48169801414906,21.409154026689293,1,3.131562765735624,idle,3.131562765735624,0.0,False,1
2022.0,idle,20.31132147743547,20.4,,,0.0,0.0,0.0,0.0,20.4,31.942085375859165,21.447792279123462,21.48169801414906,21.409154026689293,1,3.131562765735624,idle,3.131562765735624,0.0,False,1
2023.0,idle,20.30915580387977,20.6,,,0.0,0.0,0.0,0.0,20.6,31.942085375859165,21.447792279123462,21.48169801414906,21.409154026689293,1,3.131562765735624,idle,3.131562765735624,0.0,False,1
2024.0,charge,20.514329421222016,21.2,20.514329421221987,20.57834510497281,311.0258490363795,0.0,305.46300000019403,0.0,21.2,28.74897195858989,21.12418531495473,21.477899160922902,21.40931188813863,2,3.134638713674928,charge,3.134638713674928,0.0,False,2
2025.0,charge,20.490718378981207,21.8,20.490718378981228,20.559175914273965,246.27007022881037,0.0,688.3985000005716,0.0,21.8,28.874164436512103,21.075707566247388,21.471704362547996,21.40945754403043,2,2.8242079343375295,charge,2.8242079343375295,0.0,False,2
2026.0,charge,20.507756034301483,22.2,20.507756034301508,20.59257269317783,260.1116696783998,0.0,1027.0640000002263,0.0,22.2,30.857856206780525,21.204722988337437,21.466470210159002,21.40958971534218,2,2.577500280622684,charge,2.577500280622684,0.0,False,2
2027.0,charge,20.55042543368893,22.4,20.55042543368893,20.656019146284052,313.9786330639776,0.0,1239.5599999991005,0.0,22.4,33.291389851487224,21.404871807667405,21.463937102538807,21.409712800072896,2,2.316269995014866,charge,2.316269995014866,0.0,False,2
2028.0,charge,20.599412262148956,22.5,20.599412262148974,20.721558009319835,374.3521909115173,0.0,1308.1785000012162,0.0,22.5,35.223429368304096,21.587693213114107,21.464329898690323,21.40983330507055,2,2.000948513111477,charge,2.000948513111477,0.0,False,2
2029.0,charge,20.63954058452521,22.5,20.639540584525207,20.769887396925753,418.8679604339185,0.0,1248.4139999993563,0.0,22.5,36.18025254980131,21.701252090409753,21.46686294427235,21.409956995593177,2,1.6254863913289022,charge,1.6254863913289022,0.0,False,2
2030.0,charge,20.6614684059633,22.2,20.66146840596332,20.789690423580794,435.4375751528464,0.0,1102.3229999991681,0.0,22.2,35.886425129372014,21.716169741934948,21.470212754060242,21.4100872204682,2,1.205839469910263,charge,1.205839469910263,0.0,False,2
2031.0,charge,20.656764027506647,21.7,20.656764027506654,20.770097036082575,415.77951961730173,0.0,807.9275000001988,0.0,21.7,34.01364522705694,21.60308097644088,21.472667384073702,21.41022394810051,2,0.7705166505524391,charge,0.7705166505524391,0.0,False,2
2032.0,charge,20.625543727763127,21.2,20.6255437277631,20.715121327661905,358.8328773231556,0.0,502.46449999980877,0.0,21.2,31.126474282526942,21.389762290171404,21.47253438149818,21.410363199979315,2,0.3588328773231556,charge,0.3588328773231556,0.0,False,2
2033.0,idle,20.389207427271206,20.6,,,0.0,0.0,0.0,22.277267386634954,20.6,31.126474282526942,21.389762290171404,21.47253438149818,21.410363199979315,1,0.0,idle,0.0,0.0,False,1
2034.0,idle,20.36736530063713,20.0,,,0.0,0.0,0.0,240.37302559965403,20.0,31.126474282526942,21.389762290171404,21.47253438149818,21.410363199979315,1,0.0,idle,0.0,0.0,False,1
2035.0,idle,20.35393895396313,19.5,,,0.0,0.0,0.0,483.9632711633966,19.5,31.126474282526942,21.389762290171404,21.47253438149818,21.410363199979315,1,0.0,idle,0.0,0.0,False,1
2036.0,idle,20.344354845496454,19.0,,,0.0,0.0,0.0,714.0128668684573,19.0,31.126474282526942,21.389762290171404,21.47253438149818,21.410363199979315,1,0.0,idle,0.0,0.0,False,1
2037.0,idle,20.337282729317327,18.3,,,0.0,0.0,0.0,1023.2679171466428,18.3,31.126474282526942,21.389762290171404,21.47253438149818,21.410363199979315,1,0.2773086642283813,idle,0.2773086642283813,0.0,False,1
2038.0,idle,20.331739461913486,17.9,,,0.0,0.0,0.0,1193.068805565186,17.9,31.126474282526942,21.389762290171404,21.47253438149818,21.410363199979315,1,0.5258575265364127,idle,0.5258575265364127,0.0,False,1
2039.0,idle,20.327211339490916,17.6,,,0.0,0.0,0.0,1318.0229685432507,17.6,31.126474282526942,21.389762290171404,21.47253438149818,21.410363199979315,1,0.7955220855741856,idle,0.7955220855741856,0.0,False,1
2040.0,idle,20.323403701703743,17.2,,,0.0,0.0,0.0,1483.2056438675324,17.2,31.126474282526942,21.389762290171404,21.47253438149818,21.410363199979315,1,1.1408581160424185,idle,1.1408581160424185,0.0,False,1
2041.0,idle,20.320173967162592,16.6,,,0.0,0.0,0.0,1727.3588550467082,16.6,31.126474282526942,21.389762290171404,21.47253438149818,21.410363199979315,1,1.5698157507940764,idle,1.5698157507940764,0.0,False,1
2042.0,idle,20.317392834306027,16.9,,,0.0,0.0,0.0,1603.8540639927899,16.9,31.126474282526942,21.389762290171404,21.47253438149818,21.410363199979315,1,2.070605998995769,idle,2.070605998995769,0.0,False,1
2043.0,idle,20.31498919255252,17.1,,,0.0,0.0,0.0,1520.4910932913335,17.1,31.126474282526942,21.389762290171404,21.47253438149818,21.410363199979315,1,2.6063878461024563,idle,2.6063878461024563,0.0,False,1
2044.0,idle,20.312873785021303,17.1,,,0.0,0.0,0.0,1519.499043319278,17.1,31.126474282526942,21.389762290171404,21.47253438149818,21.410363199979315,1,3.131896398826603,idle,3.131896398826603,0.0,False,1
2045.0,idle,20.310965140956373,17.1,,,0.0,0.0,0.0,1518.6258779015586,17.1,31.126474282526942,21.389762290171404,21.47253438149818,21.410363199979315,1,3.6021222766152796,idle,3.6021222766152796,0.0,False,1
2046.0,idle,20.3092590776561,17.0,,,0.0,0.0,0.0,1559.0387795533372,17.0,31.126474282526942,21.389762290171404,21.47253438149818,21.410363199979315,1,3.6021222766152796,idle,3.6021222766152796,0.0,False,1
2047.0,idle,20.307161480561664,17.0,,,0.0,0.0,0.0,1558.337202962568,17.0,31.126474282526942,21.389762290171404,21.47253438149818,21.410363199979315,1,3.6021222766152796,idle,3.6021222766152796,0.0,False,1
2048.0,charge,20.50086726794374,19.3,20.50086726794376,20.5608800104265,293.66469656935067,0.0,292.1820000000287,551.4257075823588,19.3,28.315295538408407,21.078090985767062,21.468117060874192,21.410497267269534,2,3.604916570406208,charge,3.604916570406208,0.0,False,2
2049.0,charge,20.482002496725407,21.1,20.482002496725386,20.550190456310247,237.68994345313797,0.0,664.0499999999619,0.0,21.1,28.870521048886985,21.061941899404474,21.461710069764138,21.41061821716761,2,3.3116794902943383,charge,3.3116794902943383,0.0,False,2
2050.0,charge,20.508285402776135,22.7,20.508285402776153,20.598690577855848,265.5412997323041,0.0,1009.3559999997431,0.0,22.7,31.619985298204654,21.24641092214415,21.45691045147123,21.410725924903034,2,3.073374237950499,charge,3.073374237950499,0.0,False,2
2051.0,charge,20.565365010048023,24.1,20.565365010048026,20.683361247981395,339.82780712741874,0.0,1243.9869999989457,0.0,24.1,34.86358091816015,21.514547322914154,21.45574889627119,21.410826583501375,2,2.8064457307776447,charge,2.8064457307776447,0.0,False,2
2052.0,charge,20.633268679985683,24.9,20.63326867998569,20.777159103376675,425.63643569284415,0.0,1354.6619999999907,0.0,24.9,37.99735671672477,21.791586613558366,21.458675838702277,21.410928984757504,2,2.4648575865248548,charge,2.4648575865248548,0.0,False,2
2053.0,charge,20.69586646245526,24.9,20.695866462455285,20.855745500724595,499.2438151178871,0.0,1252.8409999991707,0.0,24.9,39.82945175019927,21.990053927645363,21.465057686928276,21.411041746364333,2,2.0375462854471116,charge,2.0375462854471116,0.0,False,2
2054.0,charge,20.73599994023751,24.8,20.73599994023749,20.897717780713606,536.8475054107612,0.0,1144.3795000007094,0.0,24.8,39.99308267609348,22.058626960827667,21.4731794564982,21.411170736643612,2,1.5368953614610237,charge,1.5368953614610237,0.0,False,2
2055.0,charge,20.74450399651995,24.1,20.74450399651994,20.893050919860457,528.548873638367,0.0,856.6245000002958,0.0,24.1,38.34386820464516,21.976056837377655,21.480893163325618,21.41131744292767,2,0.9998419851885529,charge,0.9998419851885529,0.0,False,2
2056.0,charge,20.719086136399195,23.4,20.7190861363992,20.84224913629305,474.6266191462441,0.0,506.8914999999186,0.0,23.4,35.247832733102086,21.759344823886295,21.486087089914292,21.41147850922033,2,0.4746266191462441,charge,0.4746266191462441,0.0,False,2
2057.0,idle,20.40913265304653,22.3,,,0.0,0.0,0.0,0.0,22.3,35.247832733102086,21.759344823886295,21.486087089914292,21.41147850922033,1,0.0,idle,0.0,0.0,False,1
2058.0,idle,20.3820730396467,21.2,,,0.0,0.0,0.0,0.0,21.2,35.247832733102086,21.759344823886295,21.486087089914292,21.41147850922033,1,0.0,idle,0.0,0.0,False,1
2059.0,idle,20.36571091956025,20.4,,,0.0,0.0,0.0,0.0,20.4,35.247832733102086,21.759344823886295,21.486087089914292,21.41147850922033,1,0.0,idle,0.0,0.0,False,1
2060.0,idle,20.35413673919132,20.4,,,0.0,0.0,0.0,0.0,20.4,35.247832733102086,21.759344823886295,21.486087089914292,21.41147850922033,1,0.0,idle,0.0,0.0,False,1
2061.0,idle,20.345704879871146,20.3,,,0.0,0.0,0.0,42.92785651204062,20.3,35.247832733102086,21.759344823886295,21.486087089914292,21.41147850922033,1,0.3813238737629802,idle,0.3813238737629802,0.0,False,1
2062.0,idle,20.33915985107605,20.3,,,0.0,0.0,0.0,37.027626339018695,20.3,35.247832733102086,21.759344823886295,21.486087089914292,21.41147850922033,1,0.7185044814652488,idle,0.7185044814652488,0.0,False,1
2063.0,idle,20.333717993132844,20.4,,,0.0,0.0,0.0,0.0,20.4,35.247832733102086,21.759344823886295,21.486087089914292,21.41147850922033,1,1.0653376413323263,idle,1.0653376413323263,0.0,False,1
2064.0,idle,20.32905862169342,20.7,,,0.0,0.0,0.0,0.0,20.7,35.247832733102086,21.759344823886295,21.486087089914292,21.41147850922033,1,1.4793561588081288,idle,1.4793561588081288,0.0,False,1
2065.0,idle,20.325280473787053,20.9,,,0.0,0.0,0.0,0.0,20.9,35.247832733102086,21.759344823886295,21.486087089914292,21.41147850922033,1,1.9723553483386476,idle,1.9723553483386476,0.0,False,1
2066.0,idle,20.3220508059999,21.1,,,0.0,0.0,0.0,0.0,21.1,35.247832733102086,21.759344823886295,21.486087089914292,21.41147850922033,1,2.5314702239456066,idle,2.5314702239456066,0.0,False,1
2067.0,idle,20.319277883098135,21.7,,,0.0,0.0,0.0,0.0,21.7,35.247832733102086,21.759344823886295,21.486087089914292,21.41147850922033,1,3.101667213070751,idle,3.101667213070751,0.0,False,1
2068.0,idle,20.31685539741885,21.9,,,0.0,0.0,0.0,0.0,21.9,35.247832733102086,21.759344823886295,21.486087089914292,21.41147850922033,1,3.6184999251564633,idle,3.6184999251564633,0.0,False,1
2069.0,idle,20.314680551965527,21.8,,,0.0,0.0,0.0,0.0,21.8,35.247832733102086,21.759344823886295,21.486087089914292,21.41147850922033,1,4.0679209314201135,idle,4.0679209314201135,0.0,False,1
2070.0,idle,20.31275176473088,21.7,,,0.0,0.0,0.0,0.0,21.7,35.247832733102086,21.759344823886295,21.486087089914292,21.41147850922033,1,4.0679209314201135,idle,4.0679209314201135,0.0,False,1
2071.0,idle,20.310521434652323,21.8,,,0.0,0.0,0.0,0.0,21.8,35.247832733102086,21.759344823886295,21.486087089914292,21.41147850922033,1,4.0679209314201135,idle,4.0679209314201135,0.0,False,1
2072.0,charge,20.57502001237377,23.8,20.575020012373784,20.660520693241097,400.2216150014213,0.0,294.39550000008603,0.0,23.8,31.563110934696738,21.376465166415358,21.486229272426556,21.411645504395494,2,4.071229887385534,charge,4.071229887385534,0.0,False,2
2073.0,charge,20.55065987734465,26.5,20.55065987734463,20.642204853309977,324.97744388220275,0.0,672.9040000001243,0.0,26.5,31.809374897973896,21.32852997398902,21.48354592069353,21.411808401800272,2,3.6715710693126966,charge,3.6715710693126966,0.0,False,2
2074.0,charge,20.573730070400106,28.4,20.57373007040013,20.684643263864416,342.7693863564236,0.0,1004.9289999996175,0.0,28.4,34.15813641186736,21.484536727954776,21.48199391911345,21.411965707156583,2,3.3460490459098615,charge,3.3460490459098615,0.0,False,2
2075.0,charge,20.627235307021355,29.3,20.62723530702135,20.76417385581277,408.55219801638367,0.0,1239.5599999991005,0.0,29.3,37.2688701093569,21.73644127593161,21.483659853736583,21.4121225666226,2,3.001970031880272,charge,3.001970031880272,0.0,False,2
2076.0,charge,20.693051373712976,29.7,20.69305137371299,20.85451886721893,489.5585032100861,0.0,1345.8080000002485,0.0,29.7,40.20303589606078,21.999002758922813,21.48915765152566,21.41228704258981,2,2.5916866282404145,charge,2.5916866282404145,0.0,False,2
2077.0,charge,20.752718626749484,29.7,20.75271862674947,20.92833218929826,557.7124498831125,0.0,1310.392000000509,0.0,29.7,41.80071454805193,22.179715781448238,21.49781939449599,21.41246713904104,2,2.1005141483991174,charge,2.1005141483991174,0.0,False,2
2078.0,charge,20.778215333967754,27.9,20.77821533396775,20.94129506061256,572.8271287545875,0.0,845.5569999994749,0.0,27.9,39.95161148238327,22.120056998660232,21.507128850149797,21.412667481301582,2,1.5419041513774774,charge,1.5419041513774774,0.0,False,2
2079.0,charge,20.75706403484471,26.6,20.75706403484469,20.895896482572994,522.1743155490161,0.0,619.7799999995502,0.0,26.6,37.25288006075806,21.92560567794743,21.514044166251608,21.412885725276396,2,0.969590293140713,charge,0.969590293140713,0.0,False,2
2080.0,charge,20.717939345067357,25.9,20.71793934506735,20.834968071169328,452.54751987111086,0.0,491.39699999993263,0.0,25.9,34.74534761885616,21.71604840540033,21.51773911144079,21.413115286156824,2,0.45254751987111086,charge,0.45254751987111086,0.0,False,2
2081.0,idle,20.419368773464463,24.2,,,0.0,0.0,0.0,0.0,24.2,34.74534761885616,21.71604840540033,21.51773911144079,21.413115286156824,1,0.0,idle,0.0,0.0,False,1
2082.0,idle,20.3914944713712,22.7,,,0.0,0.0,0.0,0.0,22.7,34.74534761885616,21.71604840540033,21.51773911144079,21.413115286156824,1,0.0,idle,0.0,0.0,False,1
2083.0,idle,20.37436620439856,21.7,,,0.0,0.0,0.0,0.0,21.7,34.74534761885616,21.71604840540033,21.51773911144079,21.413115286156824,1,0.0,idle,0.0,0.0,False,1
2084.0,idle,20.362159117069837,21.6,,,0.0,0.0,0.0,0.0,21.6,34.74534761885616,21.71604840540033,21.51773911144079,21.413115286156824,1,0.0,idle,0.0,0.0,False,1
2085.0,idle,20.353167776971755,21.5,,,0.0,0.0,0.0,0.0,21.5,34.74534761885616,21.71604840540033,21.51773911144079,21.413115286156824,1,0.3532484098597352,idle,0.3532484098597352,0.0,False,1
2086.0,idle,20.346137345475828,21.4,,,0.0,0.0,0.0,0.0,21.4,34.74534761885616,21.71604840540033,21.51773911144079,21.413115286156824,1,0.6200604449362764,idle,0.6200604449362764,0.0,False,1
2087.0,idle,20.34041333098616,21.3,,,0.0,0.0,0.0,0.0,21.3,34.74534761885616,21.71604840540033,21.51773911144079,21.413115286156824,1,0.8481616423666889,idle,0.8481616423666889,0.0,False,1
2088.0,idle,20.33562018154174,21.1,,,0.0,0.0,0.0,0.0,21.1,34.74534761885616,21.71604840540033,21.51773911144079,21.413115286156824,1,1.0997973479467213,idle,1.0997973479467213,0.0,False,1
2089.0,idle,20.331529626089345,20.7,,,0.0,0.0,0.0,0.0,20.7,34.74534761885616,21.71604840540033,21.51773911144079,21.413115286156824,1,1.4001562167008081,idle,1.4001562167008081,0.0,False,1
2090.0,idle,20.328017486139174,20.1,,,0.0,0.0,0.0,152.71843904131558,20.1,34.74534761885616,21.71604840540033,21.51773911144079,21.413115286156824,1,1.7304107424230581,idle,1.7304107424230581,0.0,False,1
2091.0,idle,20.324990671928102,19.9,,,0.0,0.0,0.0,261.1775820253792,19.9,34.74534761885616,21.71604840540033,21.51773911144079,21.413115286156824,1,2.0756904783885526,idle,2.0756904783885526,0.0,False,1
2092.0,idle,20.32233716090976,19.7,,,0.0,0.0,0.0,363.51046405374785,19.7,34.74534761885616,21.71604840540033,21.51773911144079,21.413115286156824,1,2.421055110655134,idle,2.421055110655134,0.0,False,1
2093.0,idle,20.319950862258384,19.3,,,0.0,0.0,0.0,558.6748579875464,19.3,34.74534761885616,21.71604840540033,21.51773911144079,21.413115286156824,1,2.7308572361549004,idle,2.7308572361549004,0.0,False,1
2094.0,idle,20.317825561009492,18.5,,,0.0,0.0,0.0,924.4654004833052,18.5,34.74534761885616,21.71604840540033,21.51773911144079,21.413115286156824,1,2.7308572361549004,idle,2.7308572361549004,0.0,False,1
2095.0,idle,20.34648032437396,18.6,,,0.0,0.0,0.0,878.9977677967206,18.6,34.74534761885616,21.71604840540033,21.51773911144079,21.413115286156824,1,2.7308572361549004,idle,2.7308572361549004,0.0,False,1
2096.0,charge,20.590085495351417,18.9,20.590085495351445,20.66400832470748,370.0212909053502,0.0,223.5635000000917,756.4522020036426,18.9,29.726962551370548,21.283668433339415,21.51639923698832,21.413347521740377,2,2.734048008661147,charge,2.734048008661147,0.0,False,2
2097.0,charge,20.539912699885353,19.0,20.53991269988535,20.602254103765574,259.7428414007607,0.0,535.6670000003184,821.6390280486224,19.0,28.097862116368447,21.089334514864674,21.51056690417886,21.413570588134974,2,2.3652966773955995,charge,2.3652966773955995,0.0,False,2
2098.0,charge,20.524601445988264,19.4,20.524601445988253,20.589016222740383,226.17658410903198,0.0,781.365499999701,614.393369204086,19.4,28.351813012607693,21.070547004681828,21.503521253815165,21.413778380808196,2,2.1059481381154304,charge,2.1059481381154304,0.0,False,2
2099.0,charge,20.541688521561724,20.4,20.541688521561696,20.623865148989182,247.31324796328528,0.0,1146.5929999996333,88.89981685250123,20.4,30.62181697816692,21.216722224405828,21.497699997539485,21.41397097193527,2,1.879323469924579,charge,1.879323469924579,0.0,False,2
2100.0,charge,20.578795183639873,20.7,20.578795183639897,20.675360390459787,297.06097471490926,0.0,1126.6715000008028,0.0,20.7,32.07541598382238,21.360776107055926,21.494346655474942,21.414152991717344,2,1.630993801430329,charge,1.630993801430329,0.0,False,2
2101.0,charge,20.60688065638458,21.1,20.60688065638459,20.708538434693537,330.0538678690076,0.0,1046.9854999995464,0.0,21.1,32.65823138067577,21.43657550083526,21.492625660996396,21.414329158536418,2,1.3331572229032953,charge,1.3331572229032953,0.0,False,2
2102.0,charge,20.623978662415954,20.9,20.623978662415936,20.72781624557524,345.6253487750754,0.0,1040.3450000004223,0.0,20.9,33.01618485863128,21.478703606701743,21.491723719412676,21.414502103120924,2,1.0024967201928037,charge,1.0024967201928037,0.0,False,2
2103.0,charge,20.630432421064928,20.8,20.63043242106494,20.729332682596578,346.22749696077074,0.0,865.4785000005207,0.0,20.8,32.3200032029402,21.450024519450153,21.49093160005407,21.414672979828083,2,0.6567140254094461,charge,0.6567140254094461,0.0,False,2
2104.0,charge,20.61321634318511,20.3,20.613216343185115,20.692667402182167,312.74520548670336,0.0,493.610499999655,208.350927860904,20.3,29.78979787286488,21.284329770119143,21.48865882920603,21.41484043886163,2,0.31274520548670337,charge,0.31274520548670337,0.0,False,2
2105.0,idle,20.408046268142176,19.3,,,0.0,0.0,0.0,695.2221987817455,19.3,29.78979787286488,21.284329770119143,21.48865882920603,21.41484043886163,1,0.0,idle,0.0,0.0,False,1
2106.0,idle,20.38938532208455,18.5,,,0.0,0.0,0.0,963.4270734148171,18.5,29.78979787286488,21.284329770119143,21.48865882920603,21.41484043886163,1,0.0,idle,0.0,0.0,False,1
2107.0,idle,20.377859541897376,17.4,,,0.0,0.0,0.0,1425.956344473473,17.4,29.78979787286488,21.284329770119143,21.48865882920603,21.41484043886163,1,0.0,idle,0.0,0.0,False,1
2108.0,idle,20.369572644379453,17.0,,,0.0,0.0,0.0,1586.5116159655095,17.0,29.78979787286488,21.284329770119143,21.48865882920603,21.41484043886163,1,0.0,idle,0.0,0.0,False,1
2109.0,idle,20.363403949647445,17.3,,,0.0,0.0,0.0,1459.3037630888452,17.3,29.78979787286488,21.284329770119143,21.48865882920603,21.41484043886163,1,0.0,idle,0.0,0.0,False,1
2110.0,idle,20.358529443330898,17.4,,,0.0,0.0,0.0,1415.127310507074,17.4,29.78979787286488,21.284329770119143,21.48865882920603,21.41484043886163,1,0.2521062307196306,idle,0.2521062307196306,0.0,False,1
2111.0,idle,20.35487653649783,18.1,,,0.0,0.0,0.0,1116.2888626083584,18.1,29.78979787286488,21.284329770119143,21.48865882920603,21.41484043886163,1,0.49864921855572863,idle,0.49864921855572863,0.0,False,1
2112.0,idle,20.351103665963016,19.5,,,0.0,0.0,0.0,477.87223189731714,19.5,29.78979787286488,21.284329770119143,21.48865882920603,21.41484043886163,1,0.7577945958446473,idle,0.7577945958446473,0.0,False,1
2113.0,idle,20.348189265637984,19.3,,,0.0,0.0,0.0,572.3789030386656,19.3,29.78979787286488,21.284329770119143,21.48865882920603,21.41484043886163,1,1.0470533409264973,idle,1.0470533409264973,0.0,False,1
2114.0,idle,20.345645920337265,19.0,,,0.0,0.0,0.0,711.3641732508855,19.0,29.78979787286488,21.284329770119143,21.48865882920603,21.41484043886163,1,1.370831694938039,idle,1.370831694938039,0.0,False,1
2115.0,idle,20.34342390440657,18.9,,,0.0,0.0,0.0,756.0711145146003,18.9,29.78979787286488,21.284329770119143,21.48865882920603,21.41484043886163,1,1.712957670915284,idle,1.712957670915284,0.0,False,1
2116.0,idle,20.341444579978635,19.0,,,0.0,0.0,0.0,709.1678423254342,19.0,29.78979787286488,21.284329770119143,21.48865882920603,21.41484043886163,1,2.048142073807314,idle,2.048142073807314,0.0,False,1
2117.0,idle,20.339638339630106,19.1,,,0.0,0.0,0.0,661.9227405516252,19.1,29.78979787286488,21.284329770119143,21.48865882920603,21.41484043886163,1,2.349168884522209,idle,2.349168884522209,0.0,False,1
2118.0,idle,20.33800509262437,19.0,,,0.0,0.0,0.0,707.4223911465724,19.0,29.78979787286488,21.284329770119143,21.48865882920603,21.41484043886163,1,2.349168884522209,idle,2.349168884522209,0.0,False,1
2119.0,idle,20.33588234370886,18.9,,,0.0,0.0,0.0,752.5801112189748,18.9,29.78979787286488,21.284329770119143,21.48865882920603,21.41484043886163,1,2.349168884522209,idle,2.349168884522209,0.0,False,1
2120.0,idle,20.333894496555715,19.2,,,0.0,0.0,0.0,612.4958804541162,19.2,29.78979787286488,21.284329770119143,21.48865882920603,21.41484043886163,1,2.349168884522209,idle,2.349168884522209,0.0,False,1
2121.0,charge,20.508788375766997,19.9,20.508788375766983,20.567657439258994,265.8075159769396,0.0,475.90249999962367,264.3066738521121,19.9,28.226637051863804,21.06449225544128,21.48310441645725,21.414998878293886,2,2.3517253956266657,charge,2.3517253956266657,0.0,False,2
2122.0,charge,20.505385542379113,20.8,20.505385542379088,20.576791832179993,235.83162401103502,0.0,810.1409999995617,0.0,20.8,29.221501885593284,21.102798381164575,21.476725710760945,21.415143034641574,2,2.086002872598401,charge,2.086002872598401,0.0,False,2
2123.0,charge,20.527529776734937,21.1,20.527529776734923,20.608417612215362,257.02519551458244,0.0,847.7705000002214,0.0,21.1,30.140310079924063,21.18783655484225,21.47160599917146,21.415274000976808,2,1.8496046624017628,charge,1.8496046624017628,0.0,False,2
2124.0,charge,20.55517497328289,21.2,20.555174973282874,20.647535902368304,287.1989309094231,0.0,1007.1425000006578,0.0,21.2,31.64507044047332,21.308145886787315,21.46808447013882,21.415394976005643,2,1.5918357938062642,charge,1.5918357938062642,0.0,False,2
2125.0,charge,20.585861647411082,22.0,20.585861647411093,20.687205025876835,322.3955654069404,0.0,987.22099999931,0.0,22.0,32.66076777056446,21.411566526130514,21.466340900554258,21.415509896274216,2,1.3037998400507964,charge,1.3037998400507964,0.0,False,2
2126.0,charge,20.606972614985022,21.8,20.60697261498501,20.70943576324879,342.3682897094818,0.0,880.9730000002083,0.0,21.8,32.73640737229948,21.447482877033508,21.465629467593715,21.415622023127924,2,0.9806589861768458,charge,0.9806589861768458,0.0,False,2
2127.0,charge,20.610143225953024,21.6,20.61014322595304,20.704810047724266,336.8482919725093,0.0,703.8929999996107,0.0,21.6,31.757104345881658,21.396281865952062,21.4647437065733,21.415732357705735,2,0.6382135796943691,charge,0.6382135796943691,0.0,False,2
2128.0,charge,20.593781314877823,21.0,20.593781314877845,20.672642960834537,303.51183195730584,0.0,478.11599999966637,0.0,21.0,29.80091512439327,21.259766696692623,21.462409566635415,21.415839087314794,2,0.30351183195730586,charge,0.30351183195730586,0.0,False,2
2129.0,idle,20.395018971412554,20.1,,,0.0,0.0,0.0,295.8995944406738,20.1,29.80091512439327,21.259766696692623,21.462409566635415,21.415839087314794,1,0.0,idle,0.0,0.0,False,1
2130.0,idle,20.377222424946915,19.2,,,0.0,0.0,0.0,640.2535147687902,19.2,29.80091512439327,21.259766696692623,21.462409566635415,21.415839087314794,1,0.0,idle,0.0,0.0,False,1
2131.0,idle,20.366304902376516,18.5,,,0.0,0.0,0.0,949.8211777136909,18.5,29.80091512439327,21.259766696692623,21.462409566635415,21.415839087314794,1,0.0,idle,0.0,0.0,False,1
2132.0,idle,20.358465510023464,18.1,,,0.0,0.0,0.0,1119.6442736376478,18.1,29.80091512439327,21.259766696692623,21.462409566635415,21.415839087314794,1,0.0,idle,0.0,0.0,False,1
2133.0,idle,20.352689720136933,17.2,,,0.0,0.0,0.0,1496.142881259277,17.2,29.80091512439327,21.259766696692623,21.462409566635415,21.415839087314794,1,0.2436283113191706,idle,0.2436283113191706,0.0,False,1
2134.0,idle,20.348123783260867,16.5,,,0.0,0.0,0.0,1779.6241453619066,16.5,29.80091512439327,21.259766696692623,21.462409566635415,21.415839087314794,1,0.46326228197098385,idle,0.46326228197098385,0.0,False,1
2135.0,idle,20.344366390017758,16.1,,,0.0,0.0,0.0,1938.1399824190773,16.1,29.80091512439327,21.259766696692623,21.462409566635415,21.415839087314794,1,0.7082865505602849,idle,0.7082865505602849,0.0,False,1
2136.0,idle,20.341188564542133,15.8,,,0.0,0.0,0.0,2055.663504129834,15.8,29.80091512439327,21.259766696692623,21.462409566635415,21.415839087314794,1,1.022551892163968,idle,1.022551892163968,0.0,False,1
2137.0,idle,20.338456704376842,16.5,,,0.0,0.0,0.0,1774.9837881870753,16.5,29.80091512439327,21.259766696692623,21.462409566635415,21.415839087314794,1,1.397474875094043,idle,1.397474875094043,0.0,False,1
2138.0,idle,20.33610554294974,16.6,,,0.0,0.0,0.0,1733.455879962258,16.6,29.80091512439327,21.259766696692623,21.462409566635415,21.415839087314794,1,1.8112025837477401,idle,1.8112025837477401,0.0,False,1
2139.0,idle,20.334035376589842,16.9,,,0.0,0.0,0.0,1610.3765160268622,16.9,29.80091512439327,21.259766696692623,21.462409566635415,21.415839087314794,1,2.2528850555989224,idle,2.2528850555989224,0.0,False,1
2140.0,idle,20.332200503173855,16.9,,,0.0,0.0,0.0,1609.5291984417106,16.9,29.80091512439327,21.259766696692623,21.462409566635415,21.415839087314794,1,2.688421738804446,idle,2.688421738804446,0.0,False,1
2141.0,idle,20.330527286952307,16.8,,,0.0,0.0,0.0,1649.6376534475974,16.8,29.80091512439327,21.259766696692623,21.462409566635415,21.415839087314794,1,3.076486950831488,idle,3.076486950831488,0.0,False,1
2142.0,idle,20.329010830323277,16.5,,,0.0,0.0,0.0,1770.6807231562314,16.5,29.80091512439327,21.259766696692623,21.462409566635415,21.415839087314794,1,3.076486950831488,idle,3.076486950831488,0.0,False,1
2143.0,idle,20.32700330421037,16.3,,,0.0,0.0,0.0,1850.547987995521,16.3,29.80091512439327,21.259766696692623,21.462409566635415,21.415839087314794,1,3.076486950831488,idle,3.076486950831488,0.0,False,1
2144.0,charge,20.49643055330229,18.3,20.496430553302275,20.550258130416523,256.39956042467185,0.0,270.04700000018795,1015.679192509961,18.3,27.336578917959514,21.00487322928211,21.456892907748113,21.415937110970788,2,3.0786882304055405,charge,3.0786882304055405,0.0,False,2
2145.0,charge,20.48214756685193,20.5,20.48214756685195,20.543818418073442,211.09090658734002,0.0,646.3419999999758,0.0,20.5,28.062530676054337,21.004957821944856,21.44981753447138,21.416020228351385,2,2.822621389613407,charge,2.822621389613407,0.0,False,2
2146.0,charge,20.50896020676545,21.9,20.508960206765437,20.591763778278732,241.02102962908657,0.0,980.580500000746,0.0,21.9,30.651704426638275,21.183281205704134,21.444435591998683,21.416088859986132,2,2.610880296886528,charge,2.610880296886528,0.0,False,2
2147.0,charge,20.561848357966365,23.1,20.56184835796637,20.66906911601393,309.53872887421176,0.0,1159.87399999985,0.0,23.1,33.50259279981094,21.423593206460623,21.44242673814051,21.416148995730737,2,2.368521065530441,charge,2.368521065530441,0.0,False,2
2148.0,charge,20.61427852575627,22.5,20.614278525756276,20.734673628951384,373.2284262899065,0.0,1128.8849999991455,0.0,22.5,34.894386945490055,21.585339471008353,21.44348206684009,21.416208184339382,2,2.0575773758887985,charge,2.0575773758887985,0.0,False,2
2149.0,charge,20.652831613162263,22.3,20.652831613162277,20.782800840553307,413.7571408062003,0.0,1208.5710000003676,0.0,22.3,36.252241241409024,21.71256635852893,21.446494754789057,21.416271845208485,2,1.6833011263854152,charge,1.6833011263854152,0.0,False,2
2150.0,charge,20.682777139814174,22.0,20.682777139814164,20.816204792130975,441.64519286352674,0.0,1111.1769999992705,0.0,22.0,36.60213070168828,21.776150408955573,21.450853964127475,21.41634374594014,2,1.2684898308931603,charge,1.2684898308931603,0.0,False,2
2151.0,charge,20.69073432749686,21.7,20.69073432749684,20.813922495628333,437.68560568381776,0.0,821.2085000003368,0.0,21.7,35.23586855931745,21.711451800287193,21.45504730544002,21.416425343260528,2,0.8266516124025696,charge,0.8266516124025696,0.0,False,2
2152.0,charge,20.668411924723003,20.8,20.66841192472299,20.769314795684295,391.8939926931912,0.0,495.82399999971705,0.0,20.8,32.50466243782421,21.521435666633067,21.457134411304196,21.416514058534176,2,0.3918939926931912,charge,0.3918939926931912,0.0,False,2
2153.0,idle,20.412026845360117,19.8,,,0.0,0.0,0.0,484.47322558268104,19.8,32.50466243782421,21.521435666633067,21.457134411304196,21.416514058534176,1,0.0,idle,0.0,0.0,False,1
2154.0,idle,20.389314219126767,19.6,,,0.0,0.0,0.0,456.8865544606012,19.6,32.50466243782421,21.521435666633067,21.457134411304196,21.416514058534176,1,0.0,idle,0.0,0.0,False,1
2155.0,idle,20.375483421949745,19.6,,,0.0,0.0,0.0,445.7064503098316,19.6,32.50466243782421,21.521435666633067,21.457134411304196,21.416514058534176,1,0.0,idle,0.0,0.0,False,1
2156.0,idle,20.36564170870131,18.9,,,0.0,0.0,0.0,769.6812600101935,18.9,32.50466243782421,21.521435666633067,21.457134411304196,21.416514058534176,1,0.0,idle,0.0,0.0,False,1
2157.0,idle,20.35842068651111,18.1,,,0.0,0.0,0.0,1119.3581369055898,18.1,32.50466243782421,21.521435666633067,21.457134411304196,21.416514058534176,1,0.30877333646606603,idle,0.30877333646606603,0.0,False,1
2158.0,idle,20.352779973902,17.4,,,0.0,0.0,0.0,1413.0489148346335,17.4,32.50466243782421,21.521435666633067,21.457134411304196,21.416514058534176,1,0.5725668996810418,idle,0.5725668996810418,0.0,False,1
2159.0,idle,20.34949161102261,17.6,,,0.0,0.0,0.0,1326.8841599282464,17.6,32.50466243782421,21.521435666633067,21.457134411304196,21.416514058534176,1,0.8333236556142678,idle,0.8333236556142678,0.0,False,1
2160.0,idle,20.345295577620735,17.6,,,0.0,0.0,0.0,1325.499836447123,17.6,32.50466243782421,21.521435666633067,21.457134411304196,21.416514058534176,1,1.1201939998888433,idle,1.1201939998888433,0.0,False,1
2161.0,idle,20.34196805953206,17.0,,,0.0,0.0,0.0,1573.1466297437387,17.0,32.50466243782421,21.521435666633067,21.457134411304196,21.416514058534176,1,1.4041538677753225,idle,1.4041538677753225,0.0,False,1
2162.0,idle,20.339101896114233,17.2,,,0.0,0.0,0.0,1489.3160182324407,17.2,32.50466243782421,21.521435666633067,21.457134411304196,21.416514058534176,1,1.665251627583457,idle,1.665251627583457,0.0,False,1
2163.0,idle,20.336619994136203,16.5,,,0.0,0.0,0.0,1774.1416941011323,16.5,32.50466243782421,21.521435666633067,21.457134411304196,21.416514058534176,1,1.9159450734298935,idle,1.9159450734298935,0.0,False,1
2164.0,idle,20.334432356419263,16.6,,,0.0,0.0,0.0,1732.7121109781633,16.6,32.50466243782421,21.521435666633067,21.457134411304196,21.416514058534176,1,2.1634409692564205,idle,2.1634409692564205,0.0,False,1
2165.0,idle,20.332453247757588,16.6,,,0.0,0.0,0.0,1731.8261747714625,16.6,32.50466243782421,21.521435666633067,21.457134411304196,21.416514058534176,1,2.1634409692564205,idle,2.1634409692564205,0.0,False,1
2166.0,idle,20.330680495094477,16.6,,,0.0,0.0,0.0,1731.0246307392836,16.6,32.50466243782421,21.521435666633067,21.457134411304196,21.416514058534176,1,2.1634409692564205,idle,2.1634409692564205,0.0,False,1
2167.0,idle,20.329055896344002,17.0,,,0.0,0.0,0.0,1567.1429181825765,17.0,32.50466243782421,21.521435666633067,21.457134411304196,21.416514058534176,1,2.1634409692564205,idle,2.1634409692564205,0.0,False,1
2168.0,charge,20.543760757443557,19.6,20.54376075744358,20.61089695347067,325.1251528500691,0.0,258.979500000112,415.8431849788533,19.6,29.13304087518577,21.179930531041578,21.454813587496915,21.416602645704756,2,2.1663203488943794,charge,2.1663203488943794,0.0,False,2
2169.0,charge,20.517011105605373,21.7,20.517011105605377,20.58629305504371,253.96871628804902,0.0,560.0154999997445,0.0,21.7,28.99062400625712,21.110512200405083,21.449788386667308,21.416682135368433,2,1.8418321495705336,charge,1.8418321495705336,0.0,False,2
2170.0,charge,20.52771596732833,23.1,20.527715967328334,20.609070424175286,257.830662201696,0.0,805.713999999488,0.0,23.1,30.425044907934875,21.199260889752964,21.445243610821365,21.41675040702512,2,1.5875987263624847,charge,1.5875987263624847,0.0,False,2
2171.0,charge,20.551746844611525,23.8,20.5517468446115,20.639061829771094,284.11873216194357,0.0,688.3985000005716,0.0,23.8,30.850363310396347,21.263992199320512,21.442099964167653,21.416810085301563,2,1.3291350191902171,charge,1.3291350191902171,0.0,False,2
2172.0,charge,20.559105552398886,23.5,20.559105552398876,20.639410430869873,285.1489852266787,0.0,484.75649999976287,0.0,23.5,29.892535768842095,21.222592851726176,21.43912677156601,21.416863120781443,2,1.0448178695499055,charge,1.0448178695499055,0.0,False,2
2173.0,charge,20.54924674365689,25.3,20.54924674365691,20.62096317869515,262.7975312388063,0.0,409.49749999990087,0.0,25.3,29.0205383562909,21.152092716807942,21.435245632893498,21.416908472684952,2,0.7600151627031881,charge,0.7600151627031881,0.0,False,2
2174.0,charge,20.543468062435256,24.6,20.543468062435238,20.616724981527113,250.38281411803032,0.0,599.8585000003469,0.0,24.6,29.416340986669354,21.157432512847265,21.430935912401083,21.416944398261194,2,0.497357761978369,charge,0.497357761978369,0.0,False,2
2175.0,charge,20.542486243633327,23.4,20.542486243633334,20.611174169873436,247.10375492388533,0.0,405.07049999978085,0.0,23.4,28.55525811722697,21.114489808841427,21.426587248226497,21.41697078086412,2,0.24710375492388534,charge,0.24710375492388534,0.0,False,2
2176.0,idle,20.379578725607107,22.5,,,0.0,0.0,0.0,0.0,22.5,28.55525811722697,21.114489808841427,21.426587248226497,21.41697078086412,1,0.0,idle,0.0,0.0,False,1
2177.0,idle,20.36476486940264,21.9,,,0.0,0.0,0.0,0.0,21.9,28.55525811722697,21.114489808841427,21.426587248226497,21.41697078086412,1,0.0,idle,0.0,0.0,False,1
2178.0,idle,20.355576879946373,20.8,,,0.0,0.0,0.0,0.0,20.8,28.55525811722697,21.114489808841427,21.426587248226497,21.41697078086412,1,0.0,idle,0.0,0.0,False,1
2179.0,idle,20.348909037366152,20.4,,,0.0,0.0,0.0,0.0,20.4,28.55525811722697,21.114489808841427,21.426587248226497,21.41697078086412,1,0.0,idle,0.0,0.0,False,1
2180.0,idle,20.34395717562757,20.0,,,0.0,0.0,0.0,218.4897858387607,20.0,28.55525811722697,21.114489808841427,21.426587248226497,21.41697078086412,1,0.0,idle,0.0,0.0,False,1
2181.0,idle,20.340015596511634,19.8,,,0.0,0.0,0.0,321.9950681422026,19.8,28.55525811722697,21.114489808841427,21.426587248226497,21.41697078086412,1,0.0,idle,0.0,0.0,False,1
2182.0,idle,20.33676673249916,19.3,,,0.0,0.0,0.0,567.1023688935766,19.3,28.55525811722697,21.114489808841427,21.426587248226497,21.41697078086412,1,0.2337610675402486,idle,0.2337610675402486,0.0,False,1
2183.0,idle,20.334018506798717,18.8,,,0.0,0.0,0.0,797.5267920517797,18.8,28.55525811722697,21.114489808841427,21.426587248226497,21.41697078086412,1,0.4924457562536636,idle,0.4924457562536636,0.0,False,1
2184.0,idle,20.33164926504724,18.6,,,0.0,0.0,0.0,886.2294532062605,18.6,28.55525811722697,21.114489808841427,21.426587248226497,21.41697078086412,1,0.7929588495185828,idle,0.7929588495185828,0.0,False,1
2185.0,idle,20.329614815167016,18.2,,,0.0,0.0,0.0,1061.3240897499777,18.2,28.55525811722697,21.114489808841427,21.426587248226497,21.41697078086412,1,1.138309205458618,idle,1.138309205458618,0.0,False,1
2186.0,idle,20.327816082794254,18.6,,,0.0,0.0,0.0,884.2636377616354,18.6,28.55525811722697,21.114489808841427,21.426587248226497,21.41697078086412,1,1.4769413913298635,idle,1.4769413913298635,0.0,False,1
2187.0,idle,20.326223158410397,18.1,,,0.0,0.0,0.0,1103.020493828175,18.1,28.55525811722697,21.114489808841427,21.426587248226497,21.41697078086412,1,1.7906922934473806,idle,1.7906922934473806,0.0,False,1
2188.0,idle,20.32476832327526,18.0,,,0.0,0.0,0.0,1145.4528160166233,18.0,28.55525811722697,21.114489808841427,21.426587248226497,21.41697078086412,1,2.0841614738151155,idle,2.0841614738151155,0.0,False,1
2189.0,idle,20.323446489485967,17.8,,,0.0,0.0,0.0,1230.3838530340233,17.8,28.55525811722697,21.114489808841427,21.426587248226497,21.41697078086412,1,2.3349469608724536,idle,2.3349469608724536,0.0,False,1
2190.0,idle,20.3222267476378,17.2,,,0.0,0.0,0.0,1481.646132978103,17.2,28.55525811722697,21.114489808841427,21.426587248226497,21.41697078086412,1,2.3349469608724536,idle,2.3349469608724536,0.0,False,1
2191.0,idle,20.321028802640978,17.7,,,0.0,0.0,0.0,1271.7603528619559,17.7,28.55525811722697,21.114489808841427,21.426587248226497,21.41697078086412,1,2.3349469608724536,idle,2.3349469608724536,0.0,False,1
2192.0,idle,20.319424257177314,19.8,,,0.0,0.0,0.0,310.11009851232234,19.8,28.55525811722697,21.114489808841427,21.426587248226497,21.41697078086412,1,2.3349469608724536,idle,2.3349469608724536,0.0,False,1
2193.0,charge,20.479034599088276,21.0,20.479034599088266,20.54219490776245,242.08537006746877,0.0,571.0829999997532,0.0,21.0,28.636498361172812,21.045492371836417,21.421129946998064,21.416986210258585,2,2.3364271412159003,charge,2.3364271412159003,0.0,False,2
2194.0,charge,20.499183786572313,21.5,20.499183786572303,20.58005364790978,249.25413555315862,0.0,854.4109999996796,0.0,21.5,30.285584734202303,21.161048109202,21.416477510135337,21.41698991040022,2,2.0938579608304284,charge,2.0938579608304284,0.0,False,2
2195.0,charge,20.541476103996395,21.9,20.541476103996388,20.642188317184832,297.80568239582885,0.0,1069.1204999995152,0.0,21.9,32.705665138416066,21.35539347253433,21.414313276632754,21.416985834323384,2,1.8435551955174168,charge,1.8435551955174168,0.0,False,2
2196.0,charge,20.58288011645826,21.3,20.582880116458284,20.689738342645626,343.7025100767122,0.0,876.5460000000847,0.0,21.3,33.11954813661356,21.44736215956499,21.414418459618787,21.41697979818764,2,1.5446610119731772,charge,1.5446610119731772,0.0,False,2
2197.0,charge,20.5922802352882,21.6,20.59228023528817,20.687052128332255,341.4968793874085,0.0,553.3749999996454,0.0,21.6,31.58223332338531,21.374931864284633,21.414508339647853,21.41697442953233,2,1.2007064177363016,charge,1.2007064177363016,0.0,False,2
2198.0,charge,20.58313979696814,21.8,20.583139796968112,20.672500395105658,315.7692748025208,0.0,675.117500000255,0.0,21.8,31.35778953729499,21.333211415960307,21.413521299184822,21.41696794402577,2,0.8595298305265243,charge,0.8595298305265243,0.0,False,2
2199.0,charge,20.573205579337134,19.8,20.573205579337127,20.65137357412425,294.03903808960916,0.0,469.2620000003241,442.66013697573476,19.8,29.692595633057408,21.229442871327535,21.411628271021243,21.41695846655739,2,0.5440011615327123,charge,0.5440011615327123,0.0,False,2
2200.0,charge,20.549023557761505,19.7,20.54902355776153,20.61380321888913,253.1345108563321,0.0,374.08150000014956,486.8078800838536,19.7,28.194195791553398,21.102656951833353,21.407939444295323,21.416942838095054,2,0.2531345108563321,charge,0.2531345108563321,0.0,False,2
2201.0,idle,20.381180108422786,19.0,,,0.0,0.0,0.0,803.0789262266004,19.0,28.194195791553398,21.102656951833353,21.407939444295323,21.416942838095054,1,0.0,idle,0.0,0.0,False,1
2202.0,idle,20.364986341933992,18.9,,,0.0,0.0,0.0,772.275775537401,18.9,28.194195791553398,21.102656951833353,21.407939444295323,21.416942838095054,1,0.0,idle,0.0,0.0,False,1
2203.0,idle,20.354914123085752,18.8,,,0.0,0.0,0.0,810.3014634661187,18.8,28.194195791553398,21.102656951833353,21.407939444295323,21.416942838095054,1,0.0,idle,0.0,0.0,False,1
2204.0,idle,20.347647753637407,18.3,,,0.0,0.0,0.0,1027.882037219379,18.3,28.194195791553398,21.102656951833353,21.407939444295323,21.416942838095054,1,0.0,idle,0.0,0.0,False,1
2205.0,idle,20.342257710040162,17.8,,,0.0,0.0,0.0,1240.115340165834,17.8,28.194195791553398,21.102656951833353,21.407939444295323,21.416942838095054,1,0.0,idle,0.0,0.0,False,1
2206.0,idle,20.337989992890225,17.5,,,0.0,0.0,0.0,1364.4727042612903,17.5,28.194195791553398,21.102656951833353,21.407939444295323,21.416942838095054,1,0.21944324747660462,idle,0.21944324747660462,0.0,False,1
2207.0,idle,20.334794016767116,17.2,,,0.0,0.0,0.0,1487.6691628702467,17.2,28.194195791553398,21.102656951833353,21.407939444295323,21.416942838095054,1,0.4602295365669887,idle,0.4602295365669887,0.0,False,1
2208.0,idle,20.331534627029704,17.3,,,0.0,0.0,0.0,1444.854136321793,17.3,28.194195791553398,21.102656951833353,21.407939444295323,21.416942838095054,1,0.7487464791151028,idle,0.7487464791151028,0.0,False,1
2209.0,idle,20.329029050263433,18.4,,,0.0,0.0,0.0,973.7763220213491,18.4,28.194195791553398,21.102656951833353,21.407939444295323,21.416942838095054,1,1.1059227552720197,idle,1.1059227552720197,0.0,False,1
2210.0,idle,20.326884396736006,18.3,,,0.0,0.0,0.0,1016.5655788903216,18.3,28.194195791553398,21.102656951833353,21.407939444295323,21.416942838095054,1,1.5215891324954636,idle,1.5215891324954636,0.0,False,1
2211.0,idle,20.32500958213615,18.2,,,0.0,0.0,0.0,1059.2520018165114,18.2,28.194195791553398,21.102656951833353,21.407939444295323,21.416942838095054,1,1.9701394233526799,idle,1.9701394233526799,0.0,False,1
2212.0,idle,20.323357509828387,18.3,,,0.0,0.0,0.0,1014.8067089621844,18.3,28.194195791553398,21.102656951833353,21.407939444295323,21.416942838095054,1,2.4143671710155883,idle,2.4143671710155883,0.0,False,1
2213.0,idle,20.321862506211097,18.0,,,0.0,0.0,0.0,1144.2204318003198,18.0,28.194195791553398,21.102656951833353,21.407939444295323,21.416942838095054,1,2.8205037175334886,idle,2.8205037175334886,0.0,False,1
2214.0,idle,20.32051404411028,17.6,,,0.0,0.0,0.0,1313.8603188219015,17.6,28.194195791553398,21.102656951833353,21.407939444295323,21.416942838095054,1,2.8205037175334886,idle,2.8205037175334886,0.0,False,1
2215.0,idle,20.318778345327345,17.5,,,0.0,0.0,0.0,1355.3524140740149,17.5,28.194195791553398,21.102656951833353,21.407939444295323,21.416942838095054,1,2.8205037175334886,idle,2.8205037175334886,0.0,False,1
2216.0,idle,20.317558120395155,19.0,,,0.0,0.0,0.0,697.7929828892709,19.0,28.194195791553398,21.102656951833353,21.407939444295323,21.416942838095054,1,2.8205037175334886,idle,2.8205037175334886,0.0,False,1
2217.0,charge,20.468842612127315,20.2,20.468842612127332,20.524666136505573,229.96218559161525,0.0,469.2620000003241,84.49522824492689,20.2,27.803287672736758,20.98433335768277,21.402253756307516,21.416916745602407,2,2.8223442655630975,charge,2.8223442655630975,0.0,False,2
2218.0,charge,20.483338927904718,21.1,20.483338927904697,20.559032900593536,230.30402852919605,0.0,845.5569999994749,0.0,21.1,29.755740928234218,21.10572631774562,21.397075552481283,21.416878024697496,2,2.5920370463934925,charge,2.5920370463934925,0.0,False,2
2219.0,charge,20.528641138940543,21.8,20.528641138940543,20.627004384066765,284.9844242111763,0.0,1075.7610000006198,0.0,21.8,32.42707909302811,21.32116393029861,21.39467438906553,21.416830745693687,2,2.3606137394577007,charge,2.3606137394577007,0.0,False,2
2220.0,charge,20.584782972544534,22.0,20.58478297254453,20.70376358231067,353.83615094237604,0.0,1195.290000000699,0.0,22.0,34.87229218441365,21.54236301109711,21.395611742184542,21.416781957327373,2,2.0741567608491693,charge,2.0741567608491693,0.0,False,2
2221.0,charge,20.63731034418146,22.2,20.637310344181458,20.77083031030884,414.3593302358801,0.0,1197.5034999996908,0.0,22.2,36.62005726745588,21.71804960193441,21.399439170319056,21.416738714371434,2,1.7189141696692816,charge,1.7189141696692816,0.0,False,2
2222.0,charge,20.67368660898192,22.0,20.67368660898194,20.80945073616124,449.04576626254357,0.0,1020.423499999034,0.0,22.0,36.78767942299214,21.78232862245744,21.404912910897224,21.416706221571644,2,1.3032836757483457,charge,1.3032836757483457,0.0,False,2
2223.0,charge,20.684929180689018,21.7,20.68492918068904,20.81237616097866,446.5223893626457,0.0,799.0734999999421,0.0,21.7,35.802043539506826,21.739279401234683,21.410293374787955,21.41668614484263,2,0.8539664022435474,charge,0.8539664022435474,0.0,False,2
2224.0,charge,20.670034093739165,21.4,20.67003409373916,20.77809222513497,409.39755197836826,0.0,478.11599999966637,0.0,21.4,33.37461510971838,21.57814906654255,21.413966867383238,21.416676484648917,2,0.40939755197836825,charge,0.40939755197836825,0.0,False,2
2225.0,idle,20.403498029337904,20.2,,,0.0,0.0,0.0,283.43346687178416,20.2,33.37461510971838,21.57814906654255,21.413966867383238,21.416676484648917,1,0.0,idle,0.0,0.0,False,1
2226.0,idle,20.380677740263067,19.5,,,0.0,0.0,0.0,501.5240808571187,19.5,33.37461510971838,21.57814906654255,21.413966867383238,21.416676484648917,1,0.0,idle,0.0,0.0,False,1
2227.0,idle,20.36692163226451,18.9,,,0.0,0.0,0.0,772.0470264133537,18.9,33.37461510971838,21.57814906654255,21.413966867383238,21.416676484648917,1,0.0,idle,0.0,0.0,False,1
2228.0,idle,20.35716762702829,18.9,,,0.0,0.0,0.0,765.7794639969985,18.9,33.37461510971838,21.57814906654255,21.413966867383238,21.416676484648917,1,0.0,idle,0.0,0.0,False,1
2229.0,idle,20.35008228180016,18.4,,,0.0,0.0,0.0,985.052350163801,18.4,33.37461510971838,21.57814906654255,21.413966867383238,21.416676484648917,1,0.329949414581141,idle,0.329949414581141,0.0,False,1
2230.0,idle,20.34455803853554,18.0,,,0.0,0.0,0.0,1155.7060903556853,18.0,33.37461510971838,21.57814906654255,21.413966867383238,21.416676484648917,1,0.6114701536079404,idle,0.6114701536079404,0.0,False,1
2231.0,idle,20.340062439206015,17.6,,,0.0,0.0,0.0,1323.4225248241896,17.6,33.37461510971838,21.57814906654255,21.413966867383238,21.416676484648917,1,0.8956986915204865,idle,0.8956986915204865,0.0,False,1
2232.0,idle,20.33629946140925,17.3,,,0.0,0.0,0.0,1447.0443732844628,17.3,33.37461510971838,21.57814906654255,21.413966867383238,21.416676484648917,1,1.2299347008412034,idle,1.2299347008412034,0.0,False,1
2233.0,idle,20.333102548362092,17.2,,,0.0,0.0,0.0,1486.9692300570957,17.2,33.37461510971838,21.57814906654255,21.413966867383238,21.416676484648917,1,1.6227197588275304,idle,1.6227197588275304,0.0,False,1
2234.0,idle,20.330382734625427,17.1,,,0.0,0.0,0.0,1526.9726215490623,17.1,33.37461510971838,21.57814906654255,21.413966867383238,21.416676484648917,1,2.058520868704478,idle,2.058520868704478,0.0,False,1
2235.0,idle,20.328025103591738,17.0,,,0.0,0.0,0.0,1567.0205668819274,17.0,33.37461510971838,21.57814906654255,21.413966867383238,21.416676484648917,1,2.5058901249669585,idle,2.5058901249669585,0.0,False,1
2236.0,idle,20.325963299414852,16.9,,,0.0,0.0,0.0,1607.068831202674,16.9,33.37461510971838,21.57814906654255,21.413966867383238,21.416676484648917,1,2.930367187374019,idle,2.930367187374019,0.0,False,1
2237.0,idle,20.32410496162874,16.7,,,0.0,0.0,0.0,1687.8156800171707,16.7,33.37461510971838,21.57814906654255,21.413966867383238,21.416676484648917,1,3.299814366645718,idle,3.299814366645718,0.0,False,1
2238.0,idle,20.322446006752845,16.7,,,0.0,0.0,0.0,1687.060233307671,16.7,33.37461510971838,21.57814906654255,21.413966867383238,21.416676484648917,1,3.299814366645718,idle,3.299814366645718,0.0,False,1
2239.0,idle,20.320932638911014,16.7,,,0.0,0.0,0.0,1686.3857977631453,16.7,33.37461510971838,21.57814906654255,21.413966867383238,21.416676484648917,1,3.299814366645718,idle,3.299814366645718,0.0,False,1
2240.0,charge,20.54980178638175,18.5,20.54980178638175,20.62250718396524,345.72038899357494,0.0,234.63100000016206,924.9009046560333,18.5,29.729922178060406,21.229356741502443,21.413363973393416,21.416670691926754,2,3.3025195334344937,charge,3.3025195334344937,0.0,False,2
2241.0,charge,20.522926497969706,20.5,20.522926497969706,20.597965590344018,272.1787941825235,0.0,602.0720000002017,39.91025917610188,20.5,29.747870279082804,21.164555288119573,21.409928133163362,21.416659642145362,2,2.9574252610240954,charge,2.9574252610240954,0.0,False,2
2242.0,charge,20.537598424013954,21.3,20.537598424013936,20.62718176957401,280.710839239168,0.0,923.0294999995406,0.0,21.3,31.476314381218913,21.275410031579895,21.40717261895452,21.416641288913127,2,2.684890523160313,charge,2.684890523160313,0.0,False,2
2243.0,charge,20.577725377130935,21.6,20.577725377130946,20.687451582855488,329.82929896165285,0.0,1157.6605000009392,0.0,21.6,33.874252401331375,21.46800551561006,21.406861203245512,21.416619374438596,2,2.4031718503295862,charge,2.4031718503295862,0.0,False,2
2244.0,charge,20.626912126259995,21.7,20.62691212625998,20.754080330605404,390.16533764040054,0.0,1248.4139999993563,0.0,21.7,35.91266955159574,21.656835404849403,21.409437250934445,21.416600062922555,2,2.0720374550235494,charge,2.0720374550235494,0.0,False,2
2245.0,charge,20.667742319384335,21.3,20.66774231938433,20.802470981900854,435.18630459785584,0.0,1164.3009999999779,0.0,21.3,36.73490337497492,21.765296851486823,21.41413578151463,21.416589115683337,2,1.6807715937691845,charge,1.6807715937691845,0.0,False,2
2246.0,charge,20.688038124370916,21.1,20.688038124370905,20.819406627953754,448.7371787909708,0.0,971.7265000005224,0.0,21.1,36.306195004823564,21.769747626677315,21.419470039975693,21.41658962473855,2,1.2448738388647282,charge,1.2448738388647282,0.0,False,2
2247.0,charge,20.683409727384124,20.7,20.683409727384117,20.80016923236559,427.1570602031405,0.0,692.8254999997308,0.0,20.7,34.47833577438587,21.65807066478567,21.42380404090278,21.416601184718445,2,0.7962486805702731,charge,0.7962486805702731,0.0,False,2
2248.0,charge,20.65365098116142,20.4,20.653650981161434,20.748303973468524,372.99497388228775,0.0,431.6324999998698,182.21090353855624,20.4,31.811384904712156,21.45919065097746,21.425635274263584,21.41661978350504,2,0.37299497388228775,charge,0.37299497388228775,0.0,False,2
2249.0,idle,20.40810720815321,19.4,,,0.0,0.0,0.0,667.6029122008974,19.4,31.811384904712156,21.45919065097746,21.425635274263584,21.41661978350504,1,0.0,idle,0.0,0.0,False,1
2250.0,idle,20.38546725850883,18.5,,,0.0,0.0,0.0,963.4539451093912,18.5,31.811384904712156,21.45919065097746,21.425635274263584,21.41661978350504,1,0.0,idle,0.0,0.0,False,1
2251.0,idle,20.371563156986984,18.3,,,0.0,0.0,0.0,1041.2160803271204,18.3,31.811384904712156,21.45919065097746,21.425635274263584,21.41661978350504,1,0.0,idle,0.0,0.0,False,1
2252.0,idle,20.361647466855338,17.9,,,0.0,0.0,0.0,1207.710258126763,17.9,31.811384904712156,21.45919065097746,21.425635274263584,21.41661978350504,1,0.0,idle,0.0,0.0,False,1
2253.0,idle,20.354340940883482,17.9,,,0.0,0.0,0.0,1203.4778457118587,17.9,31.811384904712156,21.45919065097746,21.425635274263584,21.41661978350504,1,0.0,idle,0.0,0.0,False,1
2254.0,idle,20.34862546782184,17.6,,,0.0,0.0,0.0,1327.541216991551,17.6,31.811384904712156,21.45919065097746,21.425635274263584,21.41661978350504,1,0.3002733135091662,idle,0.3002733135091662,0.0,False,1
2255.0,idle,20.343818273601126,17.1,,,0.0,0.0,0.0,1533.3731636373977,17.1,31.811384904712156,21.45919065097746,21.425635274263584,21.41661978350504,1,0.5847742184627487,idle,0.5847742184627487,0.0,False,1
2256.0,idle,20.33974373681805,16.9,,,0.0,0.0,0.0,1613.532762071384,16.9,31.811384904712156,21.45919065097746,21.425635274263584,21.41661978350504,1,0.8834212482529245,idle,0.8834212482529245,0.0,False,1
2257.0,idle,20.336407845673516,16.9,,,0.0,0.0,0.0,1611.8654694455597,16.9,31.811384904712156,21.45919065097746,21.425635274263584,21.41661978350504,1,1.2150019567094645,idle,1.2150019567094645,0.0,False,1
2258.0,idle,20.333537976985866,17.5,,,0.0,0.0,0.0,1362.0198749821532,17.5,31.811384904712156,21.45919065097746,21.425635274263584,21.41661978350504,1,1.5633639638858725,idle,1.5633639638858725,0.0,False,1
2259.0,idle,20.331061948403928,17.5,,,0.0,0.0,0.0,1360.8163140007732,17.5,31.811384904712156,21.45919065097746,21.425635274263584,21.41661978350504,1,1.9061418065996878,idle,1.9061418065996878,0.0,False,1
2260.0,idle,20.328886506717154,17.5,,,0.0,0.0,0.0,1359.7777969491317,17.5,31.811384904712156,21.45919065097746,21.425635274263584,21.41661978350504,1,2.2325139370497555,idle,2.2325139370497555,0.0,False,1
2261.0,idle,20.326926407740384,17.5,,,0.0,0.0,0.0,1358.865259646989,17.5,31.811384904712156,21.45919065097746,21.425635274263584,21.41661978350504,1,2.525336444240455,idle,2.525336444240455,0.0,False,1
2262.0,idle,20.325177839598016,17.9,,,0.0,0.0,0.0,1188.640417796203,17.9,31.811384904712156,21.45919065097746,21.425635274263584,21.41661978350504,1,2.525336444240455,idle,2.525336444240455,0.0,False,1
2263.0,idle,20.32358153905193,18.2,,,0.0,0.0,0.0,1058.5097320296559,18.2,31.811384904712156,21.45919065097746,21.425635274263584,21.41661978350504,1,2.525336444240455,idle,2.525336444240455,0.0,False,1
2264.0,idle,20.321648915328506,19.3,,,0.0,0.0,0.0,559.2686677594676,19.3,31.811384904712156,21.45919065097746,21.425635274263584,21.41661978350504,1,2.525336444240455,idle,2.525336444240455,0.0,False,1
2265.0,charge,20.530376263628597,20.5,20.53037626362857,20.599176847959143,316.4450080904627,0.0,380.72200000031285,0.0,20.5,29.536107838998817,21.180251236830543,21.42347114431999,21.416638103406,2,2.52834317822596,charge,2.52834317822596,0.0,False,2
2266.0,charge,20.52128246942975,21.2,20.521282469429764,20.602324028407224,272.5163204105287,0.0,836.7030000000315,0.0,21.2,30.486919974739408,21.202462796176917,21.41985576018004,21.416649167496814,2,2.2121266057139515,charge,2.2121266057139515,0.0,False,2
2267.0,charge,20.54628386879855,21.2,20.546283868798525,20.640416818130007,295.7446631974994,0.0,980.580500000746,0.0,21.2,31.865065471895377,21.315441019102252,21.417576190198815,21.41665344969971,2,1.938963839778997,charge,1.938963839778997,0.0,False,2
2268.0,charge,20.57754457409602,21.3,20.57754457409601,20.68112778483021,329.259453571503,0.0,1031.4910000003215,0.0,21.3,32.941924191662906,21.421486097272066,21.417004127704104,21.416654588841027,2,1.6423681893217272,charge,1.6423681893217272,0.0,False,2
2269.0,charge,20.598989283922087,20.9,20.598989283922094,20.702693059275703,348.4910328459595,0.0,918.6024999994523,0.0,20.9,32.855614681470456,21.449485467891066,21.417417596740336,21.416655772762,2,1.312518195683695,charge,1.312518195683695,0.0,False,2
2270.0,charge,20.603949654686023,21.0,20.603949654686005,20.702369200478245,344.1035726837693,0.0,827.8489999998379,0.0,21.0,32.28656902475092,21.42053023188066,21.417706173417514,21.41665787638027,2,0.9638513540518393,charge,0.9638513540518393,0.0,False,2
2271.0,charge,20.59840192719815,20.8,20.598401927198154,20.68981927682711,327.56206872359155,0.0,761.4440000006257,0.0,20.8,31.480881168670294,21.36307878820361,21.417299622093765,21.41665991228632,2,0.6198829607156048,charge,0.6198829607156048,0.0,False,2
2272.0,charge,20.58075189614856,20.2,20.58075189614857,20.656578555160024,294.6365182561338,0.0,480.3294999997258,245.3246928695441,20.2,29.41940867126351,21.222194458633624,21.41544267800424,21.416659656582283,2,0.2946365182561338,charge,0.2946365182561338,0.0,False,2
2273.0,idle,20.386939408902624,19.4,,,0.0,0.0,0.0,633.5730695469695,19.4,29.41940867126351,21.222194458633624,21.41544267800424,21.416659656582283,1,0.0,idle,0.0,0.0,False,1
2274.0,idle,20.369098179704107,19.0,,,0.0,0.0,0.0,729.1877484666487,19.0,29.41940867126351,21.222194458633624,21.41544267800424,21.416659656582283,1,0.0,idle,0.0,0.0,False,1
2275.0,idle,20.358116454589304,19.0,,,0.0,0.0,0.0,720.9894146502372,19.0,29.41940867126351,21.222194458633624,21.41544267800424,21.416659656582283,1,0.0,idle,0.0,0.0,False,1
2276.0,idle,20.350237372259304,18.5,,,0.0,0.0,0.0,941.3734544793807,18.5,29.41940867126351,21.222194458633624,21.41544267800424,21.416659656582283,1,0.0,idle,0.0,0.0,False,1
2277.0,idle,20.34444456357894,18.1,,,0.0,0.0,0.0,1112.7089003368026,18.1,29.41940867126351,21.222194458633624,21.41544267800424,21.416659656582283,1,0.0,idle,0.0,0.0,False,1
2278.0,idle,20.33988266313525,18.1,,,0.0,0.0,0.0,1110.2069610729977,18.1,29.41940867126351,21.222194458633624,21.41544267800424,21.416659656582283,1,0.24614101740697064,idle,0.24614101740697064,0.0,False,1
2279.0,idle,20.336155083047068,17.8,,,0.0,0.0,0.0,1236.8137996920311,17.8,29.41940867126351,21.222194458633624,21.41544267800424,21.416659656582283,1,0.493574463413226,idle,0.493574463413226,0.0,False,1
2280.0,idle,20.3330297821034,17.5,,,0.0,0.0,0.0,1361.9138779907735,17.5,29.41940867126351,21.222194458633624,21.41544267800424,21.416659656582283,1,0.764075391766382,idle,0.764075391766382,0.0,False,1
2281.0,idle,20.330309529935924,17.1,,,0.0,0.0,0.0,1526.9426087917948,17.1,29.41940867126351,21.222194458633624,21.41544267800424,21.416659656582283,1,1.0752579808256764,idle,1.0752579808256764,0.0,False,1
2282.0,idle,20.32798484432962,16.8,,,0.0,0.0,0.0,1648.866382829208,16.8,29.41940867126351,21.222194458633624,21.41544267800424,21.416659656582283,1,1.4017913476398511,idle,1.4017913476398511,0.0,False,1
2283.0,idle,20.325949006187944,16.7,,,0.0,0.0,0.0,1688.6374175663655,16.7,29.41940867126351,21.222194458633624,21.41544267800424,21.416659656582283,1,1.7360461459386474,idle,1.7360461459386474,0.0,False,1
2284.0,idle,20.32415827386982,16.7,,,0.0,0.0,0.0,1687.8098697584649,16.7,29.41940867126351,21.222194458633624,21.41544267800424,21.416659656582283,1,2.0740519800254114,idle,2.0740519800254114,0.0,False,1
2285.0,idle,20.32253604428484,16.8,,,0.0,0.0,0.0,1646.35710983792,16.8,29.41940867126351,21.222194458633624,21.41544267800424,21.416659656582283,1,2.3616024141354828,idle,2.3616024141354828,0.0,False,1
2286.0,idle,20.321074848441555,16.8,,,0.0,0.0,0.0,1645.6952636331596,16.8,29.41940867126351,21.222194458633624,21.41544267800424,21.416659656582283,1,2.3616024141354828,idle,2.3616024141354828,0.0,False,1
2287.0,idle,20.319347532195653,16.8,,,0.0,0.0,0.0,1645.0990838071302,16.8,29.41940867126351,21.222194458633624,21.41544267800424,21.416659656582283,1,2.3616024141354828,idle,2.3616024141354828,0.0,False,1
2288.0,idle,20.317998257555598,18.2,,,0.0,0.0,0.0,1055.973260214845,18.2,29.41940867126351,21.222194458633624,21.41544267800424,21.416659656582283,1,2.3616024141354828,idle,2.3616024141354828,0.0,False,1
2289.0,charge,20.48803423280155,19.6,20.488034232801567,20.54782407632365,258.30554213903787,0.0,520.1725000002111,410.3298535642379,19.6,28.29920363721044,21.044255377881598,21.410863999561457,21.41665226874028,2,2.3638641127162234,charge,2.3638641127162234,0.0,False,2
2290.0,charge,20.490210492413137,20.2,20.490210492413155,20.56294809761272,237.23903320381487,0.0,834.4895000006717,184.80473603712747,20.2,29.3373582642447,21.09524837277354,21.405826160447532,21.41663362353512,2,2.1055042154565338,charge,2.1055042154565338,0.0,False,2
2291.0,charge,20.519224762300812,20.7,20.519224762300837,20.607257801873402,267.94472962802445,0.0,1031.4910000003215,0.0,20.7,31.12867726243627,21.235399793542115,21.40246481664832,21.416605468087027,2,1.8675231098197247,charge,1.8675231098197247,0.0,False,2
2292.0,charge,20.55504432436954,20.8,20.555044324369533,20.653541211440427,308.8158584221182,0.0,1007.1425000006578,0.0,20.8,32.260494844521645,21.35383660211852,21.401159819579675,21.41657227444057,2,1.598615598270339,charge,1.598615598270339,0.0,False,2
2293.0,charge,20.576209054812022,21.3,20.57620905481201,20.672698046920118,327.24622583170895,0.0,781.365499999701,0.0,21.3,31.893347581450655,21.36658876550797,21.400810428200373,21.41653761299881,2,1.2892223044093483,charge,1.2892223044093483,0.0,False,2
2294.0,charge,20.58900352229041,21.1,20.589003522290398,20.691884490204075,334.55346851658106,0.0,1053.6260000007746,0.0,21.1,33.089345093342615,21.439027467491485,21.400908895080136,21.416502551548263,2,0.9615241876196412,charge,0.9615241876196412,0.0,False,2
2295.0,charge,20.598138624358963,20.4,20.598138624358967,20.691878447451984,338.18578321151307,0.0,637.4879999997636,127.91507218225998,20.4,31.456720032293276,21.372376674709415,21.401245644879396,21.41646847992581,2,0.626748512139273,charge,0.626748512139273,0.0,False,2
2296.0,charge,20.573091596292254,19.8,20.573091596292272,20.64543495984509,291.84874198552376,0.0,389.57600000011183,450.05497045440495,19.8,28.975843696874506,21.189894185329536,21.399490482168915,21.416433181634375,2,0.29184874198552374,charge,0.29184874198552374,0.0,False,2
2297.0,idle,20.38134687997007,18.9,,,0.0,0.0,0.0,858.9746122244594,18.9,28.975843696874506,21.189894185329536,21.399490482168915,21.416433181634375,1,0.0,idle,0.0,0.0,False,1
2298.0,idle,20.363929825533834,18.5,,,0.0,0.0,0.0,951.6433764657074,18.5,28.975843696874506,21.189894185329536,21.399490482168915,21.416433181634375,1,0.0,idle,0.0,0.0,False,1
2299.0,idle,20.353257250453193,18.4,,,0.0,0.0,0.0,988.0239321551694,18.4,28.975843696874506,21.189894185329536,21.399490482168915,21.416433181634375,1,0.0,idle,0.0,0.0,False,1
2300.0,idle,20.34563234631099,17.8,,,0.0,0.0,0.0,1242.4995777661036,17.8,28.975843696874506,21.189894185329536,21.399490482168915,21.416433181634375,1,0.0,idle,0.0,0.0,False,1
2301.0,idle,20.340045191711184,17.5,,,0.0,0.0,0.0,1365.8873873976818,17.5,28.975843696874506,21.189894185329536,21.399490482168915,21.416433181634375,1,0.2177459107885839,idle,0.2177459107885839,0.0,False,1
2302.0,idle,20.335658698041765,17.4,,,0.0,0.0,0.0,1405.3811105151656,17.4,28.975843696874506,21.189894185329536,21.399490482168915,21.416433181634375,1,0.40098429949982173,idle,0.40098429949982173,0.0,False,1
2303.0,idle,20.33240104638506,16.9,,,0.0,0.0,0.0,1610.1936282061044,16.9,28.975843696874506,21.189894185329536,21.399490482168915,21.416433181634375,1,0.596993274418506,idle,0.596993274418506,0.0,False,1
2304.0,idle,20.32907457981137,16.3,,,0.0,0.0,0.0,1851.9077710047488,16.3,28.975843696874506,21.189894185329536,21.399490482168915,21.416433181634375,1,0.8548920249007028,idle,0.8548920249007028,0.0,False,1
2305.0,idle,20.3265161572206,17.2,,,0.0,0.0,0.0,1483.9773644475174,17.2,28.975843696874506,21.189894185329536,21.399490482168915,21.416433181634375,1,1.186299480245419,idle,1.186299480245419,0.0,False,1
2306.0,idle,20.32433741962046,16.9,,,0.0,0.0,0.0,1606.4510426426896,16.9,28.975843696874506,21.189894185329536,21.399490482168915,21.416433181634375,1,1.5802775789593297,idle,1.5802775789593297,0.0,False,1
2307.0,idle,20.32244078641016,16.7,,,0.0,0.0,0.0,1687.1547342193335,16.7,28.975843696874506,21.189894185329536,21.399490482168915,21.416433181634375,1,2.0054428777924755,idle,2.0054428777924755,0.0,False,1
2308.0,idle,20.32077708362115,16.6,,,0.0,0.0,0.0,1726.9687324512947,16.6,28.975843696874506,21.189894185329536,21.399490482168915,21.416433181634375,1,2.4203948862820552,idle,2.4203948862820552,0.0,False,1
2309.0,idle,20.319276466049484,16.6,,,0.0,0.0,0.0,1726.2946575145952,16.6,28.975843696874506,21.189894185329536,21.399490482168915,21.416433181634375,1,2.782663014289084,idle,2.782663014289084,0.0,False,1
2310.0,idle,20.317931068213376,16.6,,,0.0,0.0,0.0,1725.68662632126,16.6,28.975843696874506,21.189894185329536,21.399490482168915,21.416433181634375,1,2.782663014289084,idle,2.782663014289084,0.0,False,1
2311.0,idle,20.316702008851124,16.5,,,0.0,0.0,0.0,1765.5947281791653,16.5,28.975843696874506,21.189894185329536,21.399490482168915,21.416433181634375,1,2.782663014289084,idle,2.782663014289084,0.0,False,1
2312.0,charge,20.469636532167492,17.8,20.4696365321675,20.514019959606685,231.31932948251793,0.0,227.99050000002626,1226.9502847156355,17.8,26.156242196175583,20.90297280306453,21.39397907497738,21.416390103368144,2,2.785073785992638,charge,2.785073785992638,0.0,False,2
2313.0,charge,20.4464541434335,18.8,20.44645414343347,20.494765568111063,175.2193151867595,0.0,599.8585000003469,857.4253068105326,18.8,26.385445071350944,20.863210572785533,21.38638998948727,21.416331887360002,2,2.554303235680514,charge,2.554303235680514,0.0,False,2
2314.0,charge,20.46294750760351,19.2,20.46294750760353,20.528661780305356,192.49271918120792,0.0,936.3104999997413,664.2547614622995,19.2,28.5237169331229,21.001040876832064,21.379901113157416,21.416257694497233,2,2.3786845649951776,charge,2.3786845649951776,0.0,False,2
2315.0,charge,20.508347141530866,19.6,20.508347141530862,20.59834645889896,253.1154849287476,0.0,1173.1550000002107,481.8098966787026,19.6,31.423716515618537,21.23130871304886,21.37642564464562,21.41617237398458,2,2.1850598459161428,charge,2.1850598459161428,0.0,False,2
2316.0,charge,20.56619170169109,19.8,20.566191701691082,20.678940954058305,328.25192489998466,0.0,1283.8299999997885,405.5090186609793,19.8,34.12489868733087,21.470996386200852,21.376561768601675,21.416083536599956,2,4.335707907792517,charge,4.335707907792517,0.0,False,2
2317.0,charge,20.619820282170515,19.8,20.619820282170508,20.746916938167374,392.60805016506475,0.0,1263.908500000617,434.2826191001066,19.8,35.78707214294468,21.64633083757127,21.37975300033156,21.415998792208484,2,6.136202134066129,charge,6.136202134066129,0.0,False,2
2318.0,charge,20.654370264502113,19.7,20.65437026450212,20.783020128385658,426.00950516258575,0.0,1104.5365000003335,509.42748463158546,19.7,35.90549685280024,21.704897717482197,21.384525327429117,21.415923412783343,2,8.07237242781346,charge,8.07237242781346,0.0,False,2
2319.0,charge,20.660203673507404,19.3,20.660203673507397,20.776706541452825,417.7371080849957,0.0,830.0625000005467,714.2115000146354,19.3,34.38561255250835,21.62646800705977,21.388925814567017,21.415858760327467,2,9.769876858256088,charge,9.769876858256088,0.0,False,2
2320.0,charge,20.634631362909992,18.7,20.63463136291,20.72661909840508,366.35641673422356,0.0,475.90249999962367,986.3866717379157,18.7,31.36047291150976,21.415215356355986,21.390965826285367,21.41580175023705,2,11.498221042931908,charge,11.498221042931908,0.0,False,2
2321.0,idle,20.39492369843011,17.4,,,0.0,0.0,0.0,1527.603167918884,17.4,31.36047291150976,21.415215356355986,21.390965826285367,21.41580175023705,1,13.287372032571668,idle,13.287372032571668,0.0,False,1
2322.0,idle,20.373743308742274,16.7,,,0.0,0.0,0.0,1715.8148386082914,16.7,31.36047291150976,21.415215356355986,21.390965826285367,21.41580175023705,1,15.459535666108,idle,15.459535666108,0.0,False,1
2323.0,idle,20.360885757552957,16.0,,,0.0,0.0,0.0,1988.0977672929173,16.0,31.36047291150976,21.415215356355986,21.390965826285367,21.41580175023705,1,17.688632841840757,idle,17.688632841840757,0.0,False,1
2324.0,idle,20.351766407476166,16.0,,,0.0,0.0,0.0,1982.992868579897,16.0,31.36047291150976,21.415215356355986,21.390965826285367,21.41580175023705,1,19.809057039043168,idle,19.809057039043168,0.0,False,1
2325.0,idle,20.34509238453389,15.6,,,0.0,0.0,0.0,2137.3620916028112,15.6,31.36047291150976,21.415215356355986,21.390965826285367,21.41580175023705,1,20.438615887874548,idle,20.438615887874548,0.0,False,1
2326.0,idle,20.339885930009267,15.3,,,0.0,0.0,0.0,2252.1440438000463,15.3,31.36047291150976,21.415215356355986,21.390965826285367,21.41580175023705,1,20.4581252433933,idle,20.4581252433933,0.0,False,1
2327.0,discharge,18.733568255580103,14.9,,,0.0,2405.3103758102825,0.0,2405.3103758102825,18.222711037170086,31.36047291150976,21.415215356355986,21.390965826285367,21.41580175023705,1,20.720514265279295,discharge,20.720514265279295,0.0,False,2
2328.0,discharge,18.745341578591717,14.0,,,0.0,2130.211873801003,0.0,2130.211873801003,18.129848392671224,31.36047291150976,21.415215356355986,21.390965826285367,21.41580175023705,1,18.58714548770433,discharge,18.58714548770433,0.0,False,2
2329.0,discharge,18.5169254332902,13.5,,,0.0,2330.016497778269,0.0,2330.016497778269,17.870778844298293,31.36047291150976,21.415215356355986,21.390965826285367,21.41580175023705,1,16.80594761939919,discharge,16.80594761939919,0.0,False,2
2330.0,discharge,18.565246156226767,13.8,,,0.0,2123.6697095687914,0.0,2123.6697095687914,17.94749895448557,31.36047291150976,21.415215356355986,21.390965826285367,21.41580175023705,1,14.873201486248048,discharge,14.873201486248048,0.0,False,2
2331.0,discharge,18.497987984317202,13.8,,,0.0,2142.6561692393384,0.0,2142.6561692393384,17.887861997086212,31.36047291150976,21.415215356355986,21.390965826285367,21.41580175023705,1,13.172287561633045,discharge,13.172287561633045,0.0,False,2
2332.0,discharge,18.44046613988275,13.7,,,0.0,2155.5074063739835,0.0,2155.5074063739835,17.825525236368215,31.36047291150976,21.415215356355986,21.390965826285367,21.41580175023705,1,11.440017350506242,discharge,11.440017350506242,0.0,False,2
2333.0,discharge,18.386018169616293,13.6,,,0.0,2172.163633536332,0.0,2172.163633536332,17.765919994279283,31.36047291150976,21.415215356355986,21.390965826285367,21.41580175023705,1,9.640171232417611,discharge,9.640171232417611,0.0,False,2
2334.0,discharge,18.308671828373505,13.4,,,0.0,2229.097175732757,0.0,2229.097175732757,17.674717868109195,31.36047291150976,21.415215356355986,21.390965826285367,21.41580175023705,1,7.46800759888128,discharge,7.46800759888128,0.0,False,2
2335.0,discharge,18.342204231372946,13.6,,,0.0,2120.42419720241,0.0,2120.42419720241,17.72706643120259,31.36047291150976,21.415215356355986,21.390965826285367,21.41580175023705,1,5.238910423148524,discharge,5.238910423148524,0.0,False,2
2336.0,idle,19.727987308102655,16.0,,,0.0,0.0,0.0,1152.3220238800072,16.0,31.36047291150976,21.415215356355986,21.390965826285367,21.41580175023705,1,3.074635638939786,charge,3.072536676038022,0.0020989629017642564,True,2
2337.0,charge,20.094904891946843,18.2,20.09490489194684,20.166756527453742,367.3119476354524,0.0,595.4315000002479,793.5464140138305,18.2,30.220177352648307,20.81258505335461,21.384785339656787,21.415740959006143,3,3.0241579079778664,charge,3.0241579079778664,0.0,False,2
2338.0,charge,20.148394241367498,19.1,20.148394241367498,20.24441443765886,297.5797920063744,0.0,929.6700000004192,545.5608537398938,19.1,31.22864401268629,20.914716404012438,21.377487183785377,21.41566373847934,2,2.655545920106512,charge,2.655545920106512,0.0,False,2
2339.0,charge,20.232725742843925,19.6,20.23272574284391,20.34465767237407,327.23261293713597,0.0,1164.3009999999779,324.28762460074836,19.6,33.15886702802885,21.112890984861338,21.372693460413643,21.41557301462211,2,4.709077975274246,charge,4.709077975274246,0.0,False,2
2340.0,charge,20.315571747483776,19.8,20.315571747483773,20.441688258526426,376.6915731909427,0.0,1272.762500000852,263.68482529841117,19.8,35.008312701345744,21.315129971193187,21.37097336133644,21.41547526040398,2,6.274620060255039,charge,6.274620060255039,0.0,False,2
2341.0,charge,20.385475723425976,19.7,20.385475723425998,20.5193534213534,419.07486418227984,0.0,1248.4139999993563,358.72168335998964,19.7,36.01659562386237,21.4575477250566,21.371794045217882,21.41537689998495,2,7.968912978954407,charge,7.968912978954407,0.0,False,2
2342.0,charge,20.434369879677273,19.8,20.434369879677263,20.5673593324953,438.29170812309314,0.0,1084.6150000008543,343.3571328349283,19.8,35.97610295155772,21.511693981847998,21.373953524821616,21.415282311492035,2,9.545400598694663,charge,9.545400598694663,0.0,False,2
2343.0,charge,20.454997187800185,19.6,20.45499718780019,20.573628266622848,423.13660908791866,0.0,768.0844999993844,467.84612798157093,19.6,34.17640455530045,21.42927833405861,21.37576958397125,21.415192720721052,2,10.936412565772713,charge,10.936412565772713,0.0,False,2
2344.0,charge,20.441871822206316,19.0,20.441871822206338,20.535368368820116,366.8256232154041,0.0,460.4080000001651,760.3404184905758,19.0,31.17762482515326,21.227019454868866,21.37528454640983,21.415105106916712,2,12.289686623971342,charge,12.289686623971342,0.0,False,2
2345.0,idle,20.215541699184037,17.4,,,0.0,0.0,0.0,1447.7964756238748,17.4,31.17762482515326,21.227019454868866,21.37528454640983,21.415105106916712,1,11.922861000755939,idle,11.922861000755939,0.0,False,1
2346.0,idle,20.206140916647723,16.9,,,0.0,0.0,0.0,1560.9205504655272,16.9,31.17762482515326,21.227019454868866,21.37528454640983,21.415105106916712,1,11.922861000755939,idle,11.922861000755939,0.0,False,1
2347.0,idle,20.203604532571696,16.3,,,0.0,0.0,0.0,1801.1670993171308,16.3,31.17762482515326,21.227019454868866,21.37528454640983,21.415105106916712,1,11.922861000755939,idle,11.922861000755939,0.0,False,1
2348.0,idle,20.203720137448656,15.8,,,0.0,0.0,0.0,1999.9463965381003,15.8,31.17762482515326,21.227019454868866,21.37528454640983,21.415105106916712,1,11.922861000755939,idle,11.922861000755939,0.0,False,1
2349.0,idle,20.205222478267945,15.3,,,0.0,0.0,0.0,2196.9320856976774,15.3,31.17762482515326,21.227019454868866,21.37528454640983,21.415105106916712,1,11.922861000755939,idle,11.922861000755939,0.0,False,1
2350.0,discharge,18.639986819697537,14.9,,,0.0,2353.2291166197792,0.0,2353.2291166197792,18.14003714141508,31.17762482515326,21.227019454868866,21.37528454640983,21.415105106916712,1,12.484384492099077,discharge,12.484384492099077,0.0,False,2
2351.0,discharge,18.787991465502344,14.5,,,0.0,1894.984879221574,0.0,1894.984879221574,18.224631214454547,31.17762482515326,21.227019454868866,21.37528454640983,21.415105106916712,1,10.146484779936035,discharge,10.146484779936035,0.0,False,2
2352.0,discharge,18.596945457512955,14.2,,,0.0,2072.886753521842,0.0,2072.886753521842,18.0211043078085,31.17762482515326,21.227019454868866,21.37528454640983,21.415105106916712,1,8.463995296658142,discharge,8.463995296658142,0.0,False,2
2353.0,discharge,18.57736353562369,14.2,,,0.0,1997.3050277499096,0.0,1997.3050277499096,18.003762618494775,31.17762482515326,21.227019454868866,21.37528454640983,21.415105106916712,1,6.530660859901531,discharge,6.530660859901531,0.0,False,2
2354.0,discharge,18.640337838214556,14.6,,,0.0,1829.8147468287386,0.0,1829.8147468287386,18.105498404582605,31.17762482515326,21.227019454868866,21.37528454640983,21.415105106916712,1,4.533355832151621,discharge,4.533355832151621,0.0,False,2
2355.0,discharge,18.647730995301572,14.8,,,0.0,1774.6404768140956,0.0,1774.6404768140956,18.13522597288417,31.17762482515326,21.227019454868866,21.37528454640983,21.415105106916712,1,2.703541085322883,discharge,2.703541085322883,0.0,False,2
2356.0,idle,19.805985132312102,15.0,,,0.0,0.0,0.0,1696.6609829036024,15.0,31.17762482515326,21.227019454868866,21.37528454640983,21.415105106916712,1,0.928900608508787,idle,0.928900608508787,0.0,False,1
2357.0,idle,19.90707111815969,15.1,,,0.0,0.0,0.0,2119.367569413211,15.1,31.17762482515326,21.227019454868866,21.37528454640983,21.415105106916712,1,1.0571539973022563,idle,1.0571539973022563,0.0,False,1
2358.0,idle,19.96811622875439,15.1,,,0.0,0.0,0.0,2159.0705841155936,15.1,31.17762482515326,21.227019454868866,21.37528454640983,21.415105106916712,1,1.0571539973022563,idle,1.0571539973022563,0.0,False,1
2359.0,idle,20.01085138130566,15.2,,,0.0,0.0,0.0,2143.783125110719,15.2,31.17762482515326,21.227019454868866,21.37528454640983,21.415105106916712,1,1.0571539973022563,idle,1.0571539973022563,0.0,False,1
2360.0,idle,20.039155090478083,17.3,,,0.0,0.0,0.0,1309.217415742818,17.3,31.17762482515326,21.227019454868866,21.37528454640983,21.415105106916712,1,1.0571539973022563,idle,1.0571539973022563,0.0,False,1
2361.0,charge,20.264125996735487,18.0,20.264125996735515,20.32188905971094,306.5700983330618,0.0,298.8225000001747,1020.9946553191015,18.0,28.19966099952711,20.851277523166914,21.36982123509995,21.415011417389962,3,1.0062064713416468,charge,1.0062064713416468,0.0,False,2
2362.0,charge,20.247795894203115,18.3,20.247795894203136,20.306584679304592,225.3860683113919,0.0,422.77849999973745,988.1101183016419,18.3,27.079493398123418,20.74650075838224,21.361590394554355,21.414902046719476,2,0.7000748013883438,charge,0.7000748013883438,0.0,False,2
2363.0,charge,20.245867532840272,18.3,20.245867532840293,20.29593548804786,190.01371730523925,0.0,340.8790000000516,980.931881591134,18.3,25.837316000614408,20.66261744309611,21.352270805045066,21.414773368986857,2,0.4747565180174057,charge,0.4747565180174057,0.0,False,2
2364.0,charge,20.2388971102596,18.0,20.238897110259586,20.278732270818352,156.42032571016213,0.0,323.1709999999879,1110.82162340987,18.0,24.63972679167358,20.573602330810502,21.34184025840284,21.41462302890642,2,0.2849121418763141,charge,0.2849121418763141,0.0,False,2
2365.0,idle,20.14487940644339,19.3,,,0.0,0.0,0.0,518.6422109410938,19.3,24.63972679167358,20.573602330810502,21.34184025840284,21.41462302890642,1,0.12849181616615193,idle,0.12849181616615193,0.0,False,1
2366.0,idle,20.142966971823185,17.1,,,0.0,0.0,0.0,1449.0465063037666,17.1,24.63972679167358,20.573602330810502,21.34184025840284,21.41462302890642,1,0.12849181616615193,idle,0.12849181616615193,0.0,False,1
2367.0,idle,20.14310573336857,17.2,,,0.0,0.0,0.0,1406.6007283382617,17.2,24.63972679167358,20.573602330810502,21.34184025840284,21.41462302890642,1,0.12849181616615193,idle,0.12849181616615193,0.0,False,1
2368.0,charge,20.2313053855674,18.0,20.231305385567396,20.265678667140605,129.48793693506988,0.0,354.15999999986366,1066.3037406695505,18.0,24.10110456943403,20.521348603269928,21.330561763473156,21.41444878071468,2,0.12948793693506988,charge,0.12948793693506988,0.0,False,2
2369.0,idle,20.15703183682263,16.8,,,0.0,0.0,0.0,1608.4117161449506,16.8,24.10110456943403,20.521348603269928,21.330561763473156,21.41444878071468,1,0.0,idle,0.0,0.0,False,1
2370.0,idle,20.156920711479525,16.0,,,0.0,0.0,0.0,1901.7965645751897,16.0,24.10110456943403,20.521348603269928,21.330561763473156,21.41444878071468,1,0.0,idle,0.0,0.0,False,1
2371.0,idle,20.158341988063636,15.8,,,0.0,0.0,0.0,1981.4182217465755,15.8,24.10110456943403,20.521348603269928,21.330561763473156,21.41444878071468,1,0.0,idle,0.0,0.0,False,1
2372.0,idle,20.159994108677157,15.5,,,0.0,0.0,0.0,2100.6176623372644,15.5,24.10110456943403,20.521348603269928,21.330561763473156,21.41444878071468,1,0.0,idle,0.0,0.0,False,1
2373.0,idle,20.16196400934,15.5,,,0.0,0.0,0.0,2101.2682579012767,15.5,24.10110456943403,20.521348603269928,21.330561763473156,21.41444878071468,1,0.0,idle,0.0,0.0,False,1
2374.0,idle,20.16701333664978,15.5,,,0.0,0.0,0.0,2102.0439552200855,15.5,24.10110456943403,20.521348603269928,21.330561763473156,21.41444878071468,1,0.12147348855949573,idle,0.12147348855949573,0.0,False,1
2375.0,idle,20.177884415376095,15.5,,,0.0,0.0,0.0,2104.032063678807,15.5,24.10110456943403,20.521348603269928,21.330561763473156,21.41444878071468,1,0.2561929252811401,idle,0.2561929252811401,0.0,False,1
2376.0,idle,20.182568062936866,15.7,,,0.0,0.0,0.0,2029.3759249870368,15.7,24.10110456943403,20.521348603269928,21.330561763473156,21.41444878071468,1,0.4391637786951642,idle,0.4391637786951642,0.0,False,1
2377.0,idle,20.18950663074508,15.6,,,0.0,0.0,0.0,2070.7467188348714,15.6,24.10110456943403,20.521348603269928,21.330561763473156,21.41444878071468,1,0.6631235862421258,idle,0.6631235862421258,0.0,False,1
2378.0,idle,20.195803847044033,15.8,,,0.0,0.0,0.0,1994.3537655492166,15.8,24.10110456943403,20.521348603269928,21.330561763473156,21.41444878071468,1,0.9038141800750106,idle,0.9038141800750106,0.0,False,1
2379.0,idle,20.2014146581897,15.6,,,0.0,0.0,0.0,2075.9688984743407,15.6,24.10110456943403,20.521348603269928,21.330561763473156,21.41444878071468,1,1.1274760854162904,idle,1.1274760854162904,0.0,False,1
2380.0,idle,20.204461307848824,15.5,,,0.0,0.0,0.0,2117.5699109758716,15.5,24.10110456943403,20.521348603269928,21.330561763473156,21.41444878071468,1,1.1274760854162904,idle,1.1274760854162904,0.0,False,1
2381.0,idle,20.20757014760481,15.4,,,0.0,0.0,0.0,2158.0468819180874,15.4,24.10110456943403,20.521348603269928,21.330561763473156,21.41444878071468,1,1.1274760854162904,idle,1.1274760854162904,0.0,False,1
2382.0,idle,20.21072130282309,15.4,,,0.0,0.0,0.0,2159.266321179307,15.4,24.10110456943403,20.521348603269928,21.330561763473156,21.41444878071468,1,1.1274760854162904,idle,1.1274760854162904,0.0,False,1
2383.0,idle,20.21552901597916,15.5,,,0.0,0.0,0.0,2121.2301661760343,15.5,24.10110456943403,20.521348603269928,21.330561763473156,21.41444878071468,1,1.1274760854162904,idle,1.1274760854162904,0.0,False,1
2384.0,idle,20.216211334006612,16.7,,,0.0,0.0,0.0,1642.836053521887,16.7,24.10110456943403,20.521348603269928,21.330561763473156,21.41444878071468,1,1.1274760854162904,idle,1.1274760854162904,0.0,False,1
2385.0,charge,20.290726045901533,18.4,20.290726045901522,20.331621985598986,113.67648616170574,0.0,500.25099999982547,922.806318492147,18.4,24.466198656615518,20.593022711345327,21.31993529073702,21.414250272230447,2,1.125972912648378,charge,1.125972912648378,0.0,False,2
2386.0,charge,20.31387431258293,19.4,20.313874312582925,20.362502503238204,138.03460754864795,0.0,732.668499999661,495.32714195947534,19.4,26.079506521403857,20.70491564621028,21.310693746868594,21.41402998317244,2,1.0116766815408242,charge,1.0116766815408242,0.0,False,2
2387.0,charge,20.34806114111281,20.0,20.348061141112794,20.411201601394396,180.3103031207655,0.0,838.9165000000006,199.2036888498118,20.0,27.82294525777337,20.85339735736693,21.30367079724499,21.413792032001425,2,0.8727118762841722,charge,0.8727118762841722,0.0,False,2
2388.0,charge,20.383888878067143,20.5,20.383888878067125,20.45807469396027,223.14007354327885,0.0,843.3435000001297,0.0,20.5,29.121801644271727,20.98011414308928,21.298839788273824,21.413541510088407,2,3.053257407488392,charge,3.053257407488392,0.0,False,2
2389.0,charge,20.404498323988594,19.5,20.404498323988605,20.475090070839315,241.65501919609014,0.0,608.712500000286,492.0051435507878,19.5,28.476725494140965,20.979141505672715,21.295027082487934,21.413282302274865,2,4.612285743321059,charge,4.612285743321059,0.0,False,2
2390.0,charge,20.401606298710014,19.6,20.40160629871002,20.46361490739423,226.22122539593718,0.0,495.82399999971705,453.18514584320684,19.6,27.61519390658981,20.919366066597036,21.29065482753458,21.413014703887654,2,4.371013940265797,charge,4.371013940265797,0.0,False,2
2391.0,idle,20.25556237313927,18.7,,,0.0,0.0,0.0,871.7456661446488,18.7,27.61519390658981,20.919366066597036,21.29065482753458,21.413014703887654,1,4.14479271486986,idle,4.14479271486986,0.0,False,1
2392.0,idle,20.243576666693794,18.4,,,0.0,0.0,0.0,940.2433331888201,18.4,27.61519390658981,20.919366066597036,21.29065482753458,21.413014703887654,1,4.14479271486986,idle,4.14479271486986,0.0,False,1
2393.0,idle,20.237158995196346,17.9,,,0.0,0.0,0.0,1152.9116657704408,17.9,27.61519390658981,20.919366066597036,21.29065482753458,21.413014703887654,1,4.14479271486986,idle,4.14479271486986,0.0,False,1
2394.0,idle,20.23275248566193,17.3,,,0.0,0.0,0.0,1404.1761953186628,17.3,27.61519390658981,20.919366066597036,21.29065482753458,21.413014703887654,1,4.14479271486986,idle,4.14479271486986,0.0,False,1
2395.0,idle,20.22967398460815,16.5,,,0.0,0.0,0.0,1731.1458263049503,16.5,27.61519390658981,20.919366066597036,21.29065482753458,21.413014703887654,1,4.14479271486986,idle,4.14479271486986,0.0,False,1
2396.0,idle,20.227361963274184,16.3,,,0.0,0.0,0.0,1810.6399937421975,16.3,27.61519390658981,20.919366066597036,21.29065482753458,21.413014703887654,1,4.14479271486986,idle,4.14479271486986,0.0,False,1
2397.0,idle,20.22760486801344,15.7,,,0.0,0.0,0.0,2048.9444641817554,15.7,27.61519390658981,20.919366066597036,21.29065482753458,21.413014703887654,1,4.14479271486986,idle,4.14479271486986,0.0,False,1
2398.0,idle,20.228182153261745,15.1,,,0.0,0.0,0.0,2284.277889306629,15.1,27.61519390658981,20.919366066597036,21.29065482753458,21.413014703887654,1,4.14479271486986,idle,4.14479271486986,0.0,False,1
2399.0,discharge,18.660246668716884,14.9,,,0.0,2362.1205323725353,0.0,2362.1205323725353,18.15793266570255,27.61519390658981,20.919366066597036,21.29065482753458,21.413014703887654,1,4.581585187182287,discharge,4.581585187182287,0.0,False,2
2400.0,discharge,18.880676357696224,14.8,,,0.0,1782.6721824973242,0.0,1782.6721824973242,18.341176607604215,27.61519390658981,20.919366066597036,21.29065482753458,21.413014703887654,1,2.2194646548097516,discharge,2.2194646548097516,0.0,False,2
2401.0,idle,20.001663315219098,15.5,,,0.0,0.0,0.0,1587.6669315752172,15.5,27.61519390658981,20.919366066597036,21.29065482753458,21.413014703887654,1,0.5734165316522385,idle,0.5734165316522385,0.0,False,1
2402.0,idle,20.071996663954128,15.6,,,0.0,0.0,0.0,1999.176451365051,15.6,27.61519390658981,20.919366066597036,21.29065482753458,21.413014703887654,1,0.7123637377026926,idle,0.7123637377026926,0.0,False,1
2403.0,idle,20.109368787055594,16.0,,,0.0,0.0,0.0,1867.7785033813575,16.0,27.61519390658981,20.919366066597036,21.29065482753458,21.413014703887654,1,0.8804526215438752,idle,0.8804526215438752,0.0,False,1
2404.0,idle,20.136102931942055,16.3,,,0.0,0.0,0.0,1762.1363089779347,16.3,27.61519390658981,20.919366066597036,21.29065482753458,21.413014703887654,1,1.0189505333742166,idle,1.0189505333742166,0.0,False,1
2405.0,idle,20.152089501298484,16.4,,,0.0,0.0,0.0,1732.502720210139,16.4,27.61519390658981,20.919366066597036,21.29065482753458,21.413014703887654,1,1.0189505333742166,idle,1.0189505333742166,0.0,False,1
2406.0,idle,20.16353891480839,15.5,,,0.0,0.0,0.0,2098.155204347141,15.5,27.61519390658981,20.919366066597036,21.29065482753458,21.413014703887654,1,1.0189505333742166,idle,1.0189505333742166,0.0,False,1
2407.0,idle,20.171170925346637,15.2,,,0.0,0.0,0.0,2220.3181818352314,15.2,27.61519390658981,20.919366066597036,21.29065482753458,21.413014703887654,1,3.3820845782504407,idle,3.3820845782504407,0.0,False,1
2408.0,idle,20.1796515702845,16.5,,,0.0,0.0,0.0,1706.1783240622951,16.5,27.61519390658981,20.919366066597036,21.29065482753458,21.413014703887654,1,3.3820845782504407,idle,3.3820845782504407,0.0,False,1
2409.0,idle,20.184902378293543,17.1,,,0.0,0.0,0.0,1463.4874123083844,17.1,27.61519390658981,20.919366066597036,21.29065482753458,21.413014703887654,1,3.3820845782504407,idle,3.3820845782504407,0.0,False,1
2410.0,idle,20.18909275664123,17.1,,,0.0,0.0,0.0,1465.6662763194374,17.1,27.61519390658981,20.919366066597036,21.29065482753458,21.413014703887654,1,3.324366192271379,charge,3.2816204313647455,0.042745760906633734,True,2
2411.0,charge,20.32628082085611,16.7,20.326280820856084,20.36076507025905,200.87561422193238,0.0,276.6874999998227,1632.0422519558408,16.7,25.527226680038666,20.713099003257014,21.284138684248717,21.412735953587173,3,3.240982969959694,charge,3.240982969959694,0.0,False,2
2412.0,charge,20.31505495576285,17.3,20.315054955762832,20.360409676490576,158.92129621339924,0.0,566.6559999996359,1441.313933637455,17.3,25.7690494059691,20.69974565955914,21.27631722875776,21.41244136598914,2,3.04041008141001,charge,3.04041008141001,0.0,False,2
2413.0,charge,20.334415324880048,17.0,20.33441532488007,20.39358424650385,174.39536873360368,0.0,887.6134999995535,1560.7204288990338,17.0,27.469791590369994,20.8159342384605,21.26955524923835,21.412130886865896,2,5.3369267064634816,charge,5.3369267064634816,0.0,False,2
2414.0,charge,20.35171867965733,17.0,20.351718679657324,20.402944309724717,187.6356463540444,0.0,340.8790000000516,1568.6774611932017,17.0,25.881001060460562,20.76615216192613,21.263632642580433,21.41180750684441,2,5.162113292021079,charge,5.162113292021079,0.0,False,2
2415.0,charge,20.336454440776823,17.0,20.336454440776834,20.376540604665138,157.47560592896082,0.0,374.08150000014956,1575.7841159608915,17.0,24.96162900933342,20.6790391555694,21.256477357212418,21.41147035040018,2,4.976527966413574,charge,4.976527966413574,0.0,False,2
2416.0,idle,20.23681298450743,16.2,,,0.0,0.0,0.0,1893.5727936463768,16.2,24.96162900933342,20.6790391555694,21.256477357212418,21.41147035040018,1,4.819052360484614,idle,4.819052360484614,0.0,False,1
2417.0,idle,20.23025274674476,15.4,,,0.0,0.0,0.0,2170.7319147437947,15.4,24.96162900933342,20.6790391555694,21.256477357212418,21.41147035040018,1,4.819052360484614,idle,4.819052360484614,0.0,False,1
2418.0,discharge,18.653194983597047,14.9,,,0.0,2362.9221561743775,0.0,2362.9221561743775,18.15170372879984,24.96162900933342,20.6790391555694,21.256477357212418,21.41147035040018,1,4.819052360484614,discharge,4.819052360484614,0.0,False,2
2419.0,idle,20.060223102800336,15.1,,,0.0,0.0,0.0,1658.1971576576864,15.1,24.96162900933342,20.6790391555694,21.256477357212418,21.41147035040018,1,4.823785311101732,idle,4.823785311101732,0.0,False,1
2420.0,idle,20.11464763610127,15.1,,,0.0,0.0,0.0,2219.022806785462,15.1,24.96162900933342,20.6790391555694,21.256477357212418,21.41147035040018,1,4.823785311101732,idle,4.823785311101732,0.0,False,1
2421.0,idle,20.13986552091483,15.0,,,0.0,0.0,0.0,2279.2361584207324,15.0,24.96162900933342,20.6790391555694,21.256477357212418,21.41147035040018,1,4.823785311101732,idle,4.823785311101732,0.0,False,1
2422.0,idle,20.157369930481742,15.1,,,0.0,0.0,0.0,2250.106250250485,15.1,24.96162900933342,20.6790391555694,21.256477357212418,21.41147035040018,1,5.232171561511118,idle,5.232171561511118,0.0,False,1
2423.0,idle,20.17169629290212,15.0,,,0.0,0.0,0.0,2295.8535357742626,15.0,24.96162900933342,20.6790391555694,21.256477357212418,21.41147035040018,1,5.232171561511118,idle,5.232171561511118,0.0,False,1
2424.0,discharge,18.545471739086896,14.6,,,0.0,2456.130204310236,0.0,2456.130204310236,18.021615571672065,24.96162900933342,20.6790391555694,21.256477357212418,21.41147035040018,1,5.4132979733204785,discharge,5.4132979733204785,0.0,False,2
2425.0,idle,20.015116731613045,15.5,,,0.0,0.0,0.0,1449.292676801016,15.5,24.96162900933342,20.6790391555694,21.256477357212418,21.41147035040018,1,3.1589781485433703,idle,3.1589781485433703,0.0,False,1
2426.0,idle,20.07684300011556,15.0,,,0.0,0.0,0.0,2240.453816528479,15.0,24.96162900933342,20.6790391555694,21.256477357212418,21.41147035040018,1,3.4098820088647326,idle,3.4098820088647326,0.0,False,1
2427.0,idle,20.107070684050285,15.2,,,0.0,0.0,0.0,2186.412745358558,15.2,24.96162900933342,20.6790391555694,21.256477357212418,21.41147035040018,1,3.668156728773643,idle,3.668156728773643,0.0,False,1
2428.0,idle,20.128415394517297,15.2,,,0.0,0.0,0.0,2198.242930523721,15.2,24.96162900933342,20.6790391555694,21.256477357212418,21.41147035040018,1,3.9361051841824333,idle,3.9361051841824333,0.0,False,1
2429.0,idle,20.142480029729747,15.0,,,0.0,0.0,0.0,2284.593215985692,15.0,24.96162900933342,20.6790391555694,21.256477357212418,21.41147035040018,1,4.167519350103411,idle,4.167519350103411,0.0,False,1
2430.0,discharge,18.575416193177947,14.8,,,0.0,2367.6551067914966,0.0,2367.6551067914966,18.071332963240053,24.96162900933342,20.6790391555694,21.256477357212418,21.41147035040018,1,4.167519350103411,discharge,4.167519350103411,0.0,False,2
2431.0,idle,19.99496719640786,15.7,,,0.0,0.0,0.0,1378.3639062396683,15.7,24.96162900933342,20.6790391555694,21.256477357212418,21.41147035040018,1,1.799864243311915,idle,1.799864243311915,0.0,False,1
2432.0,idle,20.056739583913323,16.7,,,0.0,0.0,0.0,1552.4582156075853,16.7,24.96162900933342,20.6790391555694,21.256477357212418,21.41147035040018,1,1.799864243311915,idle,1.799864243311915,0.0,False,1
2433.0,charge,20.190499204063215,17.9,20.1904992040632,20.215308614353773,154.54223160846988,0.0,440.4865000001042,1072.2254171659413,17.9,24.635499337886472,20.50456548108218,21.247007250502747,21.411115609075125,3,1.6874076339099666,charge,1.6874076339099666,0.0,False,2
2434.0,charge,20.21171186735951,17.9,20.211711867359497,20.256906699109607,137.06219351582487,0.0,637.4879999997636,1130.0757465488866,17.9,25.399727785072344,20.57484519527941,21.23771244745876,21.410740234689115,2,1.5323361225479697,charge,1.5323361225479697,0.0,False,2
2435.0,charge,20.248952524060833,17.5,20.248952524060826,20.306197363172203,162.70271404712622,0.0,807.9275000001988,1309.5803305007787,17.5,26.914403549731958,20.702991107330718,21.23009862468865,21.410346750628207,2,1.394315938095164,charge,1.394315938095164,0.0,False,2
2436.0,charge,20.29800253444652,19.0,20.29800253444654,20.374341895967746,210.9048927988076,0.0,1064.6934999994196,665.4173480984675,19.0,29.391969382666275,20.90457809718282,21.22510200355117,21.409939935203624,2,1.2302820584246217,charge,1.2302820584246217,0.0,False,2
2437.0,charge,20.341314738618113,18.9,20.34131473861811,20.419198530959363,251.38358154958775,0.0,745.9494999999464,734.2647151942879,18.9,29.162467761759615,20.962713346126634,21.22225404770569,21.409525744436962,2,1.0181868131712184,charge,1.0181868131712184,0.0,False,2
2438.0,charge,20.363999039507185,19.4,20.363999039507178,20.446327139701793,261.99031956249297,0.0,956.2319999993327,519.8083009591861,19.4,30.195848929346994,21.036380412195285,21.22014006675846,21.40910686883967,2,3.315401986924603,charge,3.315401986924603,0.0,False,2
2439.0,charge,20.382640764551866,19.2,20.382640764551866,20.459660668706135,269.0471795018608,0.0,650.769000000107,625.7156007588234,19.2,29.213336859681135,21.011979712865923,21.21857332716877,21.408685137968916,2,4.858025440856532,charge,4.858025440856532,0.0,False,2
2440.0,charge,20.372368915566334,18.7,20.372368915566312,20.43159168455901,235.85593333651755,0.0,380.72200000031285,863.2545050680994,18.7,27.08090983696644,20.87075765730191,21.215644190469504,21.40825964128129,2,6.522514441327999,charge,6.522514441327999,0.0,False,2
2441.0,idle,20.222764684112448,17.7,,,0.0,0.0,0.0,1292.972221902821,17.7,27.08090983696644,20.87075765730191,21.215644190469504,21.40825964128129,1,8.158406347963517,idle,8.158406347963517,0.0,False,1
2442.0,idle,20.21635685111295,16.8,,,0.0,0.0,0.0,1604.9149757045868,16.8,27.08090983696644,20.87075765730191,21.215644190469504,21.40825964128129,1,10.020209353140386,idle,10.020209353140386,0.0,False,1
2443.0,idle,20.211237430867737,16.5,,,0.0,0.0,0.0,1724.5035463248055,16.5,27.08090983696644,20.87075765730191,21.215644190469504,21.40825964128129,1,11.825730096684088,idle,11.825730096684088,0.0,False,1
2444.0,idle,20.20806095467158,16.1,,,0.0,0.0,0.0,1883.487724360983,16.1,27.08090983696644,20.87075765730191,21.215644190469504,21.40825964128129,1,13.79171634278175,idle,13.79171634278175,0.0,False,1
2445.0,idle,20.206166161795718,15.9,,,0.0,0.0,0.0,1961.999484399414,15.9,27.08090983696644,20.87075765730191,21.215644190469504,21.40825964128129,1,13.79171634278175,idle,13.79171634278175,0.0,False,1
2446.0,idle,20.20500162231437,15.5,,,0.0,0.0,0.0,2119.438767356478,15.5,27.08090983696644,20.87075765730191,21.215644190469504,21.40825964128129,1,14.27960564535839,idle,14.27960564535839,0.0,False,1
2447.0,idle,20.211579177454574,15.4,,,0.0,0.0,0.0,2158.2588268987674,15.4,27.08090983696644,20.87075765730191,21.215644190469504,21.40825964128129,1,14.27960564535839,idle,14.27960564535839,0.0,False,1
2448.0,idle,20.21465792910941,15.1,,,0.0,0.0,0.0,2278.041967263727,15.1,27.08090983696644,20.87075765730191,21.215644190469504,21.40825964128129,1,14.521406892353106,idle,14.521406892353106,0.0,False,1
2449.0,discharge,18.515845437683186,14.4,,,0.0,2549.409012338187,0.0,2549.409012338187,17.972287359559097,27.08090983696644,20.87075765730191,21.215644190469504,21.40825964128129,1,14.777738462353906,discharge,14.777738462353906,0.0,False,2
2450.0,discharge,18.83315616311026,14.6,,,0.0,1805.0743868352645,0.0,1805.0743868352645,18.276092559587692,27.08090983696644,20.87075765730191,21.215644190469504,21.40825964128129,1,12.543485633164945,discharge,12.543485633164945,0.0,False,2
2451.0,discharge,18.681907343050568,14.6,,,0.0,1932.1751088180301,0.0,1932.1751088180301,18.142265469049693,27.08090983696644,20.87075765730191,21.215644190469504,21.40825964128129,1,11.056278568000259,discharge,11.056278568000259,0.0,False,2
2452.0,discharge,18.657082744013415,14.6,,,0.0,1871.747839972035,0.0,1871.747839972035,18.120308056056988,27.08090983696644,20.87075765730191,21.215644190469504,21.40825964128129,1,9.414385010617684,discharge,9.414385010617684,0.0,False,2
2453.0,discharge,18.61695424691573,14.6,,,0.0,1861.803005176869,0.0,1861.803005176869,18.084819020448613,27.08090983696644,20.87075765730191,21.215644190469504,21.40825964128129,1,7.791376803494459,discharge,7.791376803494459,0.0,False,2
2454.0,discharge,18.618086401591945,14.7,,,0.0,1805.5207435437023,0.0,1805.5207435437023,18.09740700659138,27.08090983696644,20.87075765730191,21.215644190469504,21.40825964128129,1,5.92957379831759,discharge,5.92957379831759,0.0,False,2
2455.0,discharge,18.480076100284318,14.3,,,0.0,1965.9862460976624,0.0,1965.9862460976624,17.92911744327101,27.08090983696644,20.87075765730191,21.215644190469504,21.40825964128129,1,4.124053054773888,discharge,4.124053054773888,0.0,False,2
2456.0,idle,19.749794786014377,15.9,,,0.0,0.0,0.0,1253.8894102593972,15.9,27.08090983696644,20.87075765730191,21.215644190469504,21.40825964128129,1,2.1580668086762254,idle,2.1580668086762254,0.0,False,1
2457.0,charge,20.012333576155864,18.2,20.012333576155868,20.055699948813583,238.40449139595376,0.0,495.82399999971705,803.4280929942512,18.2,26.596023471029298,20.47889902375232,21.207325597220063,21.40782301109863,3,2.109665115600113,charge,2.109665115600113,0.0,False,2
2458.0,charge,20.06077295824136,18.8,20.060772958241387,20.124638452357942,193.23828431938568,0.0,666.2635000002527,648.3473909460585,18.8,27.19348039213753,20.562106604200608,21.198651270596713,21.407367415746762,2,1.870082467973068,charge,1.870082467973068,0.0,False,2
2459.0,charge,20.128403280210918,19.2,20.128403280210932,20.206331452518725,217.90068953940622,0.0,931.8834999996162,480.7494387153332,19.2,29.06591525466945,20.73576196884352,21.192065105936308,21.406895629402015,2,1.6751415737590691,charge,1.6751415737590691,0.0,False,2
2460.0,charge,20.201734031110107,19.6,20.201734031110107,20.296679893447106,268.8076910886699,0.0,1102.3229999991681,313.93976869849394,19.6,31.257583801836574,20.94780171363459,21.188514320823288,21.406413541448273,2,1.4552876383645137,charge,1.4552876383645137,0.0,False,2
2461.0,charge,20.26611122595867,20.1,20.266111225958696,20.368793929878848,315.2762785652988,0.0,980.580500000746,74.47334100849889,20.1,32.11791935196317,21.08161717149443,21.187607449499694,21.405927809133516,2,1.1847336743348627,charge,1.1847336743348627,0.0,False,2
2462.0,charge,20.300875563580522,19.7,20.30087556358052,20.394540844743403,322.73186801360674,0.0,695.0389999994237,333.4184833141106,19.7,30.954521022817744,21.058613800618446,21.18742441141137,21.405442373476205,2,0.8682332109492368,charge,0.8682332109492368,0.0,False,2
2463.0,charge,20.30674542585126,19.5,20.30674542585126,20.388087516240205,294.5783282945232,0.0,617.5665000004418,451.40244823956243,19.5,29.731928886836556,20.97991871416326,21.186274190727943,21.404956650304882,2,0.5453588192293303,charge,0.5453588192293303,0.0,False,2
2464.0,charge,20.29696266676469,19.1,20.29696266676467,20.3604307297324,252.06388706167513,0.0,345.3060000001369,645.7367677560513,19.1,27.478933247446605,20.830214227376757,21.183456865036987,21.40446778756467,2,0.25206388706167515,charge,0.25206388706167515,0.0,False,2
2465.0,idle,20.144510664404795,17.6,,,0.0,0.0,0.0,1303.3577508036576,17.6,27.478933247446605,20.830214227376757,21.183456865036987,21.40446778756467,1,0.0,idle,0.0,0.0,False,1
2466.0,idle,20.14096709434523,16.8,,,0.0,0.0,0.0,1572.8242807896956,16.8,27.478933247446605,20.830214227376757,21.183456865036987,21.40446778756467,1,2.3396722685785933,idle,2.3396722685785933,0.0,False,1
2467.0,idle,20.13904097339856,16.2,,,0.0,0.0,0.0,1815.1833166858112,16.2,27.478933247446605,20.830214227376757,21.183456865036987,21.40446778756467,1,2.3396722685785933,idle,2.3396722685785933,0.0,False,1
2468.0,idle,20.14087833959989,15.9,,,0.0,0.0,0.0,1934.5206328715858,15.9,27.478933247446605,20.830214227376757,21.183456865036987,21.40446778756467,1,2.3396722685785933,idle,2.3396722685785933,0.0,False,1
2469.0,idle,20.142565015803772,15.6,,,0.0,0.0,0.0,2054.2855142649755,15.6,27.478933247446605,20.830214227376757,21.183456865036987,21.40446778756467,1,2.3396722685785933,idle,2.3396722685785933,0.0,False,1
2470.0,idle,20.14464045437031,15.8,,,0.0,0.0,0.0,1975.715594905668,15.8,27.478933247446605,20.830214227376757,21.183456865036987,21.40446778756467,1,2.8108145439235477,idle,2.8108145439235477,0.0,False,1
2471.0,idle,20.15012518983607,15.9,,,0.0,0.0,0.0,1936.752049470569,15.9,27.478933247446605,20.830214227376757,21.183456865036987,21.40446778756467,1,2.818108508071231,idle,2.818108508071231,0.0,False,1
2472.0,idle,20.15342572747926,16.1,,,0.0,0.0,0.0,1859.0143993642844,16.1,27.478933247446605,20.830214227376757,21.183456865036987,21.40446778756467,1,3.1005613124907283,idle,3.1005613124907283,0.0,False,1
2473.0,idle,20.159106421122765,15.2,,,0.0,0.0,0.0,2216.3669601906745,15.2,27.478933247446605,20.830214227376757,21.183456865036987,21.40446778756467,1,3.4010642816944916,idle,3.4010642816944916,0.0,False,1
2474.0,idle,20.163137754180408,15.4,,,0.0,0.0,0.0,2140.245066568003,15.4,27.478933247446605,20.830214227376757,21.183456865036987,21.40446778756467,1,3.762547432995552,idle,3.762547432995552,0.0,False,1
2475.0,idle,20.166946996513573,15.2,,,0.0,0.0,0.0,2220.16146784436,15.2,27.478933247446605,20.830214227376757,21.183456865036987,21.40446778756467,1,4.142938551626797,idle,4.142938551626797,0.0,False,1
2476.0,idle,20.17023981860288,15.1,,,0.0,0.0,0.0,2260.6615919554397,15.1,27.478933247446605,20.830214227376757,21.183456865036987,21.40446778756467,1,4.509629996054078,idle,4.509629996054078,0.0,False,1
2477.0,discharge,18.616790686993657,14.9,,,0.0,2339.6722685785935,0.0,2339.6722685785935,18.11954999164953,27.478933247446605,20.830214227376757,21.183456865036987,21.40446778756467,1,4.82791825103923,discharge,4.82791825103923,0.0,False,2
2478.0,idle,20.01628711095443,15.0,,,0.0,0.0,0.0,1684.0863761129215,15.0,27.478933247446605,20.830214227376757,21.183456865036987,21.40446778756467,1,2.4882459824606373,idle,2.4882459824606373,0.0,False,1
2479.0,idle,20.069989408651367,15.3,,,0.0,0.0,0.0,2123.4187318390177,15.3,27.478933247446605,20.830214227376757,21.183456865036987,21.40446778756467,1,2.4882459824606373,idle,2.4882459824606373,0.0,False,1
2480.0,idle,20.095325415450496,16.5,,,0.0,0.0,0.0,1665.0396748571004,16.5,27.478933247446605,20.830214227376757,21.183456865036987,21.40446778756467,1,2.4882459824606373,idle,2.4882459824606373,0.0,False,1
2481.0,charge,20.255237620735695,18.5,20.25523762073567,20.29974260548505,215.36380300745992,0.0,520.1725000002111,824.0030861585348,18.5,27.186037756331018,20.734441828533306,21.178574941405714,21.40397123833219,3,2.4432318731867286,charge,2.4432318731867286,0.0,False,2
2482.0,charge,20.278825751208316,19.2,20.27882575120833,20.349264198678668,212.92140124773215,0.0,816.7815000004077,574.3443403141971,19.2,28.739270233754496,20.851469779855677,21.174339278704053,21.403465128172627,2,2.227300223095231,charge,2.227300223095231,0.0,False,2
2483.0,charge,20.325375212657693,19.6,20.32537521265772,20.414187465351574,257.96955962844356,0.0,1042.5584999994546,390.71050627493486,19.6,30.94977287289572,21.0372472609356,21.172518159292736,21.40295324549504,2,4.477460567488466,charge,4.477460567488466,0.0,False,2
2484.0,charge,20.378484453453186,19.8,20.37848445345321,20.48377594815463,314.39901910406337,0.0,1139.952500000578,312.3680753187295,19.8,32.92650372571137,21.22361767728171,21.173527926321015,21.402441620626746,2,6.036161335269004,charge,6.036161335269004,0.0,False,2
2485.0,charge,20.42565094552059,19.9,20.4256509455206,20.541301570834207,361.84997038000785,0.0,1124.4579999996129,287.8784368212908,19.9,34.17233772451726,21.360541676504965,21.176876590399104,21.40193612594925,2,7.681027561574358,charge,7.681027561574358,0.0,False,2
2486.0,charge,20.455933455400835,20.0,20.45593345540084,20.570716900954153,384.22735359614177,0.0,945.1644999999564,259.9160327540404,20.0,33.989991975525186,21.393352667196552,21.18135203442955,21.401440742689772,2,9.528539758363435,charge,9.528539758363435,0.0,False,2
2487.0,charge,20.46054445102798,19.5,20.460544451028,20.56341573981524,370.7713845321728,0.0,730.4550000000689,526.8512744757836,19.5,32.54108345163837,21.313989537471002,21.18526553310926,21.400956078258048,2,11.420371242803359,charge,11.420371242803359,0.0,False,2
2488.0,charge,20.43886286651789,18.7,20.438862866517866,20.519962043059422,322.9831345129715,0.0,416.13799999995763,898.0573653540329,18.7,29.85937536182462,21.12645711630256,21.187022640412067,21.4004790702337,2,13.285397983560221,charge,13.285397983560221,0.0,False,2
2489.0,idle,20.229593095470896,16.8,,,0.0,0.0,0.0,1693.058228451441,16.8,29.85937536182462,21.12645711630256,21.187022640412067,21.4004790702337,1,15.261770846495008,idle,15.261770846495008,0.0,False,1
2490.0,idle,20.21305268018558,16.1,,,0.0,0.0,0.0,1890.829500877194,16.1,29.85937536182462,21.12645711630256,21.187022640412067,21.4004790702337,1,17.37014135186887,idle,17.37014135186887,0.0,False,1
2491.0,idle,20.203538080173185,15.6,,,0.0,0.0,0.0,2082.7715686250644,15.6,29.85937536182462,21.12645711630256,21.187022640412067,21.4004790702337,1,19.63026762218872,idle,19.63026762218872,0.0,False,1
2492.0,idle,20.197117476983415,15.7,,,0.0,0.0,0.0,2039.5254376933221,15.7,29.85937536182462,21.12645711630256,21.187022640412067,21.4004790702337,1,21.958663121877834,idle,21.958663121877834,0.0,False,1
2493.0,idle,20.19281620473709,15.2,,,0.0,0.0,0.0,2233.430022045251,15.2,29.85937536182462,21.12645711630256,21.187022640412067,21.4004790702337,1,21.958663121877834,idle,21.958663121877834,0.0,False,1
2494.0,discharge,18.548197516376298,14.6,,,0.0,2464.258796934945,0.0,2464.258796934945,18.024025304669944,29.85937536182462,21.12645711630256,21.187022640412067,21.4004790702337,1,22.58932590247984,discharge,22.58932590247984,0.0,False,2
2495.0,discharge,18.804435118787573,14.6,,,0.0,1818.0913163034863,0.0,1818.0913163034863,18.250673623355155,29.85937536182462,21.12645711630256,21.187022640412067,21.4004790702337,1,20.14816812366552,discharge,20.14816812366552,0.0,False,2
2496.0,discharge,18.638287368304418,14.5,,,0.0,1960.557329815519,0.0,1960.557329815519,18.092141906473113,29.85937536182462,21.12645711630256,21.187022640412067,21.4004790702337,1,18.657371736367125,discharge,18.657371736367125,0.0,False,2
2497.0,discharge,18.40680222496228,13.7,,,0.0,2210.4504931710035,0.0,2210.4504931710035,17.795676688015096,29.85937536182462,21.12645711630256,21.187022640412067,21.4004790702337,1,17.034295054939737,discharge,17.034295054939737,0.0,False,2
2498.0,discharge,18.295693558127866,13.3,,,0.0,2276.182678989708,0.0,2276.182678989708,17.65193567032836,29.85937536182462,21.12645711630256,21.187022640412067,21.4004790702337,1,15.22460270398849,discharge,15.22460270398849,0.0,False,2
2499.0,discharge,18.266380289056293,13.3,,,0.0,2232.8742338325874,0.0,2232.8742338325874,17.625922418810575,29.85937536182462,21.12645711630256,21.187022640412067,21.4004790702337,1,13.363862559276278,discharge,13.363862559276278,0.0,False,2
2500.0,discharge,18.178034359699645,13.1,,,0.0,2299.355997447757,0.0,2299.355997447757,17.52501981001686,29.85937536182462,21.12645711630256,21.187022640412067,21.4004790702337,1,11.532467280678965,discharge,11.532467280678965,0.0,False,2
2501.0,discharge,18.265573097914025,13.5,,,0.0,2108.3705053738636,0.0,2108.3705053738636,17.647788882914423,29.85937536182462,21.12645711630256,21.187022640412067,21.4004790702337,1,9.58485696860388,discharge,9.58485696860388,0.0,False,2
2502.0,discharge,18.141163160443305,13.2,,,0.0,2260.1262703198463,0.0,2260.1262703198463,17.503546148878968,29.85937536182462,21.12645711630256,21.187022640412067,21.4004790702337,1,7.476486463230018,discharge,7.476486463230018,0.0,False,2
2503.0,discharge,18.059284668332143,12.9,,,0.0,2328.3954996891134,0.0,2328.3954996891134,17.39715467324666,29.85937536182462,21.12645711630256,21.187022640412067,21.4004790702337,1,5.216360192910171,discharge,5.216360192910171,0.0,False,2
2504.0,idle,19.576818269234455,15.2,,,0.0,0.0,0.0,1371.6084185358345,15.2,29.85937536182462,21.12645711630256,21.187022640412067,21.4004790702337,1,2.8879646932210576,idle,2.8879646932210576,0.0,False,1
2505.0,charge,19.92541931585638,17.7,19.925419315856402,19.985714761088047,327.94405128295364,0.0,529.026500000137,949.6425930252013,17.7,28.800032394159302,20.555120170688554,21.181072000018162,21.399999154743227,3,2.8349610361143105,charge,2.8349610361143105,0.0,False,2
2506.0,charge,19.983670987506937,18.7,19.983670987506912,20.070557009245363,262.5299678499759,0.0,861.0515000004267,654.45472255505,18.7,29.93135545484529,20.670951989744253,21.174238249929772,21.399504549357687,2,2.5056238660958265,charge,2.5056238660958265,0.0,False,2
2507.0,charge,20.073614987675878,19.6,20.073614987675853,20.17850120478704,297.01036532205444,0.0,1097.8959999990743,237.38425940582573,19.6,32.15209895482792,20.891735496645254,21.170152999887307,21.39899864691074,2,4.5481902902588995,charge,4.5481902902588995,0.0,False,2
2508.0,charge,20.163431802392502,20.3,20.163431802392495,20.28479796245756,353.87421517296644,0.0,1212.9980000006406,0.0,20.3,34.2731844872589,21.119226878294853,21.16949220457468,21.398488598651227,2,6.190403171722263,charge,6.190403171722263,0.0,False,2
2509.0,charge,20.23892010709182,20.1,20.238920107091815,20.368454391241073,401.4288171655785,0.0,1190.8630000004957,49.29868181108463,20.1,35.29972744198824,21.271345494551042,21.171609371994634,21.397981524618217,2,7.811127634238186,charge,7.811127634238186,0.0,False,2
2510.0,charge,20.289646001289963,19.5,20.289646001289952,20.417028568588023,420.1591951711927,0.0,1029.2774999992441,420.75253544313654,19.5,35.11102205057358,21.3190587759629,21.17503765067363,21.397482024065027,2,9.265053715012384,charge,9.265053715012384,0.0,False,2
2511.0,charge,20.31294648275188,19.3,20.312946482751897,20.427963537984454,405.64755963737406,0.0,763.6575000001403,543.0416405192283,19.3,33.64569523049681,21.255708759314132,21.178160321590667,21.396991207561314,2,10.748567043250464,charge,10.748567043250464,0.0,False,2
2512.0,charge,20.307623029135872,19.0,20.30762302913587,20.400086569283587,356.66782781794205,0.0,418.35150000001573,695.0974329461795,19.0,30.901353122501746,21.0794424334037,21.179336276832885,21.39650654886941,2,12.378572509531041,charge,12.378572509531041,0.0,False,2
2513.0,idle,20.089910851544204,17.1,,,0.0,0.0,0.0,1516.4582366475358,17.1,30.901353122501746,21.0794424334037,21.179336276832885,21.39650654886941,1,14.007335672262078,idle,14.007335672262078,0.0,False,1
2514.0,idle,20.082829884477814,16.3,,,0.0,0.0,0.0,1754.2733233807564,16.3,30.901353122501746,21.0794424334037,21.179336276832885,21.39650654886941,1,16.02906016132685,idle,16.02906016132685,0.0,False,1
2515.0,idle,20.082176926240965,15.7,,,0.0,0.0,0.0,1991.7043096744192,15.7,30.901353122501746,21.0794424334037,21.179336276832885,21.39650654886941,1,17.989828354288893,idle,17.989828354288893,0.0,False,1
2516.0,idle,20.083926981711773,15.7,,,0.0,0.0,0.0,1991.445176382121,15.7,30.901353122501746,21.0794424334037,21.179336276832885,21.39650654886941,1,20.034765493926635,idle,20.034765493926635,0.0,False,1
2517.0,idle,20.08687956051371,15.7,,,0.0,0.0,0.0,1992.139693150921,15.7,30.901353122501746,21.0794424334037,21.179336276832885,21.39650654886941,1,20.034765493926635,idle,20.034765493926635,0.0,False,1
2518.0,discharge,18.556820991964184,14.9,,,0.0,2307.3214914649566,0.0,2307.3214914649566,18.066593884689464,30.901353122501746,21.0794424334037,21.179336276832885,21.39650654886941,1,20.650469050350598,discharge,20.650469050350598,0.0,False,2
2519.0,discharge,18.64490269549503,14.3,,,0.0,1941.6047574653364,0.0,1941.6047574653364,18.07501820002058,30.901353122501746,21.0794424334037,21.179336276832885,21.39650654886941,1,18.41648291215526,discharge,18.41648291215526,0.0,False,2
2520.0,discharge,18.545487188733915,14.3,,,0.0,1976.6443725531376,0.0,1976.6443725531376,17.98700673776559,30.901353122501746,21.0794424334037,21.179336276832885,21.39650654886941,1,16.819892416476236,discharge,16.819892416476236,0.0,False,2
2521.0,discharge,18.563157887359328,14.5,,,0.0,1857.1551393375016,0.0,1857.1551393375016,18.025681328923685,30.901353122501746,21.0794424334037,21.179336276832885,21.39650654886941,1,15.200353579150343,discharge,15.200353579150343,0.0,False,2
2522.0,discharge,18.49193328526279,14.4,,,0.0,1904.2438477234027,0.0,1904.2438477234027,17.95113406413542,30.901353122501746,21.0794424334037,21.179336276832885,21.39650654886941,1,13.760125111935377,discharge,13.760125111935377,0.0,False,2
2523.0,discharge,18.367025981970855,14.0,,,0.0,2034.935073168763,0.0,2034.935073168763,17.79460822485712,30.901353122501746,21.0794424334037,21.179336276832885,21.39650654886941,1,12.287900089202987,discharge,12.287900089202987,0.0,False,2
2524.0,discharge,18.358557126614446,14.0,,,0.0,1985.430990548981,0.0,1985.430990548981,17.787108916546487,30.901353122501746,21.0794424334037,21.179336276832885,21.39650654886941,1,10.672085773625902,discharge,10.672085773625902,0.0,False,2
2525.0,discharge,18.304965242500007,13.9,,,0.0,2021.7244890647708,0.0,2021.7244890647708,17.72820696965172,30.901353122501746,21.0794424334037,21.179336276832885,21.39650654886941,1,9.055063131928494,discharge,9.055063131928494,0.0,False,2
2526.0,discharge,18.31722414662661,14.0,,,0.0,1960.7681929620437,0.0,1960.7681929620437,17.75051133005838,30.901353122501746,21.0794424334037,21.179336276832885,21.39650654886941,1,7.033338642863723,discharge,7.033338642863723,0.0,False,2
2527.0,discharge,18.238687882850996,13.8,,,0.0,2044.9371396377435,0.0,2044.9371396377435,17.658075480485227,30.901353122501746,21.0794424334037,21.179336276832885,21.39650654886941,1,5.072570449901679,discharge,5.072570449901679,0.0,False,2
2528.0,idle,19.571036706481685,15.6,,,0.0,0.0,0.0,1278.729601222243,15.6,30.901353122501746,21.0794424334037,21.179336276832885,21.39650654886941,1,3.0276333102639352,idle,3.0276333102639352,0.0,False,1
2529.0,charge,19.91687563946656,18.4,19.916875639466582,19.986381041734376,345.2457588402268,0.0,533.4535000002528,629.0181593729656,18.4,29.67947030417224,20.609613824542294,21.174057887093795,21.396018922544954,3,2.9801406071432037,charge,2.9801406071432037,0.0,False,2
2530.0,charge,19.972516116901456,19.8,19.97251611690143,20.06559319874009,286.7640267172006,0.0,863.2649999997396,84.06668606629592,19.8,30.67738834633076,20.712946926998995,21.168036294383796,21.395518511367925,2,2.633561020119211,charge,2.633561020119211,0.0,False,2
2531.0,charge,20.055501809536885,20.5,20.055501809536906,20.165099079262973,317.9649268512004,0.0,1097.8959999990743,0.0,20.5,32.749051230342275,20.917206310815573,21.16452115075964,21.395008360475344,2,2.3447307622426834,charge,2.3447307622426834,0.0,False,2
2532.0,charge,20.13952373488416,20.8,20.139523734884165,20.265039824384075,371.4541862695759,0.0,1204.1440000004034,0.0,20.8,34.79900610833084,21.133536899088426,21.16421623533023,21.39449508681855,2,4.392134878208992,charge,4.392134878208992,0.0,False,2
2533.0,charge,20.211010276027075,20.9,20.211010276027082,20.344634295453943,417.37814078788955,0.0,1175.3684999991021,0.0,20.9,35.8045649339864,21.280048604512785,21.166568813521735,21.393985437255708,2,5.8879107609128285,charge,5.8879107609128285,0.0,False,2
2534.0,charge,20.259431427380356,20.6,20.259431427380377,20.391457655248075,436.22929223818267,0.0,1018.2099999999638,0.0,20.6,35.680416767114764,21.32906203940911,21.170201711368236,21.39348383729316,2,7.326661812514564,charge,7.326661812514564,0.0,False,2
2535.0,charge,20.281068539057667,20.3,20.281068539057685,20.401081240140797,423.05643375641625,0.0,752.5900000004216,0.0,20.3,34.242269378501305,21.266561404261324,21.173549115402864,21.392991406103192,2,6.889905229482535,charge,6.889905229482535,0.0,False,2
2536.0,charge,20.272632697851602,19.7,20.272632697851577,20.369072416760673,373.3757912088286,0.0,409.49749999990087,341.09889592890715,19.7,31.350121334706785,21.079495836972285,21.17487098562526,21.39250558091129,2,8.652914050700694,charge,8.652914050700694,0.0,False,2
2537.0,idle,20.04238478152431,18.0,,,0.0,0.0,0.0,1122.3738853568755,18.0,31.350121334706785,21.079495836972285,21.17487098562526,21.39250558091129,1,9.918973782581572,idle,9.918973782581572,0.0,False,1
2538.0,idle,20.032984140227967,16.9,,,0.0,0.0,0.0,1489.488519117136,16.9,31.350121334706785,21.079495836972285,21.17487098562526,21.39250558091129,1,9.918973782581572,idle,9.918973782581572,0.0,False,1
2539.0,idle,20.030552187759646,16.4,,,0.0,0.0,0.0,1690.6693317085178,16.4,31.350121334706785,21.079495836972285,21.17487098562526,21.39250558091129,1,9.918973782581572,idle,9.918973782581572,0.0,False,1
2540.0,idle,20.03081552064216,15.7,,,0.0,0.0,0.0,1970.9418083216588,15.7,31.350121334706785,21.079495836972285,21.17487098562526,21.39250558091129,1,9.918973782581572,idle,9.918973782581572,0.0,False,1
2541.0,idle,20.034700402863624,15.4,,,0.0,0.0,0.0,2089.773587914497,15.4,31.350121334706785,21.079495836972285,21.17487098562526,21.39250558091129,1,9.918973782581572,idle,9.918973782581572,0.0,False,1
2542.0,idle,20.042311987669784,15.1,,,0.0,0.0,0.0,2209.0482766639598,15.1,31.350121334706785,21.079495836972285,21.17487098562526,21.39250558091129,1,10.48183186711989,idle,10.48183186711989,0.0,False,1
2543.0,discharge,18.475457578823573,14.7,,,0.0,2367.590070187696,0.0,2367.590070187696,17.971369523296914,31.350121334706785,21.079495836972285,21.17487098562526,21.39250558091129,1,10.58457012705582,discharge,10.58457012705582,0.0,False,2
2544.0,discharge,18.6472049280898,14.4,,,0.0,1869.1647770021727,0.0,1869.1647770021727,18.088527148520367,31.350121334706785,21.079495836972285,21.17487098562526,21.39250558091129,1,8.570801779886335,discharge,8.570801779886335,0.0,False,2
2545.0,discharge,18.587912437037595,14.6,,,0.0,1857.8437700693066,0.0,1857.8437700693066,18.059138544577706,31.350121334706785,21.079495836972285,21.17487098562526,21.39250558091129,1,7.076862288012902,discharge,7.076862288012902,0.0,False,2
2546.0,idle,19.77308068571767,15.0,,,0.0,0.0,0.0,1672.3375196607924,15.0,31.350121334706785,21.079495836972285,21.17487098562526,21.39250558091129,1,5.658245957378993,idle,5.658245957378993,0.0,False,1
2547.0,discharge,18.407197684522885,14.9,,,0.0,2184.939642232689,0.0,2184.939642232689,17.934533557929342,31.350121334706785,21.079495836972285,21.17487098562526,21.39250558091129,1,6.1208918950625595,discharge,6.1208918950625595,0.0,False,2
2548.0,discharge,18.670784295441194,14.9,,,0.0,1639.4355230897077,0.0,1639.4355230897077,18.1672411896659,31.350121334706785,21.079495836972285,21.17487098562526,21.39250558091129,1,4.3902009083415985,discharge,4.3902009083415985,0.0,False,2
2549.0,idle,19.736894706202673,15.4,,,0.0,0.0,0.0,1542.5031731191084,15.4,31.350121334706785,21.079495836972285,21.17487098562526,21.39250558091129,1,3.1550341675762126,idle,3.1550341675762126,0.0,False,1
2550.0,idle,19.82620218439724,15.8,,,0.0,0.0,0.0,1813.5451475202194,15.8,31.350121334706785,21.079495836972285,21.17487098562526,21.39250558091129,1,3.1550341675762126,idle,3.1550341675762126,0.0,False,1
2551.0,idle,19.87868361092778,15.2,,,0.0,0.0,0.0,2087.9553624178743,15.2,31.350121334706785,21.079495836972285,21.17487098562526,21.39250558091129,1,3.1550341675762126,idle,3.1550341675762126,0.0,False,1
2552.0,idle,19.916079700419353,17.8,,,0.0,0.0,0.0,1038.257701250422,17.8,31.350121334706785,21.079495836972285,21.17487098562526,21.39250558091129,1,3.1550341675762126,idle,3.1550341675762126,0.0,False,1
2553.0,charge,20.155586305540684,20.1,20.15558630554068,20.2272064549295,324.75860742300375,0.0,504.67799999987153,0.0,20.1,30.04145561801198,20.852415698651328,21.172508759797495,21.39201967191525,3,3.1137556595837763,charge,3.1137556595837763,0.0,False,2
2554.0,charge,20.17553783085652,21.6,20.175537830856513,20.267306629769735,294.4296789215311,0.0,823.4219999997226,0.0,21.6,31.174123574812484,20.927907608812518,21.169691747854017,21.391528334991506,2,2.7885264020112253,charge,2.7885264020112253,0.0,False,2
2555.0,charge,20.2256381035528,22.6,20.225638103552797,20.335643855392163,329.9680685414149,0.0,1049.199000000647,0.0,22.6,33.388510013221094,21.11181653314685,21.168991251205796,21.39103391117129,2,2.492866811553241,charge,2.492866811553241,0.0,False,2
2556.0,charge,20.287559485905632,23.1,20.287559485905604,20.415911330215863,387.39243333654815,0.0,1162.0875000010717,0.0,23.1,35.59814064026648,21.319400452359275,21.17127490818359,21.39054230933249,2,2.1612758882704948,charge,2.1612758882704948,0.0,False,2
2557.0,charge,20.344635477040498,23.3,20.34463547704047,20.484259738013577,439.2343455804248,0.0,1139.952500000578,0.0,23.3,36.92450638370201,21.47308387263854,21.176174404979804,21.390059950309023,2,1.7723532973126357,charge,1.7723532973126357,0.0,False,2
2558.0,charge,20.384206331700558,23.1,20.384206331700568,20.525036422245023,466.18322819155856,0.0,989.4345000003254,0.0,23.1,37.061468392610095,21.53304275870147,21.182468152688784,21.389591363996374,2,1.331733985556503,charge,1.331733985556503,0.0,False,2
2559.0,charge,20.396028869404702,22.5,20.396028869404688,20.525299323658373,458.35790089162197,0.0,728.2414999995378,0.0,22.5,35.622515838878826,21.464956965176384,21.188463942514716,21.389137821380416,2,0.8652648424453755,charge,0.8652648424453755,0.0,False,2
2560.0,charge,20.38041657209051,21.7,20.380416572090496,20.486369391877247,408.95451109537464,0.0,391.78950000007507,0.0,21.7,32.72088802315011,21.271136412445117,21.192287071018825,21.388696524339878,2,0.4089545110953746,charge,0.4089545110953746,0.0,False,2
2561.0,idle,20.11897734373928,19.9,,,0.0,0.0,0.0,288.89334701013763,19.9,32.72088802315011,21.271136412445117,21.192287071018825,21.388696524339878,1,0.0,idle,0.0,0.0,False,1
2562.0,idle,20.100568527084835,19.1,,,0.0,0.0,0.0,557.0711156097972,19.1,32.72088802315011,21.271136412445117,21.192287071018825,21.388696524339878,1,0.0,idle,0.0,0.0,False,1
2563.0,idle,20.091064077296508,18.6,,,0.0,0.0,0.0,781.0966545562081,18.6,32.72088802315011,21.271136412445117,21.192287071018825,21.388696524339878,1,0.0,idle,0.0,0.0,False,1
2564.0,idle,20.085135259552935,18.1,,,0.0,0.0,0.0,999.9348294692147,18.1,32.72088802315011,21.271136412445117,21.192287071018825,21.388696524339878,1,0.0,idle,0.0,0.0,False,1
2565.0,idle,20.083740260148545,17.4,,,0.0,0.0,0.0,1298.3647394745683,17.4,32.72088802315011,21.271136412445117,21.192287071018825,21.388696524339878,1,0.0,idle,0.0,0.0,False,1
2566.0,idle,20.083684953132042,16.9,,,0.0,0.0,0.0,1506.5931559027763,16.9,32.72088802315011,21.271136412445117,21.192287071018825,21.388696524339878,1,0.34187747406212,idle,0.34187747406212,0.0,False,1
2567.0,idle,20.09100668403275,16.8,,,0.0,0.0,0.0,1547.8149656723415,16.8,32.72088802315011,21.271136412445117,21.192287071018825,21.388696524339878,1,0.667075332786748,idle,0.667075332786748,0.0,False,1
2568.0,idle,20.093600535149708,16.6,,,0.0,0.0,0.0,1632.8240466377902,16.6,32.72088802315011,21.271136412445117,21.192287071018825,21.388696524339878,1,1.017959662305325,idle,1.017959662305325,0.0,False,1
2569.0,idle,20.09841589981678,17.0,,,0.0,0.0,0.0,1469.2746114466077,17.0,32.72088802315011,21.271136412445117,21.192287071018825,21.388696524339878,1,1.4185401771386845,idle,1.4185401771386845,0.0,False,1
2570.0,idle,20.100731191804744,17.3,,,0.0,0.0,0.0,1346.0743072041562,17.3,32.72088802315011,21.271136412445117,21.192287071018825,21.388696524339878,1,1.868586565318659,idle,1.868586565318659,0.0,False,1
2571.0,idle,20.106594050040034,17.1,,,0.0,0.0,0.0,1430.6815564918204,17.1,32.72088802315011,21.271136412445117,21.192287071018825,21.388696524339878,1,2.3484183502639255,idle,2.3484183502639255,0.0,False,1
2572.0,idle,20.11126023934898,16.8,,,0.0,0.0,0.0,1557.2411841550972,16.8,32.72088802315011,21.271136412445117,21.192287071018825,21.388696524339878,1,2.814298122096186,idle,2.814298122096186,0.0,False,1
2573.0,idle,20.11365395775206,16.7,,,0.0,0.0,0.0,1600.2030689043004,16.7,32.72088802315011,21.271136412445117,21.192287071018825,21.388696524339878,1,3.214230361858541,idle,3.214230361858541,0.0,False,1
2574.0,idle,20.11625753889071,16.8,,,0.0,0.0,0.0,1560.1443963946995,16.8,32.72088802315011,21.271136412445117,21.192287071018825,21.388696524339878,1,3.214230361858541,idle,3.214230361858541,0.0,False,1
2575.0,idle,20.11815666584848,17.0,,,0.0,0.0,0.0,1478.667597658926,17.0,32.72088802315011,21.271136412445117,21.192287071018825,21.388696524339878,1,3.214230361858541,idle,3.214230361858541,0.0,False,1
2576.0,idle,20.11947255876168,18.0,,,0.0,0.0,0.0,1055.4550658479181,18.0,32.72088802315011,21.271136412445117,21.192287071018825,21.388696524339878,1,3.214230361858541,idle,3.214230361858541,0.0,False,1
2577.0,charge,20.34860130565656,20.9,20.34860130565653,20.439128567910416,346.050265097332,0.0,502.46449999980877,0.0,20.9,31.233234287893993,21.121729619365055,21.193305431754595,21.388261417246497,2,3.2149656546976417,charge,3.2149656546976417,0.0,False,2
2578.0,charge,20.354877141290697,23.4,20.35487714129067,20.45133649927925,320.9703759457013,0.0,823.4219999997226,0.0,23.4,32.0442634258232,21.15477404229398,21.193581331542134,21.387828221878408,2,2.8687651629712314,charge,2.8687651629712314,0.0,False,2
2579.0,charge,20.38591683198204,23.4,20.38591683198206,20.497608803005335,347.82672224357657,0.0,1058.053000000274,0.0,23.4,33.916337425611005,21.298012390596114,21.195315376833094,21.387397948410637,2,2.5470293413769243,charge,2.5470293413769243,0.0,False,2
2580.0,charge,20.431050806504334,23.5,20.431050806504345,20.55977718486571,397.65040430483054,0.0,1153.2335000008345,0.0,23.5,35.95723007697785,21.47652839478883,21.19947236771617,21.38697510807782,2,2.1980215900979836,charge,2.1980215900979836,0.0,False,2
2581.0,charge,20.477294567193816,25.4,20.477294567193837,20.619319162276952,448.5067826354623,0.0,1128.8849999991455,0.0,25.4,37.54537117888617,21.632761670640548,21.20602611869225,21.386565191357306,2,1.7991304916080497,charge,1.7991304916080497,0.0,False,2
2582.0,charge,20.511397354943416,25.9,20.511397354943426,20.655971807877563,480.02961628516283,0.0,982.7939999998653,0.0,25.9,37.74337748052341,21.694930237857307,21.214031033631954,21.386172637371544,2,1.3494273788027837,charge,1.3494273788027837,0.0,False,2
2583.0,charge,20.516375424326274,25.2,20.51637542432627,20.645986440051217,468.74768057076545,0.0,648.5554999998105,0.0,25.2,35.77332421882073,21.592092499025,21.221472356377603,21.38579857148892,2,0.8692770669131231,charge,0.8692770669131231,0.0,False,2
2584.0,charge,20.483254902895183,24.1,20.48325490289517,20.583272333379057,404.8736298495057,0.0,329.8114999999289,0.0,24.1,32.15867220581873,21.335121951322265,21.225920963135707,21.385438942046733,2,0.4048736298495057,charge,0.4048736298495057,0.0,False,2
2585.0,idle,20.218436608661527,22.5,,,0.0,0.0,0.0,0.0,22.5,32.15867220581873,21.335121951322265,21.225920963135707,21.385438942046733,1,0.0,idle,0.0,0.0,False,1
2586.0,idle,20.195418866893657,21.4,,,0.0,0.0,0.0,0.0,21.4,32.15867220581873,21.335121951322265,21.225920963135707,21.385438942046733,1,0.0,idle,0.0,0.0,False,1
2587.0,idle,20.181748518333446,21.0,,,0.0,0.0,0.0,0.0,21.0,32.15867220581873,21.335121951322265,21.225920963135707,21.385438942046733,1,0.0,idle,0.0,0.0,False,1
2588.0,idle,20.17229567541381,21.0,,,0.0,0.0,0.0,0.0,21.0,32.15867220581873,21.335121951322265,21.225920963135707,21.385438942046733,1,0.0,idle,0.0,0.0,False,1
2589.0,idle,20.16565793146861,21.0,,,0.0,0.0,0.0,0.0,21.0,32.15867220581873,21.335121951322265,21.225920963135707,21.385438942046733,1,0.0,idle,0.0,0.0,False,1
2590.0,idle,20.16067436517807,20.4,,,0.0,0.0,0.0,0.0,20.4,32.15867220581873,21.335121951322265,21.225920963135707,21.385438942046733,1,0.3185529772265853,idle,0.3185529772265853,0.0,False,1
2591.0,idle,20.164079363405598,20.0,,,0.0,0.0,0.0,111.00274480726686,20.0,32.15867220581873,21.335121951322265,21.225920963135707,21.385438942046733,1,0.615908765883154,idle,0.615908765883154,0.0,False,1
2592.0,idle,20.16113338731188,19.6,,,0.0,0.0,0.0,332.3731746256852,19.6,32.15867220581873,21.335121951322265,21.225920963135707,21.385438942046733,1,0.9185550351672942,idle,0.9185550351672942,0.0,False,1
2593.0,idle,20.160504480598856,18.8,,,0.0,0.0,0.0,717.3251014038627,18.8,32.15867220581873,21.335121951322265,21.225920963135707,21.385438942046733,1,1.251779595862272,idle,1.251779595862272,0.0,False,1
2594.0,idle,20.16039686600844,19.0,,,0.0,0.0,0.0,624.0747734674343,19.0,32.15867220581873,21.335121951322265,21.225920963135707,21.385438942046733,1,1.6034965853391738,idle,1.6034965853391738,0.0,False,1
2595.0,idle,20.163259663168457,18.7,,,0.0,0.0,0.0,762.804047391731,18.7,32.15867220581873,21.335121951322265,21.225920963135707,21.385438942046733,1,1.9493849345585696,idle,1.9493849345585696,0.0,False,1
2596.0,idle,20.164720109241454,18.2,,,0.0,0.0,0.0,987.7294937996581,18.2,32.15867220581873,21.335121951322265,21.225920963135707,21.385438942046733,1,2.260759539086677,idle,2.260759539086677,0.0,False,1
2597.0,idle,20.16391569477545,18.2,,,0.0,0.0,0.0,988.3711299178683,18.2,32.15867220581873,21.335121951322265,21.225920963135707,21.385438942046733,1,2.525866794496373,idle,2.525866794496373,0.0,False,1
2598.0,idle,20.163325199024797,18.2,,,0.0,0.0,0.0,988.017723884725,18.2,32.15867220581873,21.335121951322265,21.225920963135707,21.385438942046733,1,2.525866794496373,idle,2.525866794496373,0.0,False,1
2599.0,idle,20.161649998573164,17.8,,,0.0,0.0,0.0,1161.3914340269125,17.8,32.15867220581873,21.335121951322265,21.225920963135707,21.385438942046733,1,2.525866794496373,idle,2.525866794496373,0.0,False,1
2600.0,idle,20.162588147150096,18.6,,,0.0,0.0,0.0,808.79267287289,18.6,32.15867220581873,21.335121951322265,21.225920963135707,21.385438942046733,1,2.525866794496373,idle,2.525866794496373,0.0,False,1
2601.0,charge,20.381907719831137,20.8,20.381907719831133,20.45843748802207,331.8476064616566,0.0,475.90249999962367,0.0,20.8,30.17975597660603,21.082426309175617,21.22609805631697,21.385085148184487,2,2.528243249636436,charge,2.528243249636436,0.0,False,2
2602.0,charge,20.374044827814693,22.0,20.374044827814714,20.457291797417497,287.55186000452363,0.0,728.2414999995378,0.0,22.0,30.48229548458994,21.072415658292414,21.224744493552805,21.384730209421946,2,2.1965838928264105,charge,2.1965838928264105,0.0,False,2
2603.0,charge,20.393352745759394,22.8,20.393352745759387,20.48778800961793,300.37224454730625,0.0,894.2540000003668,0.0,22.8,31.811327119608677,21.16857872540311,21.22421471860406,21.384373698670913,2,1.9085556438934927,charge,1.9085556438934927,0.0,False,2
2604.0,charge,20.422783932058614,23.1,20.42278393205862,20.52611564784513,330.68383536226645,0.0,903.1080000005852,0.0,23.1,32.762658868155086,21.26565304345951,21.225220642745796,21.384018532278958,2,1.6074140956588412,charge,1.6074140956588412,0.0,False,2
2605.0,charge,20.445589455520572,22.7,20.445589455520576,20.551801932332012,351.54257787653614,0.0,834.4895000006717,0.0,22.7,33.087359873476316,21.316329902330608,21.22726372928804,21.383667675931918,2,1.2761211410324602,charge,1.2761211410324602,0.0,False,2
2606.0,charge,20.451127119519594,22.6,20.451127119519583,20.548098305456733,347.2855340905066,0.0,557.8019999996969,0.0,22.6,31.81338564619159,21.254666278571847,21.229150831624054,21.383322278620426,2,0.9243848019316447,charge,0.9243848019316447,0.0,False,2
2607.0,charge,20.46606747387075,22.1,20.466067473870737,20.551903280759177,309.92614395434055,0.0,471.4755000003899,0.0,22.1,30.317793447190297,21.170392203268932,21.229892348766953,21.382980624054426,2,0.5767375304317813,charge,0.5767375304317813,0.0,False,2
2608.0,charge,20.443012103041976,21.1,20.44301210304195,20.511631976082413,269.83586777413007,0.0,336.4520000000621,0.0,21.1,28.50450878261006,21.02772995095114,21.228792531150475,21.38263946016849,2,0.26983586777413004,charge,0.26983586777413004,0.0,False,2
2609.0,idle,20.264611425937296,19.3,,,0.0,0.0,0.0,615.8519877211637,19.3,28.50450878261006,21.02772995095114,21.228792531150475,21.38263946016849,1,0.0,idle,0.0,0.0,False,1
2610.0,idle,20.247791806265862,18.5,,,0.0,0.0,0.0,899.8688244511668,18.5,28.50450878261006,21.02772995095114,21.228792531150475,21.38263946016849,1,0.0,idle,0.0,0.0,False,1
2611.0,idle,20.23748678629262,18.7,,,0.0,0.0,0.0,802.5212159476798,18.7,28.50450878261006,21.02772995095114,21.228792531150475,21.38263946016849,1,0.0,idle,0.0,0.0,False,1
2612.0,idle,20.23016942270855,18.2,,,0.0,0.0,0.0,1020.2651399839156,18.2,28.50450878261006,21.02772995095114,21.228792531150475,21.38263946016849,1,0.0,idle,0.0,0.0,False,1
2613.0,idle,20.224857776667832,17.6,,,0.0,0.0,0.0,1275.1237801761733,17.6,28.50450878261006,21.02772995095114,21.228792531150475,21.38263946016849,1,0.0,idle,0.0,0.0,False,1
2614.0,idle,20.220734470321375,17.6,,,0.0,0.0,0.0,1272.874638526927,17.6,28.50450878261006,21.02772995095114,21.228792531150475,21.38263946016849,1,0.0,idle,0.0,0.0,False,1
2615.0,idle,20.217422616444882,17.0,,,0.0,0.0,0.0,1521.8701236549978,17.0,28.50450878261006,21.02772995095114,21.228792531150475,21.38263946016849,1,0.21816127172340022,idle,0.21816127172340022,0.0,False,1
2616.0,idle,20.214701492432845,16.5,,,0.0,0.0,0.0,1724.9354270707217,16.5,28.50450878261006,21.02772995095114,21.228792531150475,21.38263946016849,1,0.41791418760077365,idle,0.41791418760077365,0.0,False,1
2617.0,idle,20.21243287616972,17.2,,,0.0,0.0,0.0,1436.4966568474524,17.2,28.50450878261006,21.02772995095114,21.228792531150475,21.38263946016849,1,0.6067325401229716,idle,0.6067325401229716,0.0,False,1
2618.0,idle,20.210552576369878,17.0,,,0.0,0.0,0.0,1518.4438771485768,17.0,28.50450878261006,21.02772995095114,21.228792531150475,21.38263946016849,1,0.7858963702650631,idle,0.7858963702650631,0.0,False,1
2619.0,idle,20.208952682143483,16.6,,,0.0,0.0,0.0,1681.5494664664657,16.6,28.50450878261006,21.02772995095114,21.228792531150475,21.38263946016849,1,0.9584337689826754,idle,0.9584337689826754,0.0,False,1
2620.0,idle,20.20759318619848,16.9,,,0.0,0.0,0.0,1558.2112004869127,16.9,28.50450878261006,21.02772995095114,21.228792531150475,21.38263946016849,1,1.1357335074302415,idle,1.1357335074302415,0.0,False,1
2621.0,idle,20.206400448232973,17.4,,,0.0,0.0,0.0,1349.928597263827,17.4,28.50450878261006,21.02772995095114,21.228792531150475,21.38263946016849,1,1.1357335074302415,idle,1.1357335074302415,0.0,False,1
2622.0,idle,20.205364283447246,17.3,,,0.0,0.0,0.0,1391.325915463147,17.3,28.50450878261006,21.02772995095114,21.228792531150475,21.38263946016849,1,1.1357335074302415,idle,1.1357335074302415,0.0,False,1
2623.0,idle,20.20444808614201,17.4,,,0.0,0.0,0.0,1348.9926464072446,17.4,28.50450878261006,21.02772995095114,21.228792531150475,21.38263946016849,1,1.1357335074302415,idle,1.1357335074302415,0.0,False,1
2624.0,idle,20.203625108267122,18.8,,,0.0,0.0,0.0,737.2202876397532,18.8,28.50450878261006,21.02772995095114,21.228792531150475,21.38263946016849,1,1.1357335074302415,idle,1.1357335074302415,0.0,False,1
2625.0,idle,20.201866081719135,18.5,,,0.0,0.0,0.0,872.6488099276272,18.5,28.50450878261006,21.02772995095114,21.228792531150475,21.38263946016849,1,1.1357335074302415,idle,1.1357335074302415,0.0,False,1
2626.0,charge,20.35343435945322,20.1,20.353434359453217,20.40327562364905,229.91319554035172,0.0,298.8225000001747,74.5577527300329,20.1,26.80218166058745,20.824096937638842,21.224881972791252,21.382293596107388,2,1.137952412230919,charge,1.137952412230919,0.0,False,2
2627.0,charge,20.342417635374847,20.5,20.34241763537483,20.39662070892581,191.6150369968107,0.0,500.25099999982547,0.0,20.5,26.863360472060947,20.800417123839622,21.219659715127705,21.381937883309718,2,0.9083310009605849,charge,0.9083310009605849,0.0,False,2
2628.0,charge,20.346614338505937,19.6,20.346614338505958,20.40130786443285,188.05628603914354,0.0,548.9479999995372,422.49123257955154,19.6,26.739921309583508,20.79902988417632,21.214507504440633,21.381571392318335,2,0.7166026381864732,charge,0.7166026381864732,0.0,False,2
2629.0,charge,20.345297984507596,20.0,20.345297984507624,20.39437634082242,179.17177316116155,0.0,387.3625000000473,217.23436470525687,20.0,25.97947824155318,20.754016922619314,21.209111812354536,21.381194112502726,2,0.5285925781784101,charge,0.5285925781784101,0.0,False,2
2630.0,charge,20.343671821486566,20.3,20.343671821486566,20.39567053317205,172.4244904063071,0.0,586.5775000001054,36.739584755034336,20.3,26.622721805802826,20.77792527905018,21.20357072347133,21.38080530303324,2,0.3494602976720408,charge,0.3494602976720408,0.0,False,2
2631.0,charge,20.348307635050116,20.3,20.348307635050105,20.398420799216865,176.4275453212116,0.0,431.6324999998698,35.58511380449473,20.3,26.10416460891497,20.762159799079143,21.198358689486383,21.380405545568465,2,0.1764275453212116,charge,0.1764275453212116,0.0,False,2
2632.0,idle,20.23300827776864,19.3,,,0.0,0.0,0.0,571.0490098890356,19.3,26.10416460891497,20.762159799079143,21.198358689486383,21.380405545568465,1,0.0,idle,0.0,0.0,False,1
2633.0,idle,20.22359793676929,18.5,,,0.0,0.0,0.0,885.7785412122712,18.5,26.10416460891497,20.762159799079143,21.198358689486383,21.380405545568465,1,0.0,idle,0.0,0.0,False,1
2634.0,idle,20.218024534439895,17.9,,,0.0,0.0,0.0,1144.3238358147878,17.9,26.10416460891497,20.762159799079143,21.198358689486383,21.380405545568465,1,0.0,idle,0.0,0.0,False,1
2635.0,idle,20.214109473485458,17.6,,,0.0,0.0,0.0,1269.9803500210426,17.6,26.10416460891497,20.762159799079143,21.198358689486383,21.380405545568465,1,0.0,idle,0.0,0.0,False,1
2636.0,idle,20.21130140165432,17.4,,,0.0,0.0,0.0,1352.6643478232331,17.4,26.10416460891497,20.762159799079143,21.198358689486383,21.380405545568465,1,0.0,idle,0.0,0.0,False,1
2637.0,idle,20.20915363834673,17.0,,,0.0,0.0,0.0,1517.9768064625875,17.0,26.10416460891497,20.762159799079143,21.198358689486383,21.380405545568465,1,0.0,idle,0.0,0.0,False,1
2638.0,idle,20.207454820522223,16.6,,,0.0,0.0,0.0,1680.980471309282,16.6,26.10416460891497,20.762159799079143,21.198358689486383,21.380405545568465,1,0.15556304460099057,idle,0.15556304460099057,0.0,False,1
2639.0,idle,20.205845137235876,16.5,,,0.0,0.0,0.0,1720.8955575123227,16.5,26.10416460891497,20.762159799079143,21.198358689486383,21.380405545568465,1,0.29561679988752826,idle,0.29561679988752826,0.0,False,1
2640.0,idle,20.20445340431872,16.4,,,0.0,0.0,0.0,1760.712774009197,16.4,26.10416460891497,20.762159799079143,21.198358689486383,21.380405545568465,1,0.44893741087101624,idle,0.44893741087101624,0.0,False,1
2641.0,idle,20.203435850450546,16.4,,,0.0,0.0,0.0,1760.150475639829,16.4,26.10416460891497,20.762159799079143,21.198358689486383,21.380405545568465,1,0.6207127408875062,idle,0.6207127408875062,0.0,False,1
2642.0,idle,20.20257060946623,16.3,,,0.0,0.0,0.0,1800.077751634848,16.3,26.10416460891497,20.762159799079143,21.198358689486383,21.380405545568465,1,0.7802555310368129,idle,0.7802555310368129,0.0,False,1
2643.0,idle,20.201839926375733,16.1,,,0.0,0.0,0.0,1880.0197842944854,16.1,26.10416460891497,20.762159799079143,21.198358689486383,21.380405545568465,1,0.9389513808143075,idle,0.9389513808143075,0.0,False,1
2644.0,idle,20.20118240952552,16.1,,,0.0,0.0,0.0,1879.7273665165144,16.1,26.10416460891497,20.762159799079143,21.198358689486383,21.380405545568465,1,1.1077105828698657,idle,1.1077105828698657,0.0,False,1
2645.0,idle,20.200614414337547,15.7,,,0.0,0.0,0.0,2038.593755679795,15.7,26.10416460891497,20.762159799079143,21.198358689486383,21.380405545568465,1,1.2641009900661242,idle,1.2641009900661242,0.0,False,1
2646.0,idle,20.20010512036093,15.3,,,0.0,0.0,0.0,2195.7169225843586,15.3,26.10416460891497,20.762159799079143,21.198358689486383,21.380405545568465,1,1.2641009900661242,idle,1.2641009900661242,0.0,False,1
2647.0,idle,20.199641115486177,15.5,,,0.0,0.0,0.0,2117.054802883123,15.5,26.10416460891497,20.762159799079143,21.198358689486383,21.380405545568465,1,1.2641009900661242,idle,1.2641009900661242,0.0,False,1
2648.0,idle,20.199223341591043,15.9,,,0.0,0.0,0.0,1958.650307291183,15.9,26.10416460891497,20.762159799079143,21.198358689486383,21.380405545568465,1,1.2641009900661242,idle,1.2641009900661242,0.0,False,1
2649.0,charge,20.30563471915893,16.7,20.305634719158945,20.342439096544467,161.16195187618234,0.0,327.59800000012723,1636.1797429601,16.7,24.7349865597335,20.63809124136344,21.19200216057817,21.379994080340225,2,1.2651011159207257,charge,1.2651011159207257,0.0,False,2
2650.0,charge,20.29915163231359,17.6,20.299151632313567,20.338622464846992,136.33935114474002,0.0,522.3860000002747,1307.0169469414145,17.6,25.008904246747477,20.631759208388814,21.184860717710023,21.37956819847699,2,3.5379945126358754,charge,3.5379945126358754,0.0,False,2
2651.0,charge,20.313687196860013,18.3,20.31368719686003,20.364703849651505,151.17970593132995,0.0,748.1630000002991,1003.4809669513884,18.3,26.472338168390706,20.73012156409476,21.1786530470074,21.37912815359698,2,5.236183362001838,charge,5.236183362001838,0.0,False,2
2652.0,charge,20.331305828814,18.3,20.33130582881398,20.381640514016965,170.73661891660444,0.0,509.1049999999819,1009.8497906375468,18.3,25.992562817960845,20.738881659752565,21.17351935155523,21.378676765671514,2,7.089732087437897,charge,7.089732087437897,0.0,False,2
2653.0,charge,20.329758744294956,18.6,20.329758744294963,20.37444741142167,161.3935867341755,0.0,480.3294999997258,885.0185840479313,18.6,25.489281983022806,20.702391288596118,21.168097620393837,21.378214743287344,2,8.96925368739606,charge,8.96925368739606,0.0,False,2
2654.0,charge,20.330569758143987,19.1,20.33056975814401,20.378847333993292,158.28307567692397,0.0,648.5554999998105,656.4781776310432,19.1,26.138488654604316,20.73242535933923,21.162699233920534,21.377741526761668,2,10.658223630144452,charge,10.658223630144452,0.0,False,2
2655.0,charge,20.33901212709367,18.9,20.339012127093667,20.389081236232983,167.86411735455854,0.0,584.3640000000574,749.180738436778,18.9,26.171258046650166,20.750599922227764,21.157885474285592,21.37725806809209,2,12.339660023242116,charge,12.339660023242116,0.0,False,2
2656.0,charge,20.335384890187836,18.1,20.33538489018781,20.376064275388956,157.74615384040902,0.0,356.3734999998108,1107.859924661638,18.1,24.872592483462427,20.675413774193828,21.152724171531474,21.37676485444689,2,14.081050100649955,charge,14.081050100649955,0.0,False,2
2657.0,idle,20.232425265693415,16.9,,,0.0,0.0,0.0,1610.0815607164068,16.9,24.872592483462427,20.675413774193828,21.152724171531474,21.37676485444689,1,15.920512425685244,idle,15.920512425685244,0.0,False,1
2658.0,idle,20.223406563144955,15.7,,,0.0,0.0,0.0,2050.9454846890635,15.7,24.872592483462427,20.675413774193828,21.152724171531474,21.37676485444689,1,17.960185546089484,idle,17.960185546089484,0.0,False,1
2659.0,idle,20.21791317099416,15.6,,,0.0,0.0,0.0,2086.853429838928,15.6,24.872592483462427,20.675413774193828,21.152724171531474,21.37676485444689,1,20.053482636545624,idle,20.053482636545624,0.0,False,1
2660.0,idle,20.21399144977182,15.1,,,0.0,0.0,0.0,2280.5069485524177,15.1,24.872592483462427,20.675413774193828,21.152724171531474,21.37676485444689,1,22.237398186076202,idle,22.237398186076202,0.0,False,1
2661.0,discharge,18.59001621246388,14.7,,,0.0,2433.9009119801403,0.0,2433.9009119801403,18.07259595566013,24.872592483462427,20.675413774193828,21.152724171531474,21.37676485444689,1,23.98686967701749,discharge,23.98686967701749,0.0,False,2
2662.0,discharge,18.816864136065195,14.6,,,0.0,1834.897163712372,0.0,1834.897163712372,18.261673305388918,24.872592483462427,20.675413774193828,21.152724171531474,21.37676485444689,1,21.979166125765992,discharge,21.979166125765992,0.0,False,2
2663.0,discharge,18.63058344731952,14.4,,,0.0,2005.2044050680772,0.0,2005.2044050680772,18.07381551735719,24.872592483462427,20.675413774193828,21.152724171531474,21.37676485444689,1,20.14426896205362,discharge,20.14426896205362,0.0,False,2
2664.0,discharge,18.528627645932726,14.1,,,0.0,2050.2176296250823,0.0,2050.2176296250823,17.94916462922847,24.872592483462427,20.675413774193828,21.152724171531474,21.37676485444689,1,18.360083968333836,discharge,18.360083968333836,0.0,False,2
2665.0,discharge,18.602547124709616,14.5,,,0.0,1850.394287310551,0.0,1850.394287310551,18.060523083813322,24.872592483462427,20.675413774193828,21.152724171531474,21.37676485444689,1,16.55575335666863,discharge,16.55575335666863,0.0,False,2
2666.0,discharge,18.574467972742795,14.6,,,0.0,1839.9286570962038,0.0,1839.9286570962038,18.047251207922038,24.872592483462427,20.675413774193828,21.152724171531474,21.37676485444689,1,14.994004741627624,discharge,14.994004741627624,0.0,False,2
2667.0,discharge,18.496702075255946,14.4,,,0.0,1908.7608920171213,0.0,1908.7608920171213,17.955352493801477,24.872592483462427,20.675413774193828,21.152724171531474,21.37676485444689,1,13.45541921125869,discharge,13.45541921125869,0.0,False,2
2668.0,discharge,18.403911496402998,14.1,,,0.0,1997.2084788756956,0.0,1997.2084788756956,17.838725090342436,24.872592483462427,20.675413774193828,21.152724171531474,21.37676485444689,1,11.845450615636302,discharge,11.845450615636302,0.0,False,2
2669.0,discharge,18.33975726939067,13.9,,,0.0,2039.6731204042387,0.0,2039.6731204042387,17.759022708650026,24.872592483462427,20.675413774193828,21.152724171531474,21.37676485444689,1,10.096136377496396,discharge,10.096136377496396,0.0,False,2
2670.0,discharge,18.270465363515466,13.7,,,0.0,2093.29709045614,0.0,2093.29709045614,17.674827501312304,24.872592483462427,20.675413774193828,21.152724171531474,21.37676485444689,1,8.056463257092158,discharge,8.056463257092158,0.0,False,2
2671.0,discharge,18.17803433805076,13.4,,,0.0,2183.9155495305795,0.0,2183.9155495305795,17.558839618405454,24.872592483462427,20.675413774193828,21.152724171531474,21.37676485444689,1,5.963166166636017,discharge,5.963166166636017,0.0,False,2
2672.0,discharge,18.432743642002766,14.4,,,0.0,1749.4714909412899,0.0,1749.4714909412899,17.89878222503661,24.872592483462427,20.675413774193828,21.152724171531474,21.37676485444689,1,3.7792506171054385,discharge,3.7792506171054385,0.0,False,2
2673.0,charge,19.735760525421057,16.6,19.73576052542103,19.766436985806877,206.17995686401625,0.0,473.6889999995646,930.1377953700179,16.6,24.47930616886822,20.08369022295284,21.14030302260261,21.37625420153796,3,1.9743649054060062,charge,1.9743649054060062,0.0,False,2
2674.0,charge,19.828529118125086,18.1,19.82852911812506,19.889292425819804,149.8092982673035,0.0,792.4330000003712,842.2131014222047,18.1,26.328861222807177,20.27657185926978,21.127952498299862,21.37571540010657,2,4.097028969979047,charge,4.097028969979047,0.0,False,2
2675.0,charge,19.939877095264467,19.0,19.939877095264478,20.01993833541536,199.7054451610971,0.0,951.8049999992473,464.98478171487676,19.0,28.77852155969157,20.53765246158008,21.119303392931045,21.375154299699375,2,5.623478346804046,charge,5.623478346804046,0.0,False,2
2676.0,charge,20.038379290179954,19.4,20.038379290179932,20.13061346952611,256.8541809383393,0.0,911.962000000105,319.88486830133667,19.4,30.359604144581454,20.745434989929663,21.114282306705093,21.374579420093596,2,5.421184841565553,charge,5.421184841565553,0.0,False,2
2677.0,charge,20.109707481712764,20.3,20.109707481712746,20.20405877070209,290.6695786198234,0.0,814.5679999996881,0.0,20.3,30.748779034864242,20.85094349973656,21.111555266894072,21.37399748651427,2,5.162403120687009,charge,5.162403120687009,0.0,False,2
2678.0,charge,20.159477958394568,20.3,20.159477958394575,20.25579619693923,304.9628362893879,0.0,880.9730000002083,0.0,20.3,31.309720593132795,20.93092400527604,21.11008213840381,21.373412228547352,2,4.869969868174106,charge,4.869969868174106,0.0,False,2
2679.0,charge,20.19102911917776,19.7,20.191029119177756,20.277176306727256,301.5940034217171,0.0,597.6450000003495,277.86657366606903,19.7,29.893648284023016,20.887867965999646,21.108935173735233,21.37282571281645,2,4.564238429443025,charge,4.564238429443025,0.0,False,2
2680.0,charge,20.186412221797536,18.6,20.186412221797525,20.24833244138432,253.2934707694602,0.0,289.9684999999625,822.0648289914795,18.6,26.987302834724062,20.703045610536776,21.10594817965864,21.372236266522407,2,6.609569907831249,charge,6.609569907831249,0.0,False,2
2681.0,idle,20.03809536932076,17.3,,,0.0,0.0,0.0,1382.9660208023759,17.3,26.987302834724062,20.703045610536776,21.10594817965864,21.372236266522407,1,8.412131873904038,idle,8.412131873904038,0.0,False,1
2682.0,idle,20.038542664224774,16.2,,,0.0,0.0,0.0,1773.735480297311,16.2,26.987302834724062,20.703045610536776,21.10594817965864,21.372236266522407,1,10.485821733538128,idle,10.485821733538128,0.0,False,1
2683.0,idle,20.042709987809637,15.3,,,0.0,0.0,0.0,2132.1667091106715,15.3,26.987302834724062,20.703045610536776,21.10594817965864,21.372236266522407,1,12.642945484067496,idle,12.642945484067496,0.0,False,1
2684.0,idle,20.0478810266429,15.1,,,0.0,0.0,0.0,2212.1792059361283,15.1,26.987302834724062,20.703045610536776,21.10594817965864,21.372236266522407,1,14.988720194994144,idle,14.988720194994144,0.0,False,1
2685.0,discharge,18.504200361789326,14.8,,,0.0,2331.0015850255554,0.0,2331.0015850255554,18.0084309360884,26.987302834724062,20.703045610536776,21.10594817965864,21.372236266522407,1,16.750004533065837,discharge,16.750004533065837,0.0,False,2
2686.0,discharge,18.783195335802148,14.9,,,0.0,1678.9655823755604,0.0,1678.9655823755604,18.266567478042518,26.987302834724062,20.703045610536776,21.10594817965864,21.372236266522407,1,14.885875919673353,discharge,14.885875919673353,0.0,False,2
2687.0,idle,19.846107980034212,15.0,,,0.0,0.0,0.0,1751.5583856257856,15.0,26.987302834724062,20.703045610536776,21.10594817965864,21.372236266522407,1,13.206910337297792,idle,13.206910337297792,0.0,False,1
2688.0,idle,19.917201834077364,15.7,,,0.0,0.0,0.0,1897.4314813441983,15.7,26.987302834724062,20.703045610536776,21.10594817965864,21.372236266522407,1,13.395482910729537,idle,13.395482910729537,0.0,False,1
2689.0,idle,19.958571076266004,15.9,,,0.0,0.0,0.0,1845.8103804476023,15.9,26.987302834724062,20.703045610536776,21.10594817965864,21.372236266522407,1,13.563650154198779,idle,13.563650154198779,0.0,False,1
2690.0,idle,19.98736255086115,15.7,,,0.0,0.0,0.0,1942.3018437849726,15.7,26.987302834724062,20.703045610536776,21.10594817965864,21.372236266522407,1,13.738193935984032,idle,13.738193935984032,0.0,False,1
2691.0,discharge,18.44485224850727,14.7,,,0.0,2346.3092696606727,0.0,2346.3092696606727,17.944334626862172,26.987302834724062,20.703045610536776,21.10594817965864,21.372236266522407,1,14.15131314590836,discharge,14.15131314590836,0.0,False,2
2692.0,discharge,18.49002695422429,13.9,,,0.0,2055.855436842249,0.0,2055.855436842249,17.8921633648819,26.987302834724062,20.703045610536776,21.10594817965864,21.372236266522407,1,12.032975054272535,discharge,12.032975054272535,0.0,False,2
2693.0,discharge,18.402108045182004,13.9,,,0.0,2073.689859634091,0.0,2073.689859634091,17.814257430346625,26.987302834724062,20.703045610536776,21.10594817965864,21.372236266522407,1,10.194171376814683,discharge,10.194171376814683,0.0,False,2
2694.0,discharge,18.28598318769117,13.6,,,0.0,2157.123750529368,0.0,2157.123750529368,17.67721894691646,26.987302834724062,20.703045610536776,21.10594817965864,21.372236266522407,1,10.946240134668505,discharge,10.946240134668505,0.0,False,2
2695.0,discharge,18.107259869563393,13.0,,,0.0,2345.774710926647,0.0,2345.774710926647,17.45096440661601,26.987302834724062,20.703045610536776,21.10594817965864,21.372236266522407,1,11.129056466693855,discharge,11.129056466693855,0.0,False,2
2696.0,discharge,18.43934014497605,14.3,,,0.0,1761.2843380716918,0.0,1761.2843380716918,17.893073349736135,26.987302834724062,20.703045610536776,21.10594817965864,21.372236266522407,1,11.13724326847489,discharge,11.13724326847489,0.0,False,2
2697.0,charge,19.76526612115419,15.5,19.765266121154184,19.806915766950056,242.66132223350402,0.0,422.77849999973745,1405.086784893364,15.5,25.75751518221341,20.205970348945527,21.096208526444457,21.3716345291013,3,11.60207201653237,charge,11.60207201653237,0.0,False,2
2698.0,charge,19.840746189975896,15.4,19.840746189975903,19.89790267072641,168.9380006150541,0.0,599.8585000003469,1984.7322404354632,15.4,25.702216955427446,20.26820935677182,21.085552790665645,21.371010228534544,2,11.357500786858267,charge,11.357500786858267,0.0,False,2
2699.0,charge,19.9122721608319,15.8,19.91227216083189,19.970725448981966,169.06756605896055,0.0,730.4550000000689,1855.2543109396,15.8,26.08653724342588,20.353514417607926,21.076170124701548,21.370364978757266,2,12.18350869790733,charge,12.18350869790733,0.0,False,2
2700.0,charge,19.971159627258668,15.1,19.971159627258658,20.032783067260652,180.9302589141978,0.0,814.5679999996881,2161.1104913302297,15.1,26.741792497918482,20.447238709878377,21.068249249141218,21.36970190575522,2,12.012921036514374,charge,12.012921036514374,0.0,False,2
2701.0,charge,20.006601288393163,15.8,20.006601288393142,20.055994839412506,176.87654024856164,0.0,365.22750000003447,1907.4397590772207,15.8,25.06454929312821,20.39408852718293,21.060811633530875,21.369023656606544,2,12.219853046073245,charge,12.219853046073245,0.0,False,2
2702.0,discharge,18.376175817827818,14.8,,,0.0,2314.981088055291,0.0,2314.981088055291,17.895403391187454,25.06454929312821,20.39408852718293,21.060811633530875,21.369023656606544,1,13.643351003745604,solar_dc,12.110611548265561,1.5327394554800424,True,3
2703.0,solar_dc,19.767761573278136,14.7,15.250750917967082,15.360776161389879,718.7518464898485,718.7518464898485,526.8130000003873,1708.209467233633,15.250750917967068,23.950409614957437,16.02604898990586,21.002409951318384,21.36828252706067,20,10.734658858646299,solar_dc,10.734658858646299,0.0,False,3
2704.0,discharge,18.250496532186684,14.4,,,0.0,2377.436767518728,0.0,2377.436767518728,17.737669835317355,23.950409614957437,16.02604898990586,21.002409951318384,21.36828252706067,1,11.290076456040847,solar_dc,10.323526092516556,0.9665503635242914,True,3
2705.0,discharge,18.255010156508952,13.4,,,0.0,2176.093970271795,0.0,2176.093970271795,17.627112718052125,23.950409614957437,16.02604898990586,21.002409951318384,21.36828252706067,1,8.139766158923479,discharge,8.139766158923479,0.0,False,2
2706.0,discharge,18.029527431340632,12.8,,,0.0,2411.1494170948454,0.0,2411.1494170948454,17.359531580455375,23.950409614957437,16.02604898990586,21.002409951318384,21.36828252706067,1,5.963672188651685,discharge,5.963672188651685,0.0,False,2
2707.0,discharge,18.041730720916433,12.9,,,0.0,2285.025831760029,0.0,2285.025831760029,17.381568547518956,23.950409614957437,16.02604898990586,21.002409951318384,21.36828252706067,1,2.0358453461962647,discharge,2.0358453461962647,0.0,False,2
2708.0,discharge,17.889083611287177,12.5,,,0.0,2444.59040584119,0.0,2444.59040584119,17.20126988145055,23.950409614957437,16.02604898990586,21.002409951318384,21.36828252706067,1,-0.24918048556376515,discharge,-0.24918048556376515,0.0,False,2
2709.0,idle,19.47341751879501,12.0,,,0.0,0.0,0.0,2577.8831787354425,12.0,23.950409614957437,16.02604898990586,21.002409951318384,21.36828252706067,1,-3.8550464119079177,idle,-3.8550464119079177,0.0,False,1
2710.0,idle,19.60778532607688,12.1,,,0.0,0.0,0.0,3137.0088552367774,12.1,23.950409614957437,16.02604898990586,21.002409951318384,21.36828252706067,1,-1.5473424842105632,discharge,-3.3629228753685445,1.8155803911579813,True,2
2711.0,discharge,17.468534167214564,11.7,,,0.0,3334.6624354119103,0.0,3334.6624354119103,16.738610687471823,23.950409614957437,16.02604898990586,21.002409951318384,21.36828252706067,1,-1.3685592348410636,discharge,-1.3685592348410636,0.0,False,2
2712.0,idle,19.51311782667637,11.5,,,0.0,0.0,0.0,2608.2295276432205,11.5,23.950409614957437,16.02604898990586,21.002409951318384,21.36828252706067,1,-1.885646197089557,idle,-1.885646197089557,0.0,False,1
2713.0,discharge,17.33830561025141,11.3,,,0.0,3446.834581174184,0.0,3446.834581174184,16.578658294632685,23.950409614957437,16.02604898990586,21.002409951318384,21.36828252706067,1,-1.6751234768819163,discharge,-1.6751234768819163,0.0,False,2
2714.0,idle,19.463747308279814,10.5,,,0.0,0.0,0.0,2937.2511918873524,10.5,23.950409614957437,16.02604898990586,21.002409951318384,21.36828252706067,1,-1.4156496221385677,idle,-1.4156496221385677,0.0,False,1
2715.0,discharge,17.147514432320307,10.6,,,0.0,3684.128796472992,0.0,3684.128796472992,16.332212566892498,23.950409614957437,16.02604898990586,21.002409951318384,21.36828252706067,1,-1.1597205000603352,discharge,-1.1597205000603352,0.0,False,2
2716.0,idle,19.423912528765,10.6,,,0.0,0.0,0.0,2827.87452023636,10.6,23.950409614957437,16.02604898990586,21.002409951318384,21.36828252706067,1,-0.316564337180873,idle,-0.316564337180873,0.0,False,1
2717.0,discharge,17.005485507881772,10.1,,,0.0,3850.619965514681,0.0,3850.619965514681,16.151388559084506,23.950409614957437,16.02604898990586,21.002409951318384,21.36828252706067,1,-0.05235725733108848,discharge,-0.05235725733108848,0.0,False,2
2718.0,idle,19.38627831629104,9.8,,,0.0,0.0,0.0,3074.523903241771,9.8,23.950409614957437,16.02604898990586,21.002409951318384,21.36828252706067,1,1.6924181138784031,idle,1.6924181138784031,0.0,False,1
2719.0,discharge,17.008831049211615,10.2,,,0.0,3800.934366277953,0.0,3800.934366277953,16.165183353762473,23.950409614957437,16.02604898990586,21.002409951318384,21.36828252706067,1,1.6924181138784031,discharge,1.6924181138784031,0.0,False,2
2720.0,idle,19.362580046017612,9.7,,,0.0,0.0,0.0,3112.9987730875396,9.7,23.950409614957437,16.02604898990586,21.002409951318384,21.36828252706067,1,1.7103739573609085,idle,1.7103739573609085,0.0,False,1
2721.0,solar_dc,19.510810319210613,10.4,11.064640266936578,11.193775535290285,771.3827182713187,771.3827182713187,420.56499999967707,3719.977720284791,11.064640266936552,20.72088395732567,12.002329659608222,20.885787149916894,21.36734763592881,20,1.7908544117188594,solar_dc,1.7908544117188594,0.0,False,3
2722.0,solar_dc,19.594948228675545,11.2,11.742662218987448,11.85130965961065,267.8621736407677,267.8621736407677,734.8820000001925,3482.6121738870393,11.742662218987471,20.43161840418935,12.515662910908077,20.76452654380097,21.366140747850466,20,0.9488176585539034,solar_dc,0.9488176585539034,0.0,False,3
2723.0,solar_dc,19.656131195001265,11.9,12.411238048579719,12.514504095271775,233.5844157811267,233.5844157811267,805.713999999488,3256.1469641485405,12.411238048579726,20.788137819825238,13.139549296659823,20.654391733811337,21.364679126531257,20,0.6987991350050633,solar_dc,0.6987991350050633,0.0,False,3
2724.0,solar_dc,19.700975533682538,12.2,12.759886664095063,12.871464548443953,270.51913163032225,270.51913163032225,1064.6934999994196,3167.718886223056,12.759886664095065,22.512902757472546,13.558818445094914,20.552903791420817,21.362985930453874,20,-0.41110015816897105,solar_dc,-0.41110015816897105,0.0,False,3
2725.0,solar_dc,19.735283390459106,11.2,11.868583723051358,11.99837174884243,445.9322657638613,445.9322657638613,1053.6260000007746,3552.103667145784,11.86858372305135,23.303137620496102,12.819832899193216,20.44644083781111,21.36106780636186,20,-0.6202419476777141,solar_dc,-0.6202419476777141,0.0,False,3
2726.0,solar_dc,19.766814322977407,11.7,12.29107429244749,12.407925433257617,321.1244189379589,321.1244189379589,714.9605000001065,3381.5678424952703,12.291074292447512,22.05799091421426,13.132947554937573,20.344140285347805,21.358919813791204,20,-1.6047511544001274,solar_dc,-1.6047511544001274,0.0,False,3
2727.0,solar_dc,19.789692228920654,11.7,12.234827735698559,12.342137841331919,329.1528353142605,329.1528353142605,619.7799999995502,3393.1531980380805,12.234827735698532,20.727731423720456,12.995236408876508,20.243310663149543,21.35655176730768,20,-1.8472159264524588,solar_dc,-1.8472159264524588,0.0,False,3
2728.0,discharge,17.449377573901383,11.3,,,0.0,3547.985981594162,0.0,3547.985981594162,16.677541431147308,20.727731423720456,12.995236408876508,20.243310663149543,21.35655176730768,1,-2.104495429684533,solar_dc,-3.7354020203439267,1.6309065906593938,True,3
2729.0,idle,19.58525741950801,11.0,,,0.0,0.0,0.0,2790.824044107196,11.0,20.727731423720456,12.995236408876508,20.243310663149543,21.35655176730768,1,-2.920244164805214,idle,-2.920244164805214,0.0,False,1
2730.0,discharge,17.034925780468004,9.9,,,0.0,3980.6266072661983,0.0,3980.6266072661983,16.156097801612407,20.727731423720456,12.995236408876508,20.243310663149543,21.35655176730768,1,-2.920244164805214,discharge,-2.920244164805214,0.0,False,2
2731.0,idle,19.462370742807263,9.5,,,0.0,0.0,0.0,3196.9337074401856,9.5,20.727731423720456,12.995236408876508,20.243310663149543,21.35655176730768,1,-3.627995656085002,idle,-3.627995656085002,0.0,False,1
2732.0,discharge,17.385981118252815,11.6,,,0.0,3317.9317351737873,0.0,3317.9317351737873,16.654130061482917,20.727731423720456,12.995236408876508,20.243310663149543,21.35655176730768,1,-3.627995656085002,discharge,-3.627995656085002,0.0,False,2
2733.0,idle,19.437002924772592,11.1,,,0.0,0.0,0.0,2728.97628978636,11.1,20.727731423720456,12.995236408876508,20.243310663149543,21.35655176730768,1,-3.8557101805428613,idle,-3.8557101805428613,0.0,False,1
2734.0,idle,19.567515924549554,10.4,,,0.0,0.0,0.0,3746.9395529619464,10.4,20.727731423720456,12.995236408876508,20.243310663149543,21.35655176730768,1,-3.4983190055440634,discharge,-3.8557101805428613,0.3573911749987979,True,2
2735.0,idle,19.656972181324598,10.3,,,0.0,0.0,0.0,3830.272250690263,10.3,20.727731423720456,12.995236408876508,20.243310663149543,21.35655176730768,1,-1.2110788223376387,discharge,-3.4592717438779776,2.2481929215403387,True,2
2736.0,discharge,17.279295275095947,10.9,,,0.0,3645.3420099303976,0.0,3645.3420099303976,16.48231630362785,20.727731423720456,12.995236408876508,20.243310663149543,21.35655176730768,1,-1.0591626982873428,discharge,-1.0591626982873428,0.0,False,2
2737.0,idle,19.49375235406401,10.9,,,0.0,0.0,0.0,2764.3215625370904,10.9,20.727731423720456,12.995236408876508,20.243310663149543,21.35655176730768,1,-1.004690459315992,idle,-1.004690459315992,0.0,False,1
2738.0,idle,19.606420917276754,10.8,,,0.0,0.0,0.0,3622.348768800432,10.8,20.727731423720456,12.995236408876508,20.243310663149543,21.35655176730768,1,-0.8454242976995244,discharge,-0.8722076158626505,0.02678331816312607,True,2
2739.0,idle,19.678790160770188,9.5,,,0.0,0.0,0.0,4131.382943410328,9.5,20.727731423720456,12.995236408876508,20.243310663149543,21.35655176730768,1,1.066488399444723,discharge,-0.590982250158923,1.657470649603646,True,2
2740.0,idle,19.725427927130553,11.8,,,0.0,0.0,0.0,3323.982046622995,11.8,20.727731423720456,12.995236408876508,20.243310663149543,21.35655176730768,1,1.9494456678793304,discharge,1.2282456476132777,0.7212000202660527,True,2
2741.0,discharge,17.443327903941853,11.4,,,0.0,3487.9609343717825,0.0,3487.9609343717825,16.68312884179793,20.727731423720456,12.995236408876508,20.243310663149543,21.35655176730768,1,2.163645111115486,discharge,2.163645111115486,0.0,False,2
2742.0,idle,19.550161984923697,10.0,,,0.0,0.0,0.0,3162.9681005010807,10.0,20.727731423720456,12.995236408876508,20.243310663149543,21.35655176730768,1,4.018256908859145,idle,4.018256908859145,0.0,False,1
2743.0,idle,19.660334116222565,11.5,,,0.0,0.0,0.0,3387.0353748547436,11.5,20.727731423720456,12.995236408876508,20.243310663149543,21.35655176730768,1,6.5264469692606175,discharge,5.916538161092339,0.6099088081682789,True,2
2744.0,discharge,17.555489368174744,12.0,,,0.0,3243.3520048772066,0.0,3243.3520048772066,16.84916390586814,20.727731423720456,12.995236408876508,20.243310663149543,21.35655176730768,1,8.57488278766795,discharge,8.57488278766795,0.0,False,2
2745.0,solar_dc,19.5277139309817,12.8,13.188137554421644,13.269821753388442,165.52742164350647,165.52742164350647,325.3845000000535,2138.824448511605,13.188137554421667,18.85278473889457,13.73448629280864,20.152883090551313,21.35397463205817,20,9.995364422879062,solar_dc,9.995364422879062,0.0,False,2
2746.0,solar_dc,19.630879106975467,13.6,13.95328523238743,14.02868812176905,126.56050945248154,126.56050945248154,637.4879999997636,2592.6445671454167,13.953285232387442,19.56241115746826,14.448751183728291,20.074125456537956,21.351215150503606,20,11.901898760020762,solar_dc,11.901898760020762,0.0,False,3
2747.0,discharge,17.907883382830533,13.5,,,0.0,2670.079412802844,0.0,2670.079412802844,17.330791451048427,19.56241115746826,14.448751183728291,20.074125456537956,21.351215150503606,1,12.035182497680845,solar_dc,11.893198087678403,0.14198441000244166,True,3
2748.0,solar_dc,19.540472637525294,14.2,14.580321271255059,14.66060417862218,140.83419077486184,140.83419077486184,821.2085000003368,1721.0692787435162,14.580321271255045,21.12827771224886,15.116814844470525,20.00666947968068,21.348299387204293,20,9.852494944765247,solar_dc,9.852494944765247,0.0,False,2
2749.0,discharge,18.187415442690654,14.7,,,0.0,2172.1661799244016,0.0,2172.1661799244016,17.717080409198175,21.12827771224886,15.116814844470525,20.00666947968068,21.348299387204293,1,11.237036427293692,solar_dc,9.841995860811961,1.3950405664817307,True,3
2750.0,charge,19.536278156580867,15.0,19.536278156580863,19.557165041386725,-359.6718253219521,0.0,887.6134999995535,1508.1118453984632,15.0,23.189673002036614,19.718908052652807,19.995988528794214,21.34529523256208,2,9.232658487620066,charge,9.232658487620066,0.0,False,2
2751.0,discharge,18.234475190268526,14.9,,,0.0,2091.9262458878766,0.0,2091.9262458878766,17.782204163447776,23.189673002036614,19.718908052652807,19.995988528794214,21.34529523256208,1,11.264880078376994,solar_dc,10.06564465687988,1.1992354214971144,True,3
2752.0,discharge,18.413563933018498,14.6,,,0.0,1691.2752855760389,0.0,1691.2752855760389,17.90503548927188,23.189673002036614,19.718908052652807,19.995988528794214,21.34529523256208,1,9.76548915084298,solar_dc,9.48079064223857,0.28469850860440893,True,3
2753.0,discharge,18.17745680137114,14.0,,,0.0,2003.8959184279095,0.0,2003.8959184279095,17.62679965357241,23.189673002036614,19.718908052652807,19.995988528794214,21.34529523256208,1,8.5658203685356,discharge,8.5658203685356,0.0,False,2
2754.0,discharge,18.19965631997609,14.0,,,0.0,1909.9543171398966,0.0,1909.9543171398966,17.64644452815508,23.189673002036614,19.718908052652807,19.995988528794214,21.34529523256208,1,6.561924450107691,discharge,6.561924450107691,0.0,False,2
2755.0,discharge,18.13981133164192,13.9,,,0.0,1958.6563559615222,0.0,1958.6563559615222,17.58198297759849,23.189673002036614,19.718908052652807,19.995988528794214,21.34529523256208,1,5.2334537117410616,discharge,5.2334537117410616,0.0,False,2
2756.0,idle,19.422002261672134,13.0,,,0.0,0.0,0.0,2289.026015634964,13.0,23.189673002036614,19.718908052652807,19.995988528794214,21.34529523256208,1,3.881335545031769,discharge,3.274797355779539,0.6065381892522299,True,2
2757.0,idle,19.532368612975567,12.8,,,0.0,0.0,0.0,2855.9495787433343,12.8,23.189673002036614,19.718908052652807,19.995988528794214,21.34529523256208,1,4.735191126865304,discharge,3.881335545031769,0.8538555818335354,True,2
2758.0,discharge,17.446130144900863,11.9,,,0.0,3233.009326051833,0.0,3233.009326051833,16.740843961676948,23.189673002036614,19.718908052652807,19.995988528794214,21.34529523256208,1,5.07106831205582,discharge,5.07106831205582,0.0,False,2
2759.0,idle,19.42525946380829,11.5,,,0.0,0.0,0.0,2599.677462768089,11.5,23.189673002036614,19.718908052652807,19.995988528794214,21.34529523256208,1,4.607408261499673,idle,4.607408261499673,0.0,False,1
2760.0,discharge,17.343659839034366,11.6,,,0.0,3304.2508756488164,0.0,3304.2508756488164,16.61648580720821,23.189673002036614,19.718908052652807,19.995988528794214,21.34529523256208,1,4.7168615846073365,discharge,4.7168615846073365,0.0,False,2
2761.0,idle,19.379494018151128,12.3,,,0.0,0.0,0.0,2251.585564940367,12.3,23.189673002036614,19.718908052652807,19.995988528794214,21.34529523256208,1,4.811769467696505,idle,4.811769467696505,0.0,False,1
2762.0,discharge,17.565500623462736,12.6,,,0.0,2915.1784492786837,0.0,2915.1784492786837,16.925141821933078,23.189673002036614,19.718908052652807,19.995988528794214,21.34529523256208,1,4.959894617335918,discharge,4.959894617335918,0.0,False,2
2763.0,idle,19.377317318535273,12.6,,,0.0,0.0,0.0,2221.0845031056165,12.6,23.189673002036614,19.718908052652807,19.995988528794214,21.34529523256208,1,4.362276875111279,idle,4.362276875111279,0.0,False,1
2764.0,discharge,17.53425813499721,12.5,,,0.0,2951.879508858704,0.0,2951.879508858704,16.886162472607083,23.189673002036614,19.718908052652807,19.995988528794214,21.34529523256208,1,4.362276875111279,discharge,4.362276875111279,0.0,False,2
2765.0,idle,19.371800961852315,12.6,,,0.0,0.0,0.0,2208.875376371229,12.6,23.189673002036614,19.718908052652807,19.995988528794214,21.34529523256208,1,3.739106691266528,idle,3.739106691266528,0.0,False,1
2766.0,discharge,17.55484847371143,12.6,,,0.0,2912.289356652237,0.0,2912.289356652237,16.91568950332433,23.189673002036614,19.718908052652807,19.995988528794214,21.34529523256208,1,3.739106691266528,discharge,3.739106691266528,0.0,False,2
2767.0,idle,19.366236940600103,13.4,,,0.0,0.0,0.0,1900.924226980645,13.4,23.189673002036614,19.718908052652807,19.995988528794214,21.34529523256208,1,3.0525749660571373,idle,3.0525749660571373,0.0,False,1
2768.0,discharge,17.987242519919576,14.3,,,0.0,2260.3849302441263,0.0,2260.3849302441263,17.493455741519025,23.189673002036614,19.718908052652807,19.995988528794214,21.34529523256208,1,5.246971653057464,discharge,5.246971653057464,0.0,False,2
2769.0,idle,19.404233933839752,15.5,,,0.0,0.0,0.0,1214.3984505272388,15.5,23.189673002036614,19.718908052652807,19.995988528794214,21.34529523256208,1,4.604121553401693,charge,4.518478783747533,0.08564276965415996,True,2
2770.0,charge,19.57480017506313,16.5,19.57480017506316,19.593502826432825,99.7064872007842,0.0,588.7910000001721,1390.4201432876537,16.5,23.617655632436538,19.837631366672156,20.001284787610587,21.34230130733954,3,4.471729410418281,charge,4.471729410418281,0.0,False,2
2771.0,charge,19.65524837247569,16.9,19.655248372475683,19.6992162258652,110.33090692512808,0.0,646.3419999999758,1293.9994397017024,16.9,24.238666759674004,19.970625802855807,20.008305287914993,21.339327696031205,2,4.369801830853799,charge,4.369801830853799,0.0,False,2
2772.0,charge,19.72289887579612,17.3,19.72289887579609,19.774220652827466,134.38641574961568,0.0,783.5790000001501,1157.924436864438,17.3,25.478716748527745,20.108207466830606,20.016991484143148,21.336378121171947,2,6.408006439512537,charge,6.408006439512537,0.0,False,2
2773.0,charge,19.780477264688415,17.5,19.780477264688443,19.832407907988625,155.09370124263828,0.0,621.9934999994729,1100.8940840070297,17.5,25.486033418283114,20.17648880883837,20.027037748039902,21.333456135100676,2,7.866914602428013,charge,7.866914602428013,0.0,False,2
2774.0,charge,19.812212594130628,17.0,19.812212594130642,19.858309238236927,153.06296211241389,0.0,533.4535000002528,1338.5357821061673,17.0,24.968166376633746,20.175610809525892,20.037203315336853,21.330563281107572,2,7.7075439812208915,charge,7.7075439812208915,0.0,False,2
2775.0,idle,19.745529526234048,16.6,,,0.0,0.0,0.0,1518.3529467452108,16.6,24.968166376633746,20.175610809525892,20.037203315336853,21.330563281107572,1,7.554481019108477,idle,7.554481019108477,0.0,False,1
2776.0,idle,19.760338598207397,15.9,,,0.0,0.0,0.0,1776.7354372329225,15.9,24.968166376633746,20.175610809525892,20.037203315336853,21.330563281107572,1,7.554481019108477,idle,7.554481019108477,0.0,False,1
2777.0,idle,19.77824867909972,15.3,,,0.0,0.0,0.0,2022.4299273184995,15.3,24.968166376633746,20.175610809525892,20.037203315336853,21.330563281107572,1,9.943152715307914,idle,9.943152715307914,0.0,False,1
2778.0,idle,19.794868616289506,15.1,,,0.0,0.0,0.0,2108.4548596706695,15.1,24.968166376633746,20.175610809525892,20.037203315336853,21.330563281107572,1,11.798827230438,idle,11.798827230438,0.0,False,1
2779.0,discharge,18.348382638363542,14.9,,,0.0,2193.4685312434053,0.0,2193.4685312434053,17.882648114911515,24.968166376633746,20.175610809525892,20.037203315336853,21.330563281107572,1,13.77977145099299,discharge,13.77977145099299,0.0,False,2
2780.0,discharge,18.591560400812362,14.9,,,0.0,1615.400194593356,0.0,1615.400194593356,18.097268682537997,24.968166376633746,20.175610809525892,20.037203315336853,21.330563281107572,1,13.514439257567545,discharge,13.514439257567545,0.0,False,2
2781.0,idle,19.613409057247537,15.0,,,0.0,0.0,0.0,1673.8223201837552,15.0,24.968166376633746,20.175610809525892,20.037203315336853,21.330563281107572,1,13.456425963975997,idle,13.456425963975997,0.0,False,1
2782.0,idle,19.686305203278106,15.0,,,0.0,0.0,0.0,2082.912084148094,15.0,24.968166376633746,20.175610809525892,20.037203315336853,21.330563281107572,1,13.822163082146368,idle,13.822163082146368,0.0,False,1
2783.0,discharge,18.297803804637166,14.9,,,0.0,2150.9231688880654,0.0,2150.9231688880654,17.8380404705205,24.968166376633746,20.175610809525892,20.037203315336853,21.330563281107572,1,13.822163082146368,discharge,13.822163082146368,0.0,False,2
2784.0,discharge,18.55190398418841,14.9,,,0.0,1594.6891243836499,0.0,1594.6891243836499,18.062252575266402,24.968166376633746,20.175610809525892,20.037203315336853,21.330563281107572,1,11.869194710349724,discharge,11.869194710349724,0.0,False,2
2785.0,idle,19.57227175369951,15.0,,,0.0,0.0,0.0,1657.6709991136568,15.0,24.968166376633746,20.175610809525892,20.037203315336853,21.330563281107572,1,10.503617584245356,idle,10.503617584245356,0.0,False,1
2786.0,idle,19.65180888059189,15.3,,,0.0,0.0,0.0,1947.757787838862,15.3,24.968166376633746,20.175610809525892,20.037203315336853,21.330563281107572,1,10.789036693458408,idle,10.789036693458408,0.0,False,1
2787.0,idle,19.696817836003564,15.0,,,0.0,0.0,0.0,2098.0446758200287,15.0,24.968166376633746,20.175610809525892,20.037203315336853,21.330563281107572,1,11.095910917525696,idle,11.095910917525696,0.0,False,1
2788.0,discharge,18.141794192133144,14.3,,,0.0,2388.671696199437,0.0,2388.671696199437,17.629979810159753,24.968166376633746,20.175610809525892,20.037203315336853,21.330563281107572,1,11.391300068215456,discharge,11.391300068215456,0.0,False,2
2789.0,discharge,18.355727240288292,14.1,,,0.0,1855.6745151300868,0.0,1855.6745151300868,17.796070593208167,24.968166376633746,20.175610809525892,20.037203315336853,21.330563281107572,1,9.246899080004985,discharge,9.246899080004985,0.0,False,2
2790.0,discharge,18.223025504518592,14.0,,,0.0,1980.9442205549897,0.0,1980.9442205549897,17.667126315296173,24.968166376633746,20.175610809525892,20.037203315336853,21.330563281107572,1,7.391224564874894,discharge,7.391224564874894,0.0,False,2
2791.0,discharge,18.20694835256822,14.0,,,0.0,1928.1363378179587,0.0,1928.1363378179587,17.65289779247161,24.968166376633746,20.175610809525892,20.037203315336853,21.330563281107572,1,5.410280344319904,discharge,5.410280344319904,0.0,False,2
2792.0,discharge,18.41966492591117,14.9,,,0.0,1557.3869010018088,0.0,1557.3869010018088,17.94553380462106,24.968166376633746,20.175610809525892,20.037203315336853,21.330563281107572,1,3.482144006501946,discharge,3.482144006501946,0.0,False,2
2793.0,charge,19.56380959143753,16.9,19.56380959143752,19.59343925832161,171.9035519573666,0.0,424.9919999997792,789.7705718216883,16.9,24.2429664675106,19.892363651858375,20.043903983276266,21.327696191647874,3,1.8797165615528582,charge,1.8797165615528582,0.0,False,2
2794.0,charge,19.649149376182944,18.4,19.649149376182947,19.70350133371096,137.1628046047378,0.0,717.1739999997402,625.6266637571534,18.4,25.58193285829975,20.048267238215033,20.050821870887773,21.324849595801027,2,1.7056861441318585,charge,1.7056861441318585,0.0,False,2
2795.0,charge,19.74525350124461,19.7,19.745253501244633,19.8171941991003,179.15378642482392,0.0,971.7265000005224,0.0,19.7,27.96005782285738,20.285103227232526,20.060513739438875,21.32202758249747,2,4.09244510247191,charge,4.09244510247191,0.0,False,2
2796.0,charge,19.835177789623863,19.8,19.835177789623856,19.92240275025904,238.05999412803104,0.0,1055.839499999159,0.0,19.8,29.933223553282346,20.506372571057113,20.073393636613048,21.319236996852283,2,5.66038328090902,charge,5.66038328090902,0.0,False,2
2797.0,charge,19.909526265240853,19.8,19.909526265240856,20.006025720455682,285.5931924317383,0.0,1053.6260000007746,29.46028072388122,19.8,31.179927955475023,20.66759099672049,20.08873987148479,21.316484159837273,2,7.5092051786169645,charge,7.5092051786169645,0.0,False,2
2798.0,charge,19.96245493616657,19.7,19.96245493616658,20.058862649791024,309.6468378877988,0.0,920.8160000003302,139.96457055215774,19.7,31.211307613291183,20.73256542722902,20.105338032536565,21.313773214664366,2,9.357421858806156,charge,9.357421858806156,0.0,False,2
2799.0,charge,19.986189010688133,19.1,19.986189010688122,20.070191138743496,298.8934585539247,0.0,659.6229999998578,481.56971508088725,19.1,29.709924470863882,20.670280452799716,20.121480304976217,21.31110502604946,2,11.142325111517959,charge,11.142325111517959,0.0,False,2
2800.0,charge,19.97874617595414,18.2,19.978746175954143,20.03924566963309,248.744674649582,0.0,332.02499999998093,909.4708176498876,18.2,26.86121970108684,20.48555791550109,20.135315709148927,21.308476400975962,2,12.960027009176398,charge,12.960027009176398,0.0,False,2
2801.0,idle,19.833581532606622,17.1,,,0.0,0.0,0.0,1379.7578227947486,17.1,26.86121970108684,20.48555791550109,20.135315709148927,21.308476400975962,1,12.711282334526816,idle,12.711282334526816,0.0,False,1
2802.0,idle,19.835000295982955,16.6,,,0.0,0.0,0.0,1527.17017853104,16.6,26.86121970108684,20.48555791550109,20.135315709148927,21.308476400975962,1,13.513357357983889,idle,13.513357357983889,0.0,False,1
2803.0,idle,19.84081344268975,17.0,,,0.0,0.0,0.0,1361.4295983128704,17.0,26.86121970108684,20.48555791550109,20.135315709148927,21.308476400975962,1,13.513357357983889,idle,13.513357357983889,0.0,False,1
2804.0,idle,19.848481819567674,15.3,,,0.0,0.0,0.0,2054.2598748087307,15.3,26.86121970108684,20.48555791550109,20.135315709148927,21.308476400975962,1,14.002413263077338,idle,14.002413263077338,0.0,False,1
2805.0,idle,19.854557376047588,15.1,,,0.0,0.0,0.0,2136.0718043950587,15.1,26.86121970108684,20.48555791550109,20.135315709148927,21.308476400975962,1,14.002413263077338,idle,14.002413263077338,0.0,False,1
2806.0,idle,19.86089624339923,14.1,,,0.0,0.0,0.0,2526.381731272472,14.1,26.86121970108684,20.48555791550109,20.135315709148927,21.308476400975962,1,14.836105418673615,discharge,14.49640756444366,0.33969785422995535,True,2
2807.0,discharge,18.262839384308975,14.4,,,0.0,2413.4213160609333,0.0,2413.4213160609333,17.748577380515233,26.86121970108684,20.48555791550109,20.135315709148927,21.308476400975962,1,15.08945987169084,discharge,15.08945987169084,0.0,False,2
2808.0,discharge,18.388397156777522,13.9,,,0.0,1983.7686496427466,0.0,1983.7686496427466,17.802110279961294,26.86121970108684,20.48555791550109,20.135315709148927,21.308476400975962,1,12.676038555629907,discharge,12.676038555629907,0.0,False,2
2809.0,discharge,18.173835883958517,13.5,,,0.0,2190.9357804621204,0.0,2190.9357804621204,17.566450004709278,26.86121970108684,20.48555791550109,20.135315709148927,21.308476400975962,1,10.863724777741073,discharge,10.863724777741073,0.0,False,2
2810.0,discharge,18.155137745237752,13.5,,,0.0,2106.717922175983,0.0,2106.717922175983,17.549874442179814,26.86121970108684,20.48555791550109,20.135315709148927,21.308476400975962,1,9.270554071838918,discharge,9.270554071838918,0.0,False,2
2811.0,discharge,18.005014113121803,13.1,,,0.0,2256.0596706090164,0.0,2256.0596706090164,17.371472713296743,26.86121970108684,20.48555791550109,20.135315709148927,21.308476400975962,1,8.447200503713752,discharge,8.447200503713752,0.0,False,2
2812.0,discharge,17.916741186472038,12.8,,,0.0,2314.3647913268514,0.0,2314.3647913268514,17.259381843815614,26.86121970108684,20.48555791550109,20.135315709148927,21.308476400975962,1,6.191140833104735,discharge,6.191140833104735,0.0,False,2
2813.0,idle,19.413432798193096,12.5,,,0.0,0.0,0.0,2396.370851859575,12.5,26.86121970108684,20.48555791550109,20.135315709148927,21.308476400975962,1,5.278627590591849,idle,5.278627590591849,0.0,False,1
2814.0,discharge,17.463162137908853,12.1,,,0.0,3114.710364477446,0.0,3114.710364477446,16.778238499735274,26.86121970108684,20.48555791550109,20.135315709148927,21.308476400975962,1,5.278627590591849,discharge,5.278627590591849,0.0,False,2
2815.0,idle,19.39445303103902,12.2,,,0.0,0.0,0.0,2336.9280668052065,12.2,26.86121970108684,20.48555791550109,20.135315709148927,21.308476400975962,1,4.336736195236627,idle,4.336736195236627,0.0,False,1
2816.0,discharge,17.650953083136642,12.9,,,0.0,2807.850584964533,0.0,2807.850584964533,17.034824323354893,26.86121970108684,20.48555791550109,20.135315709148927,21.308476400975962,1,4.336736195236627,discharge,4.336736195236627,0.0,False,2
2817.0,solar_dc,19.393661360690825,14.3,14.863560113944175,14.975761274405954,785.454688167119,785.454688167119,274.4739999997686,1575.4697765356102,14.863560113944152,23.460221819713865,15.655161651968967,20.09227696205585,21.305830673417518,20,2.7011330277516867,solar_dc,2.7011330277516867,0.0,False,2
2818.0,charge,19.509435211191256,15.4,19.50943521119126,19.539683248158724,-269.94450630290305,0.0,661.8365000001826,1836.3609935516486,15.4,23.87487284772783,19.767678972036208,20.082231472676085,21.303113051361606,3,1.7276876873000164,charge,1.7276876873000164,0.0,False,2
2819.0,charge,19.65417777372212,15.9,19.654177773722097,19.711708241004487,117.70708463974171,0.0,854.4109999996796,1681.0949987036486,15.9,25.38937846024845,20.041938959699166,20.087710589521464,21.300404446680773,2,0.5639406480308828,charge,0.5639406480308828,0.0,False,2
2820.0,charge,19.73764974744406,16.0,19.73764974744404,19.79497453717312,157.33252308437162,0.0,763.6575000001403,1699.2793460430232,16.0,25.902440458590092,20.162243355246915,20.09557148479172,21.297717071577097,2,0.4383356722623777,charge,0.4383356722623777,0.0,False,2
2821.0,discharge,17.77040248778883,13.1,,,0.0,2861.8421423394275,0.0,2861.8421423394275,17.163406280204168,25.902440458590092,20.162243355246915,20.09557148479172,21.297717071577097,1,-0.5936087194962059,solar_dc,-0.6978648677989465,0.10425614830274066,True,3
2822.0,idle,19.499367663457573,12.4,,,0.0,0.0,0.0,2378.458224373274,12.4,25.902440458590092,20.162243355246915,20.09557148479172,21.297717071577097,1,-3.153128866114192,idle,-3.153128866114192,0.0,False,1
2823.0,discharge,17.565208138093357,12.4,,,0.0,3034.94408824114,0.0,3034.94408824114,16.90241430543161,25.902440458590092,20.162243355246915,20.09557148479172,21.297717071577097,1,-3.153128866114192,discharge,-3.153128866114192,0.0,False,2
2824.0,idle,19.423051735516687,12.5,,,0.0,0.0,0.0,2259.984065402752,12.5,25.902440458590092,20.162243355246915,20.09557148479172,21.297717071577097,1,-5.8255400672395545,idle,-5.8255400672395545,0.0,False,1
2825.0,discharge,17.38043270479002,11.8,,,0.0,3229.5625341577547,0.0,3229.5625341577547,16.671338534121535,25.902440458590092,20.162243355246915,20.09557148479172,21.297717071577097,1,-5.8255400672395545,discharge,-5.8255400672395545,0.0,False,2
2826.0,idle,19.366188639936745,11.0,,,0.0,0.0,0.0,2764.7519890093813,11.0,25.902440458590092,20.162243355246915,20.09557148479172,21.297717071577097,1,-7.9702247272878495,idle,-7.9702247272878495,0.0,False,1
2827.0,discharge,17.10952934463237,10.8,,,0.0,3575.888752378786,0.0,3575.888752378786,16.320167356977354,25.902440458590092,20.162243355246915,20.09557148479172,21.297717071577097,1,-7.9702247272878495,discharge,-7.9702247272878495,0.0,False,2
2828.0,idle,19.31043898257611,10.8,,,0.0,0.0,0.0,2737.902054181421,10.8,25.902440458590092,20.162243355246915,20.09557148479172,21.297717071577097,1,-9.686301583527094,idle,-9.686301583527094,0.0,False,1
2829.0,idle,19.443761433996016,10.6,,,0.0,0.0,0.0,3628.4197974651947,10.6,25.902440458590092,20.162243355246915,20.09557148479172,21.297717071577097,1,-9.327521366181713,discharge,-9.686301583527094,0.35878021734538024,True,2
2830.0,idle,19.518998798831607,10.7,,,0.0,0.0,0.0,3640.5389646184176,10.7,25.902440458590092,20.162243355246915,20.09557148479172,21.297717071577097,1,-6.004073336091835,discharge,-8.540945665039713,2.5368723289478776,True,2
2831.0,idle,19.580268116284373,10.8,,,0.0,0.0,0.0,3631.5335088871348,10.8,25.902440458590092,20.162243355246915,20.09557148479172,21.297717071577097,1,-5.803773182004937,discharge,-5.821879325329116,0.018106143324178703,True,2
2832.0,idle,19.624401687393853,10.7,,,0.0,0.0,0.0,3690.12478696666,10.7,25.902440458590092,20.162243355246915,20.09557148479172,21.297717071577097,1,-3.6040075439810395,discharge,-5.6399775192847015,2.035969975303662,True,2
2833.0,discharge,17.334674369045945,11.3,,,0.0,3487.5854596318854,0.0,3487.5854596318854,16.575426015879284,25.902440458590092,20.162243355246915,20.09557148479172,21.297717071577097,1,-3.4293318962848316,discharge,-3.4293318962848316,0.0,False,2
2834.0,idle,19.441784934813235,10.7,,,0.0,0.0,0.0,2860.721803626811,10.7,25.902440458590092,20.162243355246915,20.09557148479172,21.297717071577097,1,-3.3107099882792927,idle,-3.3107099882792927,0.0,False,1
2835.0,idle,19.549682235534124,10.2,,,0.0,0.0,0.0,3820.983384307099,10.2,25.902440458590092,20.162243355246915,20.09557148479172,21.297717071577097,1,-2.19629682704774,discharge,-2.8430577721579136,0.6467609451101737,True,2
2836.0,idle,19.608730871515473,10.1,,,0.0,0.0,0.0,3895.9412876327647,10.1,25.902440458590092,20.162243355246915,20.09557148479172,21.297717071577097,1,-0.3555955967278445,discharge,-1.930770754544772,1.5751751578169275,True,2
2837.0,idle,19.652129342465816,10.1,,,0.0,0.0,0.0,3917.1931491888254,10.1,25.902440458590092,20.162243355246915,20.09557148479172,21.297717071577097,1,0.45461298108484843,discharge,-0.09275837702140605,0.5473713581062545,True,2
2838.0,idle,19.68825933965306,9.7,,,0.0,0.0,0.0,4076.248119683754,9.7,25.902440458590092,20.162243355246915,20.09557148479172,21.297717071577097,1,2.156163931824303,discharge,0.9657894383704666,1.1903744934538363,True,2
2839.0,idle,19.71355540624054,9.5,,,0.0,0.0,0.0,4160.583868450285,9.5,25.902440458590092,20.162243355246915,20.09557148479172,21.297717071577097,1,2.9118437171028466,discharge,2.156163931824303,0.7556797852785437,True,2
2840.0,idle,19.736664768148273,10.3,,,0.0,0.0,0.0,3882.9307924317523,10.3,25.902440458590092,20.162243355246915,20.09557148479172,21.297717071577097,1,2.915441393627667,discharge,2.156178190409453,0.7592632032182141,True,2
2841.0,discharge,17.449139475573972,11.5,,,0.0,3455.463006641352,0.0,3455.463006641352,16.699297635669485,25.902440458590092,20.162243355246915,20.09557148479172,21.297717071577097,1,3.1100297068752916,solar_dc,2.984299383886898,0.1257303229883937,True,3
2842.0,solar_dc,19.521266104913074,12.4,13.122424663296158,13.261070995074078,968.4236174107912,968.4236174107912,648.5554999998105,2253.721696520674,13.122424663296172,24.794040014428617,14.138537113158975,20.034029304236128,21.294988652876214,20,0.8059803342439329,solar_dc,0.8059803342439329,0.0,False,2
2843.0,discharge,17.786040509090544,13.2,,,0.0,2742.349201255,0.0,2742.349201255,17.188630401715884,24.794040014428617,14.138537113158975,20.034029304236128,21.294988652876214,1,0.7271487095551152,solar_dc,-0.10031110789149134,0.8274598174466066,True,3
2844.0,solar_dc,19.46753518891399,14.0,14.601029940180354,14.7195558490738,218.35943133506436,218.35943133506436,1015.9965000008896,1752.708702128,14.601029940180378,25.92644634731232,15.458982991868538,19.97022381499619,21.292111476040645,20,-3.162463450140221,solar_dc,-3.162463450140221,0.0,False,2
2845.0,discharge,17.9601801156768,14.0,,,0.0,2415.9834294740076,0.0,2415.9834294740076,17.43461889130042,25.92644634731232,15.458982991868538,19.97022381499619,21.292111476040645,1,-2.191863091302695,solar_dc,-3.319555647037707,1.127692555735012,True,3
2846.0,solar_dc,19.45355217807445,12.4,13.044129973331053,13.169861093334134,522.9120105162564,522.9120105162564,573.2964999998167,2451.696235267202,13.044129973331033,23.730259007197162,13.957285580601535,19.895193322219825,21.28909239845433,20,-7.247713872387238,solar_dc,-7.247713872387238,0.0,False,2
2847.0,solar_dc,19.550621967645725,12.5,13.035106190001216,13.142463875725696,336.8240815239642,336.8240815239642,469.2620000003241,2980.435208675616,13.03510619000124,21.724782528877427,13.794917210265055,19.815205720950075,21.285904891240307,20,-7.692309957185074,solar_dc,-7.692309957185074,0.0,False,3
2848.0,discharge,17.495828464910318,12.1,,,0.0,3165.674760600371,0.0,3165.674760600371,16.807263012678266,21.724782528877427,13.794917210265055,19.815205720950075,21.285904891240307,1,-10.114151153696646,solar_dc,-11.212822391928842,1.0986712382321961,True,3
2849.0,idle,19.426307250026312,11.4,,,0.0,0.0,0.0,2656.743631491608,11.4,21.724782528877427,13.794917210265055,19.815205720950075,21.285904891240307,1,-14.468577241885644,idle,-14.468577241885644,0.0,False,1
2850.0,discharge,17.08301229215792,10.6,,,0.0,3670.535218112783,0.0,3670.535218112783,16.274729043283283,21.724782528877427,13.794917210265055,19.815205720950075,21.285904891240307,1,-14.468577241885644,discharge,-14.468577241885644,0.0,False,2
2851.0,idle,19.332335780410908,10.3,,,0.0,0.0,0.0,2916.499582785795,10.3,21.724782528877427,13.794917210265055,19.815205720950075,21.285904891240307,1,-17.573752589285228,idle,-17.573752589285228,0.0,False,1
2852.0,idle,19.45871614556143,10.0,,,0.0,0.0,0.0,3853.6577073074636,10.0,21.724782528877427,13.794917210265055,19.815205720950075,21.285904891240307,1,-17.545654951656402,discharge,-17.573752589285228,0.02809763762882511,True,2
2853.0,idle,19.527432119381373,9.7,,,0.0,0.0,0.0,4006.9801494269204,9.7,21.724782528877427,13.794917210265055,19.815205720950075,21.285904891240307,1,-16.824288653658478,discharge,-17.545654951656402,0.7213662979979247,True,2
2854.0,idle,19.57748054676442,9.7,,,0.0,0.0,0.0,4031.6094687090413,9.7,21.724782528877427,13.794917210265055,19.815205720950075,21.285904891240307,1,-13.942292627714586,discharge,-16.766145731039185,2.8238531033245984,True,2
2855.0,idle,19.619395531676386,9.5,,,0.0,0.0,0.0,4121.049513956561,9.5,21.724782528877427,13.794917210265055,19.815205720950075,21.285904891240307,1,-13.314716227068235,discharge,-13.855546095780094,0.5408298687118585,True,2
2856.0,idle,19.64757640365245,9.3,,,0.0,0.0,0.0,4207.313004615548,9.3,21.724782528877427,13.794917210265055,19.815205720950075,21.285904891240307,1,-10.51842914396995,discharge,-13.191766456617689,2.673337312647739,True,2
2857.0,idle,19.677618474326685,9.0,,,0.0,0.0,0.0,4323.9299711883305,9.0,21.724782528877427,13.794917210265055,19.815205720950075,21.285904891240307,1,-9.734376035143926,discharge,-10.371704981934059,0.6373289467901326,True,2
2858.0,idle,19.698757726463946,8.7,,,0.0,0.0,0.0,4440.749861325796,8.7,21.724782528877427,13.794917210265055,19.815205720950075,21.285904891240307,1,-6.900539634593095,discharge,-9.49230984354032,2.591770208947226,True,2
2859.0,idle,19.717922661256388,8.5,,,0.0,0.0,0.0,4518.773652095342,8.5,21.724782528877427,13.794917210265055,19.815205720950075,21.285904891240307,1,-5.67376511879024,discharge,-6.518809403593385,0.8450442848031443,True,2
2860.0,idle,19.734102573290023,8.4,,,0.0,0.0,0.0,4560.737082683541,8.4,21.724782528877427,13.794917210265055,19.815205720950075,21.285904891240307,1,-3.0143969106256616,discharge,-5.3788619998706855,2.364465089245024,True,2
2861.0,idle,19.74810700708051,8.4,,,0.0,0.0,0.0,4566.430442331404,8.4,21.724782528877427,13.794917210265055,19.815205720950075,21.285904891240307,1,-1.8513509280979008,discharge,-2.723922762998643,0.8725718349007421,True,2
2862.0,idle,19.76002065400604,8.2,,,0.0,0.0,0.0,4641.637708614749,8.2,21.724782528877427,13.794917210265055,19.815205720950075,21.285904891240307,1,1.2872557510240066,discharge,-0.7472366551030798,2.0344924061270864,True,2
2863.0,idle,19.802423160906212,8.4,,,0.0,0.0,0.0,4575.548306995958,8.4,21.724782528877427,13.794917210265055,19.815205720950075,21.285904891240307,1,2.283234929819247,discharge,1.2872557510240066,0.9959791787952406,True,2
2864.0,idle,19.81091402047564,9.6,,,0.0,0.0,0.0,4165.63466595372,9.6,21.724782528877427,13.794917210265055,19.815205720950075,21.285904891240307,1,3.1698482668382666,discharge,2.0949561401248973,1.0748921267133693,True,2
2865.0,discharge,17.600178406076783,11.9,,,0.0,3335.81459523628,0.0,3335.81459523628,16.877814160559524,21.724782528877427,13.794917210265055,19.815205720950075,21.285904891240307,1,4.0610965609281395,solar_dc,3.356549023802438,0.7045475371257015,True,3
2866.0,solar_dc,19.59475552225469,12.8,13.30095340803939,13.402447922058343,265.9116888436114,265.9116888436114,630.847499999648,2156.3667542548374,13.300953408039398,21.825521577849997,14.01311119957603,19.73830319170196,21.282549198715287,20,2.0133429480921397,solar_dc,2.0133429480921397,0.0,False,2
2867.0,discharge,17.88630987906191,13.4,,,0.0,2694.35779787224,0.0,2694.35779787224,17.300261111013565,21.825521577849997,14.01311119957603,19.73830319170196,21.282549198715287,1,3.132707731643272,solar_dc,1.7960305185018295,1.3366772131414426,True,3
2868.0,solar_dc,19.533138481742334,14.1,14.609502548372348,14.712470019283728,152.37159749350528,152.37159749350528,1013.7829999998372,1752.817603955891,14.609502548372324,24.360078971754604,15.337118548499575,19.678337163726496,21.279046474404197,20,-0.6264659801896455,solar_dc,-0.6264659801896455,0.0,False,2
2869.0,discharge,18.081916593383816,14.3,,,0.0,2325.281903186884,0.0,2325.281903186884,17.577075495343855,24.360078971754604,15.337118548499575,19.678337163726496,21.279046474404197,1,0.535273484273072,solar_dc,-0.718992411745353,1.254265896018425,True,3
2870.0,discharge,18.113651586509086,13.4,,,0.0,2109.8984437278336,0.0,2109.8984437278336,17.50174948419726,24.360078971754604,15.337118548499575,19.678337163726496,21.279046474404197,1,-1.5510306262241507,solar_dc,-2.5531110195104696,1.002080393286319,True,3
2871.0,discharge,17.998382152647462,13.2,,,0.0,2200.817267561269,0.0,2200.817267561269,17.376885237424435,24.360078971754604,15.337118548499575,19.678337163726496,21.279046474404197,1,-2.6927503237053507,solar_dc,-3.5831742828156035,0.8904239591102527,True,3
2872.0,solar_dc,19.414365901885265,12.7,13.2321589093861,13.339012804768686,447.6043656830057,447.6043656830057,323.1709999999879,2350.5791748084775,13.232158909386087,21.61306233500295,13.985518569989381,19.60937375467455,21.275414045532898,20,-5.752156384362022,solar_dc,-5.752156384362022,0.0,False,2
2873.0,discharge,17.402131026883502,11.9,,,0.0,3189.3144297998447,0.0,3189.3144297998447,16.701733636265768,21.61306233500295,13.985518569989381,19.60937375467455,21.275414045532898,1,-6.199760750045027,discharge,-6.199760750045027,0.0,False,2
2874.0,idle,19.376087911231767,11.1,,,0.0,0.0,0.0,2735.098237235409,11.1,21.61306233500295,13.985518569989381,19.60937375467455,21.275414045532898,1,-6.937173252504628,idle,-6.937173252504628,0.0,False,1
2875.0,discharge,17.090549019712615,10.7,,,0.0,3615.9203769422784,0.0,3615.9203769422784,16.292342365454218,21.61306233500295,13.985518569989381,19.60937375467455,21.275414045532898,1,-6.937173252504628,discharge,-6.937173252504628,0.0,False,2
2876.0,idle,19.31631262323913,10.2,,,0.0,0.0,0.0,2956.8386424708733,10.2,21.61306233500295,13.985518569989381,19.60937375467455,21.275414045532898,1,-8.10179953574736,idle,-8.10179953574736,0.0,False,1
2877.0,idle,19.449326514230496,10.4,,,0.0,0.0,0.0,3703.2017232430017,10.4,21.61306233500295,13.985518569989381,19.60937375467455,21.275414045532898,1,-7.197142918132277,discharge,-8.10179953574736,0.9046566176150819,True,2
2878.0,idle,19.523774725584257,10.2,,,0.0,0.0,0.0,3823.706227400791,10.2,21.61306233500295,13.985518569989381,19.60937375467455,21.275414045532898,1,-5.0253028690845145,discharge,-7.197142918132277,2.1718400490477627,True,2
2879.0,idle,19.576339650144437,10.0,,,0.0,0.0,0.0,3922.604821591678,10.0,21.61306233500295,13.985518569989381,19.60937375467455,21.275414045532898,1,-4.107687066665682,discharge,-4.976082890850361,0.8683958241846792,True,2
2880.0,idle,19.616675099501638,10.2,,,0.0,0.0,0.0,3869.521520728275,10.2,21.61306233500295,13.985518569989381,19.60937375467455,21.275414045532898,1,-2.1009260459007044,discharge,-4.100326483296995,1.9994004373962908,True,2
2881.0,idle,19.64958071261888,11.2,,,0.0,0.0,0.0,3521.3225836834727,11.2,21.61306233500295,13.985518569989381,19.60937375467455,21.275414045532898,1,-1.3923038555037075,discharge,-1.9151572378755408,0.5228533823718333,True,2
2882.0,idle,19.676582003667676,10.6,,,0.0,0.0,0.0,3751.493434358024,10.6,21.61306233500295,13.985518569989381,19.60937375467455,21.275414045532898,1,-0.7164722848817778,discharge,-1.3923038555037075,0.6758315706219297,True,2
2883.0,idle,19.695361922813383,11.1,,,0.0,0.0,0.0,3579.6773857878306,11.1,21.61306233500295,13.985518569989381,19.60937375467455,21.275414045532898,1,0.6657311639617254,discharge,-0.3362922269930939,1.0020233909548193,True,2
2884.0,discharge,17.42249926636871,11.5,,,0.0,3440.3261224229345,0.0,3440.3261224229345,16.675590615150004,21.61306233500295,13.985518569989381,19.60937375467455,21.275414045532898,1,0.9301249602621815,discharge,0.9301249602621815,0.0,False,2
2885.0,idle,19.48843746298908,11.9,,,0.0,0.0,0.0,2437.180172772197,11.9,21.61306233500295,13.985518569989381,19.60937375467455,21.275414045532898,1,0.6193648503313526,idle,0.6193648503313526,0.0,False,1
2886.0,discharge,17.243271728012953,11.1,,,0.0,3511.0033021034073,0.0,3511.0033021034073,16.472104900288826,21.61306233500295,13.985518569989381,19.60937375467455,21.275414045532898,1,3.208233062205362,discharge,3.208233062205362,0.0,False,2
2887.0,idle,19.384286706841422,10.1,,,0.0,0.0,0.0,3051.3284463592945,10.1,21.61306233500295,13.985518569989381,19.60937375467455,21.275414045532898,1,5.485341857260991,idle,5.485341857260991,0.0,False,1
2888.0,idle,19.50309415115887,11.5,,,0.0,0.0,0.0,3326.007085097693,11.5,21.61306233500295,13.985518569989381,19.60937375467455,21.275414045532898,1,7.945431691994088,discharge,7.65648805953589,0.28894363245819754,True,2
2889.0,discharge,17.75214517421669,13.2,,,0.0,2735.4632659981517,0.0,2735.4632659981517,17.15859288659178,21.61306233500295,13.985518569989381,19.60937375467455,21.275414045532898,1,11.528685209479278,solar_dc,10.293853109785404,1.2348320996938735,True,3
2890.0,solar_dc,19.431031260542113,13.9,14.297015096604355,14.380285880245708,150.6343113760839,150.6343113760839,489.18349999987237,1779.4044777073327,14.29701509660433,20.853403120609414,14.857041730857759,19.54729343663928,21.27163931237675,20,10.136527966086058,solar_dc,10.136527966086058,0.0,False,2
2891.0,solar_dc,19.532829646854857,14.9,15.271621111732827,15.35033932550084,114.92096097955981,114.92096097955981,730.4550000000689,2050.3946011868006,15.271621111732832,21.90573760147447,15.794939982096992,19.499508384765193,21.267750687619753,20,10.636153295555703,solar_dc,10.636153295555703,0.0,False,3
2892.0,charge,19.589017759676086,15.1,19.589017759676096,19.614593292478446,-289.5316910361827,0.0,858.837999999617,2011.5327706793892,15.1,23.83760582549388,19.809593161395014,19.501964117853618,21.263814049914913,3,10.423797848556749,charge,10.423797848556749,0.0,False,2
2893.0,charge,19.710085473229586,15.1,19.710085473229583,19.765382437628716,113.75116954014062,0.0,940.7374999998317,2033.7815789074168,15.1,25.656153168392564,20.09496770269891,19.51985304589516,21.259916658056056,2,10.720977413483572,charge,10.720977413483572,0.0,False,2
2894.0,solar_dc,19.67602203897154,14.9,15.474134274546998,15.58812629709439,675.2991943464631,675.2991943464631,790.2194999997391,2160.252882000479,15.47413427454702,25.417769444879866,16.28482012007828,19.494484960180387,21.256028109814622,20,10.675280950411972,solar_dc,10.675280950411972,0.0,False,3
2895.0,solar_dc,19.7027966666897,14.5,15.004161287297336,15.106208919843766,353.043980074277,353.043980074277,533.4535000002528,2303.1030333630342,15.004161287297324,23.646122047398592,15.718543605787772,19.451925829573213,21.25206591078154,20,9.922244225183489,solar_dc,9.922244225183489,0.0,False,3
2896.0,discharge,18.05094690839897,14.0,,,0.0,2506.5254020709535,0.0,2506.5254020709535,17.514881237967643,23.646122047398592,15.718543605787772,19.451925829573213,21.25206591078154,1,10.905283719837763,solar_dc,9.877209326333476,1.028074393504287,True,3
2897.0,discharge,18.275287341771683,13.8,,,0.0,1939.2647512885083,0.0,1939.2647512885083,17.690496216149864,23.646122047398592,15.718543605787772,19.451925829573213,21.25206591078154,1,7.815417515112578,discharge,7.815417515112578,0.0,False,2
2898.0,discharge,18.101119340599137,13.6,,,0.0,2107.289259065227,0.0,2107.289259065227,17.513381468121615,23.646122047398592,15.718543605787772,19.451925829573213,21.25206591078154,1,5.87615276382407,discharge,5.87615276382407,0.0,False,2
2899.0,discharge,18.033188494972435,13.4,,,0.0,2117.453749076354,0.0,2117.453749076354,17.430418206916926,23.646122047398592,15.718543605787772,19.451925829573213,21.25206591078154,1,2.3262436323739077,discharge,2.3262436323739077,0.0,False,2
2900.0,discharge,17.9496232031324,13.2,,,0.0,2169.3112950595323,0.0,2169.3112950595323,17.333645060477213,23.646122047398592,15.718543605787772,19.451925829573213,21.25206591078154,1,0.20878988329755366,discharge,0.20878988329755366,0.0,False,2
2901.0,idle,19.348565525930642,12.9,,,0.0,0.0,0.0,2253.910254351195,12.9,23.646122047398592,15.718543605787772,19.451925829573213,21.25206591078154,1,-2.7955546932431408,idle,-2.7955546932431408,0.0,False,1
2902.0,idle,19.462137728944505,12.4,,,0.0,0.0,0.0,2978.5685486094167,12.4,23.646122047398592,15.718543605787772,19.451925829573213,21.25206591078154,1,-2.5019505957857677,discharge,-2.7833573702842727,0.28140677449850493,True,2
2903.0,idle,19.52861988838776,12.3,,,0.0,0.0,0.0,3058.36504048618,12.3,23.646122047398592,15.718543605787772,19.451925829573213,21.25206591078154,1,-1.5785693920826729,discharge,-2.2810904936565577,0.7025211015738848,True,2
2904.0,idle,19.57749076970758,12.3,,,0.0,0.0,0.0,3083.142721505087,12.3,23.646122047398592,15.718543605787772,19.451925829573213,21.25206591078154,1,-1.5455202775703034,discharge,-1.5785693920826729,0.03304911451236947,True,2
2905.0,idle,19.61247778854652,11.7,,,0.0,0.0,0.0,3323.5032985832936,11.7,23.646122047398592,15.718543605787772,19.451925829573213,21.25206591078154,1,-0.8093065171182127,discharge,-1.3350577442004954,0.5257512270822827,True,2
2906.0,idle,19.639660676330188,11.9,,,0.0,0.0,0.0,3262.623908146175,11.9,23.646122047398592,15.718543605787772,19.451925829573213,21.25206591078154,1,-0.23672594088130341,discharge,-0.5614425725770902,0.3247166316957868,True,2
2907.0,idle,19.66215181360183,11.9,,,0.0,0.0,0.0,3272.663944580983,11.9,23.646122047398592,15.718543605787772,19.451925829573213,21.25206591078154,1,0.2678276062142342,discharge,0.040894889170179055,0.22693271704405513,True,2
2908.0,discharge,17.426411977634142,11.6,,,0.0,3391.440422346239,0.0,3391.440422346239,16.690096857658308,23.646122047398592,15.718543605787772,19.451925829573213,21.25206591078154,1,0.5263079245820703,discharge,0.5263079245820703,0.0,False,2
2909.0,idle,19.46385256695091,11.2,,,0.0,0.0,0.0,2706.3781306878527,11.2,23.646122047398592,15.718543605787772,19.451925829573213,21.25206591078154,1,0.21938751388976513,idle,0.21938751388976513,0.0,False,1
2910.0,idle,19.56100032061958,10.7,,,0.0,0.0,0.0,3647.843155331534,10.7,23.646122047398592,15.718543605787772,19.451925829573213,21.25206591078154,1,3.078375917042325,discharge,2.6368045142953362,0.4415714027469888,True,2
2911.0,idle,19.60785688756405,10.4,,,0.0,0.0,0.0,3791.7988594831854,10.4,23.646122047398592,15.718543605787772,19.451925829573213,21.25206591078154,1,5.920393270290608,discharge,5.025101310198159,0.8952919600924494,True,2
2912.0,discharge,17.323861575406312,11.3,,,0.0,3481.531332649304,0.0,3481.531332649304,16.56580139808595,23.646122047398592,15.718543605787772,19.451925829573213,21.25206591078154,1,8.243224035482084,discharge,8.243224035482084,0.0,False,2
2913.0,solar_dc,19.430461433104504,14.1,14.552295951255132,14.645335433226421,317.19219042673234,317.19219042673234,400.6434999996877,1523.160456945043,14.552295951255115,21.99554855398941,15.191202579677508,19.4023431962039,21.24800998453236,20,10.035072313512897,solar_dc,10.035072313512897,0.0,False,2
2914.0,charge,19.53275989132545,15.8,19.53275989132544,19.556366270411957,-341.5864100093802,0.0,710.5334999999758,1689.6440467750367,15.8,23.587696927731145,19.737378035255574,19.404112446779607,21.243899367190068,3,9.618437732774375,charge,9.618437732774375,0.0,False,2
2915.0,charge,19.663257578073836,16.6,19.663257578073853,19.72304649629268,114.54039243210035,0.0,916.3890000002349,1402.3393903123465,16.6,26.259472651929684,20.080093818043167,19.42326607250294,21.239829970216363,2,9.53615531017972,charge,9.53615531017972,0.0,False,2
2916.0,charge,19.764505937083083,17.3,19.764505937083072,19.84258259809718,193.1268710087337,0.0,1040.3450000004223,1161.3624138100022,17.3,28.924078280418655,20.35263443042402,19.44620891603472,21.235816573938507,2,9.418859542836657,charge,9.418859542836657,0.0,False,2
2917.0,charge,19.847167708358654,17.3,19.847167708358654,19.93656540044259,254.70394212394643,0.0,973.9399999996134,1204.6981761415152,17.3,30.35574988478669,20.540846933364264,19.472016848681903,21.23186653422374,2,8.717936298096589,charge,8.717936298096589,0.0,False,2
2918.0,charge,19.8999405508102,17.2,19.899940550810186,19.985549680746033,278.80404528659824,0.0,719.3875000001929,1282.317603859956,17.2,29.869012326999837,20.57969735221036,19.49883210110596,21.22798417555731,2,8.46106898140859,charge,8.46106898140859,0.0,False,2
2919.0,charge,19.91763090766361,17.0,19.917630907663636,19.991162263301135,262.8700549504882,0.0,553.3749999996454,1388.6249209484959,17.0,28.602030302340495,20.51829632151538,19.524694389856847,21.22416924263149,2,7.256270018179451,charge,7.256270018179451,0.0,False,2
2920.0,charge,19.91573238448931,16.2,19.91573238448933,19.970057775046655,219.40518370225,0.0,281.1144999999032,1725.0198312176449,16.2,26.204145719410462,20.36770993037038,19.54838280330148,21.220418098166817,2,6.993763464361187,charge,6.993763464361187,0.0,False,2
2921.0,discharge,18.167819447513,14.4,,,0.0,2434.5719916244284,0.0,2434.5719916244284,17.664622115858286,26.204145719410462,20.36770993037038,19.54838280330148,21.220418098166817,1,5.922702969800941,discharge,5.922702969800941,0.0,False,2
2922.0,discharge,18.32600921397667,13.9,,,0.0,1945.9850143625465,0.0,1945.9850143625465,17.746845408288593,26.204145719410462,20.36770993037038,19.54838280330148,21.220418098166817,1,3.4881309781765144,discharge,3.4881309781765144,0.0,False,2
2923.0,discharge,18.00295181362949,13.1,,,0.0,2322.515221026559,0.0,2322.515221026559,17.36964304154514,26.204145719410462,20.36770993037038,19.54838280330148,21.220418098166817,1,0.9454412936294334,discharge,0.9454412936294334,0.0,False,2
2924.0,discharge,17.822776355105134,12.4,,,0.0,2468.158389587402,0.0,2468.158389587402,17.131208713003748,26.204145719410462,20.36770993037038,19.54838280330148,21.220418098166817,1,-1.377073927397126,discharge,-1.377073927397126,0.0,False,2
2925.0,idle,19.389696784712317,12.0,,,0.0,0.0,0.0,2552.517235896563,12.0,26.204145719410462,20.36770993037038,19.54838280330148,21.220418098166817,1,-3.173093499629802,idle,-3.173093499629802,0.0,False,1
2926.0,idle,19.500782289113285,11.7,,,0.0,0.0,0.0,3254.2062602771134,11.7,26.204145719410462,20.36770993037038,19.54838280330148,21.220418098166817,1,-1.9505102364932208,discharge,-2.719184147062917,0.768673910569696,True,2
2927.0,idle,19.563255993289314,11.6,,,0.0,0.0,0.0,3332.0833171453323,11.6,26.204145719410462,20.36770993037038,19.54838280330148,21.220418098166817,1,-0.8940408740769252,discharge,-1.687665189501612,0.7936243154246867,True,2
2928.0,idle,19.608754480786523,11.4,,,0.0,0.0,0.0,3428.5530961935738,11.4,26.204145719410462,20.36770993037038,19.54838280330148,21.220418098166817,1,-0.37322378785076465,discharge,-0.8940408740769252,0.5208170862261605,True,2
