datetime;T_btes_mis;T_rtc_in_mis;T_rtc_out_mis;Q_irr_mis;T_aria_mis
2025-08-01 00:00;19.96;20.16;20.77;0.0;23.2
2025-08-01 01:00;19.94;20.41;20.72;0.0;23.1
2025-08-01 02:00;20.13;19.99;19.8;0.0;23.6
2025-08-01 03:00;19.51;19.0;18.77;0.0;24.9
2025-08-01 04:00;20.07;19.8;19.23;0.0;25.6
2025-08-01 05:00;19.93;19.95;19.38;0.0;28.0
2025-08-01 06:00;19.84;20.12;22.11;158.5;28.8
2025-08-01 07:00;19.73;19.98;22.51;255.8;30.3
2025-08-01 08:00;20.06;20.32;24.12;355.7;32.1
2025-08-01 09:00;20.27;20.38;25.89;526.8;32.6
2025-08-01 10:00;20.17;20.43;28.77;676.1;34.3
2025-08-01 11:00;19.96;20.06;29.79;790.2;35.1
2025-08-01 12:00;20.34;20.08;30.67;868.3;34.8
2025-08-01 13:00;19.9;20.01;30.99;876.5;34.9
2025-08-01 14:00;19.98;19.96;29.16;826.3;34.2
2025-08-01 15:00;20.18;20.62;28.42;678.6;33.7
2025-08-01 16:00;20.22;20.57;26.88;526.2;31.7
2025-08-01 17:00;20.35;20.14;24.57;386.5;30.7
2025-08-01 18:00;19.45;19.55;22.16;234.1;28.8
2025-08-01 19:00;20.21;20.78;22.67;154.5;27.3
2025-08-01 20:00;20.09;19.52;19.51;0.0;26.1
2025-08-01 21:00;20.72;20.67;20.79;0.0;24.8
2025-08-01 22:00;19.81;20.16;20.46;0.0;23.8
2025-08-01 23:00;19.88;20.3;19.74;0.0;23.5
2025-08-02 00:00;20.65;20.35;20.13;0.0;23.2
2025-08-02 01:00;19.97;19.51;19.54;0.0;23.2
2025-08-02 02:00;20.22;19.94;20.56;0.0;23.4
2025-08-02 03:00;20.02;20.26;19.77;0.0;24.4
2025-08-02 04:00;20.42;19.94;20.01;0.0;26.1
2025-08-02 05:00;20.29;19.92;19.39;0.0;27.6
2025-08-02 06:00;20.25;20.61;22.61;161.3;29.2
2025-08-02 07:00;19.92;20.48;23.74;260.4;30.9
2025-08-02 08:00;19.92;19.58;24.56;394.9;31.5
2025-08-02 09:00;20.59;20.52;26.66;546.1;33.7
2025-08-02 10:00;20.35;20.27;28.67;669.6;33.8
2025-08-02 11:00;20.82;21.01;30.08;798.8;35.0
2025-08-02 12:00;20.12;20.35;30.54;878.3;34.6
2025-08-02 13:00;20.38;20.45;30.15;864.4;35.1
2025-08-02 14:00;20.24;20.0;29.98;808.6;34.3
2025-08-02 15:00;20.46;20.05;27.92;698.1;33.3
2025-08-02 16:00;20.21;20.47;27.44;541.5;32.2
2025-08-02 17:00;20.37;20.28;25.3;399.4;30.6
2025-08-02 18:00;20.21;20.05;22.31;252.5;28.7
2025-08-02 19:00;20.49;20.51;21.85;149.8;27.6
2025-08-02 20:00;20.39;20.17;20.25;0.0;25.7
2025-08-02 21:00;20.05;20.69;20.95;0.0;24.8
2025-08-02 22:00;20.26;20.06;20.4;0.0;23.0
2025-08-02 23:00;20.18;20.33;20.68;0.0;22.9
2025-08-03 00:00;20.12;19.98;19.72;0.0;22.5
2025-08-03 01:00;20.31;19.93;20.3;0.0;23.9
2025-08-03 02:00;20.46;20.01;19.81;0.0;24.7
2025-08-03 03:00;20.03;20.16;20.47;0.0;25.3
2025-08-03 04:00;20.19;19.21;18.8;0.0;25.6
2025-08-03 05:00;19.89;20.38;19.8;0.0;27.3
2025-08-03 06:00;20.22;20.92;22.95;158.8;28.8
2025-08-03 07:00;20.06;20.08;22.98;259.0;30.9
2025-08-03 08:00;20.06;20.69;25.63;395.0;32.0
2025-08-03 09:00;20.07;20.0;26.16;538.0;33.3
2025-08-03 10:00;20.47;20.91;29.24;694.6;34.0
2025-08-03 11:00;20.11;20.33;29.91;790.3;35.0
2025-08-03 12:00;20.09;20.44;31.37;872.8;35.0
2025-08-03 13:00;20.28;20.49;30.87;890.6;34.6
2025-08-03 14:00;20.77;21.09;29.8;800.8;34.3
2025-08-03 15:00;20.5;20.69;29.19;699.2;33.1
2025-08-03 16:00;19.79;20.32;26.34;520.3;32.0
2025-08-03 17:00;20.18;19.93;24.65;391.3;30.9
2025-08-03 18:00;20.46;20.72;24.11;248.4;29.1
2025-08-03 19:00;20.27;20.36;22.68;146.1;27.3
2025-08-03 20:00;20.28;20.28;19.87;0.0;26.3
2025-08-03 21:00;20.25;20.34;20.01;0.0;24.7
2025-08-03 22:00;20.7;20.67;20.83;0.0;24.0
2025-08-03 23:00;20.21;20.28;20.29;0.0;23.5
2025-08-04 00:00;20.12;20.13;20.33;0.0;23.0
2025-08-04 01:00;20.55;21.2;20.89;0.0;23.8
2025-08-04 02:00;20.35;21.01;20.69;0.0;24.2
2025-08-04 03:00;20.16;19.52;19.31;0.0;24.4
2025-08-04 04:00;20.34;20.44;21.2;0.0;25.7
2025-08-04 05:00;20.16;19.89;20.09;0.0;27.8
2025-08-04 06:00;20.29;20.2;22.5;184.3;28.5
2025-08-04 07:00;20.62;20.14;22.91;254.3;30.1
2025-08-04 08:00;20.24;19.76;23.77;385.8;32.0
2025-08-04 09:00;20.64;20.74;26.47;510.7;33.5
2025-08-04 10:00;20.38;20.73;29.2;683.6;34.8
2025-08-04 11:00;20.69;20.4;30.27;812.5;34.9
2025-08-04 12:00;20.59;20.54;30.59;844.7;35.4
2025-08-04 13:00;20.03;19.52;30.1;895.5;33.9
2025-08-04 14:00;20.67;20.24;29.67;802.3;34.3
2025-08-04 15:00;20.17;20.02;27.72;687.4;33.2
2025-08-04 16:00;20.3;20.16;26.31;548.1;32.0
2025-08-04 17:00;20.16;20.0;24.05;383.5;30.3
2025-08-04 18:00;20.55;20.91;24.28;256.5;29.8
2025-08-04 19:00;20.28;20.2;21.04;148.9;27.2
2025-08-04 20:00;20.77;21.26;21.16;0.0;25.4
2025-08-04 21:00;20.5;21.42;21.87;0.0;25.0
2025-08-04 22:00;20.18;19.7;19.78;0.0;23.8
2025-08-04 23:00;20.06;19.87;19.44;0.0;22.9
2025-08-05 00:00;20.64;20.63;21.23;0.0;23.7
2025-08-05 01:00;20.2;20.66;20.87;0.0;23.2
2025-08-05 02:00;20.37;20.1;19.55;0.0;23.4
2025-08-05 03:00;20.89;20.47;20.69;0.0;25.1
2025-08-05 04:00;20.29;20.11;19.76;0.0;25.7
2025-08-05 05:00;20.2;20.28;20.26;0.0;27.5
2025-08-05 06:00;20.47;20.55;21.95;143.3;28.9
2025-08-05 07:00;20.6;20.1;23.36;257.5;30.3
2025-08-05 08:00;20.49;19.67;24.14;393.6;31.7
2025-08-05 09:00;20.01;19.99;25.93;543.3;33.1
2025-08-05 10:00;20.29;20.52;29.02;682.6;33.9
2025-08-05 11:00;20.25;20.43;29.39;765.7;35.1
2025-08-05 12:00;20.59;21.06;31.17;862.0;35.1
2025-08-05 13:00;20.37;20.49;30.52;863.8;34.8
2025-08-05 14:00;20.43;20.71;30.45;833.9;34.3
2025-08-05 15:00;20.42;20.42;28.81;653.8;33.8
2025-08-05 16:00;20.74;20.77;26.67;530.5;32.1
2025-08-05 17:00;20.81;20.91;25.02;362.9;30.7
2025-08-05 18:00;20.4;20.53;23.51;290.1;29.3
2025-08-05 19:00;20.41;20.55;22.55;157.9;27.1
2025-08-05 20:00;20.4;20.32;19.93;0.0;26.4
2025-08-05 21:00;20.62;20.85;20.48;0.0;24.6
2025-08-05 22:00;20.86;20.99;21.74;0.0;24.2
2025-08-05 23:00;20.21;19.68;20.28;0.0;22.9
2025-08-06 00:00;20.51;20.59;20.14;0.0;23.3
2025-08-06 01:00;20.55;20.58;20.87;0.0;24.2
2025-08-06 02:00;20.57;20.33;20.52;0.0;24.0
2025-08-06 03:00;20.85;21.33;21.12;0.0;25.5
2025-08-06 04:00;20.48;20.5;20.93;0.0;25.6
2025-08-06 05:00;20.89;20.84;20.67;0.0;26.8
2025-08-06 06:00;20.45;20.64;22.71;132.0;28.6
2025-08-06 07:00;20.14;20.07;22.94;252.1;30.2
2025-08-06 08:00;20.79;20.24;24.37;384.2;30.9
2025-08-06 09:00;20.25;21.03;27.29;529.7;33.4
2025-08-06 10:00;20.51;20.56;29.63;681.5;34.2
2025-08-06 11:00;20.93;20.14;30.01;799.0;34.4
2025-08-06 12:00;20.64;20.57;30.42;840.0;35.5
2025-08-06 13:00;21.02;21.3;31.87;854.4;35.0
2025-08-06 14:00;20.62;20.58;30.05;785.8;34.5
2025-08-06 15:00;20.51;20.73;28.9;678.3;32.8
2025-08-06 16:00;20.45;20.17;26.01;551.1;31.9
2025-08-06 17:00;20.89;20.67;24.56;377.2;31.3
2025-08-06 18:00;20.94;20.29;22.72;265.1;28.4
2025-08-06 19:00;20.73;20.72;22.91;148.7;27.2
2025-08-06 20:00;20.67;20.56;20.53;0.0;26.0
2025-08-06 21:00;20.2;19.79;20.09;0.0;24.9
2025-08-06 22:00;20.58;20.58;20.72;0.0;23.9
2025-08-06 23:00;20.43;20.49;20.1;0.0;23.0
2025-08-07 00:00;20.19;20.5;20.69;0.0;23.2
2025-08-07 01:00;20.86;21.36;21.77;0.0;23.3
2025-08-07 02:00;20.3;20.11;20.12;0.0;23.1
2025-08-07 03:00;20.43;20.49;20.19;0.0;25.0
2025-08-07 04:00;20.26;19.98;19.44;0.0;25.8
2025-08-07 05:00;20.87;20.59;21.64;0.0;27.1
2025-08-07 06:00;20.76;20.31;22.19;159.6;29.2
2025-08-07 07:00;20.44;20.43;24.37;273.3;30.3
2025-08-07 08:00;20.75;20.91;25.33;412.2;31.7
2025-08-07 09:00;20.57;20.55;26.97;522.8;33.6
2025-08-07 10:00;20.85;21.03;29.35;661.8;34.3
2025-08-07 11:00;20.24;20.37;29.92;801.7;35.2
2025-08-07 12:00;20.78;20.72;31.22;851.9;35.1
2025-08-07 13:00;20.56;20.59;30.84;885.1;34.8
2025-08-07 14:00;20.44;20.82;30.13;798.1;34.0
2025-08-07 15:00;20.76;21.07;28.76;703.6;33.3
2025-08-07 16:00;20.9;20.91;27.85;547.1;32.1
2025-08-07 17:00;20.64;20.5;26.03;419.5;30.3
2025-08-07 18:00;20.66;20.41;22.94;248.2;29.6
2025-08-07 19:00;20.79;21.26;22.7;156.4;27.0
2025-08-07 20:00;20.68;20.66;20.93;0.0;26.4
2025-08-07 21:00;20.82;20.87;21.07;0.0;24.3
2025-08-07 22:00;21.34;21.15;20.94;0.0;23.9
2025-08-07 23:00;20.59;20.4;20.87;0.0;23.0
2025-08-08 00:00;20.58;20.33;20.52;0.0;23.6
2025-08-08 01:00;20.88;20.94;20.33;0.0;23.0
2025-08-08 02:00;21.17;20.98;20.83;0.0;24.4
2025-08-08 03:00;20.8;21.0;21.8;0.0;24.9
2025-08-08 04:00;20.52;20.1;19.81;0.0;25.9
2025-08-08 05:00;21.16;21.01;21.1;0.0;27.4
2025-08-08 06:00;21.02;21.12;23.71;174.7;29.0
2025-08-08 07:00;20.63;20.81;24.37;264.8;30.1
2025-08-08 08:00;20.98;21.44;25.8;392.7;32.3
2025-08-08 09:00;20.77;21.13;27.07;531.2;33.4
2025-08-08 10:00;20.69;20.69;28.99;676.0;34.3
2025-08-08 11:00;20.95;21.14;31.22;782.4;34.2
2025-08-08 12:00;20.91;20.92;31.71;874.4;34.9
2025-08-08 13:00;20.84;21.16;30.93;864.4;34.2
2025-08-08 14:00;20.68;20.72;30.21;792.3;34.2
2025-08-08 15:00;20.8;20.63;29.7;705.3;33.0
2025-08-08 16:00;20.98;21.28;27.62;500.8;31.4
2025-08-08 17:00;20.8;21.36;25.58;394.8;31.1
2025-08-08 18:00;21.06;20.99;23.6;245.6;28.4
2025-08-08 19:00;21.19;21.17;23.24;138.1;27.2
2025-08-08 20:00;20.95;21.12;21.3;0.0;26.1
2025-08-08 21:00;21.16;21.22;21.5;0.0;25.0
2025-08-08 22:00;21.19;20.99;21.71;0.0;23.8
2025-08-08 23:00;20.47;20.51;20.23;0.0;23.2
2025-08-09 00:00;20.66;20.53;19.77;0.0;23.3
2025-08-09 01:00;20.22;19.74;20.05;0.0;23.0
2025-08-09 02:00;20.93;20.64;20.62;0.0;24.1
2025-08-09 03:00;20.53;20.98;21.33;0.0;24.8
2025-08-09 04:00;20.82;20.89;20.07;0.0;25.9
2025-08-09 05:00;20.64;20.34;20.23;0.0;27.3
2025-08-09 06:00;20.69;20.56;22.63;166.5;29.7
2025-08-09 07:00;20.66;20.87;24.05;256.9;30.2
2025-08-09 08:00;20.86;21.14;25.71;394.6;32.4
2025-08-09 09:00;20.89;20.69;27.1;559.8;33.8
2025-08-09 10:00;20.59;20.43;28.8;688.2;34.1
2025-08-09 11:00;20.97;20.98;30.8;828.7;35.2
2025-08-09 12:00;21.15;21.12;31.57;855.7;35.2
2025-08-09 13:00;20.52;20.59;31.07;852.7;35.1
2025-08-09 14:00;20.49;20.32;30.04;795.9;34.9
2025-08-09 15:00;21.26;21.07;29.52;704.0;33.3
2025-08-09 16:00;21.0;20.92;26.59;537.7;32.2
2025-08-09 17:00;20.22;20.56;24.55;396.6;30.5
2025-08-09 18:00;21.13;20.76;24.03;239.2;28.9
2025-08-09 19:00;21.05;21.08;22.4;156.2;27.2
2025-08-09 20:00;20.81;20.34;20.17;0.0;26.4
2025-08-09 21:00;21.14;21.04;20.9;0.0;25.4
2025-08-09 22:00;21.45;21.56;21.74;0.0;23.7
2025-08-09 23:00;20.99;20.91;20.83;0.0;23.6
2025-08-10 00:00;20.92;21.13;21.16;0.0;23.0
2025-08-10 01:00;20.9;20.93;20.13;0.0;23.5
2025-08-10 02:00;21.01;21.31;20.15;0.0;24.2
2025-08-10 03:00;20.88;21.22;20.8;0.0;25.6
2025-08-10 04:00;20.65;20.47;21.23;0.0;26.2
2025-08-10 05:00;20.97;21.23;21.43;0.0;27.4
2025-08-10 06:00;21.16;21.25;22.98;162.3;29.1
2025-08-10 07:00;21.22;21.41;24.16;272.6;30.6
2025-08-10 08:00;21.18;21.1;25.57;367.9;32.7
2025-08-10 09:00;21.18;21.54;27.28;530.1;33.8
2025-08-10 10:00;21.27;21.19;29.4;692.4;34.4
2025-08-10 11:00;20.54;20.27;22.22;112.2;34.4
2025-08-10 12:00;21.38;21.68;31.59;866.5;34.4
2025-08-10 13:00;21.26;21.12;31.39;872.0;35.7
2025-08-10 14:00;21.25;21.98;31.69;779.8;33.7
2025-08-10 15:00;21.1;21.04;29.25;678.1;33.5
2025-08-10 16:00;20.76;20.43;26.64;519.5;32.0
2025-08-10 17:00;21.21;21.03;25.2;407.8;31.1
2025-08-10 18:00;21.05;20.65;23.4;253.6;28.9
2025-08-10 19:00;21.01;20.83;22.95;177.8;27.6
2025-08-10 20:00;21.06;21.42;21.57;0.0;26.2
2025-08-10 21:00;21.12;21.27;20.75;0.0;24.6
2025-08-10 22:00;20.94;20.86;21.16;0.0;24.3
2025-08-10 23:00;20.84;21.08;20.86;0.0;23.5
2025-08-11 00:00;20.81;20.88;20.57;0.0;23.7
2025-08-11 01:00;20.7;20.86;20.57;0.0;24.1
2025-08-11 02:00;21.12;21.49;22.14;0.0;23.7
2025-08-11 03:00;21.08;21.51;20.84;0.0;24.1
2025-08-11 04:00;21.01;21.13;20.82;0.0;26.1
2025-08-11 05:00;20.53;20.82;21.26;0.0;26.9
2025-08-11 06:00;20.91;20.85;22.37;148.9;29.1
2025-08-11 07:00;20.96;20.73;23.66;247.2;30.1
2025-08-11 08:00;21.1;21.35;25.21;395.6;31.8
2025-08-11 09:00;21.51;21.43;28.53;544.2;33.4
2025-08-11 10:00;21.17;20.9;28.88;671.6;34.2
2025-08-11 11:00;20.97;21.37;30.61;826.5;34.2
2025-08-11 12:00;21.37;21.41;32.34;850.0;34.8
2025-08-11 13:00;21.17;21.32;31.71;863.2;35.0
2025-08-11 14:00;20.63;20.78;29.65;789.4;33.8
2025-08-11 15:00;21.11;21.19;29.36;694.4;32.4
2025-08-11 16:00;21.13;21.1;27.84;540.7;31.8
2025-08-11 17:00;21.27;21.12;25.66;393.6;30.4
2025-08-11 18:00;21.13;21.13;24.51;250.7;28.5
2025-08-11 19:00;21.05;20.85;23.35;193.8;27.6
2025-08-11 20:00;21.14;21.03;20.63;0.0;25.0
2025-08-11 21:00;21.13;20.59;20.34;0.0;25.0
2025-08-11 22:00;21.19;21.28;20.96;0.0;22.6
2025-08-11 23:00;20.8;20.51;20.67;0.0;23.4
2025-08-12 00:00;21.1;20.93;20.77;0.0;22.7
2025-08-12 01:00;20.94;21.03;20.78;0.0;23.1
2025-08-12 02:00;20.93;20.47;20.83;0.0;23.8
2025-08-12 03:00;21.68;21.37;21.28;0.0;25.0
2025-08-12 04:00;21.35;21.2;20.73;0.0;25.9
2025-08-12 05:00;21.03;21.29;21.59;0.0;27.9
2025-08-12 06:00;20.97;21.09;22.31;154.3;29.0
2025-08-12 07:00;21.1;20.52;24.19;241.1;30.6
2025-08-12 08:00;21.07;21.59;25.56;384.5;31.5
2025-08-12 09:00;21.18;21.52;27.4;538.0;32.6
2025-08-12 10:00;21.68;21.49;29.74;675.8;33.6
2025-08-12 11:00;21.19;20.83;30.21;793.2;34.9
2025-08-12 12:00;21.07;21.13;31.15;896.9;35.0
2025-08-12 13:00;21.47;21.33;31.53;881.3;34.4
2025-08-12 14:00;21.44;21.21;29.97;792.2;34.3
2025-08-12 15:00;20.97;21.16;29.73;686.1;33.8
2025-08-12 16:00;21.05;21.33;27.64;534.3;31.8
2025-08-12 17:00;21.37;21.11;25.92;396.2;30.7
2025-08-12 18:00;20.96;20.37;24.18;252.9;29.2
2025-08-12 19:00;21.14;21.2;22.9;149.6;27.0
2025-08-12 20:00;21.45;21.54;21.65;0.0;25.5
2025-08-12 21:00;21.02;21.38;21.32;0.0;25.1
2025-08-12 22:00;21.4;21.09;21.29;0.0;24.2
2025-08-12 23:00;21.22;21.2;21.16;0.0;23.3
2025-08-13 00:00;21.36;21.37;20.77;0.0;23.3
2025-08-13 01:00;21.39;22.08;22.51;0.0;23.4
2025-08-13 02:00;21.23;21.77;22.02;0.0;23.0
2025-08-13 03:00;21.43;21.25;21.44;0.0;24.9
2025-08-13 04:00;21.2;21.45;21.08;0.0;25.9
2025-08-13 05:00;21.1;21.18;20.62;0.0;28.0
2025-08-13 06:00;21.51;21.32;23.37;178.6;29.3
2025-08-13 07:00;20.93;20.8;23.23;234.3;30.6
2025-08-13 08:00;21.27;21.55;25.15;353.6;31.7
2025-08-13 09:00;21.08;21.14;27.3;551.2;32.5
2025-08-13 10:00;21.62;22.22;31.0;677.4;35.1
2025-08-13 11:00;21.46;21.45;31.32;793.4;35.3
2025-08-13 12:00;21.28;21.73;31.4;861.3;35.4
2025-08-13 13:00;21.24;21.39;30.94;858.4;34.7
2025-08-13 14:00;21.59;21.77;31.22;811.4;34.3
2025-08-13 15:00;20.82;20.44;28.84;699.8;32.9
2025-08-13 16:00;21.34;20.81;27.03;516.1;31.4
2025-08-13 17:00;21.27;21.16;26.03;400.6;30.5
2025-08-13 18:00;21.31;21.84;25.76;276.9;28.9
2025-08-13 19:00;21.05;21.17;22.85;162.2;27.3
2025-08-13 20:00;21.35;21.06;20.7;0.0;26.1
2025-08-13 21:00;21.26;21.01;20.64;0.0;24.9
2025-08-13 22:00;21.71;21.55;21.55;0.0;23.7
2025-08-13 23:00;21.03;20.5;20.09;0.0;23.2
2025-08-14 00:00;21.33;21.55;21.58;0.0;23.1
2025-08-14 01:00;21.16;21.42;21.06;0.0;23.2
2025-08-14 02:00;21.45;21.05;22.02;0.0;23.4
2025-08-14 03:00;21.39;21.15;21.02;0.0;24.8
2025-08-14 04:00;21.17;21.36;21.18;0.0;25.8
2025-08-14 05:00;21.97;21.88;21.94;0.0;27.9
2025-08-14 06:00;21.04;20.16;22.51;184.0;29.2
2025-08-14 07:00;21.05;20.84;24.2;282.6;30.9
2025-08-14 08:00;21.15;20.92;25.27;385.9;32.6
2025-08-14 09:00;21.35;21.24;27.47;512.1;32.9
2025-08-14 10:00;21.56;21.53;29.48;681.4;34.3
2025-08-14 11:00;21.47;21.87;31.26;818.4;36.1
2025-08-14 12:00;21.83;22.15;32.24;874.1;34.3
2025-08-14 13:00;21.41;21.7;31.99;852.8;35.3
2025-08-14 14:00;21.31;21.18;30.18;796.4;34.5
2025-08-14 15:00;21.45;21.51;29.5;670.8;33.4
2025-08-14 16:00;21.14;21.27;27.48;533.8;32.2
2025-08-14 17:00;21.35;21.89;26.51;385.5;30.9
2025-08-14 18:00;21.46;21.86;24.57;265.0;28.7
2025-08-14 19:00;21.75;21.72;22.64;154.4;27.9
2025-08-14 20:00;21.67;21.83;21.49;0.0;25.8
2025-08-14 21:00;21.31;21.12;20.3;0.0;24.5
2025-08-14 22:00;21.73;21.27;21.77;0.0;24.1
2025-08-14 23:00;21.72;21.73;21.78;0.0;23.2
2025-08-15 00:00;21.21;21.57;21.12;0.0;23.1
2025-08-15 01:00;21.54;21.39;21.7;0.0;23.0
2025-08-15 02:00;21.66;21.08;21.13;0.0;24.4
2025-08-15 03:00;21.08;21.29;21.56;0.0;25.2
2025-08-15 04:00;21.61;21.69;21.95;0.0;25.5
2025-08-15 05:00;21.44;20.93;20.02;0.0;27.1
2025-08-15 06:00;21.27;21.24;23.42;173.4;29.1
2025-08-15 07:00;21.6;21.65;24.71;249.5;30.6
2025-08-15 08:00;21.51;22.06;26.4;377.2;32.4
2025-08-15 09:00;21.35;20.87;27.14;505.5;33.1
2025-08-15 10:00;21.67;22.18;30.0;668.9;34.6
2025-08-15 11:00;21.33;21.11;30.59;804.0;34.7
2025-08-15 12:00;21.7;21.85;32.37;888.5;35.1
2025-08-15 13:00;21.3;21.74;31.52;843.9;35.2
2025-08-15 14:00;21.89;22.28;32.4;806.2;34.6
2025-08-15 15:00;21.5;21.43;28.32;667.4;33.5
2025-08-15 16:00;21.52;22.02;28.07;535.9;32.2
2025-08-15 17:00;20.96;20.89;24.53;378.5;30.6
2025-08-15 18:00;21.54;21.1;23.77;237.4;29.2
2025-08-15 19:00;22.2;22.31;24.17;164.1;27.1
2025-08-15 20:00;21.47;21.2;21.31;0.0;25.7
2025-08-15 21:00;20.97;20.97;21.4;0.0;24.8
2025-08-15 22:00;21.35;20.93;20.19;0.0;23.6
2025-08-15 23:00;21.46;21.7;22.31;0.0;23.5
2025-08-16 00:00;21.37;21.41;21.17;0.0;23.4
2025-08-16 01:00;21.59;21.34;20.46;0.0;22.9
2025-08-16 02:00;21.43;21.88;21.69;0.0;23.4
2025-08-16 03:00;21.46;21.83;22.29;0.0;25.0
2025-08-16 04:00;21.07;21.13;21.43;0.0;26.5
2025-08-16 05:00;21.66;21.67;21.38;0.0;27.6
2025-08-16 06:00;21.36;21.39;23.19;147.2;28.3
2025-08-16 07:00;21.83;21.97;25.46;268.8;30.1
2025-08-16 08:00;21.76;21.56;26.51;373.9;32.7
2025-08-16 09:00;21.34;20.79;27.23;506.5;33.1
2025-08-16 10:00;21.26;21.13;28.86;693.6;34.8
2025-08-16 11:00;21.43;21.45;30.66;788.3;34.7
2025-08-16 12:00;21.13;20.89;31.76;889.3;34.4
2025-08-16 13:00;21.45;21.44;31.57;899.4;35.4
2025-08-16 14:00;21.47;21.44;30.77;795.6;34.2
2025-08-16 15:00;21.5;21.48;29.27;654.8;33.1
2025-08-16 16:00;21.57;21.71;27.52;547.3;32.1
2025-08-16 17:00;21.31;21.78;26.44;387.8;30.1
2025-08-16 18:00;21.41;21.23;24.39;274.4;28.9
2025-08-16 19:00;21.74;22.03;23.15;157.8;27.3
2025-08-16 20:00;21.34;21.27;22.21;0.0;25.9
2025-08-16 21:00;21.83;22.42;22.87;0.0;24.9
2025-08-16 22:00;21.29;21.28;21.05;0.0;23.6
2025-08-16 23:00;21.67;21.75;22.45;0.0;22.6
2025-08-17 00:00;21.67;21.47;21.82;0.0;22.9
2025-08-17 01:00;21.31;21.3;21.46;0.0;23.2
2025-08-17 02:00;21.86;21.43;21.09;0.0;23.9
2025-08-17 03:00;21.42;21.49;20.52;0.0;25.0
2025-08-17 04:00;21.53;21.89;21.75;0.0;27.1
2025-08-17 05:00;21.97;22.32;22.24;0.0;27.6
2025-08-17 06:00;21.76;21.82;23.83;171.9;28.9
2025-08-17 07:00;21.88;21.75;24.63;270.3;30.4
2025-08-17 08:00;21.85;22.0;26.72;377.1;32.5
2025-08-17 09:00;21.47;21.68;28.5;540.1;33.4
2025-08-17 10:00;21.62;21.36;29.4;688.6;34.4
2025-08-17 11:00;21.5;21.53;30.89;799.9;34.5
2025-08-17 12:00;21.65;21.41;32.03;880.2;35.0
2025-08-17 13:00;21.49;21.19;31.11;868.6;35.2
2025-08-17 14:00;21.89;21.83;31.05;793.3;34.5
2025-08-17 15:00;21.7;21.2;29.73;683.0;32.4
2025-08-17 16:00;20.94;21.0;28.07;538.8;31.7
2025-08-17 17:00;21.9;22.15;26.7;368.5;31.0
2025-08-17 18:00;21.81;21.65;24.9;276.6;29.1
2025-08-17 19:00;21.47;21.29;23.2;161.9;26.7
2025-08-17 20:00;21.45;21.19;21.64;0.0;26.4
2025-08-17 21:00;21.51;21.73;21.54;0.0;24.6
2025-08-17 22:00;21.54;21.49;21.87;0.0;24.2
2025-08-17 23:00;21.89;21.87;22.67;0.0;23.1
2025-08-18 00:00;21.37;21.53;21.2;0.0;23.6
2025-08-18 01:00;21.72;21.4;21.82;0.0;23.3
2025-08-18 02:00;21.63;21.49;21.55;0.0;23.9
2025-08-18 03:00;21.66;20.81;20.82;0.0;24.9
2025-08-18 04:00;21.64;21.22;20.65;0.0;25.4
2025-08-18 05:00;21.61;21.49;21.69;0.0;27.9
2025-08-18 06:00;21.86;21.54;23.14;188.4;28.9
2025-08-18 07:00;21.9;22.22;24.91;275.1;30.9
2025-08-18 08:00;21.62;21.8;25.98;373.6;32.6
2025-08-18 09:00;21.74;21.28;26.81;507.6;33.2
2025-08-18 10:00;22.33;22.56;30.09;642.3;34.1
2025-08-18 11:00;21.79;22.11;31.6;833.1;34.7
2025-08-18 12:00;21.92;22.1;32.46;894.3;35.0
2025-08-18 13:00;21.58;20.93;31.47;885.8;34.6
2025-08-18 14:00;21.82;21.89;31.0;782.5;34.6
2025-08-18 15:00;21.74;21.52;29.15;675.9;33.8
2025-08-18 16:00;21.8;21.87;27.62;532.1;32.7
2025-08-18 17:00;21.55;21.67;26.82;390.1;30.3
2025-08-18 18:00;22.2;21.9;24.51;250.5;29.1
2025-08-18 19:00;21.35;21.45;23.49;152.9;26.9
2025-08-18 20:00;21.77;21.78;22.01;0.0;25.6
2025-08-18 21:00;21.4;21.24;21.33;0.0;24.8
2025-08-18 22:00;21.65;22.3;21.55;0.0;24.1
2025-08-18 23:00;21.78;21.72;21.23;0.0;23.0
2025-08-19 00:00;21.89;21.9;22.04;0.0;23.2
2025-08-19 01:00;21.39;21.18;21.24;0.0;23.0
2025-08-19 02:00;21.8;21.97;21.74;0.0;23.9
2025-08-19 03:00;21.93;21.91;21.41;0.0;24.8
2025-08-19 04:00;22.0;22.41;22.88;0.0;25.6
2025-08-19 05:00;21.49;21.48;22.11;0.0;27.5
2025-08-19 06:00;21.48;21.66;23.82;153.8;29.2
2025-08-19 07:00;21.58;21.57;24.36;253.7;30.4
2025-08-19 08:00;21.99;21.93;26.26;390.1;31.7
2025-08-19 09:00;21.85;21.88;28.43;537.5;33.8
2025-08-19 10:00;21.33;21.59;29.03;673.0;34.7
2025-08-19 11:00;21.84;21.9;30.99;779.9;35.1
2025-08-19 12:00;22.25;22.28;32.49;900.8;34.4
2025-08-19 13:00;21.76;21.65;30.75;892.2;34.3
2025-08-19 14:00;22.09;21.97;30.12;782.9;34.4
2025-08-19 15:00;22.12;22.43;30.64;674.7;33.3
2025-08-19 16:00;21.45;21.54;27.69;540.1;31.6
2025-08-19 17:00;21.26;21.04;25.29;395.4;30.5
2025-08-19 18:00;22.2;22.44;23.13;66.9;28.6
2025-08-19 19:00;21.65;21.51;23.75;174.8;27.9
2025-08-19 20:00;21.83;21.65;22.22;0.0;26.3
2025-08-19 21:00;22.14;22.16;21.84;0.0;25.5
2025-08-19 22:00;22.02;22.15;22.71;0.0;23.5
2025-08-19 23:00;21.51;21.83;21.43;0.0;23.5
2025-08-20 00:00;21.95;22.55;23.79;0.0;22.8
2025-08-20 01:00;21.84;22.0;22.35;0.0;23.4
2025-08-20 02:00;22.33;22.4;22.6;0.0;23.7
2025-08-20 03:00;21.99;22.24;21.99;0.0;25.0
2025-08-20 04:00;21.6;21.74;22.05;0.0;25.8
2025-08-20 05:00;22.3;22.29;22.56;0.0;27.6
2025-08-20 06:00;21.7;22.13;23.88;151.1;28.6
2025-08-20 07:00;22.03;22.18;25.36;269.4;30.7
2025-08-20 08:00;21.83;21.91;26.42;375.2;32.0
2025-08-20 09:00;21.68;21.89;27.92;526.6;33.8
2025-08-20 10:00;22.19;22.77;30.89;691.1;34.6
2025-08-20 11:00;21.58;21.13;30.85;787.3;34.5
2025-08-20 12:00;21.76;22.04;33.27;894.1;34.7
2025-08-20 13:00;21.81;21.86;32.27;868.7;34.5
2025-08-20 14:00;22.34;22.19;31.76;824.5;34.6
2025-08-20 15:00;21.96;21.97;29.74;687.0;33.0
2025-08-20 16:00;21.82;22.33;27.99;519.9;31.9
2025-08-20 17:00;21.62;21.35;25.46;383.8;29.9
2025-08-20 18:00;21.97;22.02;25.12;257.1;29.1
2025-08-20 19:00;22.2;22.44;23.59;137.4;27.1
2025-08-20 20:00;22.37;22.04;21.67;0.0;26.3
2025-08-20 21:00;22.06;22.22;22.36;0.0;25.2
2025-08-20 22:00;21.65;21.97;22.44;0.0;24.0
2025-08-20 23:00;21.97;21.51;21.72;0.0;23.1
2025-08-21 00:00;21.97;22.3;22.17;0.0;23.2
2025-08-21 01:00;21.72;21.72;21.65;0.0;23.4
2025-08-21 02:00;21.88;21.85;22.18;0.0;23.9
2025-08-21 03:00;21.57;22.1;22.65;0.0;24.6
2025-08-21 04:00;22.15;21.99;22.1;0.0;25.5
2025-08-21 05:00;21.91;21.68;21.4;0.0;27.6
2025-08-21 06:00;22.4;22.31;24.65;144.4;28.6
2025-08-21 07:00;22.1;22.12;25.51;263.5;31.0
2025-08-21 08:00;22.02;22.54;26.76;366.5;32.2
2025-08-21 09:00;22.58;22.35;28.25;549.8;33.0
2025-08-21 10:00;22.54;22.31;30.77;692.7;34.3
2025-08-21 11:00;21.82;21.66;31.8;832.7;34.4
2025-08-21 12:00;21.86;21.86;32.4;870.4;34.8
2025-08-21 13:00;22.4;22.03;32.5;863.7;34.8
2025-08-21 14:00;22.19;21.88;31.32;798.6;34.1
2025-08-21 15:00;21.91;21.59;29.22;676.9;33.3
2025-08-21 16:00;22.34;22.2;28.41;552.4;33.2
2025-08-21 17:00;22.16;22.19;25.8;383.2;31.0
2025-08-21 18:00;21.73;21.74;24.76;243.2;28.9
2025-08-21 19:00;22.24;22.85;24.31;163.2;27.8
2025-08-21 20:00;21.85;22.02;21.65;0.0;26.2
2025-08-21 21:00;22.01;22.3;22.67;0.0;24.6
2025-08-21 22:00;22.09;21.88;21.38;0.0;23.3
2025-08-21 23:00;22.0;22.73;22.9;0.0;23.1
2025-08-22 00:00;21.93;22.24;23.08;0.0;22.4
2025-08-22 01:00;21.6;22.17;22.32;0.0;22.6
2025-08-22 02:00;22.21;21.41;21.42;0.0;23.5
2025-08-22 03:00;22.3;22.0;22.03;0.0;24.9
2025-08-22 04:00;22.13;21.86;21.7;0.0;25.6
2025-08-22 05:00;22.23;22.49;22.39;0.0;27.0
2025-08-22 06:00;22.06;21.83;24.23;135.1;29.0
2025-08-22 07:00;22.51;22.62;25.83;260.2;30.9
2025-08-22 08:00;22.02;22.45;27.31;403.4;32.0
2025-08-22 09:00;22.07;22.44;28.38;521.7;33.1
2025-08-22 10:00;22.03;22.31;30.52;682.7;34.2
2025-08-22 11:00;22.16;22.52;31.63;793.7;34.8
2025-08-22 12:00;21.81;21.37;31.66;880.4;34.2
2025-08-22 13:00;22.45;22.65;32.57;884.5;34.5
2025-08-22 14:00;22.22;22.67;32.64;802.7;34.1
2025-08-22 15:00;22.51;22.63;30.3;683.1;33.4
2025-08-22 16:00;22.21;22.17;28.7;544.2;32.6
2025-08-22 17:00;22.44;22.5;27.69;410.6;30.6
2025-08-22 18:00;21.93;22.21;25.03;262.0;28.6
2025-08-22 19:00;21.83;21.83;23.97;151.3;27.0
2025-08-22 20:00;22.56;22.71;23.12;0.0;25.6
2025-08-22 21:00;22.39;22.06;22.42;0.0;24.5
2025-08-22 22:00;22.31;21.96;21.6;0.0;23.9
2025-08-22 23:00;21.94;22.07;21.53;0.0;23.4
2025-08-23 00:00;21.86;22.03;22.28;0.0;23.3
2025-08-23 01:00;22.31;22.39;22.18;0.0;22.9
2025-08-23 02:00;21.68;21.78;21.15;0.0;23.4
2025-08-23 03:00;22.1;22.3;22.18;0.0;24.8
2025-08-23 04:00;22.35;22.45;22.57;0.0;25.9
2025-08-23 05:00;21.78;22.0;22.25;0.0;27.6
2025-08-23 06:00;22.47;22.29;23.36;153.2;28.6
2025-08-23 07:00;22.5;22.61;26.16;265.3;30.8
2025-08-23 08:00;22.58;23.11;28.5;400.4;32.8
2025-08-23 09:00;21.83;21.94;27.46;541.2;33.0
2025-08-23 10:00;22.18;21.98;30.62;695.1;34.4
2025-08-23 11:00;22.21;22.51;32.81;832.2;35.3
2025-08-23 12:00;21.92;22.03;32.02;863.8;34.7
2025-08-23 13:00;22.32;22.78;33.27;866.0;35.5
2025-08-23 14:00;22.0;22.92;31.96;809.7;34.4
2025-08-23 15:00;22.2;22.73;31.42;687.7;33.1
2025-08-23 16:00;22.06;22.02;28.63;531.5;31.8
2025-08-23 17:00;22.42;22.61;26.61;368.1;30.7
2025-08-23 18:00;22.34;22.37;25.74;246.5;29.4
2025-08-23 19:00;22.22;22.16;23.62;149.1;27.4
2025-08-23 20:00;21.88;21.74;21.62;0.0;25.9
2025-08-23 21:00;22.21;22.19;22.38;0.0;24.7
2025-08-23 22:00;22.11;21.74;21.33;0.0;24.2
2025-08-23 23:00;22.18;21.95;21.43;0.0;23.0
2025-08-24 00:00;22.31;22.49;22.26;0.0;22.8
2025-08-24 01:00;22.03;22.02;21.68;0.0;23.0
2025-08-24 02:00;21.81;21.71;21.83;0.0;24.0
2025-08-24 03:00;22.93;23.04;22.63;0.0;24.8
2025-08-24 04:00;21.81;21.79;21.45;0.0;26.0
2025-08-24 05:00;22.12;22.08;21.83;0.0;27.8
2025-08-24 06:00;22.54;22.74;24.36;152.1;29.7
2025-08-24 07:00;22.47;22.46;24.85;251.8;30.9
2025-08-24 08:00;22.16;22.47;27.18;410.6;32.0
2025-08-24 09:00;22.21;22.13;28.56;557.2;33.7
2025-08-24 10:00;21.98;22.18;29.63;706.2;35.0
2025-08-24 11:00;22.02;21.85;30.99;806.0;35.1
2025-08-24 12:00;22.41;22.35;32.5;863.0;34.8
2025-08-24 13:00;22.2;21.98;32.34;889.3;35.0
2025-08-24 14:00;22.47;22.17;31.36;805.7;34.7
2025-08-24 15:00;22.13;22.29;30.63;669.3;33.0
2025-08-24 16:00;22.18;22.1;28.78;540.6;31.7
2025-08-24 17:00;22.19;22.28;26.56;371.0;30.5
2025-08-24 18:00;22.35;21.99;25.4;224.2;28.1
2025-08-24 19:00;22.71;22.6;24.5;149.0;26.9
2025-08-24 20:00;21.83;22.06;22.15;0.0;26.1
2025-08-24 21:00;23.34;22.72;23.41;0.0;25.0
2025-08-24 22:00;22.43;22.42;22.25;0.0;23.7
2025-08-24 23:00;22.44;21.99;22.29;0.0;23.0
2025-08-25 00:00;22.07;21.94;22.44;0.0;22.8
2025-08-25 01:00;22.44;22.22;22.53;0.0;23.0
2025-08-25 02:00;22.81;22.76;23.03;0.0;24.1
2025-08-25 03:00;22.67;22.46;22.76;0.0;24.8
2025-08-25 04:00;22.33;22.36;22.46;0.0;25.9
2025-08-25 05:00;22.4;22.87;23.27;0.0;27.4
2025-08-25 06:00;22.43;22.59;23.97;150.0;29.3
2025-08-25 07:00;22.72;22.54;25.6;269.2;30.2
2025-08-25 08:00;22.24;21.9;25.91;379.2;31.3
2025-08-25 09:00;21.62;21.56;27.2;535.0;33.4
2025-08-25 10:00;22.59;22.64;31.0;693.5;34.7
2025-08-25 11:00;22.83;23.11;32.24;788.5;35.1
2025-08-25 12:00;22.28;22.13;31.83;854.5;35.5
2025-08-25 13:00;22.27;21.73;32.14;876.4;34.0
2025-08-25 14:00;22.13;22.05;31.52;801.8;33.4
2025-08-25 15:00;22.23;22.39;30.69;700.8;32.8
2025-08-25 16:00;22.39;22.65;29.32;552.8;32.1
2025-08-25 17:00;23.06;23.51;28.06;368.1;30.8
2025-08-25 18:00;22.02;22.19;25.14;252.8;29.0
2025-08-25 19:00;22.93;23.1;24.33;150.7;27.6
2025-08-25 20:00;22.07;22.39;22.21;0.0;26.2
2025-08-25 21:00;22.79;22.4;21.84;0.0;24.7
2025-08-25 22:00;22.71;22.26;21.12;0.0;23.6
2025-08-25 23:00;22.59;22.95;22.76;0.0;23.0
2025-08-26 00:00;22.74;22.18;22.02;0.0;22.8
2025-08-26 01:00;22.56;22.41;22.42;0.0;23.3
2025-08-26 02:00;22.28;22.42;22.02;0.0;22.8
2025-08-26 03:00;22.55;22.45;22.52;0.0;24.8
2025-08-26 04:00;22.39;22.57;22.63;0.0;25.6
2025-08-26 05:00;22.49;22.71;21.89;0.0;27.2
2025-08-26 06:00;22.05;22.46;24.06;151.8;29.5
2025-08-26 07:00;22.23;22.06;25.46;282.0;30.4
2025-08-26 08:00;22.15;22.06;26.58;379.1;31.5
2025-08-26 09:00;22.46;22.53;29.38;560.1;33.6
2025-08-26 10:00;22.97;23.07;32.01;707.4;33.7
2025-08-26 11:00;22.42;22.78;32.29;806.3;34.6
2025-08-26 12:00;22.66;22.52;33.48;854.3;34.2
2025-08-26 13:00;22.7;22.67;32.73;843.8;33.7
2025-08-26 14:00;22.86;22.71;32.38;822.0;33.9
2025-08-26 15:00;22.62;22.23;30.34;670.9;33.1
2025-08-26 16:00;22.46;22.35;28.89;505.7;32.2
2025-08-26 17:00;22.35;22.67;27.81;382.1;30.4
2025-08-26 18:00;22.45;22.3;24.96;246.8;28.8
2025-08-26 19:00;22.88;22.9;24.24;128.2;27.4
2025-08-26 20:00;22.54;22.02;22.62;0.0;26.0
2025-08-26 21:00;22.66;22.94;22.53;0.0;24.8
2025-08-26 22:00;22.48;22.73;21.88;0.0;24.0
2025-08-26 23:00;22.39;22.52;22.71;0.0;23.2
2025-08-27 00:00;22.36;22.33;21.97;0.0;22.7
2025-08-27 01:00;22.45;21.57;21.42;0.0;23.5
2025-08-27 02:00;22.13;21.76;21.8;0.0;23.4
2025-08-27 03:00;22.61;22.43;22.61;0.0;25.3
2025-08-27 04:00;22.36;22.01;21.31;0.0;25.8
2025-08-27 05:00;22.57;22.54;22.37;0.0;27.3
2025-08-27 06:00;22.66;22.57;24.39;166.0;28.6
2025-08-27 07:00;22.41;22.7;25.65;234.0;30.8
2025-08-27 08:00;22.66;22.45;27.62;392.9;32.4
2025-08-27 09:00;23.01;22.88;29.58;547.1;32.8
2025-08-27 10:00;22.1;21.87;30.23;672.6;35.1
2025-08-27 11:00;22.68;22.75;32.7;805.6;34.9
2025-08-27 12:00;22.73;22.61;32.53;860.9;34.6
2025-08-27 13:00;22.98;23.2;34.4;896.1;35.2
2025-08-27 14:00;22.79;22.48;32.05;794.9;33.5
2025-08-27 15:00;22.37;22.12;30.68;686.1;32.7
2025-08-27 16:00;22.55;22.54;28.72;533.2;32.3
2025-08-27 17:00;23.11;22.73;27.13;369.0;30.4
2025-08-27 18:00;23.04;23.63;26.09;237.2;29.4
2025-08-27 19:00;22.9;22.85;24.71;131.8;27.4
2025-08-27 20:00;22.45;22.52;21.78;0.0;26.2
2025-08-27 21:00;22.71;22.9;23.33;0.0;25.0
2025-08-27 22:00;22.67;22.41;22.12;0.0;24.0
2025-08-27 23:00;22.99;22.92;22.94;0.0;23.7
2025-08-28 00:00;22.92;23.12;23.9;0.0;22.6
2025-08-28 01:00;22.53;22.6;22.86;0.0;22.9
2025-08-28 02:00;22.41;22.67;22.96;0.0;23.7
2025-08-28 03:00;22.96;23.31;23.37;0.0;24.4
2025-08-28 04:00;22.76;22.5;22.51;0.0;26.0
2025-08-28 05:00;22.84;22.37;22.97;0.0;26.6
2025-08-28 06:00;22.61;22.7;24.93;153.7;28.9
2025-08-28 07:00;22.71;22.35;25.15;275.2;30.6
2025-08-28 08:00;22.43;22.31;26.3;370.9;32.7
2025-08-28 09:00;22.91;23.07;29.65;550.3;33.4
2025-08-28 10:00;22.54;22.01;30.44;681.9;34.9
2025-08-28 11:00;22.42;22.75;33.08;802.0;34.9
2025-08-28 12:00;22.84;22.46;33.31;857.5;35.1
2025-08-28 13:00;22.3;22.78;33.38;884.8;34.8
2025-08-28 14:00;22.85;22.57;30.94;782.7;34.8
2025-08-28 15:00;23.02;22.73;31.19;666.5;33.6
2025-08-28 16:00;22.77;22.48;28.99;557.6;31.9
2025-08-28 17:00;22.19;22.33;26.47;386.2;30.7
2025-08-28 18:00;22.67;22.96;26.3;230.7;28.5
2025-08-28 19:00;22.77;22.89;24.69;149.0;27.0
2025-08-28 20:00;22.43;22.86;23.59;0.0;26.0
2025-08-28 21:00;22.47;22.39;22.0;0.0;24.1
2025-08-28 22:00;22.54;23.19;23.67;0.0;24.0
2025-08-28 23:00;22.98;23.31;23.08;0.0;23.3
2025-08-29 00:00;22.74;23.0;23.05;0.0;22.7
2025-08-29 01:00;22.52;22.49;22.46;0.0;22.6
2025-08-29 02:00;22.37;22.52;23.12;0.0;24.6
2025-08-29 03:00;22.61;22.76;22.99;0.0;25.7
2025-08-29 04:00;22.69;22.82;21.81;0.0;26.1
2025-08-29 05:00;22.74;22.67;23.49;0.0;27.7
2025-08-29 06:00;22.4;22.85;24.67;150.8;28.7
2025-08-29 07:00;22.58;22.4;25.15;236.6;30.3
2025-08-29 08:00;23.01;22.84;27.93;391.3;32.2
2025-08-29 09:00;23.07;23.22;29.51;540.7;33.3
2025-08-29 10:00;23.02;23.6;32.28;695.2;35.1
2025-08-29 11:00;22.47;22.43;31.65;813.2;35.0
2025-08-29 12:00;22.63;22.59;32.85;864.9;34.8
2025-08-29 13:00;22.68;22.69;32.62;887.4;33.8
2025-08-29 14:00;22.93;22.95;33.53;831.2;34.9
2025-08-29 15:00;22.75;22.72;30.6;675.0;33.5
2025-08-29 16:00;22.89;22.93;28.86;517.8;32.0
2025-08-29 17:00;23.16;23.07;26.74;402.4;30.1
2025-08-29 18:00;22.85;23.0;25.62;255.1;28.9
2025-08-29 19:00;22.77;22.92;24.48;152.0;27.9
2025-08-29 20:00;23.3;23.55;23.53;0.0;26.2
2025-08-29 21:00;22.73;23.08;22.83;0.0;24.7
2025-08-29 22:00;22.83;22.68;22.13;0.0;23.8
2025-08-29 23:00;22.8;22.95;22.73;0.0;23.3
2025-08-30 00:00;22.59;23.1;22.41;0.0;23.5
2025-08-30 01:00;22.93;22.69;22.86;0.0;23.4
2025-08-30 02:00;22.25;22.4;21.41;0.0;24.3
2025-08-30 03:00;23.21;23.04;22.57;0.0;24.4
2025-08-30 04:00;23.32;22.77;22.35;0.0;25.9
2025-08-30 05:00;23.26;23.23;22.74;0.0;28.0
2025-08-30 06:00;23.1;22.92;24.39;180.8;29.8
2025-08-30 07:00;22.89;23.09;26.92;276.7;30.7
2025-08-30 08:00;23.27;22.82;26.59;384.5;31.6
2025-08-30 09:00;22.81;23.0;28.98;506.1;33.3
2025-08-30 10:00;23.04;23.68;31.65;662.4;34.2
2025-08-30 11:00;23.11;23.18;32.98;806.2;33.8
2025-08-30 12:00;22.89;23.14;33.34;890.7;34.9
2025-08-30 13:00;22.6;23.24;33.82;858.8;34.5
2025-08-30 14:00;22.51;22.54;31.45;784.4;35.0
2025-08-30 15:00;23.04;23.73;31.3;697.9;32.6
2025-08-30 16:00;23.06;22.95;29.29;550.9;32.5
2025-08-30 17:00;22.9;23.14;27.69;415.8;30.7
2025-08-30 18:00;23.05;23.1;26.69;272.2;28.7
2025-08-30 19:00;22.84;23.2;25.22;142.1;27.2
2025-08-30 20:00;23.0;22.4;22.42;0.0;25.5
2025-08-30 21:00;22.67;22.42;22.72;0.0;25.5
2025-08-30 22:00;22.75;22.93;22.67;0.0;23.2
2025-08-30 23:00;23.09;23.22;23.32;0.0;23.1
2025-08-31 00:00;22.99;22.96;23.14;0.0;22.9
2025-08-31 01:00;22.85;22.56;22.54;0.0;23.0
2025-08-31 02:00;22.62;22.7;22.78;0.0;23.5
2025-08-31 03:00;22.79;22.91;23.13;0.0;25.1
2025-08-31 04:00;22.69;22.73;22.88;0.0;26.2
2025-08-31 05:00;22.37;22.42;23.3;0.0;27.4
2025-08-31 06:00;22.86;22.96;25.15;146.0;28.9
2025-08-31 07:00;22.98;23.29;26.61;253.9;30.9
2025-08-31 08:00;22.85;23.39;27.9;397.4;31.5
2025-08-31 09:00;23.22;23.4;29.33;536.4;33.7
2025-08-31 10:00;23.02;23.13;30.92;685.8;35.2
2025-08-31 11:00;23.2;23.46;32.94;821.1;34.9
2025-08-31 12:00;22.96;23.02;32.73;876.1;34.8
2025-08-31 13:00;23.04;22.88;33.6;869.0;35.1
2025-08-31 14:00;22.63;22.25;30.59;803.4;34.4
2025-08-31 15:00;23.56;23.5;32.0;730.5;33.6
2025-08-31 16:00;23.34;23.22;29.97;559.3;32.4
2025-08-31 17:00;22.42;22.67;26.65;367.1;30.4
2025-08-31 18:00;23.0;23.0;25.94;258.2;28.2
2025-08-31 19:00;22.66;22.45;24.43;151.3;27.7
2025-08-31 20:00;23.04;22.74;22.67;0.0;26.1
2025-08-31 21:00;23.04;23.47;22.88;0.0;23.9
2025-08-31 22:00;23.08;23.45;23.27;0.0;23.6
2025-08-31 23:00;22.5;22.53;23.35;0.0;22.9
2025-09-01 00:00;22.99;23.08;23.08;0.0;20.1
2025-09-01 01:00;23.19;23.26;23.27;0.0;19.9
2025-09-01 02:00;23.31;23.51;23.29;0.0;20.3
2025-09-01 03:00;22.86;22.63;22.32;0.0;22.0
2025-09-01 04:00;23.1;22.55;22.06;0.0;22.0
2025-09-01 05:00;22.96;22.91;22.78;0.0;23.2
2025-09-01 06:00;22.89;22.97;23.91;110.8;25.1
2025-09-01 07:00;23.31;23.49;25.8;212.2;27.1
2025-09-01 08:00;23.38;23.4;26.79;311.4;28.4
2025-09-01 09:00;22.6;22.23;27.18;415.9;29.0
2025-09-01 10:00;23.37;23.37;30.3;565.6;29.9
2025-09-01 11:00;23.04;22.66;29.49;644.0;31.3
2025-09-01 12:00;23.16;23.12;31.61;710.8;30.8
2025-09-01 13:00;23.08;22.88;31.69;712.0;30.6
2025-09-01 14:00;23.11;23.37;30.64;664.1;29.8
2025-09-01 15:00;22.95;23.32;29.83;543.3;28.9
2025-09-01 16:00;22.86;22.56;28.1;432.0;27.9
2025-09-01 17:00;22.95;22.9;26.21;331.4;27.6
2025-09-01 18:00;22.99;23.23;25.32;216.9;25.3
2025-09-01 19:00;23.22;23.0;24.18;107.4;24.5
2025-09-01 20:00;22.87;22.87;22.78;0.0;22.6
2025-09-01 21:00;22.88;22.98;23.64;0.0;21.5
2025-09-01 22:00;23.31;22.89;22.96;0.0;20.8
2025-09-01 23:00;22.69;22.47;22.95;0.0;19.7
2025-09-02 00:00;23.12;22.66;22.58;0.0;20.4
2025-09-02 01:00;23.1;22.55;22.19;0.0;20.3
2025-09-02 02:00;23.19;22.53;22.46;0.0;20.7
2025-09-02 03:00;23.26;23.47;23.71;0.0;21.7
2025-09-02 04:00;22.57;22.46;22.86;0.0;22.4
2025-09-02 05:00;23.23;23.36;23.51;0.0;24.6
2025-09-02 06:00;22.91;23.49;24.68;126.4;25.3
2025-09-02 07:00;22.87;22.44;25.09;218.3;27.4
2025-09-02 08:00;22.84;22.06;25.64;302.4;28.7
2025-09-02 09:00;22.66;22.58;27.51;431.5;29.8
2025-09-02 10:00;23.19;22.98;30.2;564.8;30.6
2025-09-02 11:00;23.18;23.55;30.71;657.7;31.1
2025-09-02 12:00;22.68;23.13;31.81;701.1;30.9
2025-09-02 13:00;23.21;23.13;31.05;720.8;30.8
2025-09-02 14:00;22.82;22.98;30.78;644.3;30.5
2025-09-02 15:00;23.59;23.61;30.31;546.9;28.6
2025-09-02 16:00;23.75;24.12;28.82;442.1;28.0
2025-09-02 17:00;23.15;23.26;27.08;320.3;27.1
2025-09-02 18:00;23.41;23.87;26.47;231.2;25.7
2025-09-02 19:00;22.62;22.78;24.11;132.0;25.1
2025-09-02 20:00;22.94;22.43;22.25;0.0;23.5
2025-09-02 21:00;23.32;22.7;22.71;0.0;20.8
2025-09-02 22:00;23.05;23.54;23.69;0.0;19.9
2025-09-02 23:00;23.12;23.13;23.32;0.0;19.8
2025-09-03 00:00;23.28;22.46;22.21;0.0;19.5
2025-09-03 01:00;23.28;23.29;22.73;0.0;20.0
2025-09-03 02:00;23.17;23.15;22.92;0.0;20.3
2025-09-03 03:00;23.3;23.14;23.1;0.0;21.4
2025-09-03 04:00;22.76;22.21;22.52;0.0;23.6
2025-09-03 05:00;23.04;22.8;22.7;0.0;23.8
2025-09-03 06:00;22.94;23.58;25.87;140.4;26.1
2025-09-03 07:00;23.07;23.06;25.33;217.2;26.9
2025-09-03 08:00;22.93;22.57;26.47;326.5;28.3
2025-09-03 09:00;23.23;23.01;28.18;435.1;29.8
2025-09-03 10:00;23.2;22.89;29.26;560.8;30.4
2025-09-03 11:00;23.22;22.94;30.89;668.1;31.4
2025-09-03 12:00;23.35;23.69;31.54;703.2;30.6
2025-09-03 13:00;23.14;23.0;31.12;689.6;30.6
2025-09-03 14:00;23.11;23.0;30.18;626.7;30.1
2025-09-03 15:00;23.13;23.39;30.18;577.6;30.0
2025-09-03 16:00;23.24;23.36;28.63;430.9;28.7
2025-09-03 17:00;22.94;23.12;26.79;333.6;26.9
2025-09-03 18:00;22.96;22.63;25.59;210.5;25.4
2025-09-03 19:00;23.26;23.61;24.76;125.3;23.9
2025-09-03 20:00;22.82;23.31;23.16;0.0;23.4
2025-09-03 21:00;22.73;22.59;22.18;0.0;21.5
2025-09-03 22:00;23.17;23.45;23.54;0.0;20.5
2025-09-03 23:00;22.92;22.66;23.38;0.0;20.3
2025-09-04 00:00;23.61;23.54;23.54;0.0;19.7
2025-09-04 01:00;23.51;23.48;23.32;0.0;20.6
2025-09-04 02:00;23.28;23.54;23.54;0.0;20.7
2025-09-04 03:00;23.6;23.71;23.84;0.0;21.9
2025-09-04 04:00;22.53;22.65;22.61;0.0;22.1
2025-09-04 05:00;23.25;23.23;23.68;0.0;23.9
2025-09-04 06:00;23.12;23.22;24.68;117.1;25.5
2025-09-04 07:00;23.31;23.23;24.95;209.7;27.4
2025-09-04 08:00;23.1;22.88;26.65;327.0;28.1
2025-09-04 09:00;22.96;22.91;28.13;429.4;30.0
2025-09-04 10:00;23.18;23.48;29.67;562.5;30.3
2025-09-04 11:00;23.31;24.01;31.31;649.6;31.2
2025-09-04 12:00;23.19;23.47;31.11;711.7;30.8
2025-09-04 13:00;22.85;21.95;30.74;729.1;31.9
2025-09-04 14:00;23.08;22.61;29.8;640.5;30.4
2025-09-04 15:00;22.54;22.29;28.47;565.3;29.4
2025-09-04 16:00;23.22;23.35;28.71;428.6;28.1
2025-09-04 17:00;23.27;23.17;23.69;100.3;27.0
2025-09-04 18:00;23.35;22.81;24.46;223.0;25.9
2025-09-04 19:00;23.26;23.33;24.67;166.0;24.4
2025-09-04 20:00;23.75;24.14;23.89;0.0;22.8
2025-09-04 21:00;22.98;22.73;21.96;0.0;21.5
2025-09-04 22:00;23.64;23.75;24.3;0.0;20.7
2025-09-04 23:00;23.13;22.9;22.61;0.0;20.6
2025-09-05 00:00;23.27;22.4;22.63;0.0;19.3
2025-09-05 01:00;23.38;23.69;23.77;0.0;20.2
2025-09-05 02:00;23.41;23.18;23.09;0.0;21.4
2025-09-05 03:00;23.03;22.91;23.13;0.0;20.7
2025-09-05 04:00;22.94;22.37;22.14;0.0;22.4
2025-09-05 05:00;23.32;23.6;23.24;0.0;24.9
2025-09-05 06:00;22.75;22.72;23.77;110.0;24.9
2025-09-05 07:00;22.72;22.81;25.05;189.7;26.5
2025-09-05 08:00;23.06;23.13;26.44;298.4;28.6
2025-09-05 09:00;23.44;23.39;28.84;424.3;29.5
2025-09-05 10:00;23.58;23.12;29.17;552.8;30.1
2025-09-05 11:00;23.11;23.61;30.87;645.6;30.9
2025-09-05 12:00;23.14;23.35;31.4;694.1;30.8
2025-09-05 13:00;23.31;23.34;31.99;735.7;30.6
2025-09-05 14:00;23.35;23.25;30.75;641.1;30.8
2025-09-05 15:00;23.51;23.79;30.26;573.6;29.3
2025-09-05 16:00;23.5;23.15;28.25;409.9;28.1
2025-09-05 17:00;23.72;23.66;26.71;321.4;27.0
2025-09-05 18:00;23.82;24.13;26.0;182.4;25.8
2025-09-05 19:00;23.31;23.32;23.94;98.9;24.1
2025-09-05 20:00;23.12;22.79;22.75;0.0;22.3
2025-09-05 21:00;23.41;23.6;23.84;0.0;21.4
2025-09-05 22:00;23.4;23.71;23.89;0.0;20.6
2025-09-05 23:00;23.57;24.09;23.09;0.0;20.9
2025-09-06 00:00;23.24;23.2;22.88;0.0;20.0
2025-09-06 01:00;22.87;22.99;22.68;0.0;20.3
2025-09-06 02:00;23.43;23.45;23.87;0.0;20.5
2025-09-06 03:00;23.3;23.56;23.71;0.0;21.2
2025-09-06 04:00;23.59;23.47;23.22;0.0;22.9
2025-09-06 05:00;23.28;23.61;23.76;0.0;24.3
2025-09-06 06:00;23.52;23.12;24.32;133.4;25.3
2025-09-06 07:00;23.45;23.84;26.95;220.9;26.5
2025-09-06 08:00;23.29;23.54;27.03;302.0;28.4
2025-09-06 09:00;23.79;23.76;28.54;431.1;29.2
2025-09-06 10:00;23.4;22.82;29.2;557.0;30.6
2025-09-06 11:00;23.66;23.36;31.61;673.7;29.9
2025-09-06 12:00;23.38;23.24;30.8;707.1;30.7
2025-09-06 13:00;23.5;23.36;31.27;727.6;29.9
2025-09-06 14:00;23.51;23.72;30.34;633.1;30.4
2025-09-06 15:00;23.3;22.92;29.63;560.9;29.1
2025-09-06 16:00;23.68;23.77;29.29;429.4;28.1
2025-09-06 17:00;22.97;23.19;27.63;331.5;27.0
2025-09-06 18:00;23.25;22.91;25.79;217.3;26.1
2025-09-06 19:00;23.52;24.08;25.87;111.2;24.2
2025-09-06 20:00;23.64;23.83;24.01;0.0;23.0
2025-09-06 21:00;23.05;23.11;23.08;0.0;22.0
2025-09-06 22:00;23.28;23.43;23.11;0.0;20.8
2025-09-06 23:00;23.23;23.49;23.48;0.0;20.0
2025-09-07 00:00;23.3;23.3;23.95;0.0;19.8
2025-09-07 01:00;23.56;23.7;23.34;0.0;19.7
2025-09-07 02:00;23.52;23.37;22.62;0.0;21.3
2025-09-07 03:00;23.37;23.06;22.65;0.0;21.7
2025-09-07 04:00;22.89;22.99;22.91;0.0;23.1
2025-09-07 05:00;23.31;23.39;23.1;0.0;24.3
2025-09-07 06:00;23.08;23.4;24.75;135.7;25.5
2025-09-07 07:00;23.3;22.95;25.86;229.8;26.5
2025-09-07 08:00;23.68;24.03;26.93;296.1;28.8
2025-09-07 09:00;23.37;23.73;29.11;451.3;29.7
2025-09-07 10:00;23.59;23.4;30.22;575.9;30.7
2025-09-07 11:00;23.07;22.56;29.75;679.7;30.7
2025-09-07 12:00;23.52;23.69;31.85;701.1;31.4
2025-09-07 13:00;23.61;23.33;32.06;716.2;30.8
2025-09-07 14:00;23.31;23.51;30.51;635.4;30.8
2025-09-07 15:00;23.56;23.35;29.5;554.2;30.1
2025-09-07 16:00;23.82;23.82;28.7;437.9;28.3
2025-09-07 17:00;23.75;23.68;27.02;308.3;26.8
2025-09-07 18:00;23.32;23.57;26.12;211.0;25.5
2025-09-07 19:00;23.46;24.0;25.53;146.8;23.7
2025-09-07 20:00;23.6;24.01;23.46;0.0;22.4
2025-09-07 21:00;23.31;23.35;23.36;0.0;21.5
2025-09-07 22:00;23.43;23.85;23.72;0.0;21.3
2025-09-07 23:00;23.52;24.04;23.44;0.0;20.6
2025-09-08 00:00;23.92;23.7;23.43;0.0;19.5
2025-09-08 01:00;23.74;23.37;23.38;0.0;19.8
2025-09-08 02:00;23.71;23.54;23.71;0.0;20.6
2025-09-08 03:00;24.02;23.95;23.95;0.0;21.1
2025-09-08 04:00;23.3;23.8;23.64;0.0;23.4
2025-09-08 05:00;23.3;22.9;23.06;0.0;24.3
2025-09-08 06:00;23.06;22.9;24.33;108.6;25.8
2025-09-08 07:00;23.44;23.0;25.72;187.8;27.3
2025-09-08 08:00;23.66;23.7;27.32;317.7;28.2
2025-09-08 09:00;24.12;24.07;28.58;433.2;29.9
2025-09-08 10:00;23.48;23.67;30.44;555.3;30.4
2025-09-08 11:00;23.42;23.14;31.54;644.8;31.7
2025-09-08 12:00;23.67;23.62;31.82;723.0;30.7
2025-09-08 13:00;23.74;23.46;31.66;694.2;31.5
2025-09-08 14:00;23.68;24.01;32.16;667.8;29.8
2025-09-08 15:00;23.32;23.59;30.36;540.3;29.5
2025-09-08 16:00;23.16;23.02;27.97;425.5;28.0
2025-09-08 17:00;23.6;23.73;27.15;310.6;27.0
2025-09-08 18:00;23.28;22.85;25.59;211.3;25.3
2025-09-08 19:00;23.68;23.65;25.75;126.5;24.3
2025-09-08 20:00;23.67;23.84;23.62;0.0;22.9
2025-09-08 21:00;23.72;23.76;23.29;0.0;21.4
2025-09-08 22:00;23.77;23.78;23.67;0.0;21.5
2025-09-08 23:00;23.65;23.04;23.89;0.0;20.3
2025-09-09 00:00;23.52;23.53;24.33;0.0;19.7
2025-09-09 01:00;23.92;24.04;23.65;0.0;20.2
2025-09-09 02:00;23.49;23.16;23.31;0.0;20.8
2025-09-09 03:00;23.66;23.71;23.45;0.0;21.6
2025-09-09 04:00;23.36;22.43;22.48;0.0;23.1
2025-09-09 05:00;23.61;24.21;25.02;0.0;23.9
2025-09-09 06:00;23.46;23.33;24.48;116.0;25.4
2025-09-09 07:00;23.37;23.57;25.72;227.2;27.0
2025-09-09 08:00;23.27;23.35;26.39;300.6;28.6
2025-09-09 09:00;23.59;24.0;29.04;430.6;29.3
2025-09-09 10:00;22.96;23.19;29.84;568.9;30.3
2025-09-09 11:00;23.54;23.44;31.8;675.0;31.3
2025-09-09 12:00;23.74;23.54;30.67;681.3;31.0
2025-09-09 13:00;23.44;22.87;30.91;699.4;30.7
2025-09-09 14:00;23.06;23.28;31.15;654.8;30.2
2025-09-09 15:00;23.38;23.85;30.12;545.0;29.4
2025-09-09 16:00;23.95;23.82;29.06;422.7;28.5
2025-09-09 17:00;23.7;23.59;27.56;309.7;26.2
2025-09-09 18:00;23.56;23.5;25.82;226.8;25.1
2025-09-09 19:00;23.55;23.04;24.79;138.6;24.1
2025-09-09 20:00;23.92;23.8;23.86;0.0;23.2
2025-09-09 21:00;23.97;23.72;23.54;0.0;21.6
2025-09-09 22:00;23.23;23.3;23.94;0.0;20.4
2025-09-09 23:00;23.37;23.43;23.66;0.0;20.1
2025-09-10 00:00;23.94;23.7;23.58;0.0;19.9
2025-09-10 01:00;23.68;23.7;23.19;0.0;20.3
2025-09-10 02:00;23.53;23.56;23.8;0.0;21.7
2025-09-10 03:00;23.6;23.39;23.56;0.0;21.4
2025-09-10 04:00;23.65;23.33;23.0;0.0;22.6
2025-09-10 05:00;23.4;22.63;22.51;0.0;23.5
2025-09-10 06:00;24.35;24.76;25.78;130.6;25.3
2025-09-10 07:00;23.16;23.07;25.58;222.5;27.0
2025-09-10 08:00;23.84;24.25;27.69;324.3;28.5
2025-09-10 09:00;23.72;23.78;28.64;430.3;29.6
2025-09-10 10:00;23.4;23.03;29.31;555.3;30.6
2025-09-10 11:00;23.37;23.73;31.1;653.0;30.8
2025-09-10 12:00;23.36;23.25;31.92;718.4;30.8
2025-09-10 13:00;23.56;23.29;31.61;700.5;31.2
2025-09-10 14:00;23.32;23.39;31.17;628.9;30.8
2025-09-10 15:00;23.74;23.77;30.08;571.2;29.2
2025-09-10 16:00;23.77;23.62;28.68;448.9;28.6
2025-09-10 17:00;23.41;23.39;26.89;307.5;27.0
2025-09-10 18:00;23.55;23.71;26.32;222.9;26.4
2025-09-10 19:00;23.52;23.1;25.06;124.0;24.6
2025-09-10 20:00;23.96;23.58;23.9;0.0;23.6
2025-09-10 21:00;23.56;23.71;23.52;0.0;22.0
2025-09-10 22:00;23.75;23.47;23.74;0.0;21.3
2025-09-10 23:00;23.71;23.85;23.82;0.0;20.6
2025-09-11 00:00;23.62;23.77;23.72;0.0;19.5
2025-09-11 01:00;23.55;23.46;23.79;0.0;20.5
2025-09-11 02:00;23.55;23.86;23.58;0.0;20.8
2025-09-11 03:00;22.94;22.77;23.3;0.0;21.3
2025-09-11 04:00;23.41;23.54;22.64;0.0;21.9
2025-09-11 05:00;23.93;24.54;24.66;0.0;23.9
2025-09-11 06:00;23.79;24.28;25.52;113.9;25.1
2025-09-11 07:00;23.81;23.61;26.49;254.7;27.0
2025-09-11 08:00;23.83;24.77;28.34;279.0;27.9
2025-09-11 09:00;23.32;23.03;27.78;434.1;29.0
2025-09-11 10:00;23.48;23.44;30.83;577.3;30.8
2025-09-11 11:00;23.54;22.91;25.52;153.1;31.1
2025-09-11 12:00;23.28;23.22;30.64;718.7;31.1
2025-09-11 13:00;23.58;23.97;32.11;697.2;30.1
2025-09-11 14:00;23.76;24.03;31.73;675.6;29.8
2025-09-11 15:00;23.54;24.02;31.07;590.7;29.4
2025-09-11 16:00;24.09;23.93;28.73;411.3;28.4
2025-09-11 17:00;23.67;23.89;27.91;331.9;26.2
2025-09-11 18:00;23.64;23.86;26.31;205.4;25.6
2025-09-11 19:00;23.62;23.53;25.42;126.3;23.3
2025-09-11 20:00;23.39;23.61;23.53;0.0;22.6
2025-09-11 21:00;24.12;24.11;24.23;0.0;21.6
2025-09-11 22:00;23.66;23.85;23.22;0.0;20.3
2025-09-11 23:00;23.74;23.75;24.17;0.0;20.3
2025-09-12 00:00;24.08;23.78;23.84;0.0;20.1
2025-09-12 01:00;23.44;23.73;24.66;0.0;20.2
2025-09-12 02:00;23.84;23.86;23.58;0.0;20.7
2025-09-12 03:00;23.53;23.11;23.79;0.0;20.9
2025-09-12 04:00;23.62;23.89;23.44;0.0;22.7
2025-09-12 05:00;23.72;24.03;24.23;0.0;23.8
2025-09-12 06:00;23.71;23.95;25.5;129.5;25.6
2025-09-12 07:00;24.34;24.33;26.13;202.3;26.5
2025-09-12 08:00;23.9;24.36;27.84;322.8;28.2
2025-09-12 09:00;23.7;23.91;28.69;432.8;28.7
2025-09-12 10:00;23.87;24.07;30.45;557.7;30.2
2025-09-12 11:00;23.85;23.37;31.15;662.7;30.9
2025-09-12 12:00;23.63;23.47;32.18;723.6;31.2
2025-09-12 13:00;23.65;23.93;32.48;728.2;30.6
2025-09-12 14:00;23.74;24.04;31.18;653.7;30.2
2025-09-12 15:00;23.77;23.81;31.34;544.8;29.6
2025-09-12 16:00;24.42;24.61;29.15;419.7;28.2
2025-09-12 17:00;23.5;23.59;26.63;303.6;27.5
2025-09-12 18:00;23.27;23.6;26.49;194.5;25.3
2025-09-12 19:00;23.84;23.6;23.05;16.8;23.3
2025-09-12 20:00;23.83;23.9;23.65;0.0;23.1
2025-09-12 21:00;23.17;23.1;23.67;0.0;21.3
2025-09-12 22:00;23.4;23.53;23.78;0.0;20.4
2025-09-12 23:00;23.69;23.77;23.71;0.0;20.0
2025-09-13 00:00;24.38;23.87;24.36;0.0;20.4
2025-09-13 01:00;24.12;24.34;24.36;0.0;20.2
2025-09-13 02:00;23.67;23.44;23.76;0.0;21.0
2025-09-13 03:00;23.93;23.94;23.01;0.0;21.3
2025-09-13 04:00;23.85;23.73;22.71;0.0;22.5
2025-09-13 05:00;23.81;23.94;23.75;0.0;24.6
2025-09-13 06:00;23.5;23.43;25.37;155.9;25.7
2025-09-13 07:00;23.7;23.46;26.1;219.6;27.8
2025-09-13 08:00;24.02;24.01;27.4;310.4;28.9
2025-09-13 09:00;23.95;23.83;29.31;441.3;28.8
2025-09-13 10:00;23.58;23.24;29.49;547.8;30.0
2025-09-13 11:00;23.61;23.75;31.19;627.2;30.5
2025-09-13 12:00;24.08;23.92;31.91;730.2;30.7
2025-09-13 13:00;23.91;24.07;32.6;744.4;31.1
2025-09-13 14:00;23.46;23.08;30.27;640.4;30.7
2025-09-13 15:00;23.56;23.65;30.83;568.0;29.4
2025-09-13 16:00;23.69;23.96;29.91;455.1;28.6
2025-09-13 17:00;23.38;23.98;27.82;309.3;27.1
2025-09-13 18:00;23.78;24.11;26.33;194.8;25.8
2025-09-13 19:00;23.66;24.24;25.33;143.0;23.7
2025-09-13 20:00;23.68;23.63;24.18;0.0;22.6
2025-09-13 21:00;23.73;23.93;23.97;0.0;21.2
2025-09-13 22:00;23.6;23.58;24.03;0.0;20.8
2025-09-13 23:00;23.67;23.12;23.34;0.0;19.5
2025-09-14 00:00;23.79;23.49;23.1;0.0;20.5
2025-09-14 01:00;23.76;24.04;23.77;0.0;20.1
2025-09-14 02:00;23.76;23.54;23.4;0.0;20.9
2025-09-14 03:00;24.06;23.99;23.51;0.0;21.7
2025-09-14 04:00;23.61;23.69;23.68;0.0;23.1
2025-09-14 05:00;23.71;23.89;22.46;0.0;24.0
2025-09-14 06:00;23.87;24.22;25.34;114.7;26.0
2025-09-14 07:00;23.35;23.16;25.43;204.2;27.3
2025-09-14 08:00;23.79;23.34;27.58;315.7;28.0
2025-09-14 09:00;23.64;23.96;28.45;409.1;29.3
2025-09-14 10:00;23.96;24.18;31.97;579.5;30.2
2025-09-14 11:00;24.0;24.19;31.34;649.0;29.9
2025-09-14 12:00;24.08;24.09;32.92;710.4;31.3
2025-09-14 13:00;23.56;24.21;32.01;707.4;30.2
2025-09-14 14:00;23.95;24.17;30.82;634.7;30.7
2025-09-14 15:00;23.59;23.59;30.4;562.5;29.5
2025-09-14 16:00;23.85;24.19;28.95;425.9;28.3
2025-09-14 17:00;23.72;23.53;26.95;328.2;26.7
2025-09-14 18:00;23.77;23.42;25.87;208.7;25.8
2025-09-14 19:00;23.31;22.88;24.18;125.8;23.6
2025-09-14 20:00;24.11;24.24;24.38;0.0;22.2
2025-09-14 21:00;23.78;23.57;23.19;0.0;20.6
2025-09-14 22:00;23.63;23.69;24.0;0.0;20.6
2025-09-14 23:00;23.87;24.47;24.93;0.0;20.5
2025-09-15 00:00;23.78;24.18;24.59;0.0;20.0
2025-09-15 01:00;24.17;24.13;23.78;0.0;19.6
2025-09-15 02:00;23.83;23.83;24.46;0.0;19.9
2025-09-15 03:00;23.75;23.87;24.2;0.0;22.0
2025-09-15 04:00;23.75;23.59;23.74;0.0;22.8
2025-09-15 05:00;23.82;23.04;22.52;0.0;24.2
2025-09-15 06:00;23.91;23.92;24.1;96.4;25.7
2025-09-15 07:00;24.14;24.56;26.28;188.9;27.2
2025-09-15 08:00;23.87;23.67;26.45;313.0;27.7
2025-09-15 09:00;24.06;24.28;29.49;444.4;30.0
2025-09-15 10:00;23.65;22.89;29.39;562.2;30.4
2025-09-15 11:00;24.14;24.06;32.31;683.8;30.8
2025-09-15 12:00;24.06;24.25;32.09;714.4;30.8
2025-09-15 13:00;23.75;23.56;32.12;702.7;30.2
2025-09-15 14:00;23.91;23.87;31.82;636.0;30.3
2025-09-15 15:00;24.28;24.11;30.7;564.8;29.1
2025-09-15 16:00;23.66;23.94;29.74;438.5;28.2
2025-09-15 17:00;24.15;24.66;27.32;307.4;27.6
2025-09-15 18:00;23.73;23.85;26.34;219.2;26.0
2025-09-15 19:00;23.97;24.2;25.9;144.2;24.3
2025-09-15 20:00;23.19;23.26;23.15;0.0;22.0
2025-09-15 21:00;23.91;24.51;24.61;0.0;21.8
2025-09-15 22:00;24.05;23.92;23.96;0.0;20.6
2025-09-15 23:00;23.96;23.82;23.37;0.0;19.7
2025-09-16 00:00;23.69;23.7;23.37;0.0;20.8
2025-09-16 01:00;23.64;23.9;24.71;0.0;20.3
2025-09-16 02:00;24.27;24.15;24.75;0.0;20.4
2025-09-16 03:00;23.9;23.44;23.82;0.0;22.5
2025-09-16 04:00;24.08;23.98;23.63;0.0;22.8
2025-09-16 05:00;24.03;23.6;23.88;0.0;24.5
2025-09-16 06:00;24.06;24.13;25.06;123.5;25.7
2025-09-16 07:00;23.86;24.11;26.65;212.2;26.8
2025-09-16 08:00;23.84;23.07;26.51;299.3;28.3
2025-09-16 09:00;24.01;24.61;29.5;435.4;29.3
2025-09-16 10:00;24.06;24.35;30.31;539.1;30.2
2025-09-16 11:00;23.87;23.93;31.62;662.1;31.0
2025-09-16 12:00;24.52;24.22;32.54;725.1;31.4
2025-09-16 13:00;24.14;24.16;32.95;707.9;30.9
2025-09-16 14:00;23.86;24.33;32.51;650.9;29.5
2025-09-16 15:00;23.95;23.92;29.49;532.7;29.8
2025-09-16 16:00;24.02;23.74;29.0;449.8;28.1
2025-09-16 17:00;23.92;23.7;27.92;335.8;26.3
2025-09-16 18:00;24.66;24.68;26.99;220.6;25.6
2025-09-16 19:00;23.92;23.6;25.23;135.1;25.2
2025-09-16 20:00;24.16;24.18;23.73;0.0;22.7
2025-09-16 21:00;23.85;23.34;22.79;0.0;21.4
2025-09-16 22:00;24.39;24.23;23.93;0.0;20.7
2025-09-16 23:00;24.04;24.39;25.19;0.0;19.7
2025-09-17 00:00;24.06;23.9;23.75;0.0;20.1
2025-09-17 01:00;23.95;23.9;23.89;0.0;20.4
2025-09-17 02:00;24.01;23.4;23.62;0.0;20.5
2025-09-17 03:00;23.89;24.0;24.34;0.0;22.6
2025-09-17 04:00;23.95;23.41;23.52;0.0;23.3
2025-09-17 05:00;23.93;23.89;23.95;0.0;24.1
2025-09-17 06:00;24.13;24.06;25.83;133.1;25.6
2025-09-17 07:00;23.93;24.1;25.85;185.1;26.2
2025-09-17 08:00;24.06;24.05;27.24;279.0;28.1
2025-09-17 09:00;24.21;24.28;29.17;431.0;29.4
2025-09-17 10:00;24.13;23.83;30.7;587.1;30.8
2025-09-17 11:00;24.04;24.18;32.17;658.6;30.2
2025-09-17 12:00;24.05;23.68;32.56;712.3;30.5
2025-09-17 13:00;23.94;24.23;31.99;687.8;30.3
2025-09-17 14:00;24.11;24.01;31.98;660.7;29.5
2025-09-17 15:00;24.8;24.68;30.98;534.5;29.4
2025-09-17 16:00;24.17;23.78;28.95;427.5;28.0
2025-09-17 17:00;24.17;24.42;27.2;282.3;26.8
2025-09-17 18:00;24.07;24.66;26.41;210.2;25.8
2025-09-17 19:00;24.04;23.98;25.98;156.1;24.1
2025-09-17 20:00;23.95;23.57;23.64;0.0;22.7
2025-09-17 21:00;24.27;24.85;23.98;0.0;21.8
2025-09-17 22:00;24.39;24.36;23.42;0.0;20.7
2025-09-17 23:00;24.18;24.26;24.53;0.0;19.7
2025-09-18 00:00;24.16;23.87;23.98;0.0;19.7
2025-09-18 01:00;23.88;24.35;23.67;0.0;20.2
2025-09-18 02:00;23.88;24.43;24.67;0.0;20.7
2025-09-18 03:00;24.02;24.57;24.2;0.0;21.4
2025-09-18 04:00;24.16;24.25;24.52;0.0;22.0
2025-09-18 05:00;24.52;24.01;23.53;0.0;24.3
2025-09-18 06:00;24.17;23.81;24.52;111.8;25.8
2025-09-18 07:00;24.41;23.85;26.46;208.6;26.1
2025-09-18 08:00;23.75;23.21;26.11;324.5;27.9
2025-09-18 09:00;23.78;23.41;29.09;452.9;29.2
2025-09-18 10:00;23.94;23.73;29.96;555.2;29.7
2025-09-18 11:00;24.42;24.57;32.69;636.4;30.7
2025-09-18 12:00;23.52;23.94;32.31;693.7;31.3
2025-09-18 13:00;24.01;23.97;31.37;691.8;30.2
2025-09-18 14:00;23.79;23.34;31.16;653.4;30.5
2025-09-18 15:00;24.02;23.27;30.1;573.2;29.8
2025-09-18 16:00;24.12;24.44;29.16;436.2;29.1
2025-09-18 17:00;24.14;23.9;27.84;276.6;26.8
2025-09-18 18:00;24.1;23.84;26.68;216.5;25.5
2025-09-18 19:00;24.29;24.44;26.66;122.4;23.3
2025-09-18 20:00;23.9;23.86;24.1;0.0;22.8
2025-09-18 21:00;23.76;23.83;23.47;0.0;22.0
2025-09-18 22:00;24.37;24.59;24.32;0.0;20.5
2025-09-18 23:00;24.02;24.89;25.0;0.0;20.1
2025-09-19 00:00;24.48;24.89;25.61;0.0;19.7
2025-09-19 01:00;24.33;24.22;24.14;0.0;21.0
2025-09-19 02:00;24.05;24.42;24.42;0.0;20.6
2025-09-19 03:00;24.32;23.99;23.3;0.0;22.0
2025-09-19 04:00;24.04;24.08;23.82;0.0;22.3
2025-09-19 05:00;24.01;24.09;24.14;0.0;24.4
2025-09-19 06:00;23.94;24.57;25.91;113.7;26.2
2025-09-19 07:00;24.35;24.12;26.8;218.5;26.4
2025-09-19 08:00;24.32;23.68;27.86;342.2;28.3
2025-09-19 09:00;23.86;24.0;29.24;441.1;29.1
2025-09-19 10:00;24.67;24.78;32.13;576.1;30.7
2025-09-19 11:00;24.37;24.65;31.9;664.3;30.6
2025-09-19 12:00;24.47;24.11;32.4;694.1;31.1
2025-09-19 13:00;23.94;23.51;31.49;702.7;30.3
2025-09-19 14:00;24.19;24.32;31.97;648.6;29.5
2025-09-19 15:00;24.7;24.94;31.58;560.0;29.8
2025-09-19 16:00;24.84;24.76;29.7;434.7;28.6
2025-09-19 17:00;24.26;24.25;27.66;306.8;27.0
2025-09-19 18:00;24.35;24.08;25.62;180.9;25.2
2025-09-19 19:00;24.27;24.44;26.1;117.6;24.1
2025-09-19 20:00;24.47;24.38;25.2;0.0;23.1
2025-09-19 21:00;24.25;24.64;24.87;0.0;21.5
2025-09-19 22:00;24.22;24.48;23.94;0.0;19.8
2025-09-19 23:00;24.32;24.67;24.39;0.0;20.5
2025-09-20 00:00;24.26;24.79;25.9;0.0;20.4
2025-09-20 01:00;24.34;25.03;25.27;0.0;20.8
2025-09-20 02:00;24.2;24.43;24.76;0.0;20.4
2025-09-20 03:00;23.94;23.84;24.05;0.0;21.2
2025-09-20 04:00;24.24;23.99;24.69;0.0;23.0
2025-09-20 05:00;24.53;24.75;25.27;0.0;23.6
2025-09-20 06:00;24.6;24.69;26.65;126.2;25.3
2025-09-20 07:00;24.05;23.82;26.0;190.0;27.0
2025-09-20 08:00;24.4;24.43;28.17;326.6;28.2
2025-09-20 09:00;24.86;25.07;30.53;461.4;29.0
2025-09-20 10:00;23.95;24.05;30.01;541.4;30.5
2025-09-20 11:00;24.33;24.07;31.95;639.2;31.2
2025-09-20 12:00;24.2;23.89;32.62;719.5;30.6
2025-09-20 13:00;23.95;23.89;31.99;719.6;30.5
2025-09-20 14:00;24.06;23.63;31.65;675.9;30.6
2025-09-20 15:00;24.48;24.13;29.97;542.8;29.2
2025-09-20 16:00;24.16;24.15;29.24;437.0;28.3
2025-09-20 17:00;24.84;24.73;28.06;335.0;27.2
2025-09-20 18:00;24.16;23.98;24.77;92.1;26.0
2025-09-20 19:00;24.4;24.35;25.61;139.2;23.9
2025-09-20 20:00;23.89;23.94;24.28;0.0;22.8
2025-09-20 21:00;23.9;24.37;24.13;0.0;21.1
2025-09-20 22:00;24.24;24.19;24.37;0.0;21.2
2025-09-20 23:00;24.31;24.2;23.67;0.0;19.8
2025-09-21 00:00;24.21;24.16;23.68;0.0;20.1
2025-09-21 01:00;24.49;24.78;24.66;0.0;20.8
2025-09-21 02:00;24.76;24.74;24.44;0.0;20.0
2025-09-21 03:00;24.56;24.55;25.07;0.0;21.8
2025-09-21 04:00;24.0;23.8;24.18;0.0;23.2
2025-09-21 05:00;24.23;23.8;23.61;0.0;23.0
2025-09-21 06:00;23.9;24.21;25.13;123.0;25.4
2025-09-21 07:00;24.74;24.39;27.87;243.8;26.4
2025-09-21 08:00;24.81;24.26;27.75;317.0;28.1
2025-09-21 09:00;23.87;23.87;28.34;423.3;29.6
2025-09-21 10:00;24.41;24.64;30.7;578.4;30.2
2025-09-21 11:00;24.4;24.64;31.8;635.4;30.8
2025-09-21 12:00;24.57;24.56;33.21;707.2;31.1
2025-09-21 13:00;24.41;24.34;32.15;701.4;29.9
2025-09-21 14:00;24.49;24.36;32.33;670.8;30.8
2025-09-21 15:00;24.49;23.99;31.0;565.9;29.6
2025-09-21 16:00;23.89;24.22;28.36;431.3;28.0
2025-09-21 17:00;24.26;24.69;28.49;300.0;26.8
2025-09-21 18:00;24.38;24.19;27.5;214.1;25.4
2025-09-21 19:00;24.53;24.51;25.51;122.9;24.2
2025-09-21 20:00;24.37;24.64;24.57;0.0;22.6
2025-09-21 21:00;24.36;24.39;24.47;0.0;21.1
2025-09-21 22:00;24.6;24.42;24.17;0.0;21.1
2025-09-21 23:00;24.52;24.95;24.82;0.0;19.8
2025-09-22 00:00;24.71;24.86;25.03;0.0;19.9
2025-09-22 01:00;24.51;24.23;23.77;0.0;19.7
2025-09-22 02:00;24.19;24.12;23.55;0.0;20.6
2025-09-22 03:00;24.61;24.03;24.42;0.0;22.0
2025-09-22 04:00;24.54;24.52;24.54;0.0;22.4
2025-09-22 05:00;24.63;24.26;24.5;0.0;24.0
2025-09-22 06:00;24.13;24.79;26.41;139.1;25.9
2025-09-22 07:00;24.66;24.51;26.32;203.6;27.3
2025-09-22 08:00;24.2;24.54;27.81;324.3;28.0
2025-09-22 09:00;24.36;24.57;29.46;435.0;29.7
2025-09-22 10:00;24.24;24.79;31.4;557.2;30.3
2025-09-22 11:00;24.32;24.33;31.99;654.7;30.6
2025-09-22 12:00;24.34;23.87;33.25;731.8;30.8
2025-09-22 13:00;24.32;24.96;32.28;681.5;31.1
2025-09-22 14:00;24.61;24.77;32.41;634.3;29.5
2025-09-22 15:00;23.82;23.57;29.88;554.2;28.8
2025-09-22 16:00;24.5;24.54;30.44;433.9;28.1
2025-09-22 17:00;24.42;25.04;28.29;328.6;26.4
2025-09-22 18:00;24.09;24.22;27.33;207.6;25.3
2025-09-22 19:00;24.41;23.93;24.82;99.2;24.1
2025-09-22 20:00;24.61;24.64;24.13;0.0;22.4
2025-09-22 21:00;24.04;24.14;23.82;0.0;22.0
2025-09-22 22:00;24.53;24.68;25.22;0.0;20.6
2025-09-22 23:00;24.48;24.34;24.42;0.0;20.2
2025-09-23 00:00;24.37;23.83;23.96;0.0;20.2
2025-09-23 01:00;24.22;23.84;24.43;0.0;20.3
2025-09-23 02:00;24.34;23.99;23.67;0.0;20.9
2025-09-23 03:00;24.43;24.26;24.46;0.0;22.1
2025-09-23 04:00;24.76;25.17;24.98;0.0;22.4
2025-09-23 05:00;23.73;23.29;22.75;0.0;23.8
2025-09-23 06:00;24.52;24.37;25.78;123.5;25.6
2025-09-23 07:00;24.62;24.85;26.69;188.7;27.5
2025-09-23 08:00;24.4;24.62;28.58;308.1;27.9
2025-09-23 09:00;24.25;23.79;28.3;420.2;29.3
2025-09-23 10:00;24.57;24.53;31.81;572.8;29.8
2025-09-23 11:00;24.3;24.46;31.7;644.1;30.4
2025-09-23 12:00;25.14;25.23;33.01;708.0;31.0
2025-09-23 13:00;24.51;24.72;32.17;709.0;30.4
2025-09-23 14:00;24.09;24.12;32.29;651.8;29.9
2025-09-23 15:00;24.23;24.51;31.3;559.5;29.3
2025-09-23 16:00;24.02;23.75;28.47;442.4;27.8
2025-09-23 17:00;24.4;24.78;28.83;331.0;27.2
2025-09-23 18:00;24.21;24.6;27.52;230.8;25.0
2025-09-23 19:00;24.55;24.45;25.44;87.8;25.1
2025-09-23 20:00;24.66;25.0;25.11;0.0;22.6
2025-09-23 21:00;24.45;24.46;24.14;0.0;21.5
2025-09-23 22:00;24.57;25.04;25.54;0.0;21.0
2025-09-23 23:00;24.66;24.38;24.66;0.0;19.9
2025-09-24 00:00;24.2;24.28;23.21;0.0;19.8
2025-09-24 01:00;24.41;24.43;24.29;0.0;19.5
2025-09-24 02:00;24.25;24.36;24.6;0.0;20.1
2025-09-24 03:00;24.74;24.86;24.56;0.0;21.6
2025-09-24 04:00;24.1;24.06;24.51;0.0;22.6
2025-09-24 05:00;24.8;24.7;25.24;0.0;24.4
2025-09-24 06:00;23.7;23.37;25.37;150.4;25.4
2025-09-24 07:00;24.12;24.76;26.99;207.5;27.1
2025-09-24 08:00;24.17;23.88;27.5;332.4;28.3
2025-09-24 09:00;24.52;24.44;28.86;432.4;29.4
2025-09-24 10:00;24.6;24.98;30.68;559.4;30.9
2025-09-24 11:00;24.81;24.66;31.75;629.2;30.3
2025-09-24 12:00;24.61;24.31;32.75;738.8;30.3
2025-09-24 13:00;24.54;24.31;32.56;700.5;31.1
2025-09-24 14:00;24.79;24.74;32.56;671.3;30.5
2025-09-24 15:00;25.1;24.67;31.27;574.2;29.6
2025-09-24 16:00;24.25;24.2;29.94;439.6;27.3
2025-09-24 17:00;24.64;24.52;27.61;291.5;27.1
2025-09-24 18:00;24.36;24.4;26.65;203.6;25.2
2025-09-24 19:00;24.98;24.72;25.76;111.9;23.4
2025-09-24 20:00;24.97;25.14;24.77;0.0;22.4
2025-09-24 21:00;24.57;24.65;24.51;0.0;22.1
2025-09-24 22:00;24.61;24.44;25.17;0.0;20.4
2025-09-24 23:00;24.9;24.87;24.99;0.0;19.7
2025-09-25 00:00;24.36;24.62;23.54;0.0;20.3
2025-09-25 01:00;24.28;23.91;23.82;0.0;19.9
2025-09-25 02:00;24.69;24.76;24.49;0.0;20.9
2025-09-25 03:00;24.54;24.82;25.13;0.0;21.8
2025-09-25 04:00;24.28;24.09;23.87;0.0;22.8
2025-09-25 05:00;24.57;24.79;24.77;0.0;24.0
2025-09-25 06:00;24.33;23.79;24.87;130.5;25.5
2025-09-25 07:00;24.34;24.26;26.98;216.6;26.5
2025-09-25 08:00;24.24;24.59;28.04;298.9;28.5
2025-09-25 09:00;24.17;24.1;28.34;403.4;29.7
2025-09-25 10:00;24.7;25.02;31.81;558.4;30.1
2025-09-25 11:00;24.61;24.02;32.12;678.3;30.9
2025-09-25 12:00;24.81;24.98;32.84;711.5;31.4
2025-09-25 13:00;24.86;24.61;32.74;705.2;31.5
2025-09-25 14:00;24.45;24.51;33.04;683.6;29.8
2025-09-25 15:00;24.66;25.54;31.75;570.1;29.6
2025-09-25 16:00;24.2;23.96;29.26;430.8;27.6
2025-09-25 17:00;24.71;24.56;28.0;300.7;26.8
2025-09-25 18:00;24.54;24.09;26.82;198.0;25.9
2025-09-25 19:00;24.63;24.87;26.65;159.3;24.0
2025-09-25 20:00;25.0;24.37;24.53;0.0;22.9
2025-09-25 21:00;24.66;25.15;24.9;0.0;22.5
2025-09-25 22:00;24.59;23.93;23.46;0.0;20.7
2025-09-25 23:00;24.79;25.05;25.18;0.0;19.7
2025-09-26 00:00;24.54;24.9;24.9;0.0;20.3
2025-09-26 01:00;24.51;24.72;24.55;0.0;20.2
2025-09-26 02:00;24.29;23.96;24.24;0.0;21.1
2025-09-26 03:00;24.46;24.73;24.48;0.0;21.6
2025-09-26 04:00;24.92;25.38;26.01;0.0;22.7
2025-09-26 05:00;24.88;24.59;24.23;0.0;24.0
2025-09-26 06:00;24.64;24.49;26.03;153.4;24.6
2025-09-26 07:00;24.22;23.96;25.64;216.1;26.7
2025-09-26 08:00;24.53;24.83;28.35;317.7;27.7
2025-09-26 09:00;25.04;24.78;30.44;466.6;29.4
2025-09-26 10:00;24.59;24.25;30.31;548.9;30.6
2025-09-26 11:00;24.63;24.74;31.72;639.5;30.6
2025-09-26 12:00;24.59;24.55;32.43;686.1;31.4
2025-09-26 13:00;24.73;24.76;33.68;749.3;30.3
2025-09-26 14:00;24.5;24.79;31.95;641.9;31.3
2025-09-26 15:00;25.06;25.1;31.48;558.2;29.0
2025-09-26 16:00;24.88;24.83;30.1;450.2;28.0
2025-09-26 17:00;24.9;25.23;28.57;314.9;27.4
2025-09-26 18:00;24.48;24.95;26.92;189.6;25.3
2025-09-26 19:00;24.47;24.38;25.32;136.6;23.6
2025-09-26 20:00;24.64;24.42;24.34;0.0;22.8
2025-09-26 21:00;24.44;24.0;24.72;0.0;21.7
2025-09-26 22:00;24.62;24.92;26.34;0.0;20.5
2025-09-26 23:00;24.75;24.54;24.33;0.0;19.7
2025-09-27 00:00;24.36;24.35;23.76;0.0;19.7
2025-09-27 01:00;24.65;24.78;24.59;0.0;20.6
2025-09-27 02:00;24.71;24.36;24.22;0.0;20.6
2025-09-27 03:00;24.41;23.78;24.31;0.0;21.3
2025-09-27 04:00;24.92;25.24;24.73;0.0;22.5
2025-09-27 05:00;25.27;25.8;25.78;0.0;23.6
2025-09-27 06:00;24.51;25.02;25.99;118.9;25.6
2025-09-27 07:00;24.37;24.13;26.91;208.5;26.8
2025-09-27 08:00;24.57;24.91;28.48;314.9;28.3
2025-09-27 09:00;24.89;25.28;30.66;430.3;29.3
2025-09-27 10:00;24.49;24.42;31.52;574.1;29.5
2025-09-27 11:00;24.49;24.19;30.9;634.8;30.3
2025-09-27 12:00;24.67;24.49;33.43;739.8;31.0
2025-09-27 13:00;24.74;24.89;33.25;729.4;30.9
2025-09-27 14:00;24.57;24.56;32.24;664.9;30.3
2025-09-27 15:00;24.99;25.39;32.22;586.6;30.2
2025-09-27 16:00;24.52;25.04;31.07;451.7;28.4
2025-09-27 17:00;24.54;24.16;27.57;310.9;27.3
2025-09-27 18:00;24.96;24.79;28.04;240.8;24.9
2025-09-27 19:00;24.64;24.87;26.04;118.9;24.5
2025-09-27 20:00;24.81;25.05;24.33;0.0;22.7
2025-09-27 21:00;24.65;24.86;25.17;0.0;21.9
2025-09-27 22:00;25.05;25.45;26.03;0.0;21.4
2025-09-27 23:00;24.71;24.97;25.27;0.0;20.3
2025-09-28 00:00;24.8;24.79;24.45;0.0;19.9
2025-09-28 01:00;24.71;25.33;24.68;0.0;20.7
2025-09-28 02:00;24.71;25.05;25.21;0.0;20.5
2025-09-28 03:00;24.41;24.07;24.2;0.0;21.7
2025-09-28 04:00;24.56;24.71;24.32;0.0;22.2
2025-09-28 05:00;25.0;24.53;24.15;0.0;24.7
2025-09-28 06:00;24.64;24.78;26.27;116.6;24.6
2025-09-28 07:00;24.32;24.56;26.86;216.4;27.1
2025-09-28 08:00;24.98;24.57;28.36;313.7;28.3
2025-09-28 09:00;24.28;24.19;29.3;438.8;29.8
2025-09-28 10:00;24.84;25.32;31.3;568.2;31.0
2025-09-28 11:00;24.2;24.57;32.13;680.9;31.1
2025-09-28 12:00;25.06;25.48;33.86;730.4;30.5
2025-09-28 13:00;24.7;24.81;33.7;721.1;30.8
2025-09-28 14:00;24.28;24.22;31.26;647.0;30.0
2025-09-28 15:00;24.98;24.83;32.01;558.7;29.4
2025-09-28 16:00;24.75;25.57;30.18;454.6;27.7
2025-09-28 17:00;24.74;24.77;28.28;311.7;27.2
2025-09-28 18:00;24.82;24.24;27.05;203.7;25.8
2025-09-28 19:00;24.54;24.86;26.41;148.1;23.3
2025-09-28 20:00;24.68;24.43;24.7;0.0;23.5
2025-09-28 21:00;24.56;24.42;24.4;0.0;21.4
2025-09-28 22:00;24.28;24.29;24.54;0.0;21.3
2025-09-28 23:00;25.09;25.07;25.0;0.0;20.3
2025-09-29 00:00;24.79;24.67;24.88;0.0;20.2
2025-09-29 01:00;24.61;24.45;24.99;0.0;19.9
2025-09-29 02:00;24.86;24.87;24.2;0.0;19.4
2025-09-29 03:00;24.88;25.05;23.99;0.0;21.7
2025-09-29 04:00;24.57;24.78;25.07;0.0;23.3
2025-09-29 05:00;24.92;24.8;23.98;0.0;23.7
2025-09-29 06:00;24.68;24.38;25.26;116.7;26.0
2025-09-29 07:00;24.73;25.06;27.84;237.9;27.7
2025-09-29 08:00;25.06;24.49;27.87;311.3;28.1
2025-09-29 09:00;24.59;24.68;29.55;430.5;29.8
2025-09-29 10:00;25.4;25.93;31.45;543.9;30.6
2025-09-29 11:00;24.79;24.77;32.84;659.2;30.6
2025-09-29 12:00;24.77;24.92;33.9;717.2;31.3
2025-09-29 13:00;24.59;24.07;32.6;724.9;31.1
2025-09-29 14:00;24.76;24.15;31.53;679.2;30.4
2025-09-29 15:00;24.96;24.78;31.91;558.1;30.1
2025-09-29 16:00;25.33;25.95;30.27;410.6;27.8
2025-09-29 17:00;24.82;24.87;28.79;314.2;26.9
2025-09-29 18:00;25.15;25.34;28.23;234.8;25.1
2025-09-29 19:00;24.9;24.62;25.68;124.5;24.0
2025-09-29 20:00;24.72;24.47;24.21;0.0;23.0
2025-09-29 21:00;24.67;24.64;24.64;0.0;21.9
2025-09-29 22:00;24.46;24.56;24.27;0.0;20.0
2025-09-29 23:00;25.07;25.28;26.01;0.0;20.6
2025-09-30 00:00;24.99;24.81;25.79;0.0;20.0
2025-09-30 01:00;24.83;24.94;25.49;0.0;21.0
2025-09-30 02:00;24.66;24.92;24.95;0.0;20.7
2025-09-30 03:00;24.61;24.1;24.19;0.0;21.7
2025-09-30 04:00;24.76;25.19;24.91;0.0;23.1
2025-09-30 05:00;24.8;24.77;25.08;0.0;23.7
2025-09-30 06:00;24.82;24.53;25.83;148.9;25.2
2025-09-30 07:00;25.08;25.34;27.96;225.6;27.4
2025-09-30 08:00;24.79;24.77;27.79;305.4;27.1
2025-09-30 09:00;25.11;24.91;29.67;426.0;29.7
2025-09-30 10:00;25.33;25.35;32.36;563.0;30.1
2025-09-30 11:00;24.6;24.47;31.64;641.1;31.0
2025-09-30 12:00;25.22;24.98;32.44;683.5;31.1
2025-09-30 13:00;24.84;24.7;33.21;722.2;30.4
2025-09-30 14:00;24.78;25.15;32.94;667.4;30.5
2025-09-30 15:00;25.23;25.3;32.32;593.4;28.8
2025-09-30 16:00;25.31;25.32;29.93;410.6;28.2
2025-09-30 17:00;24.64;24.39;27.47;308.3;26.7
2025-09-30 18:00;25.26;24.88;27.21;230.8;25.1
2025-09-30 19:00;25.38;25.15;26.7;110.5;24.3
2025-09-30 20:00;24.75;25.07;25.37;0.0;23.2
2025-09-30 21:00;24.77;24.39;24.19;0.0;22.3
2025-09-30 22:00;24.9;24.79;24.02;0.0;20.8
2025-09-30 23:00;25.38;25.52;25.76;0.0;20.4
2025-10-01 00:00;24.98;25.26;25.42;0.0;15.2
2025-10-01 01:00;24.68;24.6;24.73;0.0;15.0
2025-10-01 02:00;24.95;25.08;25.41;0.0;15.5
2025-10-01 03:00;24.89;24.49;24.35;0.0;17.0
2025-10-01 04:00;24.4;24.82;24.87;0.0;17.5
2025-10-01 05:00;25.2;25.01;25.24;0.0;18.9
2025-10-01 06:00;25.1;25.02;26.34;89.9;20.0
2025-10-01 07:00;24.87;24.8;26.91;167.1;20.6
2025-10-01 08:00;24.65;25.08;27.06;201.1;23.4
2025-10-01 09:00;25.09;24.55;28.25;298.4;22.3
2025-10-01 10:00;24.48;24.52;28.53;385.4;24.2
2025-10-01 11:00;24.9;24.66;30.09;467.6;24.8
2025-10-01 12:00;25.02;25.03;32.01;524.2;24.4
2025-10-01 13:00;24.69;25.06;31.08;526.4;25.4
2025-10-01 14:00;24.55;24.23;30.27;481.5;24.1
2025-10-01 15:00;24.46;24.28;28.86;393.7;23.2
2025-10-01 16:00;24.54;24.65;28.26;298.1;22.0
2025-10-01 17:00;24.71;24.34;27.67;241.8;21.2
2025-10-01 18:00;24.79;25.06;26.9;177.2;20.0
2025-10-01 19:00;24.85;24.68;25.6;89.3;17.8
2025-10-01 20:00;24.62;24.98;25.17;0.0;17.4
2025-10-01 21:00;24.97;24.89;24.58;0.0;16.6
2025-10-01 22:00;24.76;24.44;24.24;0.0;15.4
2025-10-01 23:00;25.29;24.46;24.38;0.0;15.0
2025-10-02 00:00;24.78;25.01;25.05;0.0;15.7
2025-10-02 01:00;24.19;24.25;23.94;0.0;14.9
2025-10-02 02:00;24.62;25.14;26.1;0.0;15.3
2025-10-02 03:00;24.62;24.27;24.45;0.0;16.6
2025-10-02 04:00;24.67;23.95;24.22;0.0;18.2
2025-10-02 05:00;24.33;24.38;24.56;0.0;19.1
2025-10-02 06:00;24.67;24.85;25.68;80.8;20.0
2025-10-02 07:00;24.87;24.89;26.7;170.2;21.8
2025-10-02 08:00;24.2;24.08;26.54;211.4;22.3
2025-10-02 09:00;25.04;25.36;29.35;327.3;23.3
2025-10-02 10:00;24.99;25.09;29.69;388.2;24.3
2025-10-02 11:00;24.4;24.66;30.03;451.5;24.6
2025-10-02 12:00;24.65;24.49;30.99;514.5;25.5
2025-10-02 13:00;24.25;24.14;29.72;520.2;24.5
2025-10-02 14:00;24.77;24.59;29.42;465.6;24.8
2025-10-02 15:00;24.66;24.49;28.24;370.6;23.3
2025-10-02 16:00;24.3;24.29;28.44;325.4;23.0
2025-10-02 17:00;24.7;24.45;27.41;233.5;21.7
2025-10-02 18:00;24.49;24.92;27.04;149.8;19.7
2025-10-02 19:00;24.52;24.67;25.39;90.8;18.0
2025-10-02 20:00;24.46;24.19;23.94;0.0;17.6
2025-10-02 21:00;24.63;24.7;23.22;0.0;16.3
2025-10-02 22:00;24.54;24.99;24.55;0.0;15.3
2025-10-02 23:00;25.0;24.61;24.77;0.0;15.2
2025-10-03 00:00;24.5;24.26;23.96;0.0;14.7
2025-10-03 01:00;24.83;25.16;25.36;0.0;16.3
2025-10-03 02:00;24.71;25.03;24.69;0.0;15.0
2025-10-03 03:00;24.78;25.34;25.17;0.0;16.9
2025-10-03 04:00;24.51;24.94;24.21;0.0;17.1
2025-10-03 05:00;24.62;24.49;24.49;0.0;17.9
2025-10-03 06:00;24.15;24.03;24.66;84.4;20.4
2025-10-03 07:00;24.71;25.03;26.65;150.3;20.7
2025-10-03 08:00;24.64;25.14;27.64;195.5;23.1
2025-10-03 09:00;24.74;24.43;28.07;328.8;23.8
2025-10-03 10:00;24.24;24.31;28.83;402.3;24.3
2025-10-03 11:00;23.66;23.45;28.61;471.2;25.1
2025-10-03 12:00;25.01;24.91;30.51;502.6;25.2
2025-10-03 13:00;24.69;24.62;30.45;507.2;25.0
2025-10-03 14:00;24.72;24.97;31.03;465.4;24.5
2025-10-03 15:00;24.19;24.32;29.55;418.4;23.9
2025-10-03 16:00;24.49;24.65;28.13;298.7;22.9
2025-10-03 17:00;24.31;24.41;26.41;216.6;20.9
2025-10-03 18:00;24.67;24.47;25.88;156.3;19.9
2025-10-03 19:00;24.88;24.93;25.99;90.1;18.5
2025-10-03 20:00;24.16;23.77;23.13;0.0;18.2
2025-10-03 21:00;24.55;25.02;25.11;0.0;16.6
2025-10-03 22:00;24.51;24.54;23.87;0.0;15.5
2025-10-03 23:00;24.63;24.69;24.94;0.0;16.3
2025-10-04 00:00;24.46;24.27;24.51;0.0;15.3
2025-10-04 01:00;24.29;24.71;24.83;0.0;15.3
2025-10-04 02:00;24.83;24.84;24.97;0.0;16.0
2025-10-04 03:00;24.3;24.32;24.37;0.0;16.8
2025-10-04 04:00;25.06;24.63;24.11;0.0;17.1
2025-10-04 05:00;24.65;24.34;24.58;0.0;19.2
2025-10-04 06:00;24.85;24.91;25.6;92.2;20.6
2025-10-04 07:00;24.57;24.82;26.77;146.9;22.0
2025-10-04 08:00;24.73;24.64;27.6;212.3;22.9
2025-10-04 09:00;24.46;24.5;27.95;318.3;22.8
2025-10-04 10:00;23.97;24.17;29.15;419.8;24.3
2025-10-04 11:00;24.36;24.4;28.97;454.3;24.8
2025-10-04 12:00;24.79;24.54;29.58;504.5;24.7
2025-10-04 13:00;24.38;24.43;30.37;523.4;25.4
2025-10-04 14:00;24.69;24.39;30.34;476.6;24.4
2025-10-04 15:00;24.71;24.69;29.47;417.4;23.9
2025-10-04 16:00;24.69;24.58;27.66;298.2;22.6
2025-10-04 17:00;24.32;24.3;26.73;223.4;22.2
2025-10-04 18:00;24.57;25.26;26.9;145.4;20.3
2025-10-04 19:00;24.32;24.92;25.76;82.9;18.4
2025-10-04 20:00;24.53;24.23;23.89;0.0;17.6
2025-10-04 21:00;24.17;23.31;23.53;0.0;16.0
2025-10-04 22:00;24.42;24.0;23.74;0.0;16.5
2025-10-04 23:00;24.12;24.38;24.71;0.0;15.0
2025-10-05 00:00;24.55;25.01;25.77;0.0;14.5
2025-10-05 01:00;24.14;24.99;24.85;0.0;16.3
2025-10-05 02:00;24.44;24.27;24.43;0.0;15.4
2025-10-05 03:00;24.3;24.68;24.66;0.0;15.9
2025-10-05 04:00;24.47;24.82;24.16;0.0;17.6
2025-10-05 05:00;24.28;24.33;24.75;0.0;18.9
2025-10-05 06:00;24.29;24.69;25.46;77.5;19.5
2025-10-05 07:00;24.22;23.77;24.85;131.2;20.5
2025-10-05 08:00;24.65;24.85;27.48;209.9;22.7
2025-10-05 09:00;24.46;24.36;28.0;312.2;23.7
2025-10-05 10:00;24.4;24.63;29.36;396.1;24.2
2025-10-05 11:00;24.47;24.2;29.73;469.6;25.1
2025-10-05 12:00;23.98;24.16;30.27;492.5;25.1
2025-10-05 13:00;24.91;25.36;30.84;481.4;24.8
2025-10-05 14:00;24.32;24.18;29.54;478.7;23.5
2025-10-05 15:00;24.5;24.79;29.68;419.7;23.4
2025-10-05 16:00;24.08;23.88;27.47;330.1;21.9
2025-10-05 17:00;24.81;24.8;28.55;247.8;21.3
2025-10-05 18:00;24.65;24.51;25.92;145.6;20.0
2025-10-05 19:00;24.18;24.06;25.78;108.2;18.4
2025-10-05 20:00;24.43;24.24;24.03;0.0;18.1
2025-10-05 21:00;24.35;24.05;24.34;0.0;16.5
2025-10-05 22:00;23.83;23.55;23.35;0.0;15.7
2025-10-05 23:00;24.73;24.8;24.46;0.0;15.1
2025-10-06 00:00;24.16;24.26;24.49;0.0;15.1
2025-10-06 01:00;24.24;24.73;25.1;0.0;15.7
2025-10-06 02:00;24.79;24.89;24.56;0.0;15.4
2025-10-06 03:00;24.76;24.75;24.54;0.0;17.1
2025-10-06 04:00;24.41;24.79;25.02;0.0;17.4
2025-10-06 05:00;24.6;24.51;24.92;0.0;18.7
2025-10-06 06:00;23.86;23.73;25.01;99.2;19.9
2025-10-06 07:00;24.46;23.75;25.66;183.1;21.2
2025-10-06 08:00;24.53;23.68;26.19;213.3;21.8
2025-10-06 09:00;24.58;25.01;28.92;309.2;23.1
2025-10-06 10:00;24.57;24.18;29.71;432.7;24.2
2025-10-06 11:00;24.15;23.72;29.61;471.3;24.8
2025-10-06 12:00;24.22;23.75;29.69;526.6;25.4
2025-10-06 13:00;24.06;23.9;30.03;508.4;24.5
2025-10-06 14:00;23.99;23.88;29.72;470.0;24.4
2025-10-06 15:00;24.43;24.16;28.64;380.4;23.6
2025-10-06 16:00;24.62;24.74;28.34;329.3;23.0
2025-10-06 17:00;24.21;24.18;26.93;196.4;21.5
2025-10-06 18:00;24.41;24.26;26.4;171.3;20.1
2025-10-06 19:00;24.09;24.22;24.75;62.9;18.0
2025-10-06 20:00;24.36;24.33;24.14;0.0;17.1
2025-10-06 21:00;24.81;25.15;25.62;0.0;16.5
2025-10-06 22:00;24.18;23.47;23.19;0.0;15.8
2025-10-06 23:00;23.67;23.32;22.53;0.0;15.0
2025-10-07 00:00;24.34;24.67;24.84;0.0;15.0
2025-10-07 01:00;23.64;23.12;22.61;0.0;14.8
2025-10-07 02:00;24.08;23.78;23.91;0.0;15.3
2025-10-07 03:00;24.12;24.46;23.99;0.0;16.4
2025-10-07 04:00;24.11;24.01;24.36;0.0;17.7
2025-10-07 05:00;23.87;23.82;23.93;0.0;19.1
2025-10-07 06:00;24.13;24.06;24.52;101.5;19.9
2025-10-07 07:00;24.25;23.76;25.51;137.7;22.3
2025-10-07 08:00;24.08;23.61;26.29;216.5;22.2
2025-10-07 09:00;23.95;24.09;27.6;319.4;23.8
2025-10-07 10:00;23.81;23.87;28.53;380.1;24.1
2025-10-07 11:00;24.07;23.54;30.43;486.2;24.9
2025-10-07 12:00;24.01;24.39;30.2;525.6;25.7
2025-10-07 13:00;24.35;24.83;31.35;507.7;24.7
2025-10-07 14:00;24.09;24.09;29.05;470.6;24.6
2025-10-07 15:00;24.22;24.42;29.6;411.3;23.5
2025-10-07 16:00;23.98;23.9;28.35;309.2;22.7
2025-10-07 17:00;24.07;22.92;26.47;260.6;21.5
2025-10-07 18:00;23.93;23.71;26.03;139.3;19.8
2025-10-07 19:00;24.2;23.96;24.76;102.0;19.3
2025-10-07 20:00;24.1;24.54;23.72;0.0;17.3
2025-10-07 21:00;23.7;23.2;23.59;0.0;16.4
2025-10-07 22:00;24.14;24.41;24.22;0.0;15.9
2025-10-07 23:00;24.57;24.49;24.79;0.0;15.0
2025-10-08 00:00;23.55;22.94;22.71;0.0;15.0
2025-10-08 01:00;24.21;24.48;24.09;0.0;15.6
2025-10-08 02:00;23.77;23.83;23.83;0.0;16.3
2025-10-08 03:00;24.34;24.12;23.59;0.0;16.4
2025-10-08 04:00;23.9;24.91;25.18;0.0;17.5
2025-10-08 05:00;23.73;23.16;22.75;0.0;18.5
2025-10-08 06:00;24.07;24.19;25.68;114.1;20.0
2025-10-08 07:00;23.96;23.3;24.96;148.4;21.0
2025-10-08 08:00;24.02;24.2;26.21;211.5;22.8
2025-10-08 09:00;23.72;23.75;23.25;46.4;23.2
2025-10-08 10:00;23.75;24.09;28.8;414.0;23.7
2025-10-08 11:00;23.99;23.81;29.53;502.0;25.4
2025-10-08 12:00;23.94;24.6;31.03;524.0;24.2
2025-10-08 13:00;24.41;24.65;30.85;519.3;25.7
2025-10-08 14:00;23.77;23.81;29.42;451.8;23.6
2025-10-08 15:00;23.8;23.24;27.67;404.8;23.9
2025-10-08 16:00;24.0;23.74;27.63;302.5;22.6
2025-10-08 17:00;23.91;23.78;26.83;235.8;21.6
2025-10-08 18:00;24.38;24.87;26.45;133.5;19.9
2025-10-08 19:00;24.13;24.36;25.55;86.3;19.4
2025-10-08 20:00;23.89;24.42;24.91;0.0;17.8
2025-10-08 21:00;24.12;24.34;24.23;0.0;16.3
2025-10-08 22:00;24.21;24.21;24.31;0.0;15.5
2025-10-08 23:00;24.54;24.38;24.29;0.0;15.7
2025-10-09 00:00;23.93;24.04;23.84;0.0;15.0
2025-10-09 01:00;24.34;24.52;24.35;0.0;14.7
2025-10-09 02:00;24.35;24.11;24.2;0.0;15.8
2025-10-09 03:00;23.86;24.04;23.6;0.0;15.9
2025-10-09 04:00;24.08;24.26;23.8;0.0;17.4
2025-10-09 05:00;24.02;24.05;24.49;0.0;18.9
2025-10-09 06:00;23.94;23.2;24.29;98.9;19.8
2025-10-09 07:00;23.49;23.79;25.88;163.7;21.2
2025-10-09 08:00;24.27;24.38;26.82;229.4;21.9
2025-10-09 09:00;24.0;24.24;28.24;314.4;23.0
2025-10-09 10:00;24.02;24.01;28.53;378.7;24.5
2025-10-09 11:00;24.03;23.34;29.53;472.7;25.3
2025-10-09 12:00;23.81;24.11;30.14;552.8;24.5
2025-10-09 13:00;23.91;23.9;24.65;61.3;24.9
2025-10-09 14:00;23.95;24.05;29.01;466.7;24.1
2025-10-09 15:00;23.82;24.07;28.52;412.1;23.7
2025-10-09 16:00;24.03;23.75;27.43;307.4;21.8
2025-10-09 17:00;23.95;23.71;26.93;227.2;21.2
2025-10-09 18:00;24.26;24.63;26.98;131.6;19.9
2025-10-09 19:00;23.93;23.66;24.19;66.4;18.9
2025-10-09 20:00;23.99;24.29;24.3;0.0;17.1
2025-10-09 21:00;24.2;23.98;23.11;0.0;16.1
2025-10-09 22:00;23.52;23.82;23.67;0.0;15.9
2025-10-09 23:00;24.14;23.78;23.56;0.0;15.4
2025-10-10 00:00;24.17;23.98;23.74;0.0;15.0
2025-10-10 01:00;23.64;23.69;23.07;0.0;15.4
2025-10-10 02:00;23.44;23.35;23.33;0.0;16.6
2025-10-10 03:00;23.44;24.04;24.34;0.0;17.2
2025-10-10 04:00;23.52;23.7;23.41;0.0;17.7
2025-10-10 05:00;23.52;23.49;23.27;0.0;19.2
2025-10-10 06:00;24.06;24.6;25.7;103.8;19.6
2025-10-10 07:00;23.69;23.28;25.26;179.7;20.4
2025-10-10 08:00;23.97;23.97;26.89;215.0;22.9
2025-10-10 09:00;24.07;23.88;27.85;301.5;23.9
2025-10-10 10:00;23.49;22.97;28.22;405.9;24.2
2025-10-10 11:00;23.63;23.36;28.51;489.5;24.5
2025-10-10 12:00;23.62;23.71;30.18;535.5;25.2
2025-10-10 13:00;23.89;23.79;29.32;519.7;25.2
2025-10-10 14:00;23.82;23.6;28.96;474.2;24.1
2025-10-10 15:00;24.02;23.88;28.48;404.1;23.5
2025-10-10 16:00;23.73;23.88;27.55;304.3;22.0
2025-10-10 17:00;24.0;23.88;26.81;226.1;21.6
2025-10-10 18:00;23.71;23.5;25.89;154.4;20.4
2025-10-10 19:00;23.27;23.06;24.38;99.4;18.1
2025-10-10 20:00;24.0;23.96;24.12;0.0;17.7
2025-10-10 21:00;23.45;22.77;22.94;0.0;16.5
2025-10-10 22:00;23.53;23.05;23.3;0.0;15.7
2025-10-10 23:00;23.82;24.38;23.53;0.0;15.1
2025-10-11 00:00;23.63;24.06;23.41;0.0;14.7
2025-10-11 01:00;23.71;23.68;23.6;0.0;15.9
2025-10-11 02:00;23.93;23.61;23.75;0.0;15.5
2025-10-11 03:00;23.48;24.25;24.42;0.0;16.3
2025-10-11 04:00;23.95;23.52;24.22;0.0;17.7
2025-10-11 05:00;23.46;23.33;23.56;0.0;17.7
2025-10-11 06:00;24.27;24.24;25.67;90.2;20.1
2025-10-11 07:00;23.82;23.74;25.84;139.4;20.9
2025-10-11 08:00;23.34;23.17;25.73;230.7;22.9
2025-10-11 09:00;23.93;23.59;27.08;338.1;24.1
2025-10-11 10:00;23.45;23.67;28.06;385.9;24.8
2025-10-11 11:00;23.68;23.75;28.71;491.5;25.3
2025-10-11 12:00;23.56;23.49;30.2;511.4;24.1
2025-10-11 13:00;23.59;23.82;29.46;523.2;25.2
2025-10-11 14:00;23.54;24.05;30.58;499.1;24.2
2025-10-11 15:00;23.83;23.53;27.91;398.0;23.8
2025-10-11 16:00;23.87;23.97;28.23;327.4;22.7
2025-10-11 17:00;23.71;23.84;25.89;230.6;21.3
2025-10-11 18:00;23.52;23.48;25.32;152.8;19.6
2025-10-11 19:00;23.94;24.55;25.49;75.9;18.9
2025-10-11 20:00;23.64;23.8;23.75;0.0;17.7
2025-10-11 21:00;23.81;24.51;23.95;0.0;16.5
2025-10-11 22:00;23.29;23.76;23.53;0.0;15.6
2025-10-11 23:00;23.74;24.26;24.52;0.0;14.6
2025-10-12 00:00;23.67;24.1;23.75;0.0;15.1
2025-10-12 01:00;23.45;23.1;22.97;0.0;15.1
2025-10-12 02:00;23.7;23.9;23.96;0.0;16.1
2025-10-12 03:00;23.36;23.26;23.34;0.0;16.7
2025-10-12 04:00;23.63;23.59;23.44;0.0;17.6
2025-10-12 05:00;23.78;23.9;23.81;0.0;20.0
2025-10-12 06:00;22.94;23.18;23.99;90.7;19.8
2025-10-12 07:00;23.17;22.94;25.58;173.5;21.1
2025-10-12 08:00;23.64;23.68;26.35;240.8;22.6
2025-10-12 09:00;23.67;23.85;27.54;328.6;22.7
2025-10-12 10:00;23.57;23.5;27.7;422.0;24.1
2025-10-12 11:00;23.67;23.65;28.8;456.6;24.9
2025-10-12 12:00;23.93;23.98;30.66;517.5;25.4
2025-10-12 13:00;23.17;23.07;29.8;536.2;24.7
2025-10-12 14:00;23.26;22.91;28.7;471.8;24.8
2025-10-12 15:00;23.43;23.63;28.17;412.4;24.3
2025-10-12 16:00;23.1;23.5;27.59;309.0;21.7
2025-10-12 17:00;23.79;23.55;25.97;246.4;21.2
2025-10-12 18:00;23.31;23.33;25.18;160.8;20.2
2025-10-12 19:00;23.68;23.72;25.02;100.0;18.1
2025-10-12 20:00;23.65;23.75;23.77;0.0;17.5
2025-10-12 21:00;23.5;23.64;23.75;0.0;16.4
2025-10-12 22:00;23.81;23.89;23.63;0.0;15.8
2025-10-12 23:00;23.13;22.8;22.94;0.0;15.5
2025-10-13 00:00;23.15;23.04;22.8;0.0;15.2
2025-10-13 01:00;23.7;23.91;23.9;0.0;15.0
2025-10-13 02:00;23.12;23.55;23.78;0.0;15.5
2025-10-13 03:00;23.63;23.61;23.5;0.0;16.2
2025-10-13 04:00;23.26;23.16;23.21;0.0;17.7
2025-10-13 05:00;23.61;24.17;23.87;0.0;18.5
2025-10-13 06:00;23.79;23.64;24.3;62.7;19.3
2025-10-13 07:00;23.47;23.34;24.5;155.7;21.6
2025-10-13 08:00;23.14;23.28;27.43;246.6;22.7
2025-10-13 09:00;23.35;23.49;26.73;288.9;24.0
2025-10-13 10:00;23.39;23.85;27.82;384.5;24.2
2025-10-13 11:00;23.52;23.63;29.42;500.4;24.3
2025-10-13 12:00;23.18;22.89;29.23;510.8;25.0
2025-10-13 13:00;23.48;23.17;29.54;522.7;24.2
2025-10-13 14:00;23.44;23.18;28.34;477.6;24.3
2025-10-13 15:00;23.57;23.31;27.79;411.4;23.1
2025-10-13 16:00;23.21;22.63;26.65;319.6;22.4
2025-10-13 17:00;23.49;23.16;26.07;252.8;22.0
2025-10-13 18:00;23.44;23.03;25.09;160.9;19.6
2025-10-13 19:00;23.14;23.32;24.39;93.0;18.4
2025-10-13 20:00;23.94;24.08;24.02;0.0;17.1
2025-10-13 21:00;23.83;23.79;23.93;0.0;17.0
2025-10-13 22:00;23.33;23.27;23.35;0.0;15.3
2025-10-13 23:00;23.51;23.58;23.09;0.0;15.3
2025-10-14 00:00;23.22;23.14;23.56;0.0;14.6
2025-10-14 01:00;23.27;23.55;23.43;0.0;14.7
2025-10-14 02:00;23.32;23.39;23.3;0.0;15.9
2025-10-14 03:00;22.96;22.85;22.97;0.0;16.7
2025-10-14 04:00;23.72;23.6;24.19;0.0;17.7
2025-10-14 05:00;23.67;23.92;23.55;0.0;18.4
2025-10-14 06:00;23.52;23.33;24.73;91.9;20.1
2025-10-14 07:00;23.75;23.54;25.03;147.9;21.2
2025-10-14 08:00;23.05;23.34;25.68;220.9;23.1
2025-10-14 09:00;23.35;23.7;28.02;315.1;23.5
2025-10-14 10:00;23.04;23.39;27.79;414.9;24.1
2025-10-14 11:00;23.56;23.65;29.62;471.3;24.9
2025-10-14 12:00;23.07;23.0;28.51;495.2;25.1
2025-10-14 13:00;23.12;23.06;29.06;489.2;24.8
2025-10-14 14:00;23.62;23.65;29.17;498.5;24.4
2025-10-14 15:00;23.24;23.38;27.62;402.7;23.4
2025-10-14 16:00;22.82;23.88;27.36;321.3;22.5
2025-10-14 17:00;22.92;23.3;25.89;223.0;21.7
2025-10-14 18:00;23.23;23.3;25.12;164.7;19.9
2025-10-14 19:00;23.11;23.05;23.79;66.5;18.7
2025-10-14 20:00;23.56;23.53;23.55;0.0;16.9
2025-10-14 21:00;23.07;23.21;23.07;0.0;16.6
2025-10-14 22:00;23.41;23.86;24.15;0.0;15.3
2025-10-14 23:00;23.13;22.65;23.25;0.0;15.5
2025-10-15 00:00;23.65;23.54;23.08;0.0;15.8
2025-10-15 01:00;22.83;22.8;23.44;0.0;14.7
2025-10-15 02:00;23.33;23.74;23.58;0.0;15.6
2025-10-15 03:00;23.74;23.71;23.47;0.0;17.3
2025-10-15 04:00;23.16;22.81;23.32;0.0;17.8
2025-10-15 05:00;23.28;22.9;22.41;0.0;19.2
2025-10-15 06:00;23.59;23.38;23.81;85.2;20.0
2025-10-15 07:00;23.34;23.8;25.87;162.7;21.9
2025-10-15 08:00;23.16;22.87;26.66;235.6;23.2
2025-10-15 09:00;23.57;22.91;26.02;314.1;23.6
2025-10-15 10:00;23.43;23.61;28.7;403.1;24.6
2025-10-15 11:00;23.28;22.82;28.21;478.0;25.5
2025-10-15 12:00;22.97;22.97;28.85;530.5;24.9
2025-10-15 13:00;23.08;22.93;29.08;511.0;25.2
2025-10-15 14:00;23.19;23.2;28.97;477.9;24.6
2025-10-15 15:00;23.49;23.33;28.25;423.9;23.4
2025-10-15 16:00;23.12;23.33;27.49;331.4;22.8
2025-10-15 17:00;23.2;23.39;25.4;211.1;21.1
2025-10-15 18:00;23.06;23.42;24.89;145.6;20.4
2025-10-15 19:00;23.08;23.02;24.22;91.3;19.2
2025-10-15 20:00;23.16;22.65;22.8;0.0;17.4
2025-10-15 21:00;23.57;23.29;22.57;0.0;16.4
2025-10-15 22:00;23.25;22.95;22.34;0.0;15.9
2025-10-15 23:00;23.52;22.77;22.59;0.0;15.8
2025-10-16 00:00;23.04;22.89;22.78;0.0;15.7
2025-10-16 01:00;22.73;23.04;22.31;0.0;14.7
2025-10-16 02:00;23.37;22.94;22.57;0.0;15.8
2025-10-16 03:00;23.28;23.09;23.58;0.0;16.9
2025-10-16 04:00;23.21;22.94;22.77;0.0;18.0
2025-10-16 05:00;23.09;23.37;22.76;0.0;18.8
2025-10-16 06:00;23.14;22.66;23.5;95.4;19.4
2025-10-16 07:00;22.8;22.96;24.27;168.9;21.3
2025-10-16 08:00;22.88;22.88;24.95;209.3;22.2
2025-10-16 09:00;22.7;22.46;27.07;335.3;23.4
2025-10-16 10:00;22.85;23.1;27.3;383.2;24.2
2025-10-16 11:00;23.05;22.47;29.12;515.9;24.7
2025-10-16 12:00;23.19;23.01;28.64;503.2;25.2
2025-10-16 13:00;23.0;23.45;30.29;541.5;24.4
2025-10-16 14:00;22.65;22.47;28.26;489.9;23.9
2025-10-16 15:00;23.27;23.33;26.89;390.3;23.1
2025-10-16 16:00;23.58;23.61;27.43;321.3;22.7
2025-10-16 17:00;22.84;22.61;25.34;256.8;20.9
2025-10-16 18:00;22.79;23.1;25.37;135.3;20.1
2025-10-16 19:00;23.17;23.24;24.88;105.1;18.9
2025-10-16 20:00;22.84;23.16;23.13;0.0;18.3
2025-10-16 21:00;22.69;22.6;22.2;0.0;16.4
2025-10-16 22:00;22.79;22.66;22.5;0.0;15.5
2025-10-16 23:00;22.66;22.23;22.37;0.0;15.2
2025-10-17 00:00;23.33;23.4;23.64;0.0;14.7
2025-10-17 01:00;22.98;22.81;23.16;0.0;15.7
2025-10-17 02:00;23.01;23.42;23.34;0.0;15.9
2025-10-17 03:00;23.05;22.77;22.8;0.0;16.5
2025-10-17 04:00;23.16;23.17;23.1;0.0;18.1
2025-10-17 05:00;23.23;23.41;23.28;0.0;18.8
2025-10-17 06:00;23.06;22.75;24.39;99.9;20.1
2025-10-17 07:00;23.11;23.54;25.8;145.4;21.1
2025-10-17 08:00;23.31;23.44;26.89;229.6;22.5
2025-10-17 09:00;23.01;22.84;26.4;292.8;23.1
2025-10-17 10:00;23.43;23.14;26.83;387.5;24.0
2025-10-17 11:00;23.11;22.87;29.0;463.5;24.8
2025-10-17 12:00;22.35;22.1;27.78;526.8;25.4
2025-10-17 13:00;22.89;22.73;29.13;524.3;25.0
2025-10-17 14:00;22.61;22.55;22.8;21.3;24.6
2025-10-17 15:00;22.72;22.88;27.31;397.4;24.3
2025-10-17 16:00;23.14;23.02;26.19;312.8;22.2
2025-10-17 17:00;23.12;23.26;26.43;240.8;20.9
2025-10-17 18:00;22.74;22.56;23.65;160.6;20.0
2025-10-17 19:00;22.87;22.76;23.89;88.7;19.5
2025-10-17 20:00;22.59;22.27;22.42;0.0;17.1
2025-10-17 21:00;23.26;23.24;23.57;0.0;16.4
2025-10-17 22:00;22.86;22.87;22.81;0.0;15.4
2025-10-17 23:00;22.75;22.28;22.53;0.0;15.1
2025-10-18 00:00;22.81;22.93;22.86;0.0;15.2
2025-10-18 01:00;22.63;22.59;22.51;0.0;15.6
2025-10-18 02:00;23.34;23.3;23.6;0.0;15.7
2025-10-18 03:00;23.22;23.45;23.31;0.0;16.4
2025-10-18 04:00;23.07;22.87;22.95;0.0;17.3
2025-10-18 05:00;23.04;22.99;22.71;0.0;18.6
2025-10-18 06:00;22.77;22.74;24.04;96.3;20.4
2025-10-18 07:00;22.45;22.81;24.28;151.7;21.9
2025-10-18 08:00;23.08;22.95;25.07;229.4;22.9
2025-10-18 09:00;22.83;23.34;27.07;330.4;23.6
2025-10-18 10:00;22.82;22.93;27.14;390.6;24.2
2025-10-18 11:00;23.13;23.54;29.25;486.4;24.3
2025-10-18 12:00;23.38;23.68;29.61;512.1;24.6
2025-10-18 13:00;22.42;22.09;27.95;508.7;25.1
2025-10-18 14:00;22.96;22.56;28.95;482.0;24.3
2025-10-18 15:00;22.55;23.15;28.49;416.0;24.0
2025-10-18 16:00;22.6;22.74;26.57;321.0;21.8
2025-10-18 17:00;23.33;23.14;26.01;212.4;21.2
2025-10-18 18:00;22.57;22.48;24.49;160.4;20.2
2025-10-18 19:00;22.69;22.86;24.18;91.9;18.5
2025-10-18 20:00;23.19;23.87;23.43;0.0;17.2
2025-10-18 21:00;22.97;23.65;23.36;0.0;16.4
2025-10-18 22:00;22.64;23.01;22.72;0.0;15.3
2025-10-18 23:00;22.93;23.02;23.45;0.0;14.8
2025-10-19 00:00;22.93;22.9;22.38;0.0;15.0
2025-10-19 01:00;22.88;22.75;22.12;0.0;15.1
2025-10-19 02:00;22.85;23.13;23.81;0.0;15.2
2025-10-19 03:00;22.68;22.57;22.15;0.0;16.4
2025-10-19 04:00;23.39;23.18;22.7;0.0;17.8
2025-10-19 05:00;22.93;23.03;23.67;0.0;19.1
2025-10-19 06:00;23.16;23.5;24.38;71.8;19.5
2025-10-19 07:00;22.71;22.74;24.85;146.6;21.1
2025-10-19 08:00;23.05;23.51;25.03;225.3;22.2
2025-10-19 09:00;23.03;23.44;26.75;290.0;23.7
2025-10-19 10:00;23.09;22.89;27.62;390.6;24.1
2025-10-19 11:00;23.08;23.25;27.95;447.0;24.6
2025-10-19 12:00;22.61;23.22;30.05;514.8;25.1
2025-10-19 13:00;22.76;23.21;29.11;506.5;24.8
2025-10-19 14:00;22.39;22.5;28.14;471.6;23.5
2025-10-19 15:00;22.44;22.36;27.34;400.8;23.6
2025-10-19 16:00;23.09;23.29;27.02;312.1;22.4
2025-10-19 17:00;23.02;23.42;26.78;202.6;21.9
2025-10-19 18:00;22.65;23.04;24.68;143.9;20.6
2025-10-19 19:00;23.1;23.54;24.18;77.7;18.6
2025-10-19 20:00;23.04;22.96;21.98;0.0;18.2
2025-10-19 21:00;22.62;22.85;23.16;0.0;15.8
2025-10-19 22:00;22.73;22.72;22.63;0.0;15.5
2025-10-19 23:00;22.77;22.27;22.19;0.0;15.2
2025-10-20 00:00;23.03;22.78;22.86;0.0;15.0
2025-10-20 01:00;22.74;22.21;22.61;0.0;15.4
2025-10-20 02:00;22.83;22.84;22.13;0.0;16.0
2025-10-20 03:00;23.14;22.8;23.34;0.0;16.8
2025-10-20 04:00;22.48;22.36;21.8;0.0;18.0
2025-10-20 05:00;22.87;22.47;22.63;0.0;18.7
2025-10-20 06:00;22.78;22.79;23.69;102.5;20.3
2025-10-20 07:00;22.75;22.88;24.54;173.2;21.2
2025-10-20 08:00;23.09;23.04;25.65;208.3;22.0
2025-10-20 09:00;22.47;22.34;26.39;323.8;23.3
2025-10-20 10:00;22.88;23.08;27.4;373.0;24.5
2025-10-20 11:00;22.38;22.41;27.97;492.1;24.4
2025-10-20 12:00;22.93;22.78;28.71;510.3;25.1
2025-10-20 13:00;22.67;22.73;29.58;521.9;24.6
2025-10-20 14:00;21.74;21.83;26.95;483.9;24.2
2025-10-20 15:00;22.71;22.97;27.33;411.4;23.5
2025-10-20 16:00;22.6;22.92;26.26;322.4;22.6
2025-10-20 17:00;22.5;21.76;24.88;238.9;21.4
2025-10-20 18:00;22.75;22.47;24.07;156.6;19.9
2025-10-20 19:00;22.65;23.24;23.98;75.5;19.2
2025-10-20 20:00;23.02;22.55;22.8;0.0;17.4
2025-10-20 21:00;22.8;22.79;23.04;0.0;15.8
2025-10-20 22:00;22.56;22.76;22.56;0.0;15.3
2025-10-20 23:00;22.74;22.61;22.48;0.0;15.5
2025-10-21 00:00;22.63;22.85;22.7;0.0;15.0
2025-10-21 01:00;22.91;22.78;22.57;0.0;14.9
2025-10-21 02:00;22.42;22.17;21.95;0.0;14.7
2025-10-21 03:00;22.92;22.69;22.41;0.0;16.2
2025-10-21 04:00;22.4;22.87;23.19;0.0;17.6
2025-10-21 05:00;22.92;23.29;22.83;0.0;18.2
2025-10-21 06:00;22.56;22.49;23.57;83.5;19.5
2025-10-21 07:00;22.62;22.48;23.74;152.5;21.4
2025-10-21 08:00;22.44;22.33;25.32;236.1;22.7
2025-10-21 09:00;22.76;22.4;26.77;321.4;24.4
2025-10-21 10:00;22.66;22.3;27.04;415.2;24.2
2025-10-21 11:00;22.71;22.53;28.15;473.8;25.4
2025-10-21 12:00;22.65;22.58;28.31;529.6;25.2
2025-10-21 13:00;22.68;22.42;28.2;507.9;25.0
2025-10-21 14:00;22.54;22.48;28.15;487.8;25.1
2025-10-21 15:00;22.43;22.49;26.76;392.3;23.2
2025-10-21 16:00;22.35;22.34;26.67;336.1;22.9
2025-10-21 17:00;22.71;22.97;26.1;257.0;20.8
2025-10-21 18:00;22.78;22.87;25.25;157.8;20.6
2025-10-21 19:00;22.45;22.44;23.56;94.5;18.5
2025-10-21 20:00;22.37;22.29;22.26;0.0;17.6
2025-10-21 21:00;22.82;22.87;22.97;0.0;15.6
2025-10-21 22:00;22.75;22.5;22.23;0.0;15.5
2025-10-21 23:00;22.69;22.31;22.94;0.0;15.4
2025-10-22 00:00;22.56;23.09;22.26;0.0;14.7
2025-10-22 01:00;22.7;21.96;21.14;0.0;14.5
2025-10-22 02:00;22.49;23.15;22.73;0.0;16.1
2025-10-22 03:00;22.72;22.86;22.76;0.0;16.3
2025-10-22 04:00;22.64;23.05;23.36;0.0;17.2
2025-10-22 05:00;22.33;22.12;21.61;0.0;18.5
2025-10-22 06:00;22.45;22.45;23.71;104.9;20.1
2025-10-22 07:00;22.35;22.24;24.65;161.8;21.0
2025-10-22 08:00;22.32;21.79;24.55;249.8;22.3
2025-10-22 09:00;22.75;22.58;25.91;312.5;23.3
2025-10-22 10:00;22.92;22.98;27.89;397.1;23.6
2025-10-22 11:00;23.06;23.36;28.6;463.9;24.2
2025-10-22 12:00;22.4;22.44;29.15;531.5;24.7
2025-10-22 13:00;22.76;23.01;28.81;526.4;24.5
2025-10-22 14:00;22.75;22.76;28.15;496.3;24.1
2025-10-22 15:00;22.17;22.2;27.96;431.2;23.7
2025-10-22 16:00;22.6;22.52;25.69;327.9;22.7
2025-10-22 17:00;22.64;22.6;25.21;217.0;21.3
2025-10-22 18:00;22.46;22.36;24.63;172.5;19.9
2025-10-22 19:00;22.78;22.81;23.78;105.7;19.5
2025-10-22 20:00;22.67;22.74;23.24;0.0;17.6
2025-10-22 21:00;22.35;22.68;22.09;0.0;16.1
2025-10-22 22:00;22.33;21.87;21.79;0.0;15.5
2025-10-22 23:00;22.55;22.79;23.27;0.0;15.5
2025-10-23 00:00;23.17;23.07;22.98;0.0;14.8
2025-10-23 01:00;22.64;22.56;22.52;0.0;14.9
2025-10-23 02:00;22.45;22.49;22.31;0.0;15.6
2025-10-23 03:00;22.77;22.68;22.83;0.0;16.3
2025-10-23 04:00;22.38;22.01;22.76;0.0;17.1
2025-10-23 05:00;22.64;23.29;23.59;0.0;19.3
2025-10-23 06:00;22.68;23.13;24.11;98.3;19.9
2025-10-23 07:00;22.41;22.42;24.01;132.6;20.8
2025-10-23 08:00;22.38;22.21;25.4;224.4;23.3
2025-10-23 09:00;22.56;22.15;25.47;314.9;23.6
2025-10-23 10:00;22.62;22.58;27.18;394.7;24.5
2025-10-23 11:00;21.98;22.03;27.78;500.9;25.4
2025-10-23 12:00;23.09;22.95;29.37;524.6;24.8
2025-10-23 13:00;22.42;22.4;28.66;516.6;24.2
2025-10-23 14:00;22.54;22.23;27.46;475.0;23.9
2025-10-23 15:00;22.18;21.67;26.05;396.4;23.4
2025-10-23 16:00;22.3;22.05;25.89;318.9;22.8
2025-10-23 17:00;22.16;22.21;24.82;225.0;21.7
2025-10-23 18:00;22.46;22.78;24.13;152.7;19.4
2025-10-23 19:00;23.01;22.81;23.34;84.0;18.5
2025-10-23 20:00;22.58;22.74;21.75;0.0;17.5
2025-10-23 21:00;22.72;22.82;22.33;0.0;16.2
2025-10-23 22:00;22.67;22.58;22.94;0.0;16.2
2025-10-23 23:00;22.16;22.33;23.13;0.0;16.0
2025-10-24 00:00;22.24;22.31;22.86;0.0;15.3
2025-10-24 01:00;22.41;22.34;22.09;0.0;14.8
2025-10-24 02:00;22.39;22.59;23.04;0.0;15.8
2025-10-24 03:00;22.43;22.41;22.5;0.0;16.0
2025-10-24 04:00;22.17;22.6;23.35;0.0;17.5
2025-10-24 05:00;22.56;22.6;22.98;0.0;18.9
2025-10-24 06:00;22.41;22.2;23.16;92.6;19.0
2025-10-24 07:00;22.57;22.32;23.27;149.6;21.5
2025-10-24 08:00;22.73;22.67;24.57;232.6;23.4
2025-10-24 09:00;22.82;22.52;25.91;322.3;23.7
2025-10-24 10:00;22.02;22.06;27.41;416.3;24.0
2025-10-24 11:00;21.97;21.87;27.64;464.7;24.8
2025-10-24 12:00;22.05;22.24;28.34;492.3;24.8
2025-10-24 13:00;22.42;22.17;28.39;510.0;24.8
2025-10-24 14:00;22.55;22.47;27.86;474.8;24.0
2025-10-24 15:00;22.38;22.3;26.54;390.9;23.5
2025-10-24 16:00;22.26;22.22;25.93;320.9;22.6
2025-10-24 17:00;22.27;22.86;23.95;60.8;21.5
2025-10-24 18:00;22.61;22.73;23.67;159.8;19.7
2025-10-24 19:00;22.42;22.45;23.85;108.3;19.1
2025-10-24 20:00;22.36;22.18;21.88;0.0;17.5
2025-10-24 21:00;22.0;21.74;21.67;0.0;16.1
2025-10-24 22:00;22.28;21.57;22.2;0.0;15.7
2025-10-24 23:00;22.46;23.03;22.64;0.0;15.6
2025-10-25 00:00;22.1;22.17;21.66;0.0;15.8
2025-10-25 01:00;22.43;22.39;22.67;0.0;15.2
2025-10-25 02:00;22.2;22.03;22.36;0.0;15.7
2025-10-25 03:00;22.56;22.93;22.26;0.0;16.2
2025-10-25 04:00;22.84;22.92;23.16;0.0;18.0
2025-10-25 05:00;22.25;22.31;21.78;0.0;19.1
2025-10-25 06:00;22.57;22.7;23.86;100.2;20.1
2025-10-25 07:00;22.28;22.34;24.42;179.7;21.3
2025-10-25 08:00;22.05;21.91;24.81;251.9;22.2
2025-10-25 09:00;22.07;22.25;25.57;305.6;23.4
2025-10-25 10:00;22.18;22.0;26.62;423.9;24.7
2025-10-25 11:00;22.95;23.1;27.98;484.8;24.9
2025-10-25 12:00;22.06;22.1;28.87;516.6;24.9
2025-10-25 13:00;22.43;22.02;28.59;499.5;25.1
2025-10-25 14:00;22.31;22.33;28.46;471.0;24.0
2025-10-25 15:00;22.25;22.96;28.03;400.3;23.8
2025-10-25 16:00;22.25;22.09;25.91;316.9;22.1
2025-10-25 17:00;22.59;22.91;25.0;190.2;20.8
2025-10-25 18:00;21.86;21.65;22.92;138.4;20.3
2025-10-25 19:00;22.26;22.61;23.7;91.7;18.7
2025-10-25 20:00;22.53;22.57;22.27;0.0;17.3
2025-10-25 21:00;22.32;22.32;22.39;0.0;16.9
2025-10-25 22:00;22.13;22.13;22.06;0.0;15.2
2025-10-25 23:00;22.32;22.57;22.58;0.0;15.7
2025-10-26 00:00;22.36;22.36;22.36;0.0;15.4
2025-10-26 01:00;22.38;22.37;22.17;0.0;14.8
2025-10-26 02:00;21.94;21.81;22.22;0.0;16.1
2025-10-26 03:00;22.24;22.31;22.38;0.0;16.6
2025-10-26 04:00;22.16;22.64;22.38;0.0;16.9
2025-10-26 05:00;22.11;22.08;21.85;0.0;18.6
2025-10-26 06:00;22.5;22.78;23.43;95.7;20.2
2025-10-26 07:00;22.89;22.76;25.11;143.3;21.8
2025-10-26 08:00;22.12;22.04;24.42;212.7;22.0
2025-10-26 09:00;22.52;22.88;26.81;303.1;23.5
2025-10-26 10:00;22.18;22.24;26.6;404.3;24.5
2025-10-26 11:00;22.51;23.08;28.62;459.5;24.6
2025-10-26 12:00;22.26;22.08;28.21;511.0;25.4
2025-10-26 13:00;22.45;22.16;27.85;511.1;24.2
2025-10-26 14:00;22.0;22.39;27.98;475.6;23.9
2025-10-26 15:00;22.24;22.7;28.18;421.6;23.2
2025-10-26 16:00;21.72;21.76;24.94;316.5;22.8
2025-10-26 17:00;22.2;22.17;24.11;213.1;21.2
2025-10-26 18:00;22.4;21.84;24.59;165.8;20.1
2025-10-26 19:00;22.18;22.25;22.97;64.3;18.4
2025-10-26 20:00;21.95;22.29;22.3;0.0;17.3
2025-10-26 21:00;22.06;21.92;22.25;0.0;17.1
2025-10-26 22:00;21.88;22.21;21.74;0.0;15.0
2025-10-26 23:00;22.65;22.23;22.3;0.0;14.4
2025-10-27 00:00;21.47;21.39;21.57;0.0;15.0
2025-10-27 01:00;22.4;22.28;22.57;0.0;15.3
2025-10-27 02:00;21.82;21.43;20.84;0.0;15.4
2025-10-27 03:00;21.79;21.87;21.76;0.0;16.9
2025-10-27 04:00;22.5;22.37;22.62;0.0;17.5
2025-10-27 05:00;22.12;22.81;22.24;0.0;18.7
2025-10-27 06:00;22.28;22.06;22.61;102.5;20.5
2025-10-27 07:00;22.26;21.92;23.66;133.2;20.5
2025-10-27 08:00;22.2;21.81;24.16;220.3;22.4
2025-10-27 09:00;22.5;21.99;23.15;106.7;23.5
2025-10-27 10:00;22.24;22.13;26.52;383.0;24.8
2025-10-27 11:00;22.12;22.29;27.53;462.3;24.7
2025-10-27 12:00;22.43;22.23;28.0;520.6;25.3
2025-10-27 13:00;22.22;21.49;27.7;512.3;24.4
2025-10-27 14:00;22.08;22.42;28.59;478.7;24.3
2025-10-27 15:00;22.31;22.23;27.18;391.1;23.3
2025-10-27 16:00;22.24;22.64;26.87;319.6;23.0
2025-10-27 17:00;21.84;22.07;25.15;220.3;21.2
2025-10-27 18:00;22.03;21.58;23.92;188.6;20.4
2025-10-27 19:00;21.6;21.39;23.14;87.4;18.3
2025-10-27 20:00;22.3;22.34;22.27;0.0;17.7
2025-10-27 21:00;22.17;21.84;22.14;0.0;16.5
2025-10-27 22:00;22.05;21.9;21.6;0.0;16.1
2025-10-27 23:00;21.99;22.18;22.11;0.0;15.9
2025-10-28 00:00;21.91;21.61;21.91;0.0;14.9
2025-10-28 01:00;22.21;22.24;22.54;0.0;14.8
2025-10-28 02:00;22.36;22.32;23.36;0.0;15.4
2025-10-28 03:00;22.69;22.66;22.75;0.0;15.8
2025-10-28 04:00;21.69;21.53;21.39;0.0;17.3
2025-10-28 05:00;22.36;22.42;22.5;0.0;18.8
2025-10-28 06:00;22.03;22.27;22.41;66.4;20.2
2025-10-28 07:00;21.73;21.88;23.71;140.9;21.0
2025-10-28 08:00;22.24;21.92;24.81;199.0;22.4
2025-10-28 09:00;21.88;22.29;26.01;311.1;24.4
2025-10-28 10:00;22.21;22.0;26.64;394.1;24.6
2025-10-28 11:00;21.64;21.01;27.3;492.0;24.5
2025-10-28 12:00;22.07;22.29;28.87;509.0;24.4
2025-10-28 13:00;22.05;21.78;28.1;522.3;24.9
2025-10-28 14:00;21.94;21.5;26.1;468.7;24.2
2025-10-28 15:00;21.7;21.58;26.29;401.0;23.1
2025-10-28 16:00;21.94;21.51;25.42;300.0;22.4
2025-10-28 17:00;21.76;21.62;24.41;227.0;21.4
2025-10-28 18:00;21.56;21.52;23.42;150.6;19.9
2025-10-28 19:00;21.39;21.76;23.34;91.5;19.1
2025-10-28 20:00;22.19;22.84;22.45;0.0;17.7
2025-10-28 21:00;22.52;23.18;23.03;0.0;16.5
2025-10-28 22:00;22.23;22.67;22.98;0.0;16.5
2025-10-28 23:00;22.57;22.42;23.18;0.0;15.3
2025-10-29 00:00;22.36;22.34;22.44;0.0;15.8
2025-10-29 01:00;21.9;22.09;21.52;0.0;14.7
2025-10-29 02:00;22.5;22.45;22.87;0.0;15.6
2025-10-29 03:00;21.93;21.89;21.95;0.0;16.7
2025-10-29 04:00;22.24;22.21;22.6;0.0;16.7
2025-10-29 05:00;21.96;22.02;22.1;0.0;18.9
2025-10-29 06:00;22.07;22.09;23.56;93.6;20.6
2025-10-29 07:00;21.73;21.43;22.99;157.7;21.0
2025-10-29 08:00;21.75;21.73;23.93;240.7;22.9
2025-10-29 09:00;22.32;22.45;25.88;309.5;23.7
2025-10-29 10:00;22.35;22.43;26.89;399.5;24.3
2025-10-29 11:00;22.16;22.01;27.64;462.2;24.7
2025-10-29 12:00;21.77;21.95;27.65;497.8;24.7
2025-10-29 13:00;22.04;22.39;28.67;504.1;24.7
2025-10-29 14:00;22.05;21.66;27.49;461.8;24.0
2025-10-29 15:00;21.97;21.76;26.43;398.2;23.3
2025-10-29 16:00;21.79;21.97;26.19;315.1;22.2
2025-10-29 17:00;22.02;21.98;24.96;231.6;21.4
2025-10-29 18:00;21.63;21.36;22.86;156.2;20.6
2025-10-29 19:00;21.87;21.55;23.01;95.7;18.4
2025-10-29 20:00;21.62;21.76;21.9;0.0;17.8
2025-10-29 21:00;21.99;22.42;22.37;0.0;16.8
2025-10-29 22:00;21.71;21.43;21.02;0.0;15.6
2025-10-29 23:00;21.88;21.98;21.49;0.0;15.3
2025-10-30 00:00;21.72;22.38;22.31;0.0;14.7
2025-10-30 01:00;21.92;22.39;21.74;0.0;15.1
2025-10-30 02:00;21.53;20.82;20.52;0.0;15.6
2025-10-30 03:00;21.73;21.85;21.9;0.0;16.6
2025-10-30 04:00;22.25;22.07;22.22;0.0;17.4
2025-10-30 05:00;21.95;21.87;21.4;0.0;18.0
2025-10-30 06:00;21.63;21.66;22.72;81.6;20.2
2025-10-30 07:00;21.79;21.81;23.96;147.1;20.9
2025-10-30 08:00;22.09;21.99;24.88;215.4;21.8
2025-10-30 09:00;21.56;22.01;25.75;325.7;24.0
2025-10-30 10:00;21.74;21.7;25.33;382.3;24.7
2025-10-30 11:00;22.07;22.7;28.07;474.1;24.9
2025-10-30 12:00;22.06;21.76;27.97;508.1;24.9
2025-10-30 13:00;22.09;22.33;29.04;516.1;25.0
2025-10-30 14:00;22.17;22.29;26.82;466.2;24.2
2025-10-30 15:00;21.79;21.86;26.26;411.4;23.7
2025-10-30 16:00;22.05;22.29;26.13;330.4;22.5
2025-10-30 17:00;21.61;21.08;24.25;230.3;21.6
2025-10-30 18:00;22.16;22.39;24.64;154.4;20.0
2025-10-30 19:00;21.82;21.62;22.32;85.4;18.6
2025-10-30 20:00;21.26;21.12;21.21;0.0;17.9
2025-10-30 21:00;21.59;21.2;20.86;0.0;17.1
2025-10-30 22:00;21.91;21.47;21.51;0.0;16.0
2025-10-30 23:00;21.94;21.99;22.08;0.0;15.8
2025-10-31 00:00;21.55;21.48;21.41;0.0;15.2
2025-10-31 01:00;22.04;21.85;21.7;0.0;15.0
2025-10-31 02:00;21.96;22.24;22.09;0.0;15.2
2025-10-31 03:00;21.82;21.06;21.04;0.0;16.8
2025-10-31 04:00;21.88;21.96;21.68;0.0;17.4
2025-10-31 05:00;21.84;21.78;22.07;0.0;19.3
2025-10-31 06:00;22.06;21.83;23.04;131.2;20.0
2025-10-31 07:00;21.76;21.5;22.81;155.9;21.0
2025-10-31 08:00;22.16;22.06;24.37;206.7;22.7
2025-10-31 09:00;22.08;22.28;24.85;303.9;23.7
2025-10-31 10:00;21.7;21.38;25.47;387.4;24.5
2025-10-31 11:00;21.95;21.94;27.75;453.3;25.5
2025-10-31 12:00;21.09;21.58;28.04;532.9;24.9
2025-10-31 13:00;21.67;21.74;27.4;530.4;25.0
2025-10-31 14:00;21.92;21.62;26.63;458.5;24.1
2025-10-31 15:00;21.89;21.71;25.99;383.2;23.6
2025-10-31 16:00;21.83;21.71;25.32;310.9;23.2
2025-10-31 17:00;22.24;22.34;25.34;234.8;21.5
2025-10-31 18:00;21.64;21.93;23.26;166.5;19.6
2025-10-31 19:00;21.91;21.38;22.39;74.3;18.9
2025-10-31 20:00;21.47;21.49;21.42;0.0;17.0
2025-10-31 21:00;21.48;21.89;21.44;0.0;17.0
2025-10-31 22:00;22.08;22.17;21.86;0.0;16.0
2025-10-31 23:00;21.31;21.86;21.75;0.0;14.6
2025-11-01 00:00;21.51;21.56;21.4;0.0;10.1
2025-11-01 01:00;22.01;22.11;22.84;0.0;9.9
2025-11-01 02:00;21.01;21.44;21.92;0.0;11.6
2025-11-01 03:00;21.68;21.8;21.39;0.0;11.5
2025-11-01 04:00;22.03;22.19;21.92;0.0;12.7
2025-11-01 05:00;21.85;21.94;21.73;0.0;14.2
2025-11-01 06:00;21.97;21.85;21.66;47.2;15.0
2025-11-01 07:00;21.96;21.74;22.86;90.5;15.7
2025-11-01 08:00;21.68;21.94;22.83;140.7;17.1
2025-11-01 09:00;22.23;22.23;24.08;182.7;18.9
2025-11-01 10:00;22.01;21.99;25.43;269.6;19.2
2025-11-01 11:00;22.29;22.2;26.01;291.7;19.6
2025-11-01 12:00;21.97;21.14;25.96;316.9;19.3
2025-11-01 13:00;21.92;21.94;24.91;312.5;19.9
2025-11-01 14:00;21.7;22.04;25.35;293.7;19.1
2025-11-01 15:00;22.13;22.11;25.5;248.9;18.3
2025-11-01 16:00;21.8;21.77;24.7;206.7;17.4
2025-11-01 17:00;21.94;21.94;22.95;152.4;16.1
2025-11-01 18:00;21.6;21.43;22.49;91.7;14.5
2025-11-01 19:00;21.78;22.2;23.47;72.8;13.3
2025-11-01 20:00;22.22;22.09;22.17;0.0;12.5
2025-11-01 21:00;21.85;22.09;21.79;0.0;12.0
2025-11-01 22:00;21.87;21.87;21.8;0.0;11.4
2025-11-01 23:00;21.85;21.65;21.74;0.0;10.3
2025-11-02 00:00;21.39;21.11;21.27;0.0;10.5
2025-11-02 01:00;21.58;21.35;21.06;0.0;10.4
2025-11-02 02:00;21.44;21.88;21.75;0.0;11.8
2025-11-02 03:00;21.81;21.82;21.75;0.0;11.6
2025-11-02 04:00;21.72;21.65;22.03;0.0;12.8
2025-11-02 05:00;21.48;21.24;20.82;0.0;13.3
2025-11-02 06:00;21.52;20.87;21.26;66.4;15.0
2025-11-02 07:00;21.62;21.35;22.12;76.7;15.9
2025-11-02 08:00;21.66;21.4;23.4;139.5;16.6
2025-11-02 09:00;21.69;21.81;24.34;204.3;18.3
2025-11-02 10:00;21.81;22.08;25.28;267.6;19.3
2025-11-02 11:00;21.62;21.74;25.49;305.0;19.6
2025-11-02 12:00;21.74;21.53;26.97;347.9;19.0
2025-11-02 13:00;21.66;21.7;26.01;316.3;19.6
2025-11-02 14:00;22.03;22.1;25.18;307.8;19.4
2025-11-02 15:00;21.87;21.97;25.26;276.5;18.4
2025-11-02 16:00;22.01;21.83;23.92;206.8;18.0
2025-11-02 17:00;21.45;22.04;23.68;164.3;16.2
2025-11-02 18:00;21.73;21.65;22.13;78.7;14.5
2025-11-02 19:00;21.61;21.58;22.3;105.4;13.2
2025-11-02 20:00;21.74;21.38;21.18;0.0;12.7
2025-11-02 21:00;21.53;21.31;21.62;0.0;11.9
2025-11-02 22:00;21.39;21.44;21.78;0.0;10.6
2025-11-02 23:00;21.6;21.51;21.91;0.0;10.8
2025-11-03 00:00;21.66;21.58;21.59;0.0;10.8
2025-11-03 01:00;21.61;21.46;21.42;0.0;10.4
2025-11-03 02:00;21.78;22.02;21.87;0.0;10.9
2025-11-03 03:00;21.82;21.88;21.73;0.0;11.5
2025-11-03 04:00;21.5;20.9;20.62;0.0;13.3
2025-11-03 05:00;21.56;21.4;21.41;0.0;14.5
2025-11-03 06:00;21.68;21.86;22.45;57.6;15.4
2025-11-03 07:00;21.31;21.49;22.6;95.7;16.0
2025-11-03 08:00;21.56;21.67;22.43;139.4;17.8
2025-11-03 09:00;21.51;21.91;23.38;216.3;18.2
2025-11-03 10:00;21.28;21.45;24.3;254.7;19.5
2025-11-03 11:00;21.71;21.52;24.19;282.7;19.7
2025-11-03 12:00;22.1;22.34;25.5;294.1;19.6
2025-11-03 13:00;21.78;21.77;24.49;319.8;19.2
2025-11-03 14:00;21.55;21.59;25.72;307.5;19.7
2025-11-03 15:00;21.7;21.33;24.24;259.6;18.1
2025-11-03 16:00;21.29;20.92;23.41;210.6;17.3
2025-11-03 17:00;21.22;21.21;22.66;142.9;16.3
2025-11-03 18:00;21.4;21.45;22.6;89.9;15.6
2025-11-03 19:00;21.54;21.81;22.14;53.5;14.4
2025-11-03 20:00;21.72;21.79;22.71;0.0;12.9
2025-11-03 21:00;21.97;22.12;22.48;0.0;11.5
2025-11-03 22:00;22.06;21.96;22.16;0.0;11.2
2025-11-03 23:00;21.44;21.75;21.74;0.0;11.2
2025-11-04 00:00;21.22;21.19;21.59;0.0;10.0
2025-11-04 01:00;21.63;21.9;21.39;0.0;9.8
2025-11-04 02:00;21.72;21.97;22.62;0.0;10.8
2025-11-04 03:00;21.37;21.87;21.56;0.0;11.6
2025-11-04 04:00;22.12;22.34;22.66;0.0;13.0
2025-11-04 05:00;21.7;21.94;21.8;0.0;14.3
2025-11-04 06:00;21.62;21.18;22.52;65.0;15.5
2025-11-04 07:00;21.79;21.48;22.97;103.3;15.8
2025-11-04 08:00;21.59;21.25;23.22;160.8;17.0
2025-11-04 09:00;20.94;20.78;23.32;199.7;17.7
2025-11-04 10:00;21.45;21.45;24.48;277.1;18.7
2025-11-04 11:00;21.3;21.63;24.91;294.0;19.5
2025-11-04 12:00;21.4;21.11;24.75;318.8;19.7
2025-11-04 13:00;21.47;21.72;25.62;327.0;19.0
2025-11-04 14:00;21.39;21.36;24.23;307.4;20.1
2025-11-04 15:00;21.14;21.07;23.99;272.9;18.4
2025-11-04 16:00;21.7;22.48;24.99;197.4;17.4
2025-11-04 17:00;21.46;21.84;23.84;156.5;15.8
2025-11-04 18:00;22.07;21.53;22.33;93.3;14.6
2025-11-04 19:00;21.9;21.92;22.55;23.1;13.6
2025-11-04 20:00;21.71;21.73;21.57;0.0;13.3
2025-11-04 21:00;21.48;21.31;20.47;0.0;12.1
2025-11-04 22:00;21.79;22.17;22.19;0.0;11.1
2025-11-04 23:00;21.74;21.74;21.59;0.0;10.3
2025-11-05 00:00;22.04;22.26;22.6;0.0;9.9
2025-11-05 01:00;21.53;21.51;21.82;0.0;10.3
2025-11-05 02:00;21.15;20.83;21.09;0.0;11.6
2025-11-05 03:00;21.71;21.6;21.1;0.0;11.6
2025-11-05 04:00;21.62;21.78;22.16;0.0;12.0
2025-11-05 05:00;20.56;20.71;20.13;0.0;14.0
2025-11-05 06:00;21.5;21.39;20.95;29.0;14.3
2025-11-05 07:00;21.22;21.51;23.23;96.4;15.8
2025-11-05 08:00;21.42;21.81;23.52;165.1;17.2
2025-11-05 09:00;21.62;21.28;23.24;190.1;18.9
2025-11-05 10:00;21.64;21.82;24.05;245.9;18.4
2025-11-05 11:00;21.69;21.65;24.79;314.8;20.0
2025-11-05 12:00;21.77;21.85;26.13;343.7;19.5
2025-11-05 13:00;21.7;21.73;25.66;343.2;18.7
2025-11-05 14:00;21.38;20.99;25.08;297.7;18.5
2025-11-05 15:00;21.49;21.55;24.69;251.4;17.9
2025-11-05 16:00;21.7;21.65;23.45;180.1;17.4
2025-11-05 17:00;21.6;21.33;23.04;147.9;16.1
2025-11-05 18:00;21.46;21.42;22.38;84.7;15.0
2025-11-05 19:00;21.23;21.17;22.52;68.7;13.8
2025-11-05 20:00;21.46;21.43;21.35;0.0;12.5
2025-11-05 21:00;21.53;21.06;21.67;0.0;12.5
2025-11-05 22:00;21.36;21.76;21.45;0.0;11.2
2025-11-05 23:00;21.47;21.77;23.0;0.0;11.3
2025-11-06 00:00;21.42;21.1;21.05;0.0;10.6
2025-11-06 01:00;21.4;22.27;22.31;0.0;10.2
2025-11-06 02:00;21.39;21.27;21.68;0.0;10.9
2025-11-06 03:00;21.84;21.75;21.65;0.0;11.8
2025-11-06 04:00;21.34;20.82;19.97;0.0;12.4
2025-11-06 05:00;21.0;21.12;20.92;0.0;14.1
2025-11-06 06:00;21.04;21.49;22.12;33.0;15.4
2025-11-06 07:00;21.22;21.11;22.78;92.3;16.2
2025-11-06 08:00;21.42;21.43;22.62;118.3;16.9
2025-11-06 09:00;21.97;22.17;24.42;225.2;18.0
2025-11-06 10:00;21.35;21.82;25.24;268.8;18.5
2025-11-06 11:00;21.53;21.96;25.01;278.8;19.6
2025-11-06 12:00;21.13;21.38;25.99;334.1;19.1
2025-11-06 13:00;21.2;21.26;26.11;315.9;19.3
2025-11-06 14:00;21.88;21.91;25.67;299.6;19.3
2025-11-06 15:00;21.46;21.35;24.59;251.3;17.8
2025-11-06 16:00;21.52;21.57;24.79;232.5;17.2
2025-11-06 17:00;21.38;21.67;22.6;160.8;16.3
2025-11-06 18:00;21.35;21.02;22.28;109.3;15.5
2025-11-06 19:00;21.41;21.38;22.46;57.8;12.9
2025-11-06 20:00;21.5;21.15;21.45;0.0;12.5
2025-11-06 21:00;21.38;21.27;21.18;0.0;11.7
2025-11-06 22:00;21.47;21.64;21.1;0.0;10.7
2025-11-06 23:00;21.39;21.21;21.12;0.0;10.4
2025-11-07 00:00;21.13;20.43;20.19;0.0;11.1
2025-11-07 01:00;21.26;21.34;20.93;0.0;10.5
2025-11-07 02:00;21.21;21.01;21.86;0.0;10.6
2025-11-07 03:00;20.96;20.38;20.34;0.0;12.4
2025-11-07 04:00;21.54;21.53;21.34;0.0;13.5
2025-11-07 05:00;21.41;21.93;21.26;0.0;14.3
2025-11-07 06:00;21.51;21.36;22.24;50.4;15.2
2025-11-07 07:00;21.85;21.85;23.01;116.9;16.3
2025-11-07 08:00;21.24;21.89;23.5;150.9;16.8
2025-11-07 09:00;21.13;21.3;23.83;186.0;18.5
2025-11-07 10:00;21.6;21.84;25.03;245.2;19.6
2025-11-07 11:00;20.98;20.64;24.52;301.3;19.5
2025-11-07 12:00;21.67;20.9;24.7;335.9;18.9
2025-11-07 13:00;21.02;20.85;24.96;332.0;18.1
2025-11-07 14:00;21.35;21.36;24.34;294.1;19.0
2025-11-07 15:00;21.19;21.1;24.21;263.5;17.8
2025-11-07 16:00;21.4;20.97;23.26;227.2;16.9
2025-11-07 17:00;21.23;21.86;24.03;161.8;15.8
2025-11-07 18:00;20.7;20.61;22.16;109.3;13.9
2025-11-07 19:00;21.36;21.37;21.99;76.0;14.1
2025-11-07 20:00;21.36;21.29;21.15;0.0;13.2
2025-11-07 21:00;21.26;21.57;21.38;0.0;12.2
2025-11-07 22:00;21.37;21.09;21.05;0.0;11.4
2025-11-07 23:00;21.13;20.66;21.46;0.0;9.8
2025-11-08 00:00;21.96;22.12;21.91;0.0;9.9
2025-11-08 01:00;21.15;20.73;20.76;0.0;11.0
2025-11-08 02:00;21.63;21.78;21.57;0.0;11.4
2025-11-08 03:00;21.6;21.68;22.16;0.0;12.4
2025-11-08 04:00;21.17;20.9;20.67;0.0;13.6
2025-11-08 05:00;21.45;20.97;21.47;0.0;13.3
2025-11-08 06:00;21.73;21.41;22.48;79.2;14.7
2025-11-08 07:00;20.71;20.97;22.83;121.2;16.1
2025-11-08 08:00;21.55;21.41;23.64;153.2;17.4
2025-11-08 09:00;21.33;21.5;23.38;203.3;18.6
2025-11-08 10:00;21.14;21.21;24.46;253.9;18.3
2025-11-08 11:00;21.41;21.64;24.72;288.3;19.4
2025-11-08 12:00;21.36;20.91;24.41;333.0;20.1
2025-11-08 13:00;21.28;21.32;25.31;316.2;19.5
2025-11-08 14:00;21.08;21.06;24.62;329.5;19.0
2025-11-08 15:00;21.56;21.12;24.21;250.3;18.8
2025-11-08 16:00;21.61;21.43;24.04;197.5;18.1
2025-11-08 17:00;21.19;21.15;22.98;155.2;16.2
2025-11-08 18:00;21.23;21.84;22.94;90.2;14.5
2025-11-08 19:00;21.4;21.46;22.23;70.8;13.7
2025-11-08 20:00;21.44;21.37;20.71;0.0;12.3
2025-11-08 21:00;21.47;20.9;20.49;0.0;11.6
2025-11-08 22:00;21.61;21.91;22.51;0.0;11.2
2025-11-08 23:00;21.2;21.46;21.1;0.0;10.7
2025-11-09 00:00;20.97;21.29;20.96;0.0;10.1
2025-11-09 01:00;21.29;21.62;21.18;0.0;11.1
2025-11-09 02:00;21.36;21.23;20.24;0.0;10.9
2025-11-09 03:00;20.97;20.66;20.93;0.0;11.3
2025-11-09 04:00;21.28;21.89;22.36;0.0;12.9
2025-11-09 05:00;20.87;20.88;21.0;0.0;14.2
2025-11-09 06:00;21.22;21.24;23.25;84.4;14.8
2025-11-09 07:00;20.72;20.54;20.86;89.7;16.3
2025-11-09 08:00;21.23;21.32;22.64;115.1;17.6
2025-11-09 09:00;21.28;21.14;23.72;181.3;17.6
2025-11-09 10:00;21.29;21.53;24.73;247.6;19.2
2025-11-09 11:00;21.56;21.56;24.89;309.2;19.5
2025-11-09 12:00;20.9;21.04;25.42;321.3;19.6
2025-11-09 13:00;21.3;21.23;24.9;331.9;19.7
2025-11-09 14:00;20.68;21.05;25.43;330.8;18.9
2025-11-09 15:00;21.57;21.62;24.64;240.3;18.0
2025-11-09 16:00;20.87;20.85;23.7;209.0;17.4
2025-11-09 17:00;21.65;21.46;22.22;140.3;15.9
2025-11-09 18:00;21.37;21.65;23.61;113.8;15.0
2025-11-09 19:00;21.27;21.19;21.83;68.9;15.0
2025-11-09 20:00;21.34;21.48;22.32;0.0;12.6
2025-11-09 21:00;21.64;21.58;21.54;0.0;11.2
2025-11-09 22:00;21.41;21.76;22.31;0.0;11.4
2025-11-09 23:00;21.54;21.35;21.23;0.0;10.6
2025-11-10 00:00;21.06;21.08;21.44;0.0;10.4
2025-11-10 01:00;21.04;20.83;20.49;0.0;10.9
2025-11-10 02:00;20.79;20.52;20.34;0.0;11.1
2025-11-10 03:00;21.15;21.45;21.53;0.0;12.2
2025-11-10 04:00;21.07;20.72;21.68;0.0;12.6
2025-11-10 05:00;21.33;20.94;20.76;0.0;14.3
2025-11-10 06:00;21.06;20.67;21.84;60.7;14.6
2025-11-10 07:00;21.26;21.05;21.88;84.3;16.8
2025-11-10 08:00;21.23;21.21;23.54;154.4;17.4
2025-11-10 09:00;21.01;21.34;24.28;209.7;18.3
2025-11-10 10:00;20.96;20.56;23.73;281.4;19.7
2025-11-10 11:00;20.74;20.85;24.24;272.5;19.6
2025-11-10 12:00;21.4;21.48;25.15;352.5;19.4
2025-11-10 13:00;21.58;21.6;25.12;313.4;18.4
2025-11-10 14:00;21.08;21.25;25.28;325.3;18.8
2025-11-10 15:00;20.97;21.21;23.99;267.0;18.4
2025-11-10 16:00;20.99;20.58;22.43;178.4;17.0
2025-11-10 17:00;20.92;20.97;23.47;166.9;16.0
2025-11-10 18:00;21.53;21.82;23.09;90.5;15.0
2025-11-10 19:00;21.38;21.62;22.27;50.1;13.6
2025-11-10 20:00;21.01;21.24;21.55;0.0;13.1
2025-11-10 21:00;21.03;21.13;21.92;0.0;11.7
2025-11-10 22:00;21.02;21.38;21.4;0.0;11.0
2025-11-10 23:00;21.5;20.93;20.92;0.0;11.0
2025-11-11 00:00;20.89;20.31;19.68;0.0;10.4
2025-11-11 01:00;21.0;20.75;20.79;0.0;10.7
2025-11-11 02:00;21.45;21.26;21.86;0.0;10.8
2025-11-11 03:00;20.96;20.74;21.35;0.0;11.8
2025-11-11 04:00;20.93;20.97;20.02;0.0;13.0
2025-11-11 05:00;20.93;20.7;21.18;0.0;13.3
2025-11-11 06:00;21.18;21.36;21.96;37.4;14.2
2025-11-11 07:00;20.98;20.82;22.31;95.2;16.1
2025-11-11 08:00;20.81;21.07;22.6;141.1;17.6
2025-11-11 09:00;20.83;21.11;24.41;207.1;17.9
2025-11-11 10:00;21.18;21.12;23.99;235.5;18.6
2025-11-11 11:00;21.31;21.8;24.66;284.2;19.6
2025-11-11 12:00;21.18;21.15;24.85;320.6;18.9
2025-11-11 13:00;21.19;21.02;24.31;320.5;19.9
2025-11-11 14:00;20.71;21.37;24.34;285.2;18.9
2025-11-11 15:00;21.02;21.06;23.78;249.4;18.1
2025-11-11 16:00;21.17;21.22;23.97;221.7;16.9
2025-11-11 17:00;20.83;20.34;22.04;130.3;16.7
2025-11-11 18:00;20.82;20.78;21.98;91.5;15.1
2025-11-11 19:00;21.08;21.14;22.33;69.4;14.4
2025-11-11 20:00;21.2;21.07;21.01;0.0;12.7
2025-11-11 21:00;21.24;21.08;21.25;0.0;12.5
2025-11-11 22:00;21.02;20.74;20.92;0.0;10.6
2025-11-11 23:00;21.14;21.38;21.19;0.0;10.6
2025-11-12 00:00;21.06;20.8;20.8;0.0;10.3
2025-11-12 01:00;21.13;21.25;20.61;0.0;10.7
2025-11-12 02:00;20.77;20.8;20.69;0.0;10.6
2025-11-12 03:00;21.55;20.95;20.97;0.0;10.9
2025-11-12 04:00;20.88;21.07;20.67;0.0;13.0
2025-11-12 05:00;20.51;20.87;20.87;0.0;13.9
2025-11-12 06:00;21.23;21.33;21.69;68.3;14.4
2025-11-12 07:00;20.91;20.8;21.65;86.3;15.9
2025-11-12 08:00;20.97;21.32;23.34;154.5;17.6
2025-11-12 09:00;21.11;21.03;23.43;205.2;17.5
2025-11-12 10:00;21.03;20.96;23.95;268.5;18.7
2025-11-12 11:00;20.87;20.82;24.68;293.0;19.3
2025-11-12 12:00;21.12;20.62;24.5;303.0;19.7
2025-11-12 13:00;20.85;20.58;24.2;321.6;18.9
2025-11-12 14:00;20.86;20.88;25.12;311.6;19.1
2025-11-12 15:00;20.73;20.94;23.26;268.6;18.3
2025-11-12 16:00;21.04;21.26;23.89;196.4;16.3
2025-11-12 17:00;21.13;21.26;22.51;138.8;16.3
2025-11-12 18:00;21.08;21.58;22.49;128.8;15.2
2025-11-12 19:00;21.05;21.06;21.82;69.1;14.5
2025-11-12 20:00;21.24;21.19;20.59;0.0;13.1
2025-11-12 21:00;20.84;20.7;20.65;0.0;11.8
2025-11-12 22:00;20.62;20.7;20.71;0.0;10.7
2025-11-12 23:00;21.14;20.95;21.08;0.0;10.6
2025-11-13 00:00;20.95;21.52;21.54;0.0;11.0
2025-11-13 01:00;21.22;21.19;21.61;0.0;10.3
2025-11-13 02:00;20.93;21.38;21.18;0.0;11.3
2025-11-13 03:00;21.23;21.33;21.84;0.0;11.0
2025-11-13 04:00;20.94;20.83;21.21;0.0;12.4
2025-11-13 05:00;21.05;21.12;20.66;0.0;14.1
2025-11-13 06:00;21.33;21.53;22.55;70.7;15.3
2025-11-13 07:00;20.95;20.91;22.0;95.2;16.4
2025-11-13 08:00;21.12;20.63;22.33;147.6;17.1
2025-11-13 09:00;20.8;20.56;22.62;201.6;18.2
2025-11-13 10:00;21.11;21.16;24.65;273.6;19.0
2025-11-13 11:00;20.92;20.92;24.8;315.1;18.7
2025-11-13 12:00;20.88;20.92;24.21;291.2;19.3
2025-11-13 13:00;20.47;20.37;23.73;321.7;19.4
2025-11-13 14:00;20.93;21.09;24.02;283.6;18.6
2025-11-13 15:00;21.17;21.2;23.07;239.1;17.9
2025-11-13 16:00;20.94;21.2;23.64;201.2;17.6
2025-11-13 17:00;20.75;20.9;22.2;104.9;16.2
2025-11-13 18:00;20.73;20.71;21.95;81.2;15.0
2025-11-13 19:00;21.4;21.61;21.98;88.6;14.2
2025-11-13 20:00;20.83;20.81;20.77;0.0;12.0
2025-11-13 21:00;20.61;21.1;21.7;0.0;11.9
2025-11-13 22:00;20.5;20.47;20.97;0.0;10.6
2025-11-13 23:00;21.02;20.89;20.95;0.0;10.6
2025-11-14 00:00;21.06;21.23;20.57;0.0;10.9
2025-11-14 01:00;20.54;20.59;20.53;0.0;11.5
2025-11-14 02:00;21.17;20.96;20.78;0.0;11.1
2025-11-14 03:00;21.23;21.31;21.56;0.0;11.4
2025-11-14 04:00;21.44;21.99;22.12;0.0;13.1
2025-11-14 05:00;20.81;21.03;21.32;0.0;13.9
2025-11-14 06:00;20.9;21.0;21.39;69.6;14.7
2025-11-14 07:00;20.7;20.15;20.98;95.9;16.7
2025-11-14 08:00;20.84;21.13;22.97;149.7;16.9
2025-11-14 09:00;21.01;21.3;23.2;195.1;17.4
2025-11-14 10:00;21.35;21.25;25.29;257.7;18.5
2025-11-14 11:00;20.58;19.96;23.1;304.0;19.4
2025-11-14 12:00;20.69;20.16;24.13;343.1;20.0
2025-11-14 13:00;21.35;20.98;24.9;319.5;19.2
2025-11-14 14:00;21.28;21.06;24.83;312.7;19.6
2025-11-14 15:00;20.78;20.39;23.38;248.4;18.4
2025-11-14 16:00;20.88;21.29;24.01;213.8;16.7
2025-11-14 17:00;20.94;21.1;22.53;138.6;15.7
2025-11-14 18:00;20.98;20.93;23.04;106.2;14.8
2025-11-14 19:00;21.3;21.66;21.09;38.6;13.8
2025-11-14 20:00;21.09;20.98;20.57;0.0;12.1
2025-11-14 21:00;20.61;20.39;20.15;0.0;12.5
2025-11-14 22:00;20.93;20.65;20.98;0.0;10.0
2025-11-14 23:00;20.96;21.03;21.1;0.0;11.0
2025-11-15 00:00;20.75;21.14;21.44;0.0;10.2
2025-11-15 01:00;21.05;21.03;21.1;0.0;10.7
2025-11-15 02:00;20.38;20.65;20.98;0.0;11.3
2025-11-15 03:00;21.2;20.54;20.68;0.0;11.5
2025-11-15 04:00;20.81;20.82;21.05;0.0;12.8
2025-11-15 05:00;21.14;21.02;21.42;0.0;13.1
2025-11-15 06:00;20.88;20.82;20.94;52.4;15.3
2025-11-15 07:00;20.73;20.58;22.33;97.9;16.5
2025-11-15 08:00;20.87;20.5;22.44;142.0;16.9
2025-11-15 09:00;21.49;21.81;24.29;209.8;18.2
2025-11-15 10:00;20.67;20.34;23.14;275.3;18.4
2025-11-15 11:00;20.57;20.6;23.88;258.2;19.5
2025-11-15 12:00;20.69;20.5;24.98;347.3;19.4
2025-11-15 13:00;21.11;21.21;25.87;346.4;19.3
2025-11-15 14:00;20.65;21.03;24.09;299.7;19.1
2025-11-15 15:00;21.32;20.98;24.39;258.4;18.5
2025-11-15 16:00;21.12;20.82;23.31;231.9;16.8
2025-11-15 17:00;21.12;21.43;23.82;163.5;16.5
2025-11-15 18:00;20.98;20.72;21.68;72.5;14.4
2025-11-15 19:00;20.78;20.54;21.75;75.6;13.9
2025-11-15 20:00;20.88;20.78;20.92;0.0;12.6
2025-11-15 21:00;21.03;21.02;20.72;0.0;11.4
2025-11-15 22:00;20.66;20.44;19.96;0.0;11.3
2025-11-15 23:00;20.98;21.33;21.15;0.0;10.0
2025-11-16 00:00;20.39;19.74;20.03;0.0;10.2
2025-11-16 01:00;20.56;20.64;20.68;0.0;9.9
2025-11-16 02:00;20.84;20.73;20.28;0.0;11.2
2025-11-16 03:00;20.77;20.2;19.88;0.0;11.6
2025-11-16 04:00;20.66;20.56;20.83;0.0;12.6
2025-11-16 05:00;21.21;20.76;20.59;0.0;14.2
2025-11-16 06:00;20.75;20.67;20.61;32.6;15.5
2025-11-16 07:00;20.82;20.48;22.92;112.3;16.6
2025-11-16 08:00;20.95;20.78;22.62;150.0;17.3
2025-11-16 09:00;21.33;21.12;23.44;186.2;18.7
2025-11-16 10:00;21.26;20.96;23.62;271.2;18.3
2025-11-16 11:00;20.74;21.36;25.43;324.6;20.0
2025-11-16 12:00;20.59;20.59;24.29;326.8;19.6
2025-11-16 13:00;20.47;20.87;24.99;344.5;18.9
2025-11-16 14:00;21.41;21.57;24.86;313.5;19.2
2025-11-16 15:00;20.88;21.46;24.4;248.7;18.0
2025-11-16 16:00;21.07;20.95;23.2;207.9;18.1
2025-11-16 17:00;20.43;20.59;22.5;124.4;15.9
2025-11-16 18:00;20.92;20.58;22.06;83.9;15.8
2025-11-16 19:00;21.09;21.74;23.04;73.0;14.1
2025-11-16 20:00;20.88;20.41;20.47;0.0;11.9
2025-11-16 21:00;20.65;20.34;20.13;0.0;11.9
2025-11-16 22:00;20.76;20.79;21.03;0.0;11.0
2025-11-16 23:00;21.11;21.1;21.47;0.0;10.5
2025-11-17 00:00;21.48;21.62;22.27;0.0;10.4
2025-11-17 01:00;20.68;20.6;21.59;0.0;10.4
2025-11-17 02:00;20.58;20.97;20.99;0.0;11.0
2025-11-17 03:00;20.63;20.78;21.2;0.0;11.7
2025-11-17 04:00;20.66;20.37;18.76;0.0;13.1
2025-11-17 05:00;20.69;20.67;20.56;0.0;13.5
2025-11-17 06:00;20.47;20.66;20.82;14.7;16.1
2025-11-17 07:00;21.1;20.59;21.88;82.4;15.7
2025-11-17 08:00;20.74;20.72;23.03;172.7;16.7
2025-11-17 09:00;20.57;20.76;22.28;186.6;18.1
2025-11-17 10:00;21.03;20.83;24.58;301.3;18.7
2025-11-17 11:00;21.26;21.09;24.69;298.0;19.1
2025-11-17 12:00;20.78;20.88;25.22;309.8;19.6
2025-11-17 13:00;20.76;20.5;24.2;339.5;19.3
2025-11-17 14:00;21.11;20.67;24.22;274.3;18.7
2025-11-17 15:00;21.12;20.94;24.02;258.2;18.5
2025-11-17 16:00;20.76;21.01;23.64;180.3;17.5
2025-11-17 17:00;20.76;20.8;22.06;158.1;16.2
2025-11-17 18:00;20.44;20.58;22.59;103.8;14.8
2025-11-17 19:00;20.71;21.02;23.24;72.3;13.7
2025-11-17 20:00;20.42;20.24;20.49;0.0;12.8
2025-11-17 21:00;20.79;20.9;21.51;0.0;11.2
2025-11-17 22:00;20.96;20.31;20.68;0.0;11.6
2025-11-17 23:00;20.8;20.28;19.97;0.0;10.9
2025-11-18 00:00;20.23;20.23;19.91;0.0;10.0
2025-11-18 01:00;20.69;21.08;20.45;0.0;11.7
2025-11-18 02:00;20.76;20.48;20.32;0.0;10.9
2025-11-18 03:00;20.67;21.23;21.38;0.0;11.7
2025-11-18 04:00;20.86;21.05;21.01;0.0;12.9
2025-11-18 05:00;20.77;21.12;21.57;0.0;13.7
2025-11-18 06:00;20.73;20.52;21.14;70.3;14.9
2025-11-18 07:00;20.66;20.41;21.5;91.4;16.4
2025-11-18 08:00;21.27;21.63;23.37;145.6;17.1
2025-11-18 09:00;20.82;21.33;23.94;190.2;18.0
2025-11-18 10:00;20.97;21.15;23.78;266.6;19.1
2025-11-18 11:00;20.73;20.57;24.48;303.4;19.8
2025-11-18 12:00;20.22;19.89;24.11;318.6;18.8
2025-11-18 13:00;20.43;20.64;24.72;336.3;19.5
2025-11-18 14:00;20.34;20.23;23.87;307.1;19.8
2025-11-18 15:00;21.08;20.38;24.01;264.2;17.5
2025-11-18 16:00;20.84;20.44;22.78;206.7;17.3
2025-11-18 17:00;21.02;20.96;22.6;159.4;16.2
2025-11-18 18:00;21.04;20.72;21.72;88.7;14.7
2025-11-18 19:00;20.79;20.78;21.27;60.8;14.0
2025-11-18 20:00;20.55;20.26;20.44;0.0;12.0
2025-11-18 21:00;20.93;21.15;21.1;0.0;12.2
2025-11-18 22:00;20.5;20.05;20.45;0.0;10.9
2025-11-18 23:00;20.38;20.13;19.78;0.0;10.6
2025-11-19 00:00;20.95;20.85;19.95;0.0;10.5
2025-11-19 01:00;20.64;20.58;20.33;0.0;10.6
2025-11-19 02:00;20.7;20.69;20.86;0.0;11.2
2025-11-19 03:00;20.56;20.97;21.19;0.0;11.6
2025-11-19 04:00;20.98;21.14;21.51;0.0;13.1
2025-11-19 05:00;20.73;20.67;21.34;0.0;13.2
2025-11-19 06:00;20.36;20.58;21.03;49.4;15.4
2025-11-19 07:00;20.43;20.41;21.05;80.2;16.4
2025-11-19 08:00;20.76;20.18;22.41;146.0;16.9
2025-11-19 09:00;20.91;20.88;23.73;208.7;18.6
2025-11-19 10:00;20.76;20.81;23.83;239.9;18.1
2025-11-19 11:00;20.59;20.9;24.7;291.7;19.9
2025-11-19 12:00;20.87;20.74;24.64;310.8;19.1
2025-11-19 13:00;20.87;21.15;24.32;284.3;19.8
2025-11-19 14:00;20.73;21.51;24.45;300.1;19.4
2025-11-19 15:00;20.45;20.7;23.79;257.9;18.2
2025-11-19 16:00;20.65;20.5;22.85;201.4;16.8
2025-11-19 17:00;20.7;20.91;22.1;138.5;15.8
2025-11-19 18:00;20.55;20.84;23.05;115.8;15.1
2025-11-19 19:00;20.75;20.64;20.24;36.2;14.2
2025-11-19 20:00;20.69;21.33;21.08;0.0;12.9
2025-11-19 21:00;20.73;20.53;20.85;0.0;12.4
2025-11-19 22:00;20.65;20.73;20.49;0.0;11.3
2025-11-19 23:00;20.83;20.76;20.73;0.0;10.3
2025-11-20 00:00;20.7;20.27;20.79;0.0;10.6
2025-11-20 01:00;20.58;20.71;20.81;0.0;10.7
2025-11-20 02:00;20.76;20.98;21.52;0.0;11.4
2025-11-20 03:00;20.59;20.25;20.92;0.0;12.2
2025-11-20 04:00;20.51;19.99;20.12;0.0;12.7
2025-11-20 05:00;20.24;20.38;20.18;0.0;13.9
2025-11-20 06:00;20.4;19.89;20.72;50.3;16.1
2025-11-20 07:00;20.78;21.31;22.42;75.3;16.4
2025-11-20 08:00;20.64;20.79;23.05;157.4;17.5
2025-11-20 09:00;20.81;20.51;22.57;186.9;18.3
2025-11-20 10:00;20.94;21.09;24.56;261.7;17.7
2025-11-20 11:00;20.87;21.5;25.16;284.8;19.2
2025-11-20 12:00;20.61;20.62;24.3;329.2;19.8
2025-11-20 13:00;20.43;20.62;24.37;300.1;18.7
2025-11-20 14:00;20.35;20.14;23.55;303.6;18.9
2025-11-20 15:00;20.39;20.21;22.5;264.7;17.6
2025-11-20 16:00;20.37;20.39;22.69;183.8;17.1
2025-11-20 17:00;20.28;20.3;21.31;116.8;16.7
2025-11-20 18:00;20.73;20.93;22.44;116.2;13.8
2025-11-20 19:00;20.97;20.5;21.0;45.0;13.4
2025-11-20 20:00;20.47;20.52;20.81;0.0;12.8
2025-11-20 21:00;20.67;20.4;20.42;0.0;12.4
2025-11-20 22:00;20.93;21.2;21.52;0.0;11.8
2025-11-20 23:00;20.88;20.74;20.2;0.0;10.9
2025-11-21 00:00;20.38;20.06;19.77;0.0;10.5
2025-11-21 01:00;20.62;20.72;20.24;0.0;11.6
2025-11-21 02:00;20.38;20.81;20.94;0.0;10.4
2025-11-21 03:00;20.76;20.59;21.14;0.0;12.1
2025-11-21 04:00;20.93;21.06;20.34;0.0;12.5
2025-11-21 05:00;20.13;20.48;20.47;0.0;13.5
2025-11-21 06:00;20.68;19.91;20.46;64.5;14.1
2025-11-21 07:00;20.24;20.63;21.3;73.3;16.3
2025-11-21 08:00;20.76;20.48;20.98;113.7;17.3
2025-11-21 09:00;20.49;21.1;24.0;207.2;18.9
2025-11-21 10:00;20.46;20.93;23.69;258.7;19.0
2025-11-21 11:00;20.43;20.96;25.21;308.0;19.4
2025-11-21 12:00;20.56;21.09;25.55;349.7;19.5
2025-11-21 13:00;20.58;21.0;24.8;321.3;19.4
2025-11-21 14:00;20.79;20.51;23.67;306.6;18.2
2025-11-21 15:00;20.83;20.62;24.12;269.3;18.3
2025-11-21 16:00;20.79;21.22;23.56;189.8;18.0
2025-11-21 17:00;20.66;20.45;21.39;130.0;16.0
2025-11-21 18:00;20.78;21.37;22.38;84.7;14.6
2025-11-21 19:00;20.7;20.52;20.09;41.2;13.8
2025-11-21 20:00;20.4;20.3;19.41;0.0;13.1
2025-11-21 21:00;20.75;20.75;20.14;0.0;12.2
2025-11-21 22:00;20.37;20.24;21.16;0.0;11.6
2025-11-21 23:00;20.72;20.89;21.05;0.0;10.4
2025-11-22 00:00;20.63;20.71;20.69;0.0;10.6
2025-11-22 01:00;20.2;20.51;20.84;0.0;11.3
2025-11-22 02:00;20.81;20.78;20.03;0.0;11.4
2025-11-22 03:00;20.28;20.06;19.56;0.0;11.8
2025-11-22 04:00;20.38;19.66;19.94;0.0;12.6
2025-11-22 05:00;20.68;20.62;20.59;0.0;14.7
2025-11-22 06:00;19.89;19.74;19.98;60.2;14.8
2025-11-22 07:00;20.61;20.5;21.87;124.5;17.0
2025-11-22 08:00;20.59;20.58;22.14;127.3;17.3
2025-11-22 09:00;20.02;19.98;22.63;204.7;17.7
2025-11-22 10:00;20.66;20.26;23.14;246.2;18.8
2025-11-22 11:00;20.5;20.29;24.23;296.3;19.0
2025-11-22 12:00;20.5;20.47;24.36;318.7;18.6
2025-11-22 13:00;20.56;20.32;24.52;340.2;19.6
2025-11-22 14:00;20.8;20.83;23.4;312.2;18.7
2025-11-22 15:00;20.5;20.25;23.04;266.9;19.0
2025-11-22 16:00;20.28;20.44;22.68;214.5;17.9
2025-11-22 17:00;20.54;20.63;23.08;151.0;16.1
2025-11-22 18:00;20.1;20.61;21.72;107.4;15.0
2025-11-22 19:00;20.57;20.57;21.77;66.3;14.0
2025-11-22 20:00;20.9;21.17;21.15;0.0;12.3
2025-11-22 21:00;20.61;21.07;21.11;0.0;11.8
2025-11-22 22:00;20.5;21.03;20.88;0.0;11.2
2025-11-22 23:00;20.85;20.9;21.35;0.0;10.6
2025-11-23 00:00;20.44;20.88;20.61;0.0;10.1
2025-11-23 01:00;20.55;20.25;20.09;0.0;10.6
2025-11-23 02:00;20.49;20.88;21.49;0.0;11.1
2025-11-23 03:00;20.51;20.71;21.32;0.0;11.5
2025-11-23 04:00;20.55;20.75;21.02;0.0;13.0
2025-11-23 05:00;20.52;20.96;20.88;0.0;13.5
2025-11-23 06:00;20.27;20.19;20.48;55.2;15.1
2025-11-23 07:00;20.97;21.38;22.11;107.5;16.6
2025-11-23 08:00;20.58;20.42;21.66;134.4;17.6
2025-11-23 09:00;20.61;20.96;22.89;207.1;18.4
2025-11-23 10:00;20.29;20.24;22.04;239.7;18.9
2025-11-23 11:00;20.36;20.15;24.22;299.1;19.0
2025-11-23 12:00;20.61;20.64;24.96;347.9;19.2
2025-11-23 13:00;20.1;20.33;24.48;283.0;19.4
2025-11-23 14:00;19.66;19.58;22.93;305.9;19.3
2025-11-23 15:00;20.45;20.5;23.04;275.5;19.0
2025-11-23 16:00;20.23;20.62;23.09;195.7;16.9
2025-11-23 17:00;20.23;19.34;20.95;153.6;15.6
2025-11-23 18:00;20.82;21.71;22.76;101.2;14.7
2025-11-23 19:00;20.54;21.07;21.8;49.4;13.9
2025-11-23 20:00;20.51;20.08;20.41;0.0;12.5
2025-11-23 21:00;20.46;20.25;20.4;0.0;12.4
2025-11-23 22:00;20.46;20.52;20.45;0.0;11.3
2025-11-23 23:00;20.63;20.33;19.93;0.0;11.1
2025-11-24 00:00;20.62;20.67;20.41;0.0;10.4
2025-11-24 01:00;20.35;20.62;20.75;0.0;10.8
2025-11-24 02:00;20.49;20.89;20.66;0.0;11.0
2025-11-24 03:00;20.42;20.54;20.28;0.0;12.0
2025-11-24 04:00;20.71;20.43;19.9;0.0;12.8
2025-11-24 05:00;20.14;20.32;19.75;0.0;13.3
2025-11-24 06:00;20.55;20.76;21.62;68.1;14.9
2025-11-24 07:00;20.3;20.28;21.32;133.2;15.7
2025-11-24 08:00;19.93;19.76;21.5;172.9;16.9
2025-11-24 09:00;20.53;20.41;22.88;214.0;17.5
2025-11-24 10:00;20.57;20.06;22.54;242.0;18.8
2025-11-24 11:00;20.79;21.12;25.0;312.1;19.3
2025-11-24 12:00;20.29;20.71;24.49;300.9;19.9
2025-11-24 13:00;20.27;20.66;24.05;313.7;19.7
2025-11-24 14:00;20.26;20.16;23.05;289.3;18.9
2025-11-24 15:00;20.65;21.1;23.81;254.5;18.5
2025-11-24 16:00;20.05;19.99;21.76;185.1;18.1
2025-11-24 17:00;20.35;20.07;21.86;142.7;16.6
2025-11-24 18:00;20.57;20.4;21.74;88.4;15.9
2025-11-24 19:00;20.25;20.07;20.62;64.0;13.4
2025-11-24 20:00;20.08;19.88;19.66;0.0;13.3
2025-11-24 21:00;20.33;19.88;19.72;0.0;11.8
2025-11-24 22:00;20.24;20.45;20.81;0.0;11.1
2025-11-24 23:00;20.45;19.8;19.64;0.0;10.6
2025-11-25 00:00;20.29;20.07;20.98;0.0;10.9
2025-11-25 01:00;20.51;20.85;19.96;0.0;11.4
2025-11-25 02:00;20.27;20.2;20.0;0.0;10.8
2025-11-25 03:00;20.48;20.65;21.29;0.0;10.8
2025-11-25 04:00;20.17;19.36;19.25;0.0;12.4
2025-11-25 05:00;20.23;20.87;20.77;0.0;14.2
2025-11-25 06:00;20.76;20.8;20.53;38.4;15.1
2025-11-25 07:00;20.52;20.65;21.47;98.4;16.7
2025-11-25 08:00;20.58;20.51;22.26;149.6;16.3
2025-11-25 09:00;19.89;19.55;22.65;180.4;18.0
2025-11-25 10:00;20.24;19.87;22.68;258.5;19.2
2025-11-25 11:00;20.56;20.93;24.59;330.1;19.7
2025-11-25 12:00;21.04;21.23;25.27;322.0;19.9
2025-11-25 13:00;20.73;21.1;25.48;307.2;19.8
2025-11-25 14:00;19.93;20.47;24.22;288.0;18.3
2025-11-25 15:00;20.21;20.31;23.48;252.9;17.9
2025-11-25 16:00;20.36;20.3;22.87;197.5;17.4
2025-11-25 17:00;20.64;20.3;21.86;139.6;15.3
2025-11-25 18:00;20.43;20.94;22.07;89.4;15.1
2025-11-25 19:00;20.29;19.94;20.82;79.4;13.3
2025-11-25 20:00;20.5;20.46;21.14;0.0;12.4
2025-11-25 21:00;20.31;20.53;20.37;0.0;12.3
2025-11-25 22:00;20.26;20.49;21.06;0.0;11.1
2025-11-25 23:00;20.58;20.86;21.08;0.0;11.0
2025-11-26 00:00;20.77;21.31;21.22;0.0;10.0
2025-11-26 01:00;20.5;20.66;20.58;0.0;10.5
2025-11-26 02:00;20.42;20.59;20.88;0.0;10.6
2025-11-26 03:00;20.27;20.57;20.6;0.0;12.0
2025-11-26 04:00;20.29;19.77;19.7;0.0;12.6
2025-11-26 05:00;20.42;20.88;20.77;0.0;14.1
2025-11-26 06:00;20.7;20.98;22.11;70.7;15.2
2025-11-26 07:00;20.25;20.51;22.46;124.0;15.9
2025-11-26 08:00;20.56;20.69;22.61;146.3;17.7
2025-11-26 09:00;20.12;20.07;22.88;205.8;18.4
2025-11-26 10:00;20.14;20.33;23.46;224.3;18.3
2025-11-26 11:00;20.68;20.73;23.84;277.3;19.9
2025-11-26 12:00;19.78;19.5;22.74;296.4;19.3
2025-11-26 13:00;20.43;20.33;23.84;327.7;18.8
2025-11-26 14:00;20.05;20.13;24.06;337.2;19.6
2025-11-26 15:00;20.15;19.8;22.65;250.7;18.0
2025-11-26 16:00;19.91;19.94;22.25;200.3;16.9
2025-11-26 17:00;20.46;20.63;23.04;156.8;15.8
2025-11-26 18:00;20.31;20.36;21.4;88.9;14.6
2025-11-26 19:00;19.66;20.06;20.49;60.9;14.6
2025-11-26 20:00;20.25;19.87;19.44;0.0;12.9
2025-11-26 21:00;20.58;20.54;20.33;0.0;11.4
2025-11-26 22:00;20.61;21.04;21.52;0.0;10.7
2025-11-26 23:00;20.38;20.01;19.91;0.0;10.9
2025-11-27 00:00;19.85;20.16;19.89;0.0;10.2
2025-11-27 01:00;20.52;20.69;20.93;0.0;11.1
2025-11-27 02:00;20.76;20.78;20.9;0.0;10.9
2025-11-27 03:00;20.06;20.21;20.29;0.0;11.6
2025-11-27 04:00;19.94;19.55;20.03;0.0;12.4
2025-11-27 05:00;20.21;20.64;20.2;0.0;13.6
2025-11-27 06:00;20.67;20.77;21.08;47.3;14.7
2025-11-27 07:00;20.5;20.47;21.54;100.0;16.6
2025-11-27 08:00;20.11;20.39;22.9;152.5;17.9
2025-11-27 09:00;20.32;20.41;22.44;192.0;18.5
2025-11-27 10:00;20.22;20.3;23.82;238.9;19.5
2025-11-27 11:00;20.46;20.57;23.49;290.9;19.3
2025-11-27 12:00;20.03;20.35;24.31;343.7;19.2
2025-11-27 13:00;20.56;20.86;23.89;300.5;19.3
2025-11-27 14:00;20.14;19.99;23.47;287.5;19.0
2025-11-27 15:00;20.07;19.84;23.21;249.1;18.0
2025-11-27 16:00;20.29;20.5;22.98;188.7;16.6
2025-11-27 17:00;20.09;20.01;21.31;148.1;16.6
2025-11-27 18:00;20.05;20.18;21.27;104.6;15.5
2025-11-27 19:00;20.05;20.1;21.24;58.1;13.8
2025-11-27 20:00;20.3;20.28;20.6;0.0;12.7
2025-11-27 21:00;19.72;19.86;20.25;0.0;11.6
2025-11-27 22:00;20.1;19.76;19.96;0.0;11.3
2025-11-27 23:00;20.23;20.78;20.4;0.0;10.7
2025-11-28 00:00;20.27;19.72;19.64;0.0;11.2
2025-11-28 01:00;20.17;19.72;19.66;0.0;11.0
2025-11-28 02:00;20.38;20.61;20.19;0.0;10.8
2025-11-28 03:00;20.44;20.18;19.75;0.0;11.5
2025-11-28 04:00;20.34;20.43;20.16;0.0;12.3
2025-11-28 05:00;20.63;20.34;19.56;0.0;13.8
2025-11-28 06:00;20.12;19.74;21.31;57.2;15.2
2025-11-28 07:00;20.42;20.77;22.01;104.8;16.5
2025-11-28 08:00;20.02;19.74;21.68;155.2;17.6
2025-11-28 09:00;20.1;20.1;22.03;202.7;18.3
2025-11-28 10:00;19.95;19.58;22.73;251.5;18.6
2025-11-28 11:00;20.28;20.37;24.49;308.6;19.7
2025-11-28 12:00;19.67;19.86;24.02;346.7;20.0
2025-11-28 13:00;20.36;20.06;21.08;89.4;20.0
2025-11-28 14:00;20.32;20.72;24.53;321.4;18.2
2025-11-28 15:00;20.48;20.41;24.31;249.1;18.3
2025-11-28 16:00;20.03;20.07;23.11;201.8;17.2
2025-11-28 17:00;19.82;19.39;20.79;167.2;16.5
2025-11-28 18:00;19.98;20.64;20.49;30.1;15.3
2025-11-28 19:00;20.34;20.14;19.38;48.0;14.4
2025-11-28 20:00;19.88;19.95;19.47;0.0;12.7
2025-11-28 21:00;20.27;20.2;20.3;0.0;11.6
2025-11-28 22:00;19.93;19.91;18.58;0.0;11.4
2025-11-28 23:00;20.14;19.85;19.97;0.0;10.8
2025-11-29 00:00;20.1;19.81;19.88;0.0;11.0
2025-11-29 01:00;20.05;20.42;20.44;0.0;10.1
2025-11-29 02:00;19.76;19.81;20.16;0.0;10.4
2025-11-29 03:00;20.32;20.72;21.48;0.0;11.2
2025-11-29 04:00;20.34;19.7;20.54;0.0;12.9
2025-11-29 05:00;19.97;19.9;20.5;0.0;13.6
2025-11-29 06:00;20.3;20.06;21.34;60.7;15.9
2025-11-29 07:00;20.36;20.91;23.16;115.5;15.9
2025-11-29 08:00;20.43;20.41;22.55;132.3;17.2
2025-11-29 09:00;19.9;19.84;21.87;189.7;17.9
2025-11-29 10:00;20.15;20.24;23.28;254.9;19.1
2025-11-29 11:00;20.07;20.1;24.04;271.3;18.8
2025-11-29 12:00;20.19;20.36;23.43;312.8;19.9
2025-11-29 13:00;19.84;18.87;23.16;290.7;19.8
2025-11-29 14:00;19.98;20.08;23.08;287.2;19.0
2025-11-29 15:00;20.39;20.42;24.46;268.1;18.0
2025-11-29 16:00;20.0;20.15;22.78;186.7;17.1
2025-11-29 17:00;19.99;20.34;21.55;138.3;16.6
2025-11-29 18:00;20.48;20.72;21.79;104.7;14.7
2025-11-29 19:00;20.05;20.13;21.1;76.9;13.7
2025-11-29 20:00;20.42;20.59;19.8;0.0;12.3
2025-11-29 21:00;19.99;20.31;19.74;0.0;11.9
2025-11-29 22:00;20.27;20.28;20.59;0.0;11.0
2025-11-29 23:00;20.59;20.75;21.29;0.0;10.0
2025-11-30 00:00;20.17;19.79;19.56;0.0;10.8
2025-11-30 01:00;20.52;20.33;19.21;0.0;11.3
2025-11-30 02:00;20.1;20.02;20.23;0.0;11.0
2025-11-30 03:00;20.42;20.55;19.83;0.0;12.2
2025-11-30 04:00;20.74;20.86;21.0;0.0;12.6
2025-11-30 05:00;20.27;19.55;19.46;0.0;14.0
2025-11-30 06:00;19.87;19.88;20.37;78.0;15.0
2025-11-30 07:00;20.48;20.62;22.1;104.1;16.7
2025-11-30 08:00;20.13;20.31;21.61;145.9;17.4
2025-11-30 09:00;20.12;20.13;22.1;217.6;18.2
2025-11-30 10:00;20.35;20.79;24.04;265.1;19.3
2025-11-30 11:00;20.03;20.57;23.92;268.6;19.1
2025-11-30 12:00;20.41;20.32;24.05;356.4;19.6
2025-11-30 13:00;20.05;20.41;24.03;341.6;19.0
2025-11-30 14:00;20.47;20.43;24.01;293.7;18.8
2025-11-30 15:00;20.1;20.46;20.47;33.4;18.9
2025-11-30 16:00;20.4;20.4;22.24;215.1;17.4
2025-11-30 17:00;19.53;19.89;21.11;145.5;16.0
2025-11-30 18:00;20.16;19.97;20.74;89.4;14.6
2025-11-30 19:00;19.97;20.15;19.51;48.7;13.7
2025-11-30 20:00;19.76;19.99;19.85;0.0;12.6
2025-11-30 21:00;20.45;20.83;20.42;0.0;12.0
2025-11-30 22:00;20.42;20.63;20.94;0.0;11.2
2025-11-30 23:00;20.3;20.07;20.33;0.0;9.9
